{"type":"FeatureCollection","features":[{"type":"Feature","properties":{"codigo_sre":"363EAM7614","rodovia":"AM-363","trecho_inicio":"","trecho_fim":"","km_inicial":"0","km_final":"12.25","situacao_fisica":"PAV","situacao_descricao":"PAVIMENTADA","revestimento_descricao":"","municipios_abrangidos":"","extensao_cadastro_km":0.0,"extensao_geodesica_km":2.586,"origem_geometria":null},"geometry":{"type":"LineString","coordinates":[[-56.84049,-2.21171],[-56.84079,-2.21312],[-56.84057,-2.21358],[-56.8398,-2.2144],[-56.83931,-2.21542],[-56.83938,-2.21609],[-56.83993,-2.21738],[-56.84068,-2.21789],[-56.84199,-2.21916],[-56.84301,-2.2193],[-56.84395,-2.21988],[-56.84528,-2.22042],[-56.847,-2.22063],[-56.84856,-2.22098],[-56.84941,-2.22182],[-56.84989,-2.22262],[-56.85083,-2.22363],[-56.85205,-2.22426],[-56.85439,-2.22511]]}},{"type":"Feature","properties":{"codigo_sre":"010EAM0239","rodovia":"AM-010","trecho_inicio":"Praça Nossa Senhora de Nazaré - Manaus","trecho_fim":"KM 2,39 da AM-010","km_inicial":"0","km_final":"2.39","situacao_fisica":"PAV","situacao_descricao":"PAVIMENTADA","revestimento_descricao":"CONCRETO ASFALTICO","municipios_abrangidos":"Manaus (2,39)","extensao_cadastro_km":2.39,"extensao_geodesica_km":2.08,"origem_geometria":null},"geometry":{"type":"LineString","coordinates":[[-60.01329,-3.11077],[-60.01301,-3.10661],[-60.01358,-3.10419],[-60.01367,-3.10317],[-60.01321,-3.09497],[-60.01346,-3.09346],[-60.01415,-3.09227]]}},{"type":"Feature","properties":{"codigo_sre":"010EAM1412","rodovia":"AM-010","trecho_inicio":"KM 2,39 da AM-010","trecho_fim":"Entr.BR-174","km_inicial":"2.39","km_final":"16.51","situacao_fisica":"DUP","situacao_descricao":"DUPLICADA","revestimento_descricao":"CONCRETO ASFALTICO","municipios_abrangidos":"Manaus (14,12)","extensao_cadastro_km":14.12,"extensao_geodesica_km":5.263,"origem_geometria":null},"geometry":{"type":"LineString","coordinates":[[-60.01609,-3.09025],[-60.01841,-3.08792],[-60.01893,-3.08715],[-60.0197,-3.08655],[-60.02283,-3.08333],[-60.02391,-3.08185],[-60.02415,-3.08141],[-60.02439,-3.08008],[-60.02455,-3.07643],[-60.0247,-3.07572],[-60.02516,-3.0738],[-60.0253,-3.0735],[-60.02597,-3.0728],[-60.02608,-3.07249],[-60.02599,-3.07165],[-60.0254,-3.07016],[-60.02502,-3.06869],[-60.02507,-3.05509],[-60.02518,-3.05444],[-60.02488,-3.0465]]}},{"type":"Feature","properties":{"codigo_sre":"450EAM2470","rodovia":"AM-450","trecho_inicio":"AM-010 (KM 14)","trecho_fim":"Constantino Nery","km_inicial":"0","km_final":"24.7","situacao_fisica":"DUP","situacao_descricao":"DUPLICADA","revestimento_descricao":"CONCRETO ASFALTICO","municipios_abrangidos":"","extensao_cadastro_km":0.0,"extensao_geodesica_km":5.116,"origem_geometria":null},"geometry":{"type":"LineString","coordinates":[[-60.05894,-3.09374],[-60.0559,-3.09864],[-60.05589,-3.09938],[-60.0571,-3.10155],[-60.05736,-3.10228],[-60.05727,-3.10342],[-60.05689,-3.10508],[-60.05644,-3.10569],[-60.05593,-3.10607],[-60.05424,-3.10675],[-60.05359,-3.10723],[-60.05186,-3.10956],[-60.05141,-3.10996],[-60.04073,-3.11431],[-60.04027,-3.11441],[-60.03809,-3.11402],[-60.03629,-3.11394],[-60.0347,-3.1148],[-60.03229,-3.1151],[-60.02751,-3.11597],[-60.02671,-3.11595]]}},{"type":"Feature","properties":{"codigo_sre":"020EAM1245","rodovia":"AM-020","trecho_inicio":"Aleixo - SEFAZ","trecho_fim":"KM 12,45 da AM-020","km_inicial":"0","km_final":"12.45","situacao_fisica":"PAV","situacao_descricao":"PAVIMENTADA","revestimento_descricao":"CONCRETO ASFALTICO","municipios_abrangidos":"Manaus (12,45)","extensao_cadastro_km":12.45,"extensao_geodesica_km":4.797,"origem_geometria":null},"geometry":{"type":"LineString","coordinates":[[-59.98887,-3.09293],[-59.98815,-3.09189],[-59.98657,-3.08798],[-59.98596,-3.08688],[-59.98475,-3.08605],[-59.98174,-3.08491],[-59.98044,-3.08428],[-59.97941,-3.08399],[-59.97866,-3.08351],[-59.97631,-3.08032],[-59.97397,-3.07855],[-59.97361,-3.07802],[-59.97234,-3.07465],[-59.97201,-3.07427],[-59.97148,-3.07406],[-59.97005,-3.07416],[-59.96127,-3.07503],[-59.96046,-3.07537],[-59.95957,-3.07619],[-59.95895,-3.07641],[-59.9559,-3.07566]]}},{"type":"Feature","properties":{"codigo_sre":"020EAM1245","rodovia":"AM-020","trecho_inicio":"Aleixo - SEFAZ","trecho_fim":"KM 12,45 da AM-020","km_inicial":"0","km_final":"12.45","situacao_fisica":"PAV","situacao_descricao":"PAVIMENTADA","revestimento_descricao":"CONCRETO ASFALTICO","municipios_abrangidos":"Manaus (12,45)","extensao_cadastro_km":12.45,"extensao_geodesica_km":3.077,"origem_geometria":null},"geometry":{"type":"LineString","coordinates":[[-60.01015,-3.108],[-60.00929,-3.10736],[-60.00761,-3.10657],[-60.00552,-3.10484],[-60.00493,-3.10456],[-60.00418,-3.10452],[-60.00033,-3.10481],[-59.99803,-3.10347],[-59.99762,-3.10307],[-59.99578,-3.10007],[-59.9952,-3.09949],[-59.993,-3.09807],[-59.99038,-3.09508],[-59.98887,-3.09293]]}},{"type":"Feature","properties":{"codigo_sre":"329EAM3751","rodovia":"AM-329","trecho_inicio":"","trecho_fim":"","km_inicial":"0","km_final":"0.375","situacao_fisica":"LEN","situacao_descricao":"LEITO NATURAL","revestimento_descricao":"","municipios_abrangidos":"","extensao_cadastro_km":0.0,"extensao_geodesica_km":0.375,"origem_geometria":null},"geometry":{"type":"LineString","coordinates":[[-70.02497,-7.43337],[-70.02523,-7.43196],[-70.02506,-7.43176],[-70.02394,-7.43158],[-70.02422,-7.43111]]}},{"type":"Feature","properties":{"codigo_sre":"329EAM7140","rodovia":"AM-329","trecho_inicio":"","trecho_fim":"","km_inicial":"0","km_final":"0.714","situacao_fisica":"PAV","situacao_descricao":"PAVIMENTADA","revestimento_descricao":"","municipios_abrangidos":"","extensao_cadastro_km":0.0,"extensao_geodesica_km":1.286,"origem_geometria":null},"geometry":{"type":"LineString","coordinates":[[-70.01588,-7.43999],[-70.01829,-7.43824],[-70.02138,-7.43527],[-70.02179,-7.43499],[-70.02504,-7.43378],[-70.02497,-7.43337]]}},{"type":"Feature","properties":{"codigo_sre":"329EAM9829","rodovia":"AM-329","trecho_inicio":"","trecho_fim":"","km_inicial":"0","km_final":"0.983","situacao_fisica":"PAV","situacao_descricao":"PAVIMENTADA","revestimento_descricao":"","municipios_abrangidos":"","extensao_cadastro_km":0.0,"extensao_geodesica_km":0.983,"origem_geometria":null},"geometry":{"type":"LineString","coordinates":[[-69.86295,-6.67101],[-69.86294,-6.67067],[-69.865,-6.66911],[-69.8652,-6.66799],[-69.86636,-6.66819],[-69.86703,-6.66464]]}},{"type":"Feature","properties":{"codigo_sre":"450EAM0010","rodovia":"AM-450","trecho_inicio":"AM-010 (KM 13) – KM 00","trecho_fim":"Ponta Negra/Manaus – KM 23,17","km_inicial":"0","km_final":"9.72","situacao_fisica":"DUP","situacao_descricao":"DUPLICADA","revestimento_descricao":"","municipios_abrangidos":"","extensao_cadastro_km":0.0,"extensao_geodesica_km":5.04,"origem_geometria":null},"geometry":{"type":"LineString","coordinates":[[-60.06201,-3.08821],[-60.06132,-3.08874],[-60.05458,-3.09132],[-60.0534,-3.09182],[-60.05272,-3.09226],[-60.05197,-3.09313],[-60.05127,-3.09562],[-60.05076,-3.09624],[-60.04892,-3.09723],[-60.04683,-3.10289],[-60.04624,-3.10345],[-60.04441,-3.10425],[-60.04373,-3.10472],[-60.04244,-3.10617],[-60.04008,-3.10758],[-60.03952,-3.10767],[-60.03808,-3.1075],[-60.03677,-3.10781],[-60.03564,-3.10767],[-60.03511,-3.10756],[-60.034,-3.10655],[-60.03361,-3.10637],[-60.03205,-3.10686],[-60.03145,-3.10693],[-60.03009,-3.10669],[-60.0277,-3.10694],[-60.02726,-3.10715],[-60.02678,-3.1077]]}},{"type":"Feature","properties":{"codigo_sre":"070EAM8347","rodovia":"AM-070","trecho_inicio":"Porto do Cacau Pirêra","trecho_fim":"Sede do Município de Manacapuru","km_inicial":"0","km_final":"83.47","situacao_fisica":"DUP","situacao_descricao":"DUPLICADA","revestimento_descricao":"CONCRETO ASFALTICO","municipios_abrangidos":"Manacapuru (46,73); Iranduba (36,74)","extensao_cadastro_km":83.47,"extensao_geodesica_km":10.732,"origem_geometria":null},"geometry":{"type":"LineString","coordinates":[[-60.09309,-3.16891],[-60.0928,-3.1678],[-60.09376,-3.16259],[-60.09366,-3.16183],[-60.09316,-3.16077],[-60.09209,-3.15971],[-60.09041,-3.1591],[-60.08919,-3.15918],[-60.08677,-3.1598],[-60.08598,-3.15978],[-60.08483,-3.15941],[-60.08347,-3.1583],[-60.08208,-3.15666],[-60.08081,-3.15489],[-60.08022,-3.1539],[-60.08001,-3.1532],[-60.08003,-3.1518],[-60.0806,-3.15044],[-60.08584,-3.14286],[-60.08621,-3.14144],[-60.08622,-3.13926],[-60.08644,-3.13634],[-60.08774,-3.13323],[-60.08775,-3.13237],[-60.08758,-3.13149],[-60.0871,-3.13057],[-60.08079,-3.12246],[-60.07574,-3.11569],[-60.07182,-3.11031],[-60.06925,-3.10654],[-60.06667,-3.10375],[-60.0644,-3.10009],[-60.06211,-3.09687],[-60.06077,-3.09471],[-60.05995,-3.09413],[-60.05894,-3.09374]]}},{"type":"Feature","properties":{"codigo_sre":"452EAM1003","rodovia":"AM-452","trecho_inicio":"AM-070 (KM 12,6)","trecho_fim":"Comunidade do Caldeirão","km_inicial":"0","km_final":"10.03","situacao_fisica":"PAV","situacao_descricao":"PAVIMENTADA","revestimento_descricao":"CONCRETO ASFALTICO","municipios_abrangidos":"Iranduba (10,03)","extensao_cadastro_km":10.03,"extensao_geodesica_km":1.378,"origem_geometria":null},"geometry":{"type":"LineString","coordinates":[[-60.2268,-3.25191],[-60.22961,-3.24902],[-60.23103,-3.24889],[-60.23235,-3.24912],[-60.23403,-3.24906],[-60.23495,-3.2485],[-60.23554,-3.24844],[-60.23711,-3.24928],[-60.23745,-3.24959]]}},{"type":"Feature","properties":{"codigo_sre":"020EAM1708","rodovia":"AM-020","trecho_inicio":"KM 8 da AM-020","trecho_fim":"Bairro Puraquequara Manaus","km_inicial":"9","km_final":"17.08","situacao_fisica":"PAV","situacao_descricao":"PAVIMENTADA","revestimento_descricao":"CONCRETO ASFALTICO","municipios_abrangidos":"","extensao_cadastro_km":0.0,"extensao_geodesica_km":0.696,"origem_geometria":null},"geometry":{"type":"LineString","coordinates":[[-59.89676,-3.09306],[-59.89609,-3.09246],[-59.89523,-3.09074],[-59.89416,-3.08909],[-59.89386,-3.08838],[-59.8938,-3.08768]]}},{"type":"Feature","properties":{"codigo_sre":"010EAM2507","rodovia":"AM-010","trecho_inicio":"Barreira","trecho_fim":"Sede do Município de Itacoatiara","km_inicial":"17.5","km_final":"268.25","situacao_fisica":"PAV","situacao_descricao":"PAVIMENTADA","revestimento_descricao":"CONCRETO ASFALTICO","municipios_abrangidos":"Itacoatiara (130,54); Rio Preto da Eva (78,50); Manaus (41,71)","extensao_cadastro_km":250.74,"extensao_geodesica_km":3.204,"origem_geometria":null},"geometry":{"type":"LineString","coordinates":[[-58.45431,-3.11765],[-58.45408,-3.11905],[-58.45373,-3.11992],[-58.44692,-3.12995],[-58.44642,-3.13121],[-58.44627,-3.13219],[-58.44637,-3.14431]]}},{"type":"Feature","properties":{"codigo_sre":"453EAM0800","rodovia":"AM-453","trecho_inicio":"AM-070 (KM 58)","trecho_fim":"Colônia Bela Vista","km_inicial":"0","km_final":"8","situacao_fisica":"PAV","situacao_descricao":"PAVIMENTADA","revestimento_descricao":"CONCRETO ASFALTICO","municipios_abrangidos":"Manacapuru (8,00)","extensao_cadastro_km":8.0,"extensao_geodesica_km":0.65,"origem_geometria":null},"geometry":{"type":"LineString","coordinates":[[-60.4376,-3.29615],[-60.43835,-3.2966],[-60.43961,-3.29779],[-60.44103,-3.29823],[-60.44149,-3.29849],[-60.44184,-3.29884],[-60.44168,-3.29954]]}},{"type":"Feature","properties":{"codigo_sre":"020EAM0464","rodovia":"AM-020","trecho_inicio":"KM 12,45 da AM-020","trecho_fim":"Bairro Puraquequara Manaus","km_inicial":"12.45","km_final":"17.09","situacao_fisica":"DUP","situacao_descricao":"DUPLICADA","revestimento_descricao":"CONCRETO ASFALTICO","municipios_abrangidos":"Manaus (4,64)","extensao_cadastro_km":4.64,"extensao_geodesica_km":4.824,"origem_geometria":null},"geometry":{"type":"LineString","coordinates":[[-59.92815,-3.08733],[-59.92677,-3.08853],[-59.92643,-3.08932],[-59.92592,-3.08989],[-59.92462,-3.09294],[-59.92438,-3.09398],[-59.92424,-3.09629],[-59.92413,-3.09667],[-59.92382,-3.09708],[-59.92169,-3.09841],[-59.92101,-3.09837],[-59.91891,-3.09789],[-59.9183,-3.09789],[-59.91577,-3.09858],[-59.91519,-3.09905],[-59.91358,-3.10115],[-59.91309,-3.10145],[-59.91243,-3.10121],[-59.91056,-3.09946],[-59.90307,-3.09318],[-59.90249,-3.09295],[-59.90201,-3.09296],[-59.8999,-3.09382],[-59.89905,-3.09403],[-59.89676,-3.09306]]}},{"type":"Feature","properties":{"codigo_sre":"249EAM1481","rodovia":"AM-249","trecho_inicio":"Sede do Município de Uarini","trecho_fim":"Vila do Copacá","km_inicial":"0","km_final":"14.81","situacao_fisica":"PAV","situacao_descricao":"PAVIMENTADA","revestimento_descricao":"CONCRETO DE CIMENTO PORTLAND","municipios_abrangidos":"Uarini (14,81)","extensao_cadastro_km":14.81,"extensao_geodesica_km":14.809,"origem_geometria":null},"geometry":{"type":"LineString","coordinates":[[-65.1582,-2.98567],[-65.16023,-2.98459],[-65.16178,-2.98406],[-65.17086,-2.98253],[-65.17627,-2.98037],[-65.17954,-2.98034],[-65.18179,-2.98002],[-65.18339,-2.97904],[-65.18497,-2.97944],[-65.18543,-2.97945],[-65.18614,-2.97924],[-65.18724,-2.97947],[-65.18832,-2.98012],[-65.18951,-2.98139],[-65.19142,-2.98196],[-65.19253,-2.9821],[-65.19375,-2.98187],[-65.19499,-2.98134],[-65.19536,-2.98074],[-65.19593,-2.97928],[-65.19655,-2.97877],[-65.1979,-2.97853],[-65.19837,-2.97869],[-65.19915,-2.97925],[-65.20006,-2.97954],[-65.20224,-2.97957],[-65.20764,-2.97768],[-65.21041,-2.97703],[-65.21315,-2.97714],[-65.21487,-2.97693],[-65.21658,-2.97771],[-65.21755,-2.97793],[-65.22278,-2.97878],[-65.22395,-2.9787],[-65.22905,-2.97771],[-65.23394,-2.9754],[-65.23671,-2.97386],[-65.23695,-2.97324],[-65.23676,-2.97126],[-65.237,-2.96981],[-65.2409,-2.96107],[-65.24299,-2.9507],[-65.24326,-2.94889],[-65.24326,-2.94711],[-65.24243,-2.93673],[-65.24199,-2.93303],[-65.24206,-2.93272],[-65.24359,-2.93011],[-65.24443,-2.9289],[-65.24454,-2.92742],[-65.24441,-2.92711],[-65.24407,-2.92683]]}},{"type":"Feature","properties":{"codigo_sre":"451EAM0470","rodovia":"AM-451","trecho_inicio":"AM-010 (KM 266)","trecho_fim":"Aeroporto de Itacoatiara","km_inicial":"0","km_final":"4.7","situacao_fisica":"PAV","situacao_descricao":"PAVIMENTADA","revestimento_descricao":"CONCRETO ASFALTICO","municipios_abrangidos":"Itacoatiara (4,70)","extensao_cadastro_km":4.7,"extensao_geodesica_km":4.742,"origem_geometria":null},"geometry":{"type":"LineString","coordinates":[[-58.45418,-3.10625],[-58.45474,-3.10719],[-58.45527,-3.10759],[-58.46151,-3.10867],[-58.46189,-3.10883],[-58.46245,-3.10942],[-58.46266,-3.10975],[-58.46271,-3.11022],[-58.46356,-3.12055],[-58.46365,-3.12106],[-58.46389,-3.12149],[-58.46463,-3.1222],[-58.47259,-3.12646],[-58.47401,-3.1269],[-58.47523,-3.12702],[-58.4768,-3.12682],[-58.47866,-3.12603],[-58.4824,-3.12302]]}},{"type":"Feature","properties":{"codigo_sre":"254EAM9381","rodovia":"AM-254","trecho_inicio":"BR-319 (KM 26)","trecho_fim":"Lago do Pantaleão","km_inicial":"0","km_final":"93.81","situacao_fisica":"PAV","situacao_descricao":"PAVIMENTADA","revestimento_descricao":"CONCRETO ASFALTICO","municipios_abrangidos":"Autazes (74,22); Careiro (19,59)","extensao_cadastro_km":93.81,"extensao_geodesica_km":93.809,"origem_geometria":null},"geometry":{"type":"LineString","coordinates":[[-59.9021,-3.40338],[-59.89605,-3.41278],[-59.8465,-3.48761],[-59.8361,-3.50363],[-59.82993,-3.51288],[-59.82939,-3.51348],[-59.8281,-3.51442],[-59.82723,-3.51472],[-59.81203,-3.51713],[-59.81049,-3.5176],[-59.80734,-3.51914],[-59.77576,-3.54497],[-59.74624,-3.56999],[-59.74561,-3.57045],[-59.74458,-3.57092],[-59.74358,-3.57115],[-59.71334,-3.57646],[-59.71252,-3.57648],[-59.71096,-3.57616],[-59.7103,-3.57623],[-59.70854,-3.57723],[-59.70705,-3.57757],[-59.6899,-3.58069],[-59.62931,-3.59127],[-59.60319,-3.59602],[-59.57211,-3.60186],[-59.55443,-3.60477],[-59.53195,-3.60893],[-59.53086,-3.6088],[-59.52336,-3.60609],[-59.49352,-3.59587],[-59.46515,-3.5838],[-59.45896,-3.5814],[-59.44844,-3.57938],[-59.43083,-3.57353],[-59.41835,-3.5718],[-59.40616,-3.5711],[-59.40008,-3.56902],[-59.36324,-3.55581],[-59.36219,-3.55486],[-59.36126,-3.55364],[-59.35945,-3.54769],[-59.35843,-3.54476],[-59.35757,-3.54387],[-59.3557,-3.54333],[-59.3488,-3.54205],[-59.34745,-3.54212],[-59.34644,-3.54251],[-59.34475,-3.54505],[-59.34398,-3.54584],[-59.32227,-3.55725],[-59.31919,-3.55861],[-59.3179,-3.55867],[-59.31419,-3.55798],[-59.29961,-3.55609],[-59.29582,-3.55535],[-59.28837,-3.54899],[-59.27376,-3.53606],[-59.26111,-3.52581],[-59.25121,-3.52514],[-59.24845,-3.52485],[-59.24725,-3.52502],[-59.24627,-3.52553],[-59.23719,-3.53355],[-59.23602,-3.53385],[-59.23334,-3.53379],[-59.21106,-3.53253],[-59.21039,-3.53288],[-59.19376,-3.54745],[-59.18987,-3.55223],[-59.18977,-3.55286],[-59.18994,-3.55329],[-59.19337,-3.55733]]}},{"type":"Feature","properties":{"codigo_sre":"254EAM0887","rodovia":"AM-254","trecho_inicio":"AM-254 (KM 93) \"Trecho de Lago\"","trecho_fim":"AM-254 (KM 102,77) \"Trecho de Lago\"","km_inicial":"93.81","km_final":"102.68","situacao_fisica":"TRV","situacao_descricao":"TRAVESSIA","revestimento_descricao":"","municipios_abrangidos":"Autazes (8,87)","extensao_cadastro_km":8.87,"extensao_geodesica_km":8.87,"origem_geometria":null},"geometry":{"type":"LineString","coordinates":[[-59.19337,-3.55733],[-59.19407,-3.55886],[-59.19257,-3.56117],[-59.18934,-3.56515],[-59.18289,-3.57178],[-59.17742,-3.57569],[-59.17278,-3.57777],[-59.16963,-3.5785],[-59.16609,-3.57825],[-59.16322,-3.57748],[-59.15883,-3.57462],[-59.1565,-3.57188],[-59.15489,-3.57101],[-59.1531,-3.57071],[-59.15172,-3.57138],[-59.15049,-3.57416],[-59.1505,-3.5763],[-59.15076,-3.57892],[-59.15014,-3.58063],[-59.14718,-3.58271],[-59.14554,-3.58279],[-59.14168,-3.58025],[-59.13884,-3.57867],[-59.13746,-3.57845],[-59.13643,-3.57876],[-59.13614,-3.57898]]}},{"type":"Feature","properties":{"codigo_sre":"254EAM1337","rodovia":"AM-254","trecho_inicio":"AM-254 (KM 102,77) \"Estrada do Rosarinho\"","trecho_fim":"AM-254 (KM 116,07) \"Lago do Sampaio\"","km_inicial":"102.68","km_final":"116.05","situacao_fisica":"PAV","situacao_descricao":"PAVIMENTADA","revestimento_descricao":"CONCRETO ASFALTICO","municipios_abrangidos":"Autazes (13,37)","extensao_cadastro_km":13.37,"extensao_geodesica_km":13.369,"origem_geometria":null},"geometry":{"type":"LineString","coordinates":[[-59.13614,-3.57898],[-59.13374,-3.58236],[-59.13288,-3.58178],[-59.13205,-3.59143],[-59.13225,-3.59414],[-59.13412,-3.60051],[-59.13443,-3.60202],[-59.13445,-3.60471],[-59.13426,-3.60803],[-59.13471,-3.61071],[-59.1354,-3.61374],[-59.13518,-3.61464],[-59.13295,-3.61791],[-59.13256,-3.61891],[-59.13244,-3.61963],[-59.13242,-3.62103],[-59.13276,-3.62372],[-59.13232,-3.6259],[-59.1323,-3.63271],[-59.13218,-3.6332],[-59.1309,-3.63534],[-59.13026,-3.63598],[-59.12918,-3.63669],[-59.12451,-3.64166],[-59.12305,-3.64415],[-59.1219,-3.64672],[-59.12088,-3.64807],[-59.11834,-3.64974],[-59.11668,-3.65014],[-59.11604,-3.65044],[-59.11346,-3.65244],[-59.11308,-3.65289],[-59.10473,-3.66943],[-59.10396,-3.67052],[-59.10033,-3.67431],[-59.0987,-3.67693],[-59.09656,-3.67799],[-59.09594,-3.67802],[-59.09337,-3.67737],[-59.09303,-3.67738],[-59.09276,-3.67757]]}},{"type":"Feature","properties":{"codigo_sre":"254EAM2648","rodovia":"AM-254","trecho_inicio":"AM-254 (KM 116,07) \"Trecho de Lago\"","trecho_fim":"AM-254 (KM 142,57) \"Trecho de Lago\"","km_inicial":"116.05","km_final":"142.53","situacao_fisica":"TRV","situacao_descricao":"TRAVESSIA","revestimento_descricao":"","municipios_abrangidos":"Nova Olinda do Norte (26,02); Autazes (0,46)","extensao_cadastro_km":26.48,"extensao_geodesica_km":26.607,"origem_geometria":null},"geometry":{"type":"LineString","coordinates":[[-59.09276,-3.67757],[-59.08877,-3.67889],[-59.08366,-3.68184],[-59.08249,-3.68675],[-59.08261,-3.69532],[-59.0816,-3.7084],[-59.07682,-3.72065],[-59.0677,-3.73913],[-59.0567,-3.75907],[-59.04546,-3.78575],[-59.04711,-3.8045],[-59.05029,-3.83499],[-59.09222,-3.88351],[-59.09265,-3.88493],[-59.09247,-3.88545],[-59.09219,-3.88604],[-59.09164,-3.88671],[-59.09113,-3.88632],[-59.09089,-3.88641]]}},{"type":"Feature","properties":{"codigo_sre":"254EAM2401","rodovia":"AM-254","trecho_inicio":"AM-254 (142,57) Nova Olinda do Norte","trecho_fim":"AM-254 (KM 174,7)","km_inicial":"142.53","km_final":"166.54","situacao_fisica":"PAV","situacao_descricao":"PAVIMENTADA","revestimento_descricao":"CONCRETO ASFALTICO","municipios_abrangidos":"Nova Olinda do Norte (24,01)","extensao_cadastro_km":24.01,"extensao_geodesica_km":23.879,"origem_geometria":null},"geometry":{"type":"LineString","coordinates":[[-59.09089,-3.88641],[-59.09063,-3.88615],[-59.09003,-3.88665],[-59.0858,-3.88285],[-59.08476,-3.88252],[-59.08258,-3.88235],[-59.0822,-3.88217],[-59.08165,-3.88151],[-59.0814,-3.88141],[-59.08096,-3.88168],[-59.07952,-3.88309],[-59.07866,-3.88342],[-59.07117,-3.88538],[-59.06895,-3.88365],[-59.06645,-3.88251],[-59.06295,-3.87958],[-59.06243,-3.87936],[-59.06076,-3.87923],[-59.05682,-3.87715],[-59.05598,-3.87685],[-59.05245,-3.87686],[-59.05065,-3.87643],[-59.04666,-3.87391],[-59.04572,-3.87317],[-59.04545,-3.87268],[-59.04487,-3.87084],[-59.04451,-3.86739],[-59.04462,-3.86472],[-59.04437,-3.86328],[-59.04251,-3.85623],[-59.04222,-3.85348],[-59.04194,-3.85269],[-59.04086,-3.85089],[-59.03951,-3.8499],[-59.03876,-3.8496],[-59.032,-3.84787],[-59.03143,-3.8477],[-59.03109,-3.84742],[-59.03025,-3.8463],[-59.02851,-3.84497],[-59.02653,-3.84268],[-59.02192,-3.83797],[-59.00999,-3.82536],[-59.00553,-3.82093],[-58.99744,-3.81239],[-58.99663,-3.81175],[-58.99565,-3.81053],[-58.99446,-3.80993],[-58.99164,-3.80958],[-58.99008,-3.80889],[-58.98937,-3.80896],[-58.98855,-3.80965],[-58.98797,-3.8099],[-58.98698,-3.80974],[-58.98558,-3.80916],[-58.98189,-3.80873],[-58.97901,-3.80788],[-58.97723,-3.80778],[-58.97553,-3.80741],[-58.9725,-3.80425],[-58.96881,-3.79969],[-58.96708,-3.79819],[-58.96375,-3.79559],[-58.96158,-3.79424],[-58.96052,-3.79303],[-58.95719,-3.79149],[-58.95493,-3.78943],[-58.95437,-3.78855],[-58.95364,-3.78816],[-58.95236,-3.78789],[-58.95109,-3.78697],[-58.94991,-3.78448],[-58.94939,-3.78353],[-58.94909,-3.78324],[-58.94866,-3.78307],[-58.94622,-3.78333],[-58.94336,-3.78391],[-58.94262,-3.78375],[-58.93873,-3.78231],[-58.93679,-3.78042],[-58.93588,-3.77883],[-58.93509,-3.77803],[-58.93445,-3.77778],[-58.93063,-3.77744]]}},{"type":"Feature","properties":{"codigo_sre":"329EAM5896","rodovia":"AM-329","trecho_inicio":"Envira","trecho_fim":"Feijó (AC)","km_inicial":"0","km_final":"58.96","situacao_fisica":"PLA","situacao_descricao":"PLANEJADA","revestimento_descricao":"","municipios_abrangidos":"Envira (58,96)","extensao_cadastro_km":58.96,"extensao_geodesica_km":59.232,"origem_geometria":null},"geometry":{"type":"LineString","coordinates":[[-70.01588,-7.43999],[-70.00239,-7.44848],[-69.99797,-7.45152],[-69.99434,-7.45442],[-69.99053,-7.45784],[-69.98718,-7.46143],[-69.98479,-7.46436],[-69.98358,-7.46614],[-69.98136,-7.46854],[-69.97858,-7.47252],[-69.97864,-7.47336],[-69.97797,-7.47396],[-69.97701,-7.47435],[-69.97393,-7.47879],[-69.97252,-7.48017],[-69.97201,-7.48124],[-69.96892,-7.48568],[-69.96562,-7.48992],[-69.96565,-7.49025],[-69.97087,-7.4955],[-69.97103,-7.49593],[-69.9686,-7.5038],[-69.96679,-7.51017],[-69.96661,-7.51143],[-69.96592,-7.51381],[-69.9654,-7.51625],[-69.96542,-7.51721],[-69.96412,-7.52084],[-69.9641,-7.522],[-69.96355,-7.52287],[-69.96189,-7.52943],[-69.9614,-7.53074],[-69.96035,-7.53615],[-69.95813,-7.54342],[-69.95734,-7.54912],[-69.95696,-7.55034],[-69.95698,-7.55158],[-69.95619,-7.553],[-69.95283,-7.56616],[-69.95224,-7.56735],[-69.95214,-7.56892],[-69.9519,-7.57008],[-69.95065,-7.57475],[-69.95022,-7.57621],[-69.94975,-7.57718],[-69.94937,-7.57919],[-69.9484,-7.58132],[-69.94658,-7.58386],[-69.94646,-7.58421],[-69.94696,-7.58662],[-69.94752,-7.5882],[-69.94741,-7.58848],[-69.94662,-7.58911],[-69.94656,-7.59156],[-69.94613,-7.59323],[-69.94605,-7.59492],[-69.94638,-7.59687],[-69.94616,-7.59753],[-69.94504,-7.59898],[-69.94462,-7.60004],[-69.94455,-7.60054],[-69.94479,-7.60216],[-69.94473,-7.6036],[-69.94431,-7.6045],[-69.94311,-7.60605],[-69.94273,-7.6076],[-69.9427,-7.61552],[-69.9423,-7.61711],[-69.94172,-7.61836],[-69.94055,-7.61976],[-69.94048,-7.62004],[-69.94064,-7.62107],[-69.94049,-7.62146],[-69.94003,-7.62181],[-69.94,-7.62228],[-69.94018,-7.62279],[-69.94005,-7.62365],[-69.93931,-7.62415],[-69.93921,-7.62438],[-69.93948,-7.6257],[-69.93957,-7.62712],[-69.93945,-7.6281],[-69.93876,-7.63012],[-69.93919,-7.63082],[-69.9392,-7.63108],[-69.93877,-7.63189],[-69.9386,-7.63297],[-69.93827,-7.63389],[-69.93879,-7.63508],[-69.93834,-7.6361],[-69.9384,-7.63661],[-69.93742,-7.63812],[-69.93743,-7.63978],[-69.93707,-7.64099],[-69.93732,-7.64185],[-69.93709,-7.64221],[-69.93713,-7.64299],[-69.93661,-7.64621],[-69.93634,-7.6467],[-69.93621,-7.64847],[-69.93526,-7.65354],[-69.93548,-7.65496],[-69.93511,-7.65601],[-69.93506,-7.65794],[-69.93424,-7.66057],[-69.93425,-7.66105],[-69.93393,-7.66218],[-69.93382,-7.66431],[-69.93316,-7.66914],[-69.93322,-7.66981],[-69.93302,-7.67068],[-69.93294,-7.67427],[-69.93273,-7.67497],[-69.93273,-7.67549],[-69.93255,-7.6757],[-69.93273,-7.67652],[-69.93245,-7.67781],[-69.93247,-7.67971],[-69.93238,-7.68001],[-69.93248,-7.6807],[-69.93221,-7.68155],[-69.93177,-7.68456],[-69.93207,-7.68611],[-69.93083,-7.69015],[-69.93125,-7.6909],[-69.93109,-7.69169],[-69.93118,-7.69339],[-69.93066,-7.69679],[-69.93084,-7.6974],[-69.93001,-7.69806],[-69.93013,-7.69846],[-69.93037,-7.69867],[-69.93056,-7.69974],[-69.92946,-7.70427],[-69.92845,-7.72121],[-69.9278,-7.72929],[-69.92682,-7.73921],[-69.92683,-7.74053],[-69.92622,-7.74521],[-69.92619,-7.74665],[-69.92603,-7.74713],[-69.92609,-7.74799],[-69.92592,-7.74822],[-69.92581,-7.74899],[-69.92585,-7.75035],[-69.92569,-7.75072],[-69.92501,-7.75805],[-69.92483,-7.76149],[-69.92453,-7.76433],[-69.92478,-7.76469],[-69.92469,-7.76499],[-69.92422,-7.76549],[-69.92416,-7.76576],[-69.92433,-7.76633],[-69.92408,-7.76925],[-69.92435,-7.76988],[-69.92397,-7.77072],[-69.92369,-7.7749],[-69.92379,-7.77545],[-69.92358,-7.77612],[-69.92365,-7.77705],[-69.92323,-7.77908],[-69.92344,-7.78028],[-69.92321,-7.78203],[-69.92332,-7.78321],[-69.92301,-7.78836],[-69.923,-7.79303],[-69.92286,-7.79484],[-69.92321,-7.79544],[-69.92341,-7.79699],[-69.92403,-7.7988],[-69.92428,-7.7991],[-69.92502,-7.80198],[-69.92565,-7.8033],[-69.92665,-7.80463],[-69.92666,-7.80499],[-69.92617,-7.80675],[-69.92617,-7.80755],[-69.92645,-7.80827],[-69.92645,-7.80911],[-69.92684,-7.81061],[-69.92667,-7.81187],[-69.92681,-7.81275],[-69.92733,-7.81438],[-69.92747,-7.81592],[-69.92879,-7.82036],[-69.92866,-7.82119],[-69.92897,-7.82345],[-69.93028,-7.82757],[-69.93035,-7.82812],[-69.93096,-7.82913],[-69.93108,-7.82964],[-69.93155,-7.83023],[-69.93183,-7.8331],[-69.9322,-7.83412],[-69.93235,-7.83656],[-69.93292,-7.8386],[-69.93325,-7.84171],[-69.93409,-7.84303],[-69.93459,-7.84449],[-69.93521,-7.84567],[-69.9354,-7.84682],[-69.93599,-7.84728],[-69.9366,-7.84907],[-69.93797,-7.85064],[-69.93918,-7.85303],[-69.93962,-7.85357],[-69.94009,-7.85503],[-69.9417,-7.85761],[-69.94282,-7.85911],[-69.94323,-7.86024],[-69.9435,-7.86048],[-69.94421,-7.8618],[-69.94459,-7.862],[-69.94566,-7.86411],[-69.94574,-7.86569],[-69.94668,-7.86691],[-69.94709,-7.86811],[-69.94693,-7.86856],[-69.94688,-7.8706],[-69.94834,-7.87245],[-69.9485,-7.87324],[-69.94876,-7.87376],[-69.94879,-7.87477],[-69.94899,-7.87521],[-69.94997,-7.87606],[-69.95025,-7.87664],[-69.95065,-7.87705],[-69.95076,-7.87745],[-69.95127,-7.87784],[-69.95269,-7.88081],[-69.95352,-7.8813],[-69.9542,-7.8821],[-69.95477,-7.88336],[-69.95633,-7.88592],[-69.95637,-7.88655],[-69.95664,-7.88732],[-69.95711,-7.88792],[-69.95774,-7.88825],[-69.95838,-7.88936],[-69.95841,-7.89038],[-69.95872,-7.89138],[-69.95917,-7.89173],[-69.95951,-7.89278],[-69.96044,-7.89393],[-69.96196,-7.89673],[-69.96344,-7.89885],[-69.96387,-7.89996],[-69.96456,-7.90101],[-69.96505,-7.90226],[-69.96476,-7.90277],[-69.96554,-7.90339],[-69.96584,-7.90388],[-69.96591,-7.90536],[-69.96638,-7.90578],[-69.96665,-7.90635],[-69.9667,-7.90681],[-69.96594,-7.90794],[-69.96586,-7.9096],[-69.96635,-7.90974],[-69.96751,-7.90946],[-69.96824,-7.90866],[-69.96937,-7.90873],[-69.96975,-7.90864],[-69.97004,-7.90828],[-69.97086,-7.90826],[-69.97214,-7.90798],[-69.97341,-7.9082],[-69.97617,-7.90828],[-69.98008,-7.9091],[-69.98065,-7.9093],[-69.98169,-7.91075]]}},{"type":"Feature","properties":{"codigo_sre":"330EAM1532","rodovia":"AM-330","trecho_inicio":"AM-363 (KM 91)","trecho_fim":"Silves","km_inicial":"0","km_final":"15.33","situacao_fisica":"PAV","situacao_descricao":"PAVIMENTADA","revestimento_descricao":"CONCRETO ASFALTICO","municipios_abrangidos":"Silves (13,25); Itapiranga (2,08)","extensao_cadastro_km":15.33,"extensao_geodesica_km":15.505,"origem_geometria":null},"geometry":{"type":"LineString","coordinates":[[-58.19534,-2.71378],[-58.19524,-2.71613],[-58.19671,-2.71835],[-58.19691,-2.72035],[-58.19726,-2.72136],[-58.19724,-2.72234],[-58.19708,-2.7237],[-58.19669,-2.7241],[-58.19564,-2.72459],[-58.19427,-2.72834],[-58.19251,-2.72985],[-58.19109,-2.73242],[-58.18962,-2.73355],[-58.18517,-2.7377],[-58.18203,-2.73937],[-58.18156,-2.74039],[-58.18163,-2.74083],[-58.18222,-2.74202],[-58.18208,-2.7426],[-58.18147,-2.74302],[-58.17762,-2.74484],[-58.17458,-2.74718],[-58.17427,-2.74772],[-58.17425,-2.74813],[-58.17435,-2.74852],[-58.17466,-2.74897],[-58.1778,-2.75256],[-58.17933,-2.75326],[-58.1806,-2.75448],[-58.18193,-2.75461],[-58.18288,-2.75544],[-58.18312,-2.75582],[-58.18286,-2.75709],[-58.18303,-2.75895],[-58.18283,-2.76278],[-58.18293,-2.76333],[-58.18501,-2.76826],[-58.18625,-2.76983],[-58.18672,-2.77201],[-58.18924,-2.77539],[-58.18959,-2.7767],[-58.18954,-2.77841],[-58.18967,-2.77922],[-58.19243,-2.78443],[-58.19289,-2.7869],[-58.19471,-2.78876],[-58.1951,-2.78939],[-58.19546,-2.79155],[-58.19476,-2.79643],[-58.19482,-2.79692],[-58.19521,-2.79735],[-58.19671,-2.79799],[-58.19846,-2.801],[-58.19865,-2.80173],[-58.19836,-2.80332],[-58.19848,-2.80405],[-58.20091,-2.80842],[-58.20125,-2.80923],[-58.2012,-2.80984],[-58.2002,-2.81266],[-58.20011,-2.81355],[-58.20076,-2.81698],[-58.20102,-2.81752],[-58.20273,-2.81981],[-58.20278,-2.82022],[-58.20233,-2.82202],[-58.20229,-2.82284],[-58.20342,-2.83015]]}},{"type":"Feature","properties":{"codigo_sre":"352EAM9846","rodovia":"AM-352","trecho_inicio":"AM 070 (KM 79,5)","trecho_fim":"Sede do Município de Novo Airão","km_inicial":"0","km_final":"98.46","situacao_fisica":"PAV","situacao_descricao":"PAVIMENTADA","revestimento_descricao":"CONCRETO ASFALTICO","municipios_abrangidos":"Manacapuru (35,05); Iranduba (33,74); Novo Airão (29,66)","extensao_cadastro_km":98.46,"extensao_geodesica_km":100.215,"origem_geometria":null},"geometry":{"type":"LineString","coordinates":[[-60.65013,-3.26381],[-60.65342,-3.26212],[-60.65479,-3.26035],[-60.65507,-3.25903],[-60.65489,-3.25795],[-60.65407,-3.25595],[-60.6532,-3.25149],[-60.65099,-3.24762],[-60.6491,-3.24487],[-60.64912,-3.24401],[-60.65038,-3.2423],[-60.65054,-3.24134],[-60.6503,-3.24033],[-60.64945,-3.23893],[-60.64945,-3.23734],[-60.64882,-3.23571],[-60.64884,-3.23512],[-60.64902,-3.23474],[-60.6518,-3.23221],[-60.65392,-3.23107],[-60.65743,-3.22603],[-60.65773,-3.22577],[-60.66075,-3.22424],[-60.66304,-3.22236],[-60.66385,-3.22212],[-60.66514,-3.22209],[-60.66609,-3.2224],[-60.66761,-3.22332],[-60.66859,-3.22345],[-60.66935,-3.22314],[-60.67188,-3.22083],[-60.67331,-3.21893],[-60.67502,-3.2174],[-60.6764,-3.2157],[-60.67748,-3.21338],[-60.67782,-3.21209],[-60.6782,-3.21127],[-60.67952,-3.20925],[-60.6822,-3.20674],[-60.68236,-3.20594],[-60.68199,-3.20459],[-60.68193,-3.2037],[-60.68214,-3.20279],[-60.68249,-3.20216],[-60.68339,-3.20126],[-60.68581,-3.20017],[-60.68662,-3.19965],[-60.68721,-3.19913],[-60.68833,-3.1976],[-60.68877,-3.19726],[-60.69048,-3.19642],[-60.69239,-3.1951],[-60.69289,-3.195],[-60.69358,-3.19516],[-60.69543,-3.19645],[-60.69607,-3.19672],[-60.69675,-3.19685],[-60.7006,-3.19671],[-60.70146,-3.19625],[-60.70355,-3.19432],[-60.70709,-3.19351],[-60.70913,-3.19246],[-60.71217,-3.19224],[-60.71404,-3.19123],[-60.71505,-3.1905],[-60.71553,-3.1896],[-60.7157,-3.18859],[-60.71593,-3.18802],[-60.71729,-3.18654],[-60.71834,-3.1832],[-60.71834,-3.18256],[-60.71795,-3.18185],[-60.71738,-3.18148],[-60.71231,-3.1803],[-60.71181,-3.1799],[-60.71164,-3.17898],[-60.71196,-3.17753],[-60.71177,-3.17688],[-60.70972,-3.17503],[-60.70944,-3.17448],[-60.70862,-3.17177],[-60.70756,-3.16983],[-60.70688,-3.16433],[-60.70694,-3.16341],[-60.70731,-3.16279],[-60.71415,-3.15439],[-60.71755,-3.15166],[-60.72076,-3.1482],[-60.72267,-3.14649],[-60.72591,-3.14244],[-60.72731,-3.14037],[-60.72927,-3.13857],[-60.7315,-3.13499],[-60.73326,-3.13375],[-60.7357,-3.12844],[-60.73689,-3.12638],[-60.738,-3.12412],[-60.7406,-3.12048],[-60.74128,-3.11909],[-60.74369,-3.11601],[-60.7442,-3.11552],[-60.7458,-3.11482],[-60.74637,-3.11429],[-60.74878,-3.10883],[-60.74925,-3.10827],[-60.76592,-3.09825],[-60.76912,-3.09639],[-60.76947,-3.0963],[-60.77112,-3.09619],[-60.77186,-3.09664],[-60.77802,-3.10635],[-60.77841,-3.10667],[-60.779,-3.10681],[-60.77949,-3.10666],[-60.78123,-3.10564],[-60.78322,-3.10556],[-60.78383,-3.1054],[-60.78635,-3.10225],[-60.79737,-3.09601],[-60.79789,-3.09592],[-60.80051,-3.09703],[-60.80164,-3.09714],[-60.80243,-3.09689],[-60.80967,-3.09352],[-60.81719,-3.09247],[-60.81801,-3.09215],[-60.81854,-3.09142],[-60.82248,-3.08031],[-60.82289,-3.07941],[-60.82323,-3.07905],[-60.83201,-3.07336],[-60.85159,-3.06263],[-60.85585,-3.05839],[-60.85947,-3.05227],[-60.86592,-3.04069],[-60.88546,-3.00441],[-60.89105,-2.99375],[-60.89129,-2.99319],[-60.89183,-2.99066],[-60.8934,-2.98888],[-60.89464,-2.98692],[-60.89529,-2.98649],[-60.91142,-2.97997],[-60.91234,-2.97994],[-60.91417,-2.98026],[-60.91479,-2.98018],[-60.91605,-2.97922],[-60.91706,-2.97772],[-60.91786,-2.97726],[-60.92211,-2.97562],[-60.92488,-2.97488],[-60.92796,-2.97323],[-60.93845,-2.96906],[-60.93914,-2.9689],[-60.9468,-2.9686],[-60.94769,-2.96834],[-60.95678,-2.95709],[-60.95719,-2.9561],[-60.95718,-2.95392],[-60.95745,-2.95309],[-60.96128,-2.9478],[-60.96226,-2.9425],[-60.96443,-2.92848],[-60.9646,-2.92777],[-60.96557,-2.92548],[-60.96522,-2.92374],[-60.96524,-2.92318],[-60.96815,-2.90394],[-60.97112,-2.8828],[-60.97162,-2.876],[-60.96915,-2.86729],[-60.96938,-2.86459],[-60.97015,-2.86002],[-60.97001,-2.8581],[-60.96938,-2.85607],[-60.96898,-2.85525],[-60.96333,-2.84926],[-60.95783,-2.84668],[-60.95738,-2.84632],[-60.95594,-2.84457],[-60.95529,-2.84414],[-60.95183,-2.84415],[-60.94933,-2.84393],[-60.94837,-2.84369],[-60.94685,-2.84307],[-60.94625,-2.84248],[-60.94562,-2.84142],[-60.9426,-2.83855],[-60.94185,-2.83809],[-60.94022,-2.83764],[-60.9398,-2.83741],[-60.93695,-2.83486],[-60.9364,-2.83457],[-60.93518,-2.83428],[-60.9346,-2.83399],[-60.93237,-2.83196],[-60.92879,-2.82758],[-60.92729,-2.82371],[-60.92612,-2.81978],[-60.92513,-2.81424],[-60.92497,-2.81203],[-60.9256,-2.80688],[-60.92549,-2.8013],[-60.92569,-2.79793],[-60.92688,-2.79144],[-60.92885,-2.7879],[-60.93017,-2.78627],[-60.93166,-2.78482],[-60.93513,-2.78228],[-60.9359,-2.78157],[-60.938,-2.77811],[-60.93945,-2.77515],[-60.93958,-2.7734],[-60.93828,-2.76811],[-60.93829,-2.76755],[-60.93925,-2.76268],[-60.93931,-2.76098],[-60.93908,-2.75634],[-60.93992,-2.75339],[-60.94161,-2.74956],[-60.9423,-2.74755],[-60.94301,-2.74519],[-60.9431,-2.74448],[-60.94292,-2.74335],[-60.941,-2.73854],[-60.93941,-2.73638],[-60.93929,-2.73494],[-60.93947,-2.7277],[-60.93988,-2.72661],[-60.94077,-2.7251],[-60.94205,-2.72409],[-60.94237,-2.72366],[-60.94293,-2.72231],[-60.94319,-2.72123],[-60.94337,-2.72021],[-60.94333,-2.71936],[-60.94321,-2.71888],[-60.94268,-2.71793],[-60.93955,-2.71458],[-60.93928,-2.71414],[-60.93779,-2.71075],[-60.93485,-2.70545],[-60.93443,-2.70417],[-60.93342,-2.69845],[-60.93374,-2.69698],[-60.93526,-2.69338],[-60.93552,-2.69241],[-60.93556,-2.69183],[-60.93542,-2.69101],[-60.93451,-2.68662],[-60.93473,-2.68565],[-60.93505,-2.68508],[-60.93798,-2.68168],[-60.93967,-2.68021],[-60.94213,-2.67854],[-60.94254,-2.67802],[-60.94277,-2.6775],[-60.94392,-2.6731],[-60.94452,-2.67265],[-60.94811,-2.67193],[-60.94899,-2.67146],[-60.94934,-2.67085],[-60.94981,-2.66952],[-60.95103,-2.66826],[-60.95144,-2.66751],[-60.95157,-2.667],[-60.9516,-2.66617],[-60.95143,-2.66554],[-60.95111,-2.66499],[-60.94859,-2.66272],[-60.94812,-2.66202],[-60.94782,-2.66113],[-60.94749,-2.6586],[-60.94659,-2.65666],[-60.94591,-2.65574],[-60.94567,-2.65521],[-60.94547,-2.65423],[-60.94551,-2.65322],[-60.94525,-2.65138],[-60.94608,-2.64967],[-60.94612,-2.64765],[-60.94288,-2.63885],[-60.94157,-2.6339],[-60.94329,-2.62243],[-60.94328,-2.62154],[-60.94495,-2.62164],[-60.94624,-2.62136]]}},{"type":"Feature","properties":{"codigo_sre":"354EAM4280","rodovia":"AM-354","trecho_inicio":"BR-319 (KM 90,4)","trecho_fim":"Sede do Município de Manaquiri","km_inicial":"0","km_final":"42.8","situacao_fisica":"PAV","situacao_descricao":"PAVIMENTADA","revestimento_descricao":"CONCRETO ASFALTICO","municipios_abrangidos":"Careiro (21,70); Manaquiri (21,10)","extensao_cadastro_km":42.8,"extensao_geodesica_km":44.306,"origem_geometria":null},"geometry":{"type":"LineString","coordinates":[[-60.30086,-3.7651],[-60.3014,-3.76458],[-60.32267,-3.7248],[-60.32877,-3.71427],[-60.34705,-3.68437],[-60.35741,-3.66793],[-60.37626,-3.63834],[-60.37938,-3.63352],[-60.38361,-3.62735],[-60.39111,-3.61485],[-60.39418,-3.60939],[-60.40357,-3.59385],[-60.41187,-3.57903],[-60.42203,-3.56264],[-60.42219,-3.56204],[-60.42223,-3.55971],[-60.42191,-3.55775],[-60.42112,-3.55466],[-60.42037,-3.55276],[-60.4196,-3.55146],[-60.41911,-3.55033],[-60.41896,-3.54972],[-60.41906,-3.54806],[-60.41897,-3.54735],[-60.41628,-3.54339],[-60.41603,-3.54201],[-60.4163,-3.54074],[-60.41657,-3.54021],[-60.4196,-3.53588],[-60.42055,-3.53431],[-60.42084,-3.53345],[-60.41954,-3.51741],[-60.41973,-3.51624],[-60.42041,-3.51488],[-60.42396,-3.50883],[-60.43283,-3.50073],[-60.43582,-3.49542],[-60.43612,-3.49483],[-60.43621,-3.49354],[-60.43564,-3.49195],[-60.43463,-3.49008],[-60.43447,-3.48867],[-60.43453,-3.48806],[-60.43476,-3.48752],[-60.43516,-3.48703],[-60.4366,-3.48623],[-60.44898,-3.4814],[-60.45659,-3.47686],[-60.45695,-3.47659],[-60.45762,-3.47556],[-60.45781,-3.47419],[-60.45769,-3.47277],[-60.45948,-3.46304],[-60.45891,-3.45566],[-60.45904,-3.45465],[-60.46177,-3.44774],[-60.46187,-3.44711],[-60.46139,-3.44615],[-60.45954,-3.44435],[-60.45876,-3.44232],[-60.45843,-3.44177],[-60.458,-3.44146],[-60.45764,-3.44094],[-60.45746,-3.44039],[-60.45737,-3.43882],[-60.45701,-3.43749],[-60.45702,-3.4371],[-60.4572,-3.43675],[-60.45867,-3.43427],[-60.45836,-3.43341],[-60.4585,-3.43295],[-60.45909,-3.43268],[-60.45859,-3.4316],[-60.459,-3.43142],[-60.45766,-3.42852],[-60.45937,-3.42773],[-60.45899,-3.42709]]}},{"type":"Feature","properties":{"codigo_sre":"362EAM1400","rodovia":"AM-362","trecho_inicio":"Lago de Tefé \"Estrada do Nogueira\"","trecho_fim":"Sede do Município de Alvarães","km_inicial":"0","km_final":"14","situacao_fisica":"PAV","situacao_descricao":"PAVIMENTADA","revestimento_descricao":"CONCRETO ASFALTICO","municipios_abrangidos":"Alvarães (14,00)","extensao_cadastro_km":14.0,"extensao_geodesica_km":14.0,"origem_geometria":null},"geometry":{"type":"LineString","coordinates":[[-64.80534,-3.21057],[-64.80505,-3.2112],[-64.80504,-3.21203],[-64.80643,-3.21196],[-64.80861,-3.21333],[-64.81105,-3.21453],[-64.812,-3.21466],[-64.81372,-3.21457],[-64.81476,-3.2148],[-64.81584,-3.2154],[-64.81714,-3.21688],[-64.8201,-3.21842],[-64.82165,-3.22055],[-64.82164,-3.22282],[-64.82195,-3.22357],[-64.8232,-3.225],[-64.82436,-3.22792],[-64.82482,-3.22863],[-64.8255,-3.23045],[-64.82632,-3.232],[-64.82889,-3.23491],[-64.82913,-3.23548],[-64.82912,-3.23598],[-64.82868,-3.23669],[-64.82578,-3.23751],[-64.82477,-3.2381],[-64.82433,-3.23878],[-64.82303,-3.24179],[-64.82262,-3.2424],[-64.82078,-3.24352],[-64.81976,-3.24391],[-64.81933,-3.24421],[-64.81625,-3.24784],[-64.8152,-3.24955],[-64.81442,-3.25047],[-64.81169,-3.25285],[-64.80975,-3.25415],[-64.80718,-3.25751],[-64.80524,-3.25871],[-64.8047,-3.25919],[-64.80179,-3.26346],[-64.80162,-3.26392],[-64.80156,-3.26529],[-64.80124,-3.26598],[-64.7999,-3.26732],[-64.79753,-3.26936],[-64.79625,-3.26985],[-64.79378,-3.27162],[-64.79036,-3.27307],[-64.78947,-3.27369],[-64.78892,-3.27429],[-64.78867,-3.27475],[-64.78821,-3.27659],[-64.7876,-3.27781],[-64.78709,-3.27935],[-64.78628,-3.28119],[-64.78674,-3.28561],[-64.7864,-3.28701],[-64.78556,-3.28866],[-64.78477,-3.2911],[-64.78446,-3.29336],[-64.78399,-3.29473],[-64.78393,-3.29577],[-64.7841,-3.29792],[-64.78131,-3.30122],[-64.78054,-3.3012]]}},{"type":"Feature","properties":{"codigo_sre":"363EAM1834","rodovia":"AM-363","trecho_inicio":"AM-363 (KM 120,08)","trecho_fim":"AM-363 (KM 138,38)","km_inicial":"120.68","km_final":"139.02","situacao_fisica":"PLA","situacao_descricao":"PLANEJADA","revestimento_descricao":"","municipios_abrangidos":"Itapiranga (17,47); São Sebastião do Uatumã (0,87)","extensao_cadastro_km":18.34,"extensao_geodesica_km":15.237,"origem_geometria":null},"geometry":{"type":"LineString","coordinates":[[-57.98018,-2.6694],[-57.98054,-2.66862],[-57.98058,-2.66786],[-57.98042,-2.66721],[-57.97965,-2.66602],[-57.97885,-2.66564],[-57.97808,-2.66563],[-57.97453,-2.66591],[-57.97424,-2.66625],[-57.97362,-2.66619],[-57.9734,-2.66579],[-57.97214,-2.66487],[-57.97021,-2.66307],[-57.96993,-2.66257],[-57.96853,-2.65843],[-57.96607,-2.65532],[-57.96335,-2.65345],[-57.96056,-2.65203],[-57.95524,-2.63715],[-57.95298,-2.63121],[-57.94849,-2.62589],[-57.94446,-2.62262],[-57.94024,-2.61978],[-57.93546,-2.61525],[-57.92947,-2.61366],[-57.92476,-2.61213],[-57.92138,-2.61061],[-57.9205,-2.61052],[-57.91945,-2.6109],[-57.91851,-2.61096],[-57.91469,-2.6099],[-57.91321,-2.60967],[-57.91287,-2.60913],[-57.91247,-2.60553],[-57.91231,-2.60496],[-57.91171,-2.60438],[-57.90874,-2.60263],[-57.90527,-2.59953],[-57.90361,-2.59934],[-57.90247,-2.59825],[-57.90023,-2.59704],[-57.89964,-2.5963],[-57.89864,-2.59297],[-57.89828,-2.59232],[-57.89704,-2.59203],[-57.89362,-2.59157],[-57.89245,-2.5908],[-57.89061,-2.58914],[-57.89014,-2.58885],[-57.88614,-2.58775]]}},{"type":"Feature","properties":{"codigo_sre":"363EAM2652","rodovia":"AM-363","trecho_inicio":"AM-363 (KM 138,38)","trecho_fim":"AM-363 (KM 164,88)","km_inicial":"139.02","km_final":"165.55","situacao_fisica":"PLA","situacao_descricao":"PLANEJADA","revestimento_descricao":"","municipios_abrangidos":"São Sebastião do Uatumã (22,34); Urucará (4,18)","extensao_cadastro_km":26.52,"extensao_geodesica_km":26.526,"origem_geometria":null},"geometry":{"type":"LineString","coordinates":[[-57.87042,-2.57239],[-57.87032,-2.57217],[-57.87192,-2.57156],[-57.87152,-2.57028],[-57.87143,-2.56922],[-57.87344,-2.5615],[-57.87365,-2.5605],[-57.87388,-2.55759],[-57.87485,-2.55376],[-57.87538,-2.55018],[-57.87524,-2.54843],[-57.87548,-2.54591],[-57.87557,-2.54162],[-57.87571,-2.54099],[-57.87669,-2.53908],[-57.87688,-2.53739],[-57.8772,-2.53615],[-57.8773,-2.53477],[-57.87806,-2.53229],[-57.87812,-2.5315],[-57.87797,-2.52988],[-57.87824,-2.5275],[-57.88001,-2.52207],[-57.88222,-2.51614],[-57.8834,-2.51387],[-57.88364,-2.51292],[-57.88299,-2.50823],[-57.8824,-2.50545],[-57.88215,-2.50231],[-57.88317,-2.49559],[-57.88332,-2.49507],[-57.88396,-2.49438],[-57.88601,-2.49256],[-57.88671,-2.4913],[-57.88761,-2.48909],[-57.88846,-2.48102],[-57.88977,-2.47286],[-57.89027,-2.47189],[-57.89145,-2.47059],[-57.89523,-2.46881],[-57.89702,-2.46828],[-57.90117,-2.46805],[-57.90507,-2.46708],[-57.907,-2.46679],[-57.90787,-2.46638],[-57.90826,-2.46594],[-57.90869,-2.46515],[-57.9088,-2.46435],[-57.90863,-2.46354],[-57.9084,-2.46307],[-57.90785,-2.46249],[-57.90702,-2.46123],[-57.90637,-2.45887],[-57.90576,-2.45826],[-57.90519,-2.45804],[-57.90426,-2.45798],[-57.90248,-2.45739],[-57.90167,-2.45687],[-57.90029,-2.455],[-57.90012,-2.45428],[-57.90016,-2.45385],[-57.90082,-2.45242],[-57.90171,-2.45171],[-57.90338,-2.45074],[-57.90367,-2.45017],[-57.90405,-2.44844],[-57.90386,-2.44778],[-57.90309,-2.44672],[-57.90307,-2.44323],[-57.90322,-2.44272],[-57.90368,-2.44212],[-57.90436,-2.44079],[-57.90489,-2.438],[-57.90636,-2.43553],[-57.90645,-2.43431],[-57.90663,-2.43395],[-57.90782,-2.43327],[-57.90818,-2.43259],[-57.90868,-2.43213],[-57.90946,-2.42824],[-57.90917,-2.42715],[-57.90844,-2.426],[-57.90811,-2.42499],[-57.90804,-2.4237],[-57.90742,-2.42256],[-57.90715,-2.42094],[-57.9075,-2.41875],[-57.90798,-2.41764],[-57.90786,-2.41716],[-57.90601,-2.41529],[-57.90538,-2.41408],[-57.90399,-2.41303],[-57.90173,-2.41206],[-57.90033,-2.412],[-57.89827,-2.41147],[-57.89627,-2.41035],[-57.89456,-2.40842],[-57.89344,-2.40401],[-57.89281,-2.40315],[-57.89153,-2.40247],[-57.88714,-2.40154],[-57.88649,-2.40087],[-57.88626,-2.39976],[-57.88498,-2.39874],[-57.88452,-2.39803],[-57.88412,-2.39649],[-57.8831,-2.39528],[-57.88192,-2.39477],[-57.88034,-2.39439],[-57.87882,-2.39439],[-57.87687,-2.39462],[-57.87606,-2.3956],[-57.87508,-2.39567],[-57.87473,-2.39546],[-57.87354,-2.39531],[-57.86949,-2.39354],[-57.86827,-2.39139],[-57.86849,-2.38939],[-57.86819,-2.38892],[-57.86816,-2.38844],[-57.8678,-2.38815]]}},{"type":"Feature","properties":{"codigo_sre":"364EAM8474","rodovia":"AM-364","trecho_inicio":"BR 319 - KM 327","trecho_fim":"Vila da Democraria/Manicoré","km_inicial":"0","km_final":"84.74","situacao_fisica":"IMP","situacao_descricao":"IMPLANTADA","revestimento_descricao":"","municipios_abrangidos":"Manicoré (84,74)","extensao_cadastro_km":84.74,"extensao_geodesica_km":84.684,"origem_geometria":null},"geometry":{"type":"LineString","coordinates":[[-61.83592,-5.19991],[-61.82834,-5.20798],[-61.80873,-5.22935],[-61.79718,-5.23994],[-61.79338,-5.24368],[-61.79085,-5.24566],[-61.78888,-5.24624],[-61.78648,-5.24667],[-61.78538,-5.24715],[-61.78199,-5.24918],[-61.78008,-5.25155],[-61.76829,-5.26501],[-61.76411,-5.26997],[-61.74583,-5.29042],[-61.62349,-5.42496],[-61.61341,-5.43592],[-61.58577,-5.46275],[-61.58267,-5.46983],[-61.5841,-5.48235],[-61.58361,-5.48368],[-61.56543,-5.50561],[-61.52195,-5.55256],[-61.47525,-5.60247],[-61.45514,-5.62484],[-61.4535,-5.62698],[-61.45251,-5.62847],[-61.45241,-5.63039],[-61.453,-5.69011],[-61.45324,-5.72827],[-61.45714,-5.73706],[-61.45728,-5.73884],[-61.44596,-5.7919],[-61.44554,-5.79289],[-61.44492,-5.79368],[-61.44206,-5.79467],[-61.43398,-5.79802],[-61.4333,-5.79823],[-61.4322,-5.79828],[-61.4307,-5.79915],[-61.43026,-5.79904],[-61.42982,-5.7995]]}},{"type":"Feature","properties":{"codigo_sre":"366EAM1869","rodovia":"AM-366","trecho_inicio":"Entrocamento AM-343","trecho_fim":"AM-366 (KM 378,72)","km_inicial":"191.83","km_final":"378.72","situacao_fisica":"PLA","situacao_descricao":"PLANEJADA","revestimento_descricao":"CONCRETO ASFALTICO","municipios_abrangidos":"Coari (115,78); Tefé (71,11)","extensao_cadastro_km":186.89,"extensao_geodesica_km":17.004,"origem_geometria":null},"geometry":{"type":"LineString","coordinates":[[-64.6418,-3.4768],[-64.64264,-3.4768],[-64.64803,-3.4753],[-64.65133,-3.47365],[-64.65296,-3.47241],[-64.65504,-3.47036],[-64.66348,-3.46457],[-64.66499,-3.46326],[-64.66662,-3.4624],[-64.6688,-3.46101],[-64.67009,-3.4601],[-64.67065,-3.45955],[-64.67212,-3.45877],[-64.68576,-3.44944],[-64.68718,-3.44829],[-64.69129,-3.44576],[-64.70451,-3.43664],[-64.70764,-3.43465],[-64.70912,-3.43399],[-64.71134,-3.43209],[-64.72732,-3.4215],[-64.72933,-3.41975],[-64.73039,-3.41841],[-64.73107,-3.41782],[-64.73163,-3.41739],[-64.73371,-3.41628],[-64.73292,-3.41047],[-64.73167,-3.40302],[-64.72873,-3.39137],[-64.72893,-3.39066],[-64.7305,-3.38858],[-64.73296,-3.38402],[-64.7349,-3.38084],[-64.73559,-3.37894],[-64.73523,-3.37616]]}},{"type":"Feature","properties":{"codigo_sre":"453EAM0800","rodovia":"AM-453","trecho_inicio":"AM-070 (KM 58)","trecho_fim":"Colônia Bela Vista","km_inicial":"0","km_final":"8","situacao_fisica":"PAV","situacao_descricao":"PAVIMENTADA","revestimento_descricao":"CONCRETO ASFALTICO","municipios_abrangidos":"Manacapuru (8,00)","extensao_cadastro_km":8.0,"extensao_geodesica_km":8.004,"origem_geometria":null},"geometry":{"type":"LineString","coordinates":[[-60.47448,-3.24059],[-60.47316,-3.24337],[-60.47267,-3.24398],[-60.47216,-3.24423],[-60.46801,-3.24537],[-60.4671,-3.24618],[-60.46564,-3.24784],[-60.46181,-3.25669],[-60.45881,-3.26126],[-60.45818,-3.26259],[-60.45604,-3.26912],[-60.45542,-3.2773],[-60.4549,-3.27757],[-60.45374,-3.27774],[-60.45294,-3.27816],[-60.45064,-3.28039],[-60.4478,-3.28477],[-60.44602,-3.28722],[-60.44548,-3.28753],[-60.44287,-3.28828],[-60.44119,-3.29118],[-60.44049,-3.29213],[-60.43934,-3.2931],[-60.43785,-3.29354],[-60.43727,-3.29399],[-60.43694,-3.29442],[-60.43686,-3.29486],[-60.43712,-3.29573],[-60.4376,-3.29615]]}},{"type":"Feature","properties":{"codigo_sre":"010EAM1412","rodovia":"AM-010","trecho_inicio":"KM 2,39 da AM-010","trecho_fim":"Entr.BR-174","km_inicial":"2.39","km_final":"16.51","situacao_fisica":"DUP","situacao_descricao":"DUPLICADA","revestimento_descricao":"CONCRETO ASFALTICO","municipios_abrangidos":"Manaus (14,12)","extensao_cadastro_km":14.12,"extensao_geodesica_km":6.936,"origem_geometria":null},"geometry":{"type":"LineString","coordinates":[[-60.02488,-3.0465],[-60.02481,-3.04429],[-60.02509,-3.04047],[-60.02486,-3.03898],[-60.0239,-3.03724],[-60.02304,-3.03614],[-60.01901,-3.03299],[-60.01854,-3.03243],[-60.01797,-3.03096],[-60.01789,-3.02991],[-60.01809,-3.029],[-60.0186,-3.02798],[-60.02101,-3.02544],[-60.02119,-3.02481],[-60.02168,-3.0247],[-60.02197,-3.02447],[-60.02639,-3.01989],[-60.02753,-3.01853],[-60.03032,-3.01425],[-60.03046,-3.01363],[-60.031,-3.01311],[-60.03171,-3.01204],[-60.03274,-3.01015],[-60.03306,-3.00874],[-60.03305,-3.00748],[-60.03138,-2.9996],[-60.03133,-2.99612],[-60.03092,-2.99515],[-60.02992,-2.99432],[-60.02915,-2.99318]]}},{"type":"Feature","properties":{"codigo_sre":"010EAM0239","rodovia":"AM-010","trecho_inicio":"Praça Nossa Senhora de Nazaré - Manaus","trecho_fim":"KM 2,39 da AM-010","km_inicial":"0","km_final":"2.39","situacao_fisica":"PAV","situacao_descricao":"PAVIMENTADA","revestimento_descricao":"CONCRETO ASFALTICO","municipios_abrangidos":"Manaus (2,39)","extensao_cadastro_km":2.39,"extensao_geodesica_km":0.311,"origem_geometria":null},"geometry":{"type":"LineString","coordinates":[[-60.01415,-3.09227],[-60.01609,-3.09025]]}},{"type":"Feature","properties":{"codigo_sre":"449EAM4470","rodovia":"AM-449","trecho_inicio":"AM-010 (KM 55)","trecho_fim":"Puraquequara","km_inicial":"0","km_final":"44.7","situacao_fisica":"IMP","situacao_descricao":"IMPLANTADA","revestimento_descricao":"","municipios_abrangidos":"Manaus (44,55); Rio Preto da Eva (0,15)","extensao_cadastro_km":44.7,"extensao_geodesica_km":44.706,"origem_geometria":null},"geometry":{"type":"LineString","coordinates":[[-59.87158,-2.73548],[-59.86932,-2.7378],[-59.86908,-2.7382],[-59.86794,-2.74183],[-59.86832,-2.74416],[-59.8682,-2.74498],[-59.8656,-2.74758],[-59.86269,-2.74907],[-59.86064,-2.74992],[-59.8582,-2.75204],[-59.8562,-2.7519],[-59.85552,-2.75197],[-59.85492,-2.75259],[-59.85431,-2.75351],[-59.85401,-2.75366],[-59.8523,-2.75372],[-59.85144,-2.75389],[-59.85067,-2.7546],[-59.84973,-2.75621],[-59.84988,-2.75695],[-59.85099,-2.75914],[-59.85091,-2.75947],[-59.85227,-2.76878],[-59.85389,-2.77199],[-59.85549,-2.77881],[-59.85576,-2.77952],[-59.85677,-2.78114],[-59.85695,-2.78206],[-59.85687,-2.78374],[-59.85657,-2.78426],[-59.85378,-2.78724],[-59.85291,-2.79],[-59.85227,-2.7913],[-59.85175,-2.79156],[-59.8507,-2.79087],[-59.85037,-2.7908],[-59.84929,-2.79109],[-59.84772,-2.79197],[-59.84592,-2.79187],[-59.84524,-2.79201],[-59.84492,-2.79212],[-59.84126,-2.79476],[-59.84054,-2.79516],[-59.8379,-2.79517],[-59.83723,-2.79534],[-59.82837,-2.80541],[-59.82811,-2.8058],[-59.82694,-2.80961],[-59.82608,-2.81073],[-59.82555,-2.81095],[-59.82458,-2.811],[-59.81863,-2.80928],[-59.81805,-2.80941],[-59.8146,-2.81085],[-59.81421,-2.81132],[-59.81382,-2.81425],[-59.81352,-2.81509],[-59.80908,-2.82071],[-59.8091,-2.82143],[-59.80966,-2.82335],[-59.80982,-2.82748],[-59.81189,-2.83132],[-59.81248,-2.83206],[-59.81343,-2.8329],[-59.81395,-2.83306],[-59.81634,-2.83324],[-59.81733,-2.83351],[-59.81755,-2.83401],[-59.8184,-2.83763],[-59.81897,-2.83839],[-59.82041,-2.83957],[-59.82127,-2.84436],[-59.82153,-2.84525],[-59.82485,-2.8488],[-59.82541,-2.84957],[-59.82654,-2.85195],[-59.82677,-2.85299],[-59.82667,-2.85498],[-59.82755,-2.85708],[-59.82768,-2.85771],[-59.82616,-2.86495],[-59.8264,-2.86584],[-59.82762,-2.86852],[-59.82763,-2.86887],[-59.82704,-2.87069],[-59.82794,-2.87264],[-59.82793,-2.87306],[-59.82666,-2.87651],[-59.8269,-2.87867],[-59.82742,-2.87934],[-59.82894,-2.87961],[-59.82982,-2.87997],[-59.83295,-2.88268],[-59.8359,-2.88459],[-59.83689,-2.88675],[-59.83965,-2.88762],[-59.8399,-2.88815],[-59.8396,-2.88931],[-59.83864,-2.89041],[-59.83738,-2.89099],[-59.83658,-2.89253],[-59.83635,-2.8927],[-59.83521,-2.89322],[-59.8344,-2.89406],[-59.83335,-2.89426],[-59.83167,-2.89424],[-59.83086,-2.89462],[-59.83073,-2.89518],[-59.83099,-2.89769],[-59.83077,-2.89884],[-59.83055,-2.89931],[-59.82926,-2.90028],[-59.82776,-2.90342],[-59.82739,-2.90385],[-59.82638,-2.90455],[-59.82603,-2.90548],[-59.82581,-2.90575],[-59.82557,-2.90592],[-59.82461,-2.90613],[-59.82318,-2.90789],[-59.82301,-2.90853],[-59.8228,-2.91442],[-59.82244,-2.91596],[-59.8213,-2.91859],[-59.82085,-2.91929],[-59.82054,-2.91953],[-59.8163,-2.92113],[-59.81549,-2.92108],[-59.81288,-2.92031],[-59.81244,-2.92034],[-59.80884,-2.92146],[-59.80804,-2.92143],[-59.80626,-2.92103],[-59.80561,-2.92129],[-59.80535,-2.92169],[-59.80525,-2.92253],[-59.80779,-2.92893],[-59.80802,-2.93011],[-59.80793,-2.9308],[-59.8062,-2.93717],[-59.80596,-2.93772],[-59.80507,-2.93877],[-59.80141,-2.93994],[-59.80079,-2.94031],[-59.80067,-2.94066],[-59.80058,-2.94256],[-59.8004,-2.9429],[-59.79578,-2.94802],[-59.79566,-2.94871],[-59.79575,-2.94914],[-59.79693,-2.95322],[-59.79706,-2.95471],[-59.79692,-2.95624],[-59.79645,-2.95847],[-59.79417,-2.96116],[-59.79374,-2.96191],[-59.79348,-2.96353],[-59.7933,-2.96677],[-59.79205,-2.96998],[-59.79204,-2.97084],[-59.79255,-2.97143],[-59.7931,-2.97177],[-59.79486,-2.97251],[-59.79569,-2.97266],[-59.79656,-2.97253],[-59.79946,-2.97168],[-59.80163,-2.97139],[-59.80257,-2.97177],[-59.80425,-2.9731],[-59.80461,-2.97389],[-59.80504,-2.97548],[-59.80504,-2.97681],[-59.80526,-2.97815],[-59.8062,-2.97969],[-59.80745,-2.98127],[-59.80956,-2.98281],[-59.81014,-2.98364],[-59.81285,-2.99192],[-59.81328,-2.9926],[-59.81493,-2.99412],[-59.81592,-2.99597],[-59.81608,-2.99655],[-59.81606,-2.99697],[-59.81297,-3.0087],[-59.81275,-3.00991],[-59.81174,-3.02585],[-59.8109,-3.02704],[-59.80945,-3.02612],[-59.80866,-3.02628],[-59.80825,-3.02658]]}},{"type":"Feature","properties":{"codigo_sre":"450EAM2549","rodovia":"AM-450","trecho_inicio":"AM-010 (KM 14)","trecho_fim":"Constantino Nery","km_inicial":"0","km_final":"25.49","situacao_fisica":"DUP","situacao_descricao":"DUPLICADA","revestimento_descricao":"CONCRETO ASFALTICO","municipios_abrangidos":"Manaus (25,49)","extensao_cadastro_km":25.49,"extensao_geodesica_km":19.87,"origem_geometria":null},"geometry":{"type":"LineString","coordinates":[[-60.02915,-2.99318],[-60.03023,-2.99308],[-60.03085,-2.99273],[-60.03322,-2.99051],[-60.03426,-2.98982],[-60.03948,-2.98788],[-60.04013,-2.98751],[-60.04058,-2.98703],[-60.04201,-2.98441],[-60.04234,-2.98402],[-60.04282,-2.98374],[-60.04988,-2.98292],[-60.05047,-2.98311],[-60.05078,-2.98335],[-60.05145,-2.98467],[-60.05152,-2.98555],[-60.04779,-2.99165],[-60.04768,-2.9924],[-60.04763,-2.99837],[-60.04789,-2.99922],[-60.04866,-3.0],[-60.0518,-3.00125],[-60.05236,-3.00152],[-60.05304,-3.00209],[-60.05454,-3.00427],[-60.05513,-3.00542],[-60.05526,-3.00589],[-60.05519,-3.00737],[-60.05579,-3.00886],[-60.05616,-3.00914],[-60.0586,-3.00977],[-60.05911,-3.01055],[-60.05991,-3.01223],[-60.06003,-3.01331],[-60.05992,-3.01405],[-60.05766,-3.02147],[-60.05656,-3.0238],[-60.05645,-3.02433],[-60.05661,-3.02491],[-60.05739,-3.02587],[-60.05853,-3.02632],[-60.06089,-3.02694],[-60.06388,-3.02714],[-60.06472,-3.02775],[-60.06671,-3.02987],[-60.06818,-3.03289],[-60.06852,-3.03399],[-60.06853,-3.03505],[-60.06824,-3.03666],[-60.06829,-3.0373],[-60.0685,-3.03783],[-60.07368,-3.04418],[-60.07412,-3.04496],[-60.07479,-3.04707],[-60.07519,-3.04771],[-60.07836,-3.0515],[-60.08046,-3.05333],[-60.08138,-3.05507],[-60.08389,-3.05673],[-60.08458,-3.05741],[-60.08941,-3.06319],[-60.09008,-3.06383],[-60.09153,-3.06487],[-60.09288,-3.06744],[-60.09444,-3.06845],[-60.09465,-3.06872],[-60.09453,-3.06901],[-60.09389,-3.06921],[-60.0926,-3.07023],[-60.08644,-3.07604],[-60.08549,-3.07681],[-60.08463,-3.07706],[-60.08431,-3.07704],[-60.08172,-3.07623],[-60.08097,-3.07614],[-60.0799,-3.07632],[-60.07904,-3.07679],[-60.07835,-3.07752],[-60.07373,-3.08489],[-60.07295,-3.08557],[-60.07181,-3.08601],[-60.07134,-3.08604],[-60.06537,-3.0852],[-60.06445,-3.08522],[-60.06383,-3.08544],[-60.06314,-3.08604],[-60.06201,-3.08821]]}},{"type":"Feature","properties":{"codigo_sre":"452EAM1003","rodovia":"AM-452","trecho_inicio":"AM-070 (KM 12,6)","trecho_fim":"Comunidade do Caldeirão","km_inicial":"0","km_final":"10.03","situacao_fisica":"PAV","situacao_descricao":"PAVIMENTADA","revestimento_descricao":"CONCRETO ASFALTICO","municipios_abrangidos":"Iranduba (10,03)","extensao_cadastro_km":10.03,"extensao_geodesica_km":1.503,"origem_geometria":null},"geometry":{"type":"LineString","coordinates":[[-60.2268,-3.25191],[-60.22787,-3.25339],[-60.22786,-3.25376],[-60.22572,-3.25533],[-60.2248,-3.25618],[-60.22291,-3.25726],[-60.22241,-3.25871],[-60.22138,-3.26054],[-60.22064,-3.26111],[-60.22077,-3.26175]]}},{"type":"Feature","properties":{"codigo_sre":"450EAM2470","rodovia":"AM-450","trecho_inicio":"AM-010 (KM 14)","trecho_fim":"Constantino Nery","km_inicial":"0","km_final":"24.7","situacao_fisica":"DUP","situacao_descricao":"DUPLICADA","revestimento_descricao":"CONCRETO ASFALTICO","municipios_abrangidos":"","extensao_cadastro_km":0.0,"extensao_geodesica_km":0.701,"origem_geometria":null},"geometry":{"type":"LineString","coordinates":[[-60.06201,-3.08821],[-60.06022,-3.09179],[-60.05894,-3.09374]]}},{"type":"Feature","properties":{"codigo_sre":"240EAM7948","rodovia":"AM-240","trecho_inicio":"BR-174 (KM 103)","trecho_fim":"Vila de Balbina","km_inicial":"0","km_final":"79.48","situacao_fisica":"PAV","situacao_descricao":"PAVIMENTADA","revestimento_descricao":"CONCRETO ASFALTICO","municipios_abrangidos":"Presidente Figueiredo (77,65); Rio Preto da Eva (1,83)","extensao_cadastro_km":79.48,"extensao_geodesica_km":79.493,"origem_geometria":null},"geometry":{"type":"LineString","coordinates":[[-60.0075,-2.08103],[-60.00442,-2.07255],[-60.00145,-2.06624],[-60.00098,-2.0656],[-60.00034,-2.06506],[-59.99956,-2.06464],[-59.99867,-2.06442],[-59.98308,-2.06285],[-59.98204,-2.06253],[-59.98127,-2.06205],[-59.9805,-2.06124],[-59.98016,-2.06068],[-59.97338,-2.04663],[-59.97268,-2.04591],[-59.9721,-2.0456],[-59.97149,-2.04547],[-59.97054,-2.04554],[-59.9513,-2.05263],[-59.94977,-2.05304],[-59.94893,-2.05311],[-59.94128,-2.05204],[-59.93707,-2.05229],[-59.93606,-2.05221],[-59.92883,-2.05096],[-59.92748,-2.05084],[-59.92484,-2.05151],[-59.92388,-2.05154],[-59.9158,-2.04948],[-59.91276,-2.04877],[-59.91159,-2.04862],[-59.90297,-2.04985],[-59.9023,-2.04978],[-59.89745,-2.04826],[-59.89659,-2.04828],[-59.8942,-2.04881],[-59.89339,-2.04888],[-59.88481,-2.04838],[-59.88398,-2.04821],[-59.88048,-2.04702],[-59.87953,-2.0469],[-59.87065,-2.04759],[-59.86276,-2.04715],[-59.86214,-2.04705],[-59.8609,-2.0465],[-59.86029,-2.04597],[-59.85884,-2.04416],[-59.85778,-2.04338],[-59.85261,-2.04264],[-59.84804,-2.04128],[-59.84745,-2.04123],[-59.84643,-2.04148],[-59.84469,-2.04277],[-59.84355,-2.04323],[-59.8429,-2.04333],[-59.82709,-2.04332],[-59.81901,-2.0422],[-59.7892,-2.04509],[-59.78783,-2.04498],[-59.77973,-2.0431],[-59.77616,-2.04264],[-59.75059,-2.03789],[-59.74931,-2.03814],[-59.74818,-2.03855],[-59.7465,-2.03975],[-59.74402,-2.04275],[-59.73836,-2.04806],[-59.73753,-2.04856],[-59.73612,-2.04868],[-59.72894,-2.04745],[-59.72387,-2.04676],[-59.69328,-2.04791],[-59.69229,-2.04769],[-59.68965,-2.04673],[-59.6889,-2.04659],[-59.68775,-2.04667],[-59.68142,-2.04831],[-59.67744,-2.0487],[-59.66301,-2.05389],[-59.66214,-2.05441],[-59.66103,-2.05534],[-59.66027,-2.0562],[-59.65881,-2.05899],[-59.65817,-2.05959],[-59.65742,-2.05988],[-59.65649,-2.05973],[-59.63226,-2.05012],[-59.60709,-2.03392],[-59.60513,-2.03321],[-59.59956,-2.03281],[-59.59772,-2.03236],[-59.59652,-2.03182],[-59.59498,-2.03061],[-59.59416,-2.02968],[-59.58996,-2.02327],[-59.58893,-2.02225],[-59.58203,-2.01769],[-59.58146,-2.01713],[-59.57874,-2.01292],[-59.57812,-2.01248],[-59.57706,-2.01217],[-59.57355,-2.0121],[-59.57238,-2.01177],[-59.56798,-2.00925],[-59.56056,-2.00401],[-59.55635,-2.00137],[-59.55569,-2.00126],[-59.55463,-2.00137],[-59.55374,-2.00174],[-59.54711,-2.00691],[-59.54642,-2.00729],[-59.5458,-2.00741],[-59.54494,-2.00724],[-59.54413,-2.00686],[-59.53678,-2.00224],[-59.53615,-2.00206],[-59.53511,-2.00206],[-59.5289,-2.00243],[-59.5275,-2.00209],[-59.5054,-1.98859],[-59.50482,-1.98788],[-59.50446,-1.98719],[-59.50299,-1.9825],[-59.50257,-1.98185],[-59.50197,-1.98133],[-59.49959,-1.98029],[-59.49871,-1.97968],[-59.4982,-1.97884],[-59.49661,-1.97548],[-59.49589,-1.97451],[-59.49295,-1.97132],[-59.4922,-1.97017],[-59.49003,-1.96386],[-59.48991,-1.96246],[-59.49135,-1.94341],[-59.49174,-1.94218],[-59.49333,-1.93928],[-59.49356,-1.93849],[-59.49351,-1.93768],[-59.49036,-1.93112],[-59.48967,-1.93053],[-59.48779,-1.92941],[-59.48709,-1.92861],[-59.48642,-1.92751],[-59.48557,-1.92504],[-59.48501,-1.92464],[-59.4842,-1.9244],[-59.48342,-1.92445],[-59.48106,-1.92523],[-59.48043,-1.92556],[-59.47718,-1.93145],[-59.47628,-1.93218],[-59.46642,-1.93455],[-59.46204,-1.93663],[-59.45967,-1.93796],[-59.45668,-1.94008],[-59.45589,-1.94047],[-59.45286,-1.94043],[-59.44691,-1.94283],[-59.44496,-1.94405],[-59.44382,-1.94426],[-59.44217,-1.94489],[-59.44022,-1.94697],[-59.43934,-1.94729],[-59.43759,-1.94708],[-59.43681,-1.9476],[-59.43577,-1.94864],[-59.4323,-1.95086],[-59.43176,-1.95107],[-59.43124,-1.95112],[-59.43076,-1.95099],[-59.42815,-1.94988],[-59.42756,-1.94977],[-59.42667,-1.95005],[-59.42585,-1.95005],[-59.42488,-1.94988],[-59.42433,-1.94956],[-59.424,-1.94912],[-59.42391,-1.94869],[-59.42389,-1.9457],[-59.42254,-1.94179],[-59.42267,-1.94075]]}},{"type":"Feature","properties":{"codigo_sre":"020EAM1708","rodovia":"AM-020","trecho_inicio":"KM 8 da AM-020","trecho_fim":"Bairro Puraquequara Manaus","km_inicial":"9","km_final":"17.08","situacao_fisica":"PAV","situacao_descricao":"PAVIMENTADA","revestimento_descricao":"CONCRETO ASFALTICO","municipios_abrangidos":"","extensao_cadastro_km":0.0,"extensao_geodesica_km":2.354,"origem_geometria":null},"geometry":{"type":"LineString","coordinates":[[-59.8938,-3.08768],[-59.89293,-3.08679],[-59.89284,-3.08519],[-59.89189,-3.08406],[-59.89087,-3.08213],[-59.89076,-3.08154],[-59.89089,-3.08039],[-59.8913,-3.07981],[-59.89391,-3.07926],[-59.8941,-3.07939],[-59.89452,-3.08063],[-59.89537,-3.08182],[-59.89569,-3.08456],[-59.89522,-3.08592],[-59.89428,-3.0873],[-59.8938,-3.08768]]}},{"type":"Feature","properties":{"codigo_sre":"010EAM2507","rodovia":"AM-010","trecho_inicio":"Barreira","trecho_fim":"Sede do Município de Itacoatiara","km_inicial":"17.5","km_final":"268.25","situacao_fisica":"PAV","situacao_descricao":"PAVIMENTADA","revestimento_descricao":"CONCRETO ASFALTICO","municipios_abrangidos":"Itacoatiara (130,54); Rio Preto da Eva (78,50); Manaus (41,71)","extensao_cadastro_km":250.74,"extensao_geodesica_km":1.26,"origem_geometria":null},"geometry":{"type":"LineString","coordinates":[[-58.45418,-3.10625],[-58.45431,-3.11765]]}},{"type":"Feature","properties":{"codigo_sre":"020EAM1245","rodovia":"AM-020","trecho_inicio":"Aleixo - SEFAZ","trecho_fim":"KM 12,45 da AM-020","km_inicial":"0","km_final":"12.45","situacao_fisica":"PAV","situacao_descricao":"PAVIMENTADA","revestimento_descricao":"CONCRETO ASFALTICO","municipios_abrangidos":"Manaus (12,45)","extensao_cadastro_km":12.45,"extensao_geodesica_km":4.393,"origem_geometria":null},"geometry":{"type":"LineString","coordinates":[[-59.9559,-3.07566],[-59.95529,-3.07551],[-59.95394,-3.07547],[-59.95301,-3.07583],[-59.95184,-3.07589],[-59.95118,-3.0756],[-59.95078,-3.0751],[-59.94506,-3.07107],[-59.94229,-3.06992],[-59.94161,-3.06972],[-59.94088,-3.06972],[-59.93961,-3.07058],[-59.93841,-3.07185],[-59.9367,-3.07776],[-59.93637,-3.0784],[-59.93571,-3.07905],[-59.93272,-3.08082],[-59.93228,-3.0812],[-59.93102,-3.08326],[-59.92959,-3.08602],[-59.92815,-3.08733]]}},{"type":"Feature","properties":{"codigo_sre":"280EAM1317","rodovia":"AM-280","trecho_inicio":"BR-307 (KM 114,5)","trecho_fim":"Ipixuna","km_inicial":"0","km_final":"131.7","situacao_fisica":"PLA","situacao_descricao":"PLANEJADA","revestimento_descricao":"","municipios_abrangidos":"Atalaia do Norte (104,98); Ipixuna (26,72)","extensao_cadastro_km":131.71,"extensao_geodesica_km":13.452,"origem_geometria":null},"geometry":{"type":"LineString","coordinates":[[-71.7699,-7.04339],[-71.76944,-7.04319],[-71.76921,-7.04346],[-71.76917,-7.04385],[-71.76845,-7.04422],[-71.76778,-7.04371],[-71.76712,-7.04365],[-71.76593,-7.04452],[-71.76366,-7.04521],[-71.76254,-7.04438],[-71.76238,-7.04322],[-71.76212,-7.04292],[-71.76074,-7.04301],[-71.76003,-7.04379],[-71.75972,-7.04397],[-71.75848,-7.04357],[-71.75767,-7.04301],[-71.75683,-7.04197],[-71.75631,-7.04099],[-71.75547,-7.04056],[-71.75408,-7.04013],[-71.75228,-7.03877],[-71.75202,-7.03886],[-71.75103,-7.04037],[-71.74988,-7.04116],[-71.74756,-7.04081],[-71.74692,-7.04052],[-71.74532,-7.04042],[-71.74503,-7.04059],[-71.74421,-7.04181],[-71.74256,-7.04257],[-71.74225,-7.04255],[-71.74193,-7.04232],[-71.74139,-7.0414],[-71.74004,-7.04076],[-71.73989,-7.03903],[-71.73847,-7.03772],[-71.73784,-7.03752],[-71.73696,-7.03691],[-71.7352,-7.03644],[-71.73462,-7.03644],[-71.73323,-7.03736],[-71.73113,-7.03819],[-71.72982,-7.03824],[-71.72901,-7.03768],[-71.7283,-7.03793],[-71.72762,-7.03798],[-71.72525,-7.03943],[-71.72397,-7.03983],[-71.72334,-7.0404],[-71.72302,-7.04048],[-71.72232,-7.04029],[-71.71913,-7.03768],[-71.71833,-7.03723],[-71.71809,-7.03722],[-71.71756,-7.03756],[-71.71732,-7.03756],[-71.71588,-7.03707],[-71.71303,-7.03681],[-71.71244,-7.03689],[-71.71181,-7.03715],[-71.71071,-7.03703],[-71.70997,-7.03724],[-71.70911,-7.037],[-71.70705,-7.03671],[-71.70615,-7.03728],[-71.70461,-7.03725],[-71.70387,-7.03752],[-71.70218,-7.03753],[-71.70127,-7.03789],[-71.70051,-7.03714],[-71.69951,-7.03706],[-71.69932,-7.03691],[-71.69918,-7.03669],[-71.69909,-7.03592],[-71.69828,-7.03545],[-71.69791,-7.03509],[-71.69785,-7.03444],[-71.69745,-7.0332],[-71.69666,-7.03227],[-71.69567,-7.03179],[-71.6947,-7.0327],[-71.69404,-7.03309],[-71.69349,-7.03285],[-71.69307,-7.03286],[-71.69162,-7.0334],[-71.69045,-7.03433],[-71.68818,-7.03456],[-71.68802,-7.03478],[-71.68817,-7.03567],[-71.68911,-7.03701],[-71.68951,-7.03951],[-71.6901,-7.04173],[-71.69089,-7.04351],[-71.69127,-7.04562],[-71.69596,-7.05191],[-71.69425,-7.05308]]}},{"type":"Feature","properties":{"codigo_sre":"374EAM9827","rodovia":"AM-374","trecho_inicio":"BR-307 (KM 797)","trecho_fim":"Santo Antônio do Iça","km_inicial":"0","km_final":"98.27","situacao_fisica":"PLA","situacao_descricao":"PLANEJADA","revestimento_descricao":"","municipios_abrangidos":"Tonantins (53,23); Santo Antônio do Içá (45,04)","extensao_cadastro_km":98.27,"extensao_geodesica_km":17.366,"origem_geometria":null},"geometry":{"type":"LineString","coordinates":[[-67.94568,-3.10771],[-67.94687,-3.10682],[-67.94526,-3.10455],[-67.946,-3.10399],[-67.94653,-3.1029],[-67.94696,-3.09993],[-67.94672,-3.09781],[-67.94546,-3.09525],[-67.94501,-3.09377],[-67.94495,-3.09243],[-67.94446,-3.09163],[-67.9444,-3.09115],[-67.94463,-3.0907],[-67.94564,-3.08986],[-67.9479,-3.089],[-67.9505,-3.08765],[-67.95186,-3.08756],[-67.95464,-3.0857],[-67.95515,-3.08474],[-67.95583,-3.08233],[-67.95619,-3.08183],[-67.95862,-3.08059],[-67.96258,-3.07887],[-67.96289,-3.0789],[-67.96343,-3.07966],[-67.9638,-3.0797],[-67.96442,-3.07952],[-67.96855,-3.07626],[-67.9865,-3.07239],[-67.98882,-3.07457],[-67.99011,-3.07499],[-67.99082,-3.07429],[-67.99287,-3.07427],[-67.99428,-3.07473],[-67.99584,-3.0765],[-67.99897,-3.07796],[-68.00013,-3.07966],[-68.00243,-3.08067],[-68.00454,-3.08065],[-68.00772,-3.07921],[-68.01314,-3.07763],[-68.01471,-3.07703],[-68.01593,-3.07618],[-68.01749,-3.07592],[-68.02029,-3.07596],[-68.02166,-3.07619],[-68.02277,-3.0759],[-68.02362,-3.07591],[-68.02446,-3.0763],[-68.02626,-3.0766],[-68.02664,-3.07648],[-68.0285,-3.07506],[-68.02889,-3.07494],[-68.0299,-3.07511],[-68.03123,-3.07559],[-68.03264,-3.07582],[-68.03371,-3.07583],[-68.03461,-3.07493],[-68.03526,-3.07374],[-68.03555,-3.07361],[-68.03817,-3.07363],[-68.03984,-3.07408],[-68.04067,-3.07409],[-68.04146,-3.07428],[-68.04353,-3.07504],[-68.04439,-3.07521],[-68.04889,-3.07537],[-68.05015,-3.07516],[-68.05068,-3.07529],[-68.05186,-3.07605],[-68.05201,-3.0763],[-68.05245,-3.07644],[-68.05314,-3.07645],[-68.0539,-3.0762],[-68.05437,-3.07622],[-68.05505,-3.07582],[-68.0556,-3.07613],[-68.05648,-3.07626],[-68.05729,-3.07621],[-68.0582,-3.07559],[-68.05922,-3.07534],[-68.06003,-3.07528],[-68.06194,-3.07545],[-68.06256,-3.07376],[-68.06289,-3.07333],[-68.06391,-3.0723],[-68.06514,-3.07172]]}},{"type":"Feature","properties":{"codigo_sre":"170EAM9318","rodovia":"AM-170","trecho_inicio":"Flor Nascente do Amazonas - BR 210 - KM 237,95","trecho_fim":"Município de Santa Isabel do Rio Negro","km_inicial":"0","km_final":"93.18","situacao_fisica":"PLA","situacao_descricao":"PLANEJADA","revestimento_descricao":"","municipios_abrangidos":"Santa Isabel do Rio Negro (93,18)","extensao_cadastro_km":93.18,"extensao_geodesica_km":9.849,"origem_geometria":null},"geometry":{"type":"LineString","coordinates":[[-65.0208,-0.41665],[-65.01919,-0.41195],[-65.01747,-0.40827],[-65.01824,-0.40711],[-65.02026,-0.40218],[-65.02018,-0.39522],[-65.02044,-0.39426],[-65.02096,-0.39311],[-65.0214,-0.39068],[-65.02238,-0.38887],[-65.02229,-0.3885],[-65.02135,-0.38766],[-65.02118,-0.38732],[-65.02137,-0.38622],[-65.02175,-0.38562],[-65.02181,-0.38523],[-65.02152,-0.38251],[-65.02155,-0.38023],[-65.02222,-0.37915],[-65.02346,-0.37797],[-65.02711,-0.37659],[-65.02899,-0.37614],[-65.03124,-0.37528],[-65.03169,-0.37473],[-65.03272,-0.37204],[-65.03329,-0.37143],[-65.03394,-0.37116],[-65.03579,-0.37083],[-65.04012,-0.3678],[-65.04041,-0.3671],[-65.03986,-0.36468],[-65.03994,-0.36363],[-65.03959,-0.36144],[-65.039,-0.35995],[-65.03924,-0.35726],[-65.04008,-0.35601],[-65.04039,-0.355],[-65.04262,-0.35314],[-65.04285,-0.35283],[-65.04351,-0.35143],[-65.04362,-0.35054],[-65.04444,-0.34943],[-65.0453,-0.34862],[-65.04544,-0.34807],[-65.04539,-0.34728],[-65.04626,-0.34539],[-65.04667,-0.34415]]}},{"type":"Feature","properties":{"codigo_sre":"326EAM1062","rodovia":"AM-326","trecho_inicio":"AM 363 (KM 181)","trecho_fim":"Sede do Município de Urucurituba","km_inicial":"0","km_final":"106.29","situacao_fisica":"PLA","situacao_descricao":"PLANEJADA","revestimento_descricao":"","municipios_abrangidos":"Urucará (53,96); Urucurituba (52,33)","extensao_cadastro_km":106.29,"extensao_geodesica_km":27.789,"origem_geometria":null},"geometry":{"type":"LineString","coordinates":[[-57.75073,-2.53954],[-57.75057,-2.53931],[-57.75024,-2.53618],[-57.74718,-2.53578],[-57.74652,-2.53529],[-57.74402,-2.53237],[-57.74379,-2.53192],[-57.74343,-2.52945],[-57.74313,-2.52852],[-57.74277,-2.52802],[-57.7413,-2.52677],[-57.73986,-2.52465],[-57.73939,-2.52377],[-57.73797,-2.52011],[-57.7373,-2.5193],[-57.73714,-2.51882],[-57.73746,-2.51698],[-57.73761,-2.51491],[-57.73972,-2.511],[-57.74091,-2.50814],[-57.74103,-2.50618],[-57.74147,-2.50427],[-57.74171,-2.50209],[-57.7416,-2.49976],[-57.74203,-2.49322],[-57.74372,-2.49016],[-57.74411,-2.48906],[-57.74349,-2.48684],[-57.7432,-2.48652],[-57.74185,-2.48568],[-57.7416,-2.4851],[-57.74154,-2.48343],[-57.74128,-2.48309],[-57.74016,-2.48231],[-57.73934,-2.48087],[-57.73859,-2.47915],[-57.73675,-2.47756],[-57.73563,-2.47687],[-57.73113,-2.47465],[-57.7293,-2.47342],[-57.72617,-2.4717],[-57.72303,-2.47056],[-57.7228,-2.47017],[-57.72262,-2.46943],[-57.72252,-2.46824],[-57.72311,-2.46596],[-57.72371,-2.4645],[-57.7248,-2.46257],[-57.72555,-2.46177],[-57.72711,-2.46138],[-57.73279,-2.46093],[-57.7349,-2.46031],[-57.7362,-2.45946],[-57.73825,-2.4575],[-57.73977,-2.45666],[-57.74108,-2.45558],[-57.74301,-2.45364],[-57.74522,-2.45104],[-57.74764,-2.44794],[-57.75133,-2.44267],[-57.75512,-2.43864],[-57.75948,-2.43432],[-57.76258,-2.42952],[-57.76353,-2.42794],[-57.76366,-2.42753],[-57.76355,-2.42715],[-57.76334,-2.42693],[-57.7592,-2.42314],[-57.75491,-2.41875],[-57.75459,-2.41848],[-57.75383,-2.41834],[-57.75316,-2.41796],[-57.75171,-2.4162],[-57.75125,-2.4159],[-57.7505,-2.41598],[-57.75013,-2.41618],[-57.74887,-2.41734],[-57.7478,-2.41752],[-57.74664,-2.41872],[-57.74559,-2.41874],[-57.74135,-2.41803],[-57.74101,-2.41784],[-57.74064,-2.4173],[-57.74063,-2.41576],[-57.74113,-2.41432],[-57.74203,-2.41312],[-57.74208,-2.4124],[-57.74059,-2.41135],[-57.73874,-2.4104],[-57.73844,-2.41017],[-57.73792,-2.40943],[-57.73744,-2.40922],[-57.7371,-2.40916],[-57.73689,-2.40927],[-57.73557,-2.4102],[-57.73406,-2.41041],[-57.73283,-2.41074],[-57.73084,-2.40905],[-57.73033,-2.40826],[-57.72974,-2.40662],[-57.72952,-2.40638],[-57.72935,-2.40637],[-57.72816,-2.40665],[-57.72492,-2.4092],[-57.7231,-2.40972],[-57.72177,-2.40987],[-57.72106,-2.40713],[-57.72092,-2.40545],[-57.72066,-2.40468],[-57.72003,-2.4039],[-57.71939,-2.40353],[-57.71917,-2.40324],[-57.71902,-2.40269],[-57.71906,-2.40194],[-57.71961,-2.39982],[-57.71959,-2.39941],[-57.71917,-2.39852],[-57.71912,-2.39798],[-57.71939,-2.39642],[-57.7195,-2.39611],[-57.72053,-2.39538],[-57.72074,-2.39479],[-57.72062,-2.39439],[-57.72013,-2.39394],[-57.71917,-2.39365],[-57.71894,-2.39327],[-57.71898,-2.39269],[-57.71968,-2.39122],[-57.71993,-2.39041],[-57.7195,-2.38923],[-57.71949,-2.38835],[-57.71871,-2.38626],[-57.71877,-2.3853],[-57.71863,-2.38441],[-57.7216,-2.38173],[-57.72347,-2.38034],[-57.72556,-2.37904],[-57.72737,-2.37759]]}},{"type":"Feature","properties":{"codigo_sre":"363EAM1679","rodovia":"AM-363","trecho_inicio":"AM-363 (KM 164,88)","trecho_fim":"AM-363 (KM 332,88)","km_inicial":"165.54","km_final":"333.48","situacao_fisica":"PLA","situacao_descricao":"PLANEJADA","revestimento_descricao":"","municipios_abrangidos":"Nhamundá (58,55); Parintins (56,58); Urucará (52,81)","extensao_cadastro_km":167.94,"extensao_geodesica_km":7.723,"origem_geometria":null},"geometry":{"type":"LineString","coordinates":[[-57.62488,-2.37495],[-57.62399,-2.37451],[-57.62266,-2.375],[-57.62181,-2.37593],[-57.61975,-2.37734],[-57.61945,-2.37811],[-57.61892,-2.37893],[-57.61761,-2.37946],[-57.61702,-2.37927],[-57.61569,-2.37724],[-57.61555,-2.37649],[-57.61505,-2.37535],[-57.61402,-2.37507],[-57.61321,-2.37439],[-57.61169,-2.3738],[-57.60751,-2.37475],[-57.60665,-2.37452],[-57.60528,-2.37366],[-57.6042,-2.37365],[-57.60314,-2.37386],[-57.60271,-2.37494],[-57.60346,-2.37652],[-57.60316,-2.37695],[-57.6026,-2.37716],[-57.60139,-2.37695],[-57.59894,-2.37738],[-57.59812,-2.37713],[-57.59767,-2.37679],[-57.59741,-2.37628],[-57.59668,-2.37603],[-57.59589,-2.37627],[-57.59447,-2.37638],[-57.59386,-2.37662],[-57.5935,-2.37653],[-57.59318,-2.37636],[-57.59295,-2.37597],[-57.59182,-2.37505],[-57.59137,-2.3749],[-57.58989,-2.37518],[-57.58825,-2.37581],[-57.58663,-2.37557],[-57.58549,-2.37574],[-57.58445,-2.37616],[-57.58313,-2.37649],[-57.58247,-2.37651],[-57.58096,-2.37614],[-57.58052,-2.37592],[-57.57808,-2.37254],[-57.57658,-2.37162],[-57.57657,-2.3713],[-57.57685,-2.37044],[-57.57679,-2.37015],[-57.57634,-2.3699],[-57.5755,-2.37012],[-57.57489,-2.37053],[-57.57458,-2.37048],[-57.57351,-2.37147],[-57.5724,-2.37201],[-57.57055,-2.37248]]}},{"type":"Feature","properties":{"codigo_sre":"336EAM3390","rodovia":"AM-336","trecho_inicio":"Reserva Uacari (BR-230) - KM 1269,5","trecho_fim":"Carauarí/Tefé/Juruá","km_inicial":"0","km_final":"339","situacao_fisica":"LEN","situacao_descricao":"LEITO NATURAL","revestimento_descricao":"","municipios_abrangidos":"","extensao_cadastro_km":0.0,"extensao_geodesica_km":16.474,"origem_geometria":null},"geometry":{"type":"LineString","coordinates":[[-66.94529,-4.90556],[-66.94463,-4.90521],[-66.94406,-4.9051],[-66.94337,-4.90469],[-66.94199,-4.90427],[-66.94128,-4.90354],[-66.93976,-4.90278],[-66.93904,-4.90155],[-66.93792,-4.90038],[-66.93688,-4.89954],[-66.9365,-4.89905],[-66.93576,-4.89749],[-66.93552,-4.89721],[-66.93473,-4.89668],[-66.93433,-4.89618],[-66.93088,-4.894],[-66.93053,-4.89328],[-66.93014,-4.89283],[-66.92506,-4.88947],[-66.91552,-4.88556],[-66.91279,-4.88495],[-66.91221,-4.88448],[-66.91074,-4.88392],[-66.90981,-4.88339],[-66.90734,-4.88306],[-66.90308,-4.88353],[-66.89917,-4.87582],[-66.89826,-4.87904],[-66.89758,-4.87838],[-66.88876,-4.86334],[-66.88825,-4.86259],[-66.88706,-4.86144],[-66.88661,-4.85949],[-66.881,-4.84964],[-66.88059,-4.84882],[-66.8796,-4.84608],[-66.87938,-4.84573],[-66.87829,-4.84474],[-66.87384,-4.83642],[-66.87141,-4.83406],[-66.8689,-4.82833],[-66.86826,-4.82726],[-66.86724,-4.82599],[-66.86687,-4.8258],[-66.86629,-4.82574],[-66.86401,-4.82651],[-66.86369,-4.82639],[-66.86285,-4.82561],[-66.86231,-4.82529],[-66.85968,-4.82449],[-66.85874,-4.82447],[-66.85794,-4.82467],[-66.85376,-4.82729],[-66.85302,-4.82786],[-66.852,-4.82939],[-66.8518,-4.83003],[-66.85094,-4.83628]]}},{"type":"Feature","properties":{"codigo_sre":"343EAM9737","rodovia":"AM-343","trecho_inicio":"AM-366 (KM 191,83)","trecho_fim":"Sede do Município de Coari","km_inicial":"0","km_final":"97.37","situacao_fisica":"PLA","situacao_descricao":"PLANEJADA","revestimento_descricao":"","municipios_abrangidos":"Coari (97,37)","extensao_cadastro_km":97.37,"extensao_geodesica_km":20.572,"origem_geometria":null},"geometry":{"type":"LineString","coordinates":[[-63.15022,-4.09137],[-63.15183,-4.09384],[-63.15205,-4.09438],[-63.15127,-4.09584],[-63.15124,-4.09624],[-63.15141,-4.09722],[-63.15224,-4.09799],[-63.1523,-4.09838],[-63.15203,-4.09956],[-63.14891,-4.10473],[-63.14592,-4.10541],[-63.14513,-4.10586],[-63.145,-4.10754],[-63.14389,-4.11034],[-63.14252,-4.11246],[-63.14205,-4.11347],[-63.14106,-4.11599],[-63.14,-4.11938],[-63.13961,-4.12018],[-63.13746,-4.12297],[-63.1343,-4.12782],[-63.13358,-4.12971],[-63.13307,-4.13168],[-63.13258,-4.13169],[-63.13078,-4.13027],[-63.12883,-4.12913],[-63.12848,-4.12881],[-63.12738,-4.12704],[-63.12594,-4.12655],[-63.12381,-4.12648],[-63.12159,-4.1261],[-63.12061,-4.1263],[-63.11874,-4.12904],[-63.11666,-4.12976],[-63.11563,-4.13024],[-63.11543,-4.13049],[-63.11705,-4.13781],[-63.11733,-4.13828],[-63.12348,-4.13945],[-63.12616,-4.14055],[-63.12797,-4.14101],[-63.12887,-4.14056],[-63.13032,-4.14068],[-63.13067,-4.14056],[-63.13256,-4.1393],[-63.13352,-4.13937],[-63.13408,-4.14161],[-63.139,-4.14602],[-63.14255,-4.14951],[-63.14346,-4.1509],[-63.14463,-4.15201],[-63.14561,-4.15341],[-63.14628,-4.15396],[-63.15063,-4.15584],[-63.15222,-4.15852],[-63.15329,-4.16108],[-63.15347,-4.162],[-63.15405,-4.16355],[-63.15573,-4.16528],[-63.15728,-4.16913],[-63.15949,-4.17329],[-63.16032,-4.17562],[-63.16114,-4.17681],[-63.16273,-4.17819],[-63.16316,-4.18014],[-63.16309,-4.18065],[-63.16282,-4.18091],[-63.16277,-4.18116],[-63.16308,-4.18261],[-63.16393,-4.18396],[-63.16482,-4.18572],[-63.16616,-4.18907],[-63.16669,-4.18989],[-63.16829,-4.19356],[-63.16944,-4.19575],[-63.1731,-4.20367],[-63.17353,-4.20423],[-63.17389,-4.20536],[-63.17532,-4.20835],[-63.17581,-4.20904],[-63.1773,-4.21206],[-63.17746,-4.21266],[-63.17844,-4.21471]]}},{"type":"Feature","properties":{"codigo_sre":"366EAM5461","rodovia":"AM-366","trecho_inicio":"Entrocamento AM-343","trecho_fim":"BR-319 (KM 466)","km_inicial":"353.84","km_final":"545.84","situacao_fisica":"LEN","situacao_descricao":"LEITO NATURAL","revestimento_descricao":"","municipios_abrangidos":"","extensao_cadastro_km":0.0,"extensao_geodesica_km":9.103,"origem_geometria":null},"geometry":{"type":"LineString","coordinates":[[-63.14705,-5.67784],[-63.14787,-5.67524],[-63.14916,-5.6742],[-63.15274,-5.67229],[-63.15447,-5.67066],[-63.15544,-5.67021],[-63.1564,-5.66941],[-63.15678,-5.66883],[-63.1569,-5.66775],[-63.15731,-5.66638],[-63.15856,-5.6645],[-63.15969,-5.66369],[-63.16266,-5.66051],[-63.16298,-5.66042],[-63.16422,-5.65861],[-63.16606,-5.65672],[-63.16727,-5.65487],[-63.16735,-5.65449],[-63.16713,-5.65071],[-63.16789,-5.6502],[-63.1684,-5.64949],[-63.16873,-5.64867],[-63.16916,-5.64827],[-63.16977,-5.64808],[-63.17133,-5.64818],[-63.17159,-5.64809],[-63.17211,-5.64758],[-63.17256,-5.64666],[-63.17284,-5.64506],[-63.17303,-5.64464],[-63.17313,-5.64367],[-63.1735,-5.64291],[-63.17423,-5.64225],[-63.17613,-5.64126],[-63.17821,-5.64073],[-63.17867,-5.64041],[-63.17941,-5.6401],[-63.17977,-5.64011],[-63.18088,-5.63953],[-63.18347,-5.63879],[-63.18415,-5.63822],[-63.18439,-5.63622],[-63.18437,-5.63494],[-63.18353,-5.63327],[-63.1836,-5.63291],[-63.18402,-5.63228],[-63.18479,-5.63185],[-63.18569,-5.63084],[-63.18706,-5.63015],[-63.18747,-5.62968],[-63.18792,-5.62817],[-63.18817,-5.62672],[-63.189,-5.625],[-63.19002,-5.62328],[-63.1897,-5.62183],[-63.18785,-5.61894],[-63.18776,-5.61855]]}},{"type":"Feature","properties":{"codigo_sre":"010EAM1412","rodovia":"AM-010","trecho_inicio":"KM 2,39 da AM-010","trecho_fim":"Entr.BR-174","km_inicial":"2.39","km_final":"16.51","situacao_fisica":"DUP","situacao_descricao":"DUPLICADA","revestimento_descricao":"CONCRETO ASFALTICO","municipios_abrangidos":"Manaus (14,12)","extensao_cadastro_km":14.12,"extensao_geodesica_km":1.918,"origem_geometria":null},"geometry":{"type":"LineString","coordinates":[[-60.02915,-2.99318],[-60.0286,-2.99163],[-60.02817,-2.99112],[-60.02037,-2.98354],[-60.01909,-2.98243],[-60.01746,-2.98065]]}},{"type":"Feature","properties":{"codigo_sre":"010EAM0009","rodovia":"AM-010","trecho_inicio":"Entr.BR-174","trecho_fim":"Barreira","km_inicial":"16.51","km_final":"17.5","situacao_fisica":"DUP","situacao_descricao":"DUPLICADA","revestimento_descricao":"CONCRETO ASFALTICO","municipios_abrangidos":"Manaus (0,99)","extensao_cadastro_km":0.99,"extensao_geodesica_km":1.012,"origem_geometria":null},"geometry":{"type":"LineString","coordinates":[[-60.01746,-2.98065],[-60.01656,-2.97927],[-60.01572,-2.97675],[-60.01555,-2.97192]]}},{"type":"Feature","properties":{"codigo_sre":"151EAM1256","rodovia":"AM-151","trecho_inicio":"KM 10 da AM-070 Estrada Carlos Braga","trecho_fim":"Sede do Município de Iranduba","km_inicial":"0","km_final":"12.56","situacao_fisica":"PAV","situacao_descricao":"PAVIMENTADA","revestimento_descricao":"CONCRETO ASFALTICO","municipios_abrangidos":"Iranduba (12,56)","extensao_cadastro_km":12.56,"extensao_geodesica_km":12.602,"origem_geometria":null},"geometry":{"type":"LineString","coordinates":[[-60.18987,-3.29115],[-60.18875,-3.28984],[-60.18843,-3.2882],[-60.18785,-3.28669],[-60.18746,-3.28502],[-60.18745,-3.28335],[-60.18387,-3.27673],[-60.18344,-3.2762],[-60.18301,-3.27596],[-60.17946,-3.27486],[-60.17737,-3.2737],[-60.17728,-3.27349],[-60.17686,-3.27341],[-60.1751,-3.27234],[-60.1639,-3.26462],[-60.163,-3.26384],[-60.16254,-3.26305],[-60.16223,-3.26217],[-60.16121,-3.25775],[-60.16119,-3.25556],[-60.1615,-3.25058],[-60.16208,-3.24955],[-60.16781,-3.24162],[-60.16815,-3.24055],[-60.16807,-3.23988],[-60.1667,-3.23703],[-60.16681,-3.23115],[-60.16643,-3.23062],[-60.16491,-3.22992],[-60.16432,-3.22979],[-60.16388,-3.2294],[-60.16258,-3.22718],[-60.16254,-3.22686],[-60.16272,-3.22619],[-60.16447,-3.22371],[-60.16716,-3.22119],[-60.16743,-3.22035],[-60.16772,-3.21627],[-60.16768,-3.2151],[-60.16734,-3.21423],[-60.16307,-3.20854],[-60.16269,-3.20771],[-60.16253,-3.20664],[-60.16256,-3.20541],[-60.16364,-3.20095],[-60.1635,-3.20021],[-60.16296,-3.19943]]}},{"type":"Feature","properties":{"codigo_sre":"363EAM1079","rodovia":"AM-363","trecho_inicio":"AM-363 (KM 110)","trecho_fim":"AM-363 (KM 120,08)","km_inicial":"109.89","km_final":"120.68","situacao_fisica":"LEN","situacao_descricao":"LEITO NATURAL","revestimento_descricao":"","municipios_abrangidos":"Itapiranga (10,79)","extensao_cadastro_km":10.79,"extensao_geodesica_km":10.918,"origem_geometria":null},"geometry":{"type":"LineString","coordinates":[[-58.03321,-2.73639],[-58.03251,-2.73621],[-58.03229,-2.73589],[-58.03185,-2.73281],[-58.03114,-2.73039],[-58.02989,-2.72859],[-58.02954,-2.72782],[-58.02896,-2.72585],[-58.02875,-2.72378],[-58.02983,-2.71772],[-58.02976,-2.71692],[-58.02949,-2.71657],[-58.02902,-2.71631],[-58.02823,-2.71614],[-58.01965,-2.7147],[-58.01476,-2.71594],[-58.01332,-2.71608],[-58.01131,-2.71528],[-58.00751,-2.7127],[-58.007,-2.71223],[-58.0006,-2.6971],[-58.00013,-2.69671],[-57.99853,-2.69637],[-57.99795,-2.69596],[-57.99706,-2.69384],[-57.996,-2.69257],[-57.98892,-2.68817],[-57.98839,-2.68772],[-57.98589,-2.68389],[-57.9829,-2.6805],[-57.98187,-2.67862],[-57.98143,-2.67751],[-57.98124,-2.67372],[-57.98101,-2.67299],[-57.98074,-2.6728],[-57.98022,-2.67028],[-57.98018,-2.6694]]}},{"type":"Feature","properties":{"codigo_sre":"070EAM8347","rodovia":"AM-070","trecho_inicio":"Porto do Cacau Pirêra","trecho_fim":"Sede do Município de Manacapuru","km_inicial":"0","km_final":"83.47","situacao_fisica":"DUP","situacao_descricao":"DUPLICADA","revestimento_descricao":"CONCRETO ASFALTICO","municipios_abrangidos":"Manacapuru (46,73); Iranduba (36,74)","extensao_cadastro_km":83.47,"extensao_geodesica_km":10.322,"origem_geometria":null},"geometry":{"type":"LineString","coordinates":[[-60.08249,-3.16531],[-60.08466,-3.16678],[-60.08965,-3.16893],[-60.09234,-3.16957],[-60.09263,-3.16941],[-60.09266,-3.16886],[-60.09286,-3.16868],[-60.09374,-3.16969],[-60.09425,-3.17005],[-60.09888,-3.17132],[-60.10073,-3.17165],[-60.10639,-3.17122],[-60.10799,-3.17146],[-60.10909,-3.17192],[-60.1104,-3.17291],[-60.11716,-3.18126],[-60.11855,-3.18262],[-60.11968,-3.18304],[-60.1286,-3.18423],[-60.12983,-3.18493],[-60.1308,-3.18607],[-60.13215,-3.1893],[-60.13287,-3.19001],[-60.13354,-3.1904],[-60.13713,-3.19117],[-60.1452,-3.19515],[-60.14608,-3.19545],[-60.15393,-3.19639],[-60.15585,-3.19681],[-60.16296,-3.19943]]}},{"type":"Feature","properties":{"codigo_sre":"351EAM1986","rodovia":"AM-351","trecho_inicio":"AM-010 (KM 128) Ramal do Banco","trecho_fim":"Rio Urubu","km_inicial":"0","km_final":"19.86","situacao_fisica":"PAV","situacao_descricao":"PAVIMENTADA","revestimento_descricao":"CONCRETO ASFALTICO","municipios_abrangidos":"Rio Preto da Eva (19,86)","extensao_cadastro_km":19.86,"extensao_geodesica_km":19.762,"origem_geometria":null},"geometry":{"type":"LineString","coordinates":[[-59.32261,-2.7176],[-59.32477,-2.72093],[-59.32531,-2.72217],[-59.32573,-2.72522],[-59.32651,-2.72759],[-59.32706,-2.72794],[-59.32886,-2.72867],[-59.32967,-2.72883],[-59.33004,-2.72914],[-59.33055,-2.72987],[-59.33085,-2.73006],[-59.33119,-2.73005],[-59.33169,-2.7297],[-59.33219,-2.72956],[-59.33314,-2.72961],[-59.3335,-2.72976],[-59.33727,-2.73217],[-59.33805,-2.73244],[-59.33846,-2.73281],[-59.3396,-2.7344],[-59.33997,-2.73504],[-59.34018,-2.73612],[-59.34048,-2.73672],[-59.34067,-2.73762],[-59.34219,-2.7397],[-59.34231,-2.74002],[-59.34228,-2.74087],[-59.34132,-2.74291],[-59.34181,-2.74548],[-59.34309,-2.74767],[-59.34362,-2.74811],[-59.34426,-2.74927],[-59.34533,-2.75048],[-59.34577,-2.75078],[-59.34632,-2.75091],[-59.34843,-2.75073],[-59.34891,-2.75087],[-59.35132,-2.75301],[-59.35244,-2.75361],[-59.35305,-2.75368],[-59.35404,-2.75336],[-59.35634,-2.75331],[-59.35716,-2.75451],[-59.35807,-2.75668],[-59.35848,-2.75862],[-59.35982,-2.76155],[-59.35971,-2.76226],[-59.35896,-2.76348],[-59.35815,-2.76521],[-59.35817,-2.766],[-59.35935,-2.76872],[-59.36067,-2.76994],[-59.36172,-2.77158],[-59.36222,-2.77274],[-59.36437,-2.77585],[-59.36489,-2.77708],[-59.36586,-2.77863],[-59.36698,-2.77945],[-59.36736,-2.77992],[-59.36713,-2.78115],[-59.36715,-2.7819],[-59.36679,-2.78336],[-59.36695,-2.78451],[-59.36662,-2.78739],[-59.36682,-2.78878],[-59.36725,-2.78974],[-59.36765,-2.79215],[-59.36818,-2.79386],[-59.36924,-2.79544],[-59.36926,-2.79588],[-59.36903,-2.79657],[-59.36899,-2.79771],[-59.37119,-2.80016],[-59.37234,-2.80066],[-59.37346,-2.80157],[-59.37407,-2.80228],[-59.37493,-2.80256],[-59.37596,-2.80322],[-59.37642,-2.80444],[-59.37591,-2.80535],[-59.37584,-2.80645],[-59.37647,-2.80757],[-59.377,-2.80922],[-59.37746,-2.80994],[-59.38194,-2.81186],[-59.38219,-2.81227],[-59.38242,-2.81357],[-59.38301,-2.8146],[-59.38331,-2.81497],[-59.38414,-2.81545],[-59.38474,-2.81633],[-59.3856,-2.81706],[-59.38658,-2.81726],[-59.38765,-2.81682],[-59.38835,-2.81673],[-59.39006,-2.81688],[-59.39131,-2.81685],[-59.39372,-2.81752],[-59.39392,-2.81772],[-59.3945,-2.81908],[-59.39537,-2.81975],[-59.39741,-2.82194],[-59.39826,-2.82255],[-59.39972,-2.82404],[-59.39996,-2.82484],[-59.39971,-2.82658],[-59.40096,-2.82805],[-59.4018,-2.82935],[-59.40422,-2.83049],[-59.40719,-2.83321],[-59.40811,-2.8343],[-59.40872,-2.83466],[-59.40939,-2.83477],[-59.41056,-2.83451],[-59.4111,-2.83414],[-59.41182,-2.83309],[-59.4121,-2.83288],[-59.41235,-2.83288],[-59.41273,-2.83322],[-59.41528,-2.83458],[-59.41584,-2.835],[-59.41625,-2.83569],[-59.41696,-2.83765]]}},{"type":"Feature","properties":{"codigo_sre":"328EAM0234","rodovia":"AM-328","trecho_inicio":"AM 363 (KM 110)","trecho_fim":"Porto de Itapiranga","km_inicial":"0","km_final":"2.34","situacao_fisica":"PAV","situacao_descricao":"PAVIMENTADA","revestimento_descricao":"CONCRETO ASFALTICO","municipios_abrangidos":"Itapiranga (2,34)","extensao_cadastro_km":2.34,"extensao_geodesica_km":2.329,"origem_geometria":null},"geometry":{"type":"LineString","coordinates":[[-58.03321,-2.73639],[-58.0329,-2.73651],[-58.03255,-2.7369],[-58.03236,-2.73772],[-58.03194,-2.74205],[-58.03163,-2.74316],[-58.03106,-2.74399],[-58.02902,-2.74572],[-58.02665,-2.74747],[-58.02385,-2.74875],[-58.02368,-2.74989],[-58.02344,-2.75019],[-58.0228,-2.75039],[-58.02104,-2.74979]]}},{"type":"Feature","properties":{"codigo_sre":"010EAM2507","rodovia":"AM-010","trecho_inicio":"Barreira","trecho_fim":"Sede do Município de Itacoatiara","km_inicial":"17.5","km_final":"268.25","situacao_fisica":"PAV","situacao_descricao":"PAVIMENTADA","revestimento_descricao":"CONCRETO ASFALTICO","municipios_abrangidos":"Itacoatiara (130,54); Rio Preto da Eva (78,50); Manaus (41,71)","extensao_cadastro_km":250.74,"extensao_geodesica_km":37.601,"origem_geometria":null},"geometry":{"type":"LineString","coordinates":[[-60.01555,-2.97192],[-60.01543,-2.97023],[-60.01558,-2.96813],[-60.01552,-2.96547],[-60.01599,-2.962],[-60.0161,-2.96007],[-60.01556,-2.95669],[-60.01548,-2.95504],[-60.0163,-2.95107],[-60.01626,-2.95063],[-60.01587,-2.94957],[-60.01251,-2.9455],[-60.01203,-2.94471],[-60.01098,-2.94048],[-60.01021,-2.93481],[-60.00958,-2.93351],[-60.00854,-2.93235],[-59.99919,-2.9255],[-59.99816,-2.92446],[-59.99741,-2.92312],[-59.99553,-2.91715],[-59.99472,-2.91605],[-59.993,-2.91451],[-59.99254,-2.91425],[-59.99153,-2.91396],[-59.98405,-2.91432],[-59.98245,-2.91417],[-59.98101,-2.91358],[-59.98038,-2.91311],[-59.97512,-2.90795],[-59.97478,-2.90741],[-59.97478,-2.90693],[-59.97668,-2.90132],[-59.9768,-2.89998],[-59.97639,-2.89872],[-59.97412,-2.89621],[-59.971,-2.89346],[-59.96924,-2.89173],[-59.96801,-2.89093],[-59.96679,-2.89076],[-59.96146,-2.892],[-59.96003,-2.89185],[-59.95863,-2.89127],[-59.95671,-2.88994],[-59.95546,-2.88872],[-59.95454,-2.8873],[-59.95252,-2.8834],[-59.95221,-2.88172],[-59.95237,-2.88021],[-59.95329,-2.8754],[-59.95302,-2.87396],[-59.95218,-2.87249],[-59.95101,-2.87155],[-59.94955,-2.87101],[-59.94779,-2.87077],[-59.94651,-2.87033],[-59.94601,-2.86986],[-59.94537,-2.86865],[-59.94503,-2.86542],[-59.94453,-2.86419],[-59.94152,-2.86047],[-59.94116,-2.85946],[-59.94111,-2.85815],[-59.94229,-2.85391],[-59.94321,-2.85163],[-59.94469,-2.85004],[-59.94962,-2.84766],[-59.95007,-2.84691],[-59.95008,-2.84627],[-59.94981,-2.8457],[-59.94913,-2.84522],[-59.94524,-2.84385],[-59.94416,-2.84301],[-59.9434,-2.84175],[-59.94235,-2.83508],[-59.94189,-2.82795],[-59.94146,-2.82623],[-59.93776,-2.81918],[-59.93587,-2.81299],[-59.93371,-2.80948],[-59.93339,-2.80868],[-59.93247,-2.79933],[-59.93201,-2.79637],[-59.93113,-2.79328],[-59.93018,-2.79054],[-59.92358,-2.77868],[-59.92337,-2.77771],[-59.92384,-2.77342],[-59.92375,-2.77267],[-59.9221,-2.76729],[-59.92147,-2.76638],[-59.91945,-2.7644],[-59.91902,-2.76379],[-59.91877,-2.76308],[-59.91878,-2.76257],[-59.91967,-2.76095],[-59.92088,-2.76],[-59.92101,-2.75956],[-59.92089,-2.75912],[-59.91975,-2.75787],[-59.9189,-2.7572],[-59.91721,-2.7567],[-59.91475,-2.75472],[-59.91454,-2.75432],[-59.91457,-2.75388],[-59.91525,-2.75255],[-59.91532,-2.75196],[-59.9141,-2.75049],[-59.91318,-2.74972],[-59.90911,-2.74794],[-59.90704,-2.74741],[-59.90581,-2.74735],[-59.90187,-2.74762],[-59.89994,-2.7472],[-59.89654,-2.74586],[-59.8932,-2.74392],[-59.89267,-2.74329],[-59.89244,-2.74252],[-59.89271,-2.73601],[-59.89184,-2.73407],[-59.89141,-2.73347],[-59.89095,-2.73313],[-59.89018,-2.73292],[-59.88935,-2.73302],[-59.87947,-2.73548],[-59.87776,-2.73574],[-59.87673,-2.7357],[-59.87523,-2.73529],[-59.87158,-2.73548]]}},{"type":"Feature","properties":{"codigo_sre":"363EAM1098","rodovia":"AM-363","trecho_inicio":"AM-010 (KM 227)","trecho_fim":"AM-328 Itapiranga","km_inicial":"0","km_final":"109.89","situacao_fisica":"PAV","situacao_descricao":"PAVIMENTADA","revestimento_descricao":"CONCRETO ASFALTICO","municipios_abrangidos":"Silves (85,08); Itapiranga (17,25); Itacoatiara (7,56)","extensao_cadastro_km":109.89,"extensao_geodesica_km":91.514,"origem_geometria":null},"geometry":{"type":"LineString","coordinates":[[-58.7369,-3.06094],[-58.73668,-3.06051],[-58.73367,-3.05732],[-58.73238,-3.05565],[-58.72468,-3.04492],[-58.72311,-3.04296],[-58.71399,-3.03374],[-58.71254,-3.03197],[-58.7105,-3.02759],[-58.70951,-3.02641],[-58.7037,-3.02197],[-58.70331,-3.02115],[-58.7022,-3.01647],[-58.70191,-3.01593],[-58.69791,-3.01297],[-58.69523,-3.01136],[-58.69497,-3.01087],[-58.69262,-3.0031],[-58.69266,-3.0026],[-58.69282,-3.0023],[-58.6945,-3.00065],[-58.69825,-2.99791],[-58.70335,-2.99175],[-58.70356,-2.9911],[-58.70254,-2.98478],[-58.70116,-2.97446],[-58.7012,-2.9733],[-58.70228,-2.9713],[-58.70238,-2.97057],[-58.69925,-2.94467],[-58.69907,-2.94232],[-58.69957,-2.9403],[-58.69939,-2.93857],[-58.69859,-2.93296],[-58.69528,-2.9268],[-58.6952,-2.92637],[-58.6967,-2.90538],[-58.69701,-2.90452],[-58.69755,-2.90381],[-58.70003,-2.90185],[-58.70099,-2.90131],[-58.70297,-2.9009],[-58.70501,-2.8993],[-58.70697,-2.89759],[-58.70868,-2.89571],[-58.70921,-2.89498],[-58.70935,-2.89438],[-58.70836,-2.8895],[-58.70702,-2.88758],[-58.70579,-2.88631],[-58.70341,-2.88564],[-58.7013,-2.88467],[-58.69869,-2.88375],[-58.6963,-2.88202],[-58.69605,-2.88137],[-58.69591,-2.87888],[-58.69491,-2.87643],[-58.69453,-2.87593],[-58.69319,-2.87492],[-58.69265,-2.87428],[-58.69179,-2.87183],[-58.6914,-2.87092],[-58.69109,-2.87051],[-58.68749,-2.86752],[-58.68712,-2.86707],[-58.68697,-2.86639],[-58.68717,-2.86403],[-58.6875,-2.86345],[-58.68865,-2.86229],[-58.68882,-2.86198],[-58.6888,-2.8615],[-58.6877,-2.85962],[-58.68726,-2.85919],[-58.68669,-2.85889],[-58.68471,-2.85824],[-58.6844,-2.85808],[-58.68398,-2.8576],[-58.68384,-2.85705],[-58.684,-2.85529],[-58.68333,-2.85381],[-58.6834,-2.85223],[-58.68319,-2.85163],[-58.68278,-2.85137],[-58.68131,-2.85097],[-58.6808,-2.8507],[-58.67927,-2.84952],[-58.67719,-2.8473],[-58.67713,-2.84683],[-58.6777,-2.84405],[-58.67735,-2.84213],[-58.67761,-2.8374],[-58.67829,-2.83494],[-58.67783,-2.83263],[-58.67753,-2.83208],[-58.67416,-2.82871],[-58.6711,-2.82233],[-58.67078,-2.82171],[-58.67036,-2.82131],[-58.66521,-2.82072],[-58.63924,-2.81381],[-58.60595,-2.80521],[-58.575,-2.79741],[-58.53676,-2.788],[-58.53303,-2.7873],[-58.52442,-2.78596],[-58.52336,-2.78566],[-58.52054,-2.78408],[-58.51964,-2.78374],[-58.48759,-2.77566],[-58.48408,-2.77491],[-58.48153,-2.77478],[-58.4802,-2.7749],[-58.46625,-2.77748],[-58.46494,-2.77823],[-58.46301,-2.77999],[-58.46247,-2.78065],[-58.45721,-2.78835],[-58.45272,-2.79299],[-58.45006,-2.79624],[-58.44225,-2.80241],[-58.44038,-2.80332],[-58.43941,-2.80355],[-58.43859,-2.80309],[-58.43497,-2.79941],[-58.43362,-2.79848],[-58.43214,-2.79814],[-58.42695,-2.79829],[-58.4197,-2.79724],[-58.41736,-2.79667],[-58.41478,-2.79513],[-58.41323,-2.79468],[-58.4113,-2.79447],[-58.4093,-2.79334],[-58.40791,-2.79204],[-58.40645,-2.78827],[-58.40553,-2.78717],[-58.40375,-2.78539],[-58.40192,-2.78312],[-58.40038,-2.78154],[-58.39932,-2.77877],[-58.39781,-2.77662],[-58.39479,-2.77385],[-58.39343,-2.77085],[-58.39293,-2.77035],[-58.38932,-2.76791],[-58.38726,-2.76666],[-58.37449,-2.76062],[-58.3694,-2.75873],[-58.36747,-2.75769],[-58.36387,-2.75546],[-58.3614,-2.75435],[-58.3598,-2.75318],[-58.34963,-2.74876],[-58.34428,-2.74668],[-58.33473,-2.74038],[-58.33348,-2.73974],[-58.33244,-2.73934],[-58.32949,-2.7387],[-58.32821,-2.73816],[-58.32663,-2.73788],[-58.32604,-2.73764],[-58.32557,-2.7372],[-58.3224,-2.73321],[-58.32139,-2.73164],[-58.31594,-2.73001],[-58.31515,-2.72955],[-58.31291,-2.72744],[-58.31216,-2.72666],[-58.31042,-2.72301],[-58.30948,-2.72166],[-58.30783,-2.72007],[-58.30705,-2.71949],[-58.30581,-2.71895],[-58.30302,-2.71832],[-58.2996,-2.71735],[-58.29879,-2.71694],[-58.29666,-2.71508],[-58.29631,-2.715],[-58.29502,-2.71519],[-58.29161,-2.71422],[-58.28187,-2.71033],[-58.27707,-2.70784],[-58.26737,-2.70164],[-58.26297,-2.69787],[-58.26236,-2.69755],[-58.26146,-2.69749],[-58.25864,-2.69805],[-58.25662,-2.69871],[-58.25246,-2.70053],[-58.25189,-2.70109],[-58.25114,-2.70237],[-58.25062,-2.70268],[-58.24906,-2.70322],[-58.24816,-2.7032],[-58.24537,-2.70265],[-58.24272,-2.70301],[-58.24098,-2.70271],[-58.24036,-2.70278],[-58.23947,-2.70339],[-58.23545,-2.70675],[-58.23398,-2.7077],[-58.22773,-2.7085],[-58.2247,-2.70841],[-58.22416,-2.7087],[-58.22087,-2.71127],[-58.21419,-2.71433],[-58.21321,-2.71467],[-58.21032,-2.71437],[-58.20792,-2.71452],[-58.20412,-2.71428],[-58.20107,-2.71475],[-58.19876,-2.71391],[-58.19534,-2.71378]]}},{"type":"Feature","properties":{"codigo_sre":"452EAM1003","rodovia":"AM-452","trecho_inicio":"AM-070 (KM 12,6)","trecho_fim":"Comunidade do Caldeirão","km_inicial":"0","km_final":"10.03","situacao_fisica":"PAV","situacao_descricao":"PAVIMENTADA","revestimento_descricao":"CONCRETO ASFALTICO","municipios_abrangidos":"Iranduba (10,03)","extensao_cadastro_km":10.03,"extensao_geodesica_km":10.003,"origem_geometria":null},"geometry":{"type":"LineString","coordinates":[[-60.18533,-3.19984],[-60.18518,-3.20019],[-60.18537,-3.20045],[-60.19,-3.20233],[-60.19123,-3.20263],[-60.19319,-3.20277],[-60.1936,-3.20296],[-60.1948,-3.20407],[-60.19636,-3.20617],[-60.19714,-3.20661],[-60.19814,-3.20676],[-60.203,-3.20644],[-60.20453,-3.2065],[-60.20515,-3.20699],[-60.20611,-3.20872],[-60.20664,-3.21085],[-60.20704,-3.21144],[-60.20793,-3.21218],[-60.20998,-3.2131],[-60.2122,-3.21323],[-60.21444,-3.21362],[-60.21619,-3.21367],[-60.21792,-3.21287],[-60.21853,-3.21281],[-60.21907,-3.21309],[-60.21988,-3.21413],[-60.22028,-3.21432],[-60.22088,-3.21432],[-60.22386,-3.21318],[-60.22441,-3.21325],[-60.22471,-3.21351],[-60.22489,-3.21403],[-60.22496,-3.21635],[-60.22525,-3.21756],[-60.22739,-3.22132],[-60.22812,-3.2228],[-60.22817,-3.22313],[-60.22799,-3.22376],[-60.22675,-3.22548],[-60.22561,-3.22641],[-60.22482,-3.22738],[-60.22406,-3.22906],[-60.22395,-3.22957],[-60.22409,-3.23108],[-60.22452,-3.23272],[-60.22485,-3.23323],[-60.2269,-3.23502],[-60.22704,-3.23531],[-60.22626,-3.23792],[-60.22612,-3.23927],[-60.22467,-3.24114],[-60.22436,-3.2427],[-60.22474,-3.2464],[-60.22455,-3.24879],[-60.2268,-3.25191]]}},{"type":"Feature","properties":{"codigo_sre":"070EAM8347","rodovia":"AM-070","trecho_inicio":"Porto do Cacau Pirêra","trecho_fim":"Sede do Município de Manacapuru","km_inicial":"0","km_final":"83.47","situacao_fisica":"DUP","situacao_descricao":"DUPLICADA","revestimento_descricao":"CONCRETO ASFALTICO","municipios_abrangidos":"Manacapuru (46,73); Iranduba (36,74)","extensao_cadastro_km":83.47,"extensao_geodesica_km":3.842,"origem_geometria":null},"geometry":{"type":"LineString","coordinates":[[-60.65013,-3.26381],[-60.65082,-3.26501],[-60.65132,-3.26622],[-60.65128,-3.26699],[-60.65,-3.27179],[-60.64897,-3.2748],[-60.64647,-3.27928],[-60.64561,-3.28034],[-60.64475,-3.28093],[-60.63477,-3.28653],[-60.63225,-3.28969]]}},{"type":"Feature","properties":{"codigo_sre":"070EAM8347","rodovia":"AM-070","trecho_inicio":"Porto do Cacau Pirêra","trecho_fim":"Sede do Município de Manacapuru","km_inicial":"0","km_final":"83.47","situacao_fisica":"DUP","situacao_descricao":"DUPLICADA","revestimento_descricao":"CONCRETO ASFALTICO","municipios_abrangidos":"Manacapuru (46,73); Iranduba (36,74)","extensao_cadastro_km":83.47,"extensao_geodesica_km":2.528,"origem_geometria":null},"geometry":{"type":"LineString","coordinates":[[-60.16296,-3.19943],[-60.16624,-3.20049],[-60.16691,-3.20053],[-60.16909,-3.2003],[-60.17154,-3.20094],[-60.1743,-3.20114],[-60.17905,-3.20092],[-60.18533,-3.19984]]}},{"type":"Feature","properties":{"codigo_sre":"070EAM8347","rodovia":"AM-070","trecho_inicio":"Porto do Cacau Pirêra","trecho_fim":"Sede do Município de Manacapuru","km_inicial":"0","km_final":"83.47","situacao_fisica":"DUP","situacao_descricao":"DUPLICADA","revestimento_descricao":"CONCRETO ASFALTICO","municipios_abrangidos":"Manacapuru (46,73); Iranduba (36,74)","extensao_cadastro_km":83.47,"extensao_geodesica_km":22.305,"origem_geometria":null},"geometry":{"type":"LineString","coordinates":[[-60.47448,-3.24059],[-60.47624,-3.24159],[-60.47762,-3.24188],[-60.47931,-3.24173],[-60.48504,-3.23985],[-60.48701,-3.2395],[-60.48867,-3.2398],[-60.49059,-3.24041],[-60.492,-3.24059],[-60.5235,-3.24033],[-60.52526,-3.23994],[-60.53207,-3.23647],[-60.54218,-3.23175],[-60.54989,-3.22794],[-60.55134,-3.22728],[-60.55282,-3.22698],[-60.59508,-3.23068],[-60.59643,-3.23096],[-60.59738,-3.23154],[-60.60514,-3.23877],[-60.61096,-3.24627],[-60.61232,-3.24819],[-60.61281,-3.25136],[-60.61317,-3.25254],[-60.6183,-3.25999],[-60.61904,-3.2609],[-60.61951,-3.26123],[-60.62362,-3.26287],[-60.62586,-3.26326],[-60.62899,-3.26357],[-60.62971,-3.26333],[-60.63047,-3.26265],[-60.63215,-3.25902],[-60.63276,-3.25851],[-60.63416,-3.25778],[-60.63522,-3.25767],[-60.64121,-3.25815],[-60.64311,-3.25835],[-60.64354,-3.25853],[-60.64659,-3.26201],[-60.64958,-3.26323],[-60.65013,-3.26381]]}},{"type":"Feature","properties":{"codigo_sre":"070EAM8347","rodovia":"AM-070","trecho_inicio":"Porto do Cacau Pirêra","trecho_fim":"Sede do Município de Manacapuru","km_inicial":"0","km_final":"83.47","situacao_fisica":"DUP","situacao_descricao":"DUPLICADA","revestimento_descricao":"CONCRETO ASFALTICO","municipios_abrangidos":"Manacapuru (46,73); Iranduba (36,74)","extensao_cadastro_km":83.47,"extensao_geodesica_km":44.473,"origem_geometria":null},"geometry":{"type":"LineString","coordinates":[[-60.18533,-3.19984],[-60.18746,-3.19942],[-60.18875,-3.19893],[-60.19018,-3.199],[-60.19897,-3.19746],[-60.20069,-3.19673],[-60.20196,-3.19579],[-60.20531,-3.19226],[-60.20842,-3.18876],[-60.21024,-3.18649],[-60.2118,-3.18544],[-60.239,-3.1565],[-60.24132,-3.15426],[-60.24227,-3.15378],[-60.24381,-3.15345],[-60.25319,-3.15343],[-60.25459,-3.15348],[-60.25614,-3.15393],[-60.25706,-3.15447],[-60.27457,-3.16743],[-60.27754,-3.16939],[-60.27924,-3.16972],[-60.28068,-3.16951],[-60.29984,-3.16378],[-60.31824,-3.15848],[-60.34499,-3.15133],[-60.34661,-3.1505],[-60.3478,-3.14954],[-60.35851,-3.14008],[-60.36185,-3.13757],[-60.36256,-3.1367],[-60.36394,-3.13547],[-60.36646,-3.13368],[-60.36809,-3.13283],[-60.36887,-3.13268],[-60.37358,-3.13224],[-60.37541,-3.13241],[-60.37726,-3.13298],[-60.3795,-3.13415],[-60.39253,-3.14117],[-60.39436,-3.14238],[-60.39548,-3.14391],[-60.39596,-3.14551],[-60.39585,-3.15301],[-60.39611,-3.15474],[-60.3969,-3.15624],[-60.40911,-3.16739],[-60.41142,-3.16873],[-60.41372,-3.16974],[-60.41509,-3.16975],[-60.41726,-3.16917],[-60.41797,-3.16872],[-60.41856,-3.16813],[-60.42047,-3.16494],[-60.42154,-3.16102],[-60.42202,-3.16042],[-60.42305,-3.15994],[-60.42554,-3.15994],[-60.4266,-3.16057],[-60.4327,-3.16785],[-60.43414,-3.1698],[-60.44063,-3.18244],[-60.44814,-3.22518],[-60.44889,-3.22824],[-60.44952,-3.22904],[-60.45037,-3.22961],[-60.45364,-3.23099],[-60.45641,-3.23183],[-60.46075,-3.23398],[-60.46911,-3.23738],[-60.47448,-3.24059]]}},{"type":"Feature","properties":{"codigo_sre":"010EAM2507","rodovia":"AM-010","trecho_inicio":"Barreira","trecho_fim":"Sede do Município de Itacoatiara","km_inicial":"17.5","km_final":"268.25","situacao_fisica":"PAV","situacao_descricao":"PAVIMENTADA","revestimento_descricao":"CONCRETO ASFALTICO","municipios_abrangidos":"Itacoatiara (130,54); Rio Preto da Eva (78,50); Manaus (41,71)","extensao_cadastro_km":250.74,"extensao_geodesica_km":24.574,"origem_geometria":null},"geometry":{"type":"LineString","coordinates":[[-59.87158,-2.73548],[-59.86967,-2.73518],[-59.86511,-2.73383],[-59.86387,-2.73302],[-59.86292,-2.73196],[-59.86214,-2.73036],[-59.86153,-2.72694],[-59.86092,-2.72616],[-59.86028,-2.72576],[-59.85886,-2.72514],[-59.85792,-2.72494],[-59.85724,-2.72505],[-59.8553,-2.72585],[-59.85445,-2.72592],[-59.85126,-2.72471],[-59.85059,-2.72466],[-59.84977,-2.72494],[-59.84407,-2.72921],[-59.84136,-2.73299],[-59.84052,-2.7337],[-59.8391,-2.73448],[-59.83686,-2.7342],[-59.83595,-2.73434],[-59.83242,-2.73677],[-59.83102,-2.73747],[-59.83032,-2.73745],[-59.82991,-2.73728],[-59.82788,-2.73558],[-59.826,-2.73425],[-59.8246,-2.73369],[-59.82393,-2.73373],[-59.8235,-2.73389],[-59.82035,-2.7356],[-59.81854,-2.73638],[-59.81764,-2.73649],[-59.81652,-2.73632],[-59.81534,-2.73569],[-59.81132,-2.73149],[-59.81046,-2.7308],[-59.8081,-2.72971],[-59.8061,-2.72936],[-59.8041,-2.72947],[-59.8018,-2.73008],[-59.7826,-2.73601],[-59.78122,-2.7368],[-59.77942,-2.73881],[-59.77851,-2.73942],[-59.77804,-2.73952],[-59.77738,-2.73944],[-59.77665,-2.73896],[-59.7762,-2.73833],[-59.7755,-2.73678],[-59.7749,-2.73598],[-59.77419,-2.73563],[-59.7715,-2.73544],[-59.77031,-2.73555],[-59.76893,-2.73604],[-59.75812,-2.74092],[-59.75632,-2.74139],[-59.75462,-2.7412],[-59.75219,-2.74056],[-59.75055,-2.73982],[-59.74942,-2.73879],[-59.74862,-2.73747],[-59.7475,-2.73508],[-59.74725,-2.73399],[-59.74751,-2.73314],[-59.7482,-2.73186],[-59.74853,-2.73051],[-59.74849,-2.72817],[-59.74826,-2.72601],[-59.74763,-2.72464],[-59.74446,-2.71957],[-59.74391,-2.71896],[-59.74317,-2.71864],[-59.73937,-2.71842],[-59.73811,-2.71804],[-59.73754,-2.71756],[-59.73714,-2.71697],[-59.73617,-2.71412],[-59.73547,-2.71328],[-59.73472,-2.71297],[-59.73103,-2.71204],[-59.72973,-2.71037],[-59.72813,-2.70985],[-59.7277,-2.70959],[-59.72732,-2.70898],[-59.72626,-2.70593],[-59.72592,-2.70544],[-59.72559,-2.7052],[-59.72518,-2.70504],[-59.72428,-2.70508],[-59.72111,-2.70645],[-59.72056,-2.70642],[-59.72006,-2.70619],[-59.71964,-2.70579],[-59.71937,-2.70525],[-59.7189,-2.70284],[-59.71854,-2.70199],[-59.7179,-2.70144],[-59.71701,-2.70129],[-59.71334,-2.70171],[-59.712,-2.70143],[-59.70614,-2.6993],[-59.70142,-2.69897],[-59.69913,-2.69811]]}},{"type":"Feature","properties":{"codigo_sre":"010EAM2507","rodovia":"AM-010","trecho_inicio":"Barreira","trecho_fim":"Sede do Município de Itacoatiara","km_inicial":"17.5","km_final":"268.25","situacao_fisica":"PAV","situacao_descricao":"PAVIMENTADA","revestimento_descricao":"CONCRETO ASFALTICO","municipios_abrangidos":"Itacoatiara (130,54); Rio Preto da Eva (78,50); Manaus (41,71)","extensao_cadastro_km":250.74,"extensao_geodesica_km":48.631,"origem_geometria":null},"geometry":{"type":"LineString","coordinates":[[-59.69913,-2.69811],[-59.69693,-2.69717],[-59.69573,-2.69681],[-59.69109,-2.69611],[-59.6902,-2.69587],[-59.68498,-2.69358],[-59.68391,-2.69295],[-59.683,-2.69212],[-59.68076,-2.68865],[-59.67942,-2.68737],[-59.67781,-2.68661],[-59.67317,-2.6862],[-59.67226,-2.68577],[-59.67157,-2.68477],[-59.67053,-2.68191],[-59.66973,-2.68026],[-59.66862,-2.67907],[-59.6611,-2.67266],[-59.66026,-2.67165],[-59.65965,-2.67036],[-59.65693,-2.66292],[-59.65607,-2.66103],[-59.65503,-2.65988],[-59.6533,-2.65885],[-59.648,-2.65674],[-59.64688,-2.6561],[-59.6464,-2.6553],[-59.64563,-2.65211],[-59.64494,-2.65024],[-59.64396,-2.64897],[-59.63646,-2.64332],[-59.63602,-2.64258],[-59.63544,-2.64022],[-59.63516,-2.63983],[-59.6307,-2.63723],[-59.62866,-2.63497],[-59.62799,-2.63471],[-59.62326,-2.63449],[-59.61167,-2.6325],[-59.61109,-2.63219],[-59.6095,-2.63073],[-59.60854,-2.63038],[-59.6078,-2.63041],[-59.60328,-2.63148],[-59.60226,-2.63194],[-59.60133,-2.63259],[-59.60033,-2.63376],[-59.5965,-2.6414],[-59.59554,-2.64256],[-59.59465,-2.6432],[-59.59306,-2.64389],[-59.57219,-2.6512],[-59.57131,-2.65165],[-59.57006,-2.6526],[-59.56901,-2.6538],[-59.56847,-2.65464],[-59.56776,-2.65658],[-59.56476,-2.67134],[-59.56402,-2.67293],[-59.56276,-2.67421],[-59.55843,-2.67796],[-59.55759,-2.67832],[-59.55647,-2.67822],[-59.55382,-2.67654],[-59.55282,-2.67619],[-59.55176,-2.6762],[-59.55076,-2.67652],[-59.5499,-2.67714],[-59.54211,-2.68558],[-59.54092,-2.68649],[-59.53819,-2.68783],[-59.53721,-2.68846],[-59.53359,-2.69258],[-59.53314,-2.69285],[-59.52875,-2.69387],[-59.52714,-2.69451],[-59.52531,-2.69569],[-59.52398,-2.69701],[-59.52252,-2.69964],[-59.52092,-2.70359],[-59.52019,-2.70832],[-59.51902,-2.71361],[-59.51837,-2.71429],[-59.51787,-2.71571],[-59.51601,-2.71875],[-59.51473,-2.71978],[-59.51384,-2.72089],[-59.51275,-2.72154],[-59.50874,-2.72309],[-59.50749,-2.724],[-59.50662,-2.72512],[-59.50558,-2.7269],[-59.50482,-2.72772],[-59.50384,-2.72817],[-59.50273,-2.72831],[-59.50127,-2.7283],[-59.49996,-2.72852],[-59.49938,-2.72889],[-59.49876,-2.72976],[-59.49854,-2.73078],[-59.49877,-2.73297],[-59.49845,-2.73398],[-59.49779,-2.7348],[-59.49675,-2.73531],[-59.4937,-2.73609],[-59.49212,-2.73677],[-59.4911,-2.73762],[-59.49013,-2.73916],[-59.48972,-2.7407],[-59.48942,-2.7432],[-59.48988,-2.7449],[-59.49171,-2.74785],[-59.49191,-2.74936],[-59.49153,-2.75258],[-59.49108,-2.75394],[-59.48753,-2.75924],[-59.48573,-2.76226],[-59.48331,-2.76686],[-59.47621,-2.77949],[-59.46646,-2.79724],[-59.46489,-2.80373],[-59.46423,-2.80502],[-59.46372,-2.80566],[-59.46308,-2.8061],[-59.46246,-2.80643],[-59.46104,-2.80689],[-59.44614,-2.80701],[-59.44532,-2.80725],[-59.44462,-2.80764],[-59.44414,-2.80819],[-59.44378,-2.80911],[-59.44382,-2.81073],[-59.44361,-2.81409],[-59.44235,-2.81724],[-59.4413,-2.81918],[-59.44043,-2.82009],[-59.43931,-2.82076],[-59.4336,-2.8228],[-59.43112,-2.82389],[-59.43045,-2.82439],[-59.42524,-2.8305],[-59.42381,-2.83136],[-59.41958,-2.83332],[-59.41802,-2.83433],[-59.41752,-2.83498],[-59.41708,-2.83599],[-59.41689,-2.83707],[-59.41696,-2.83765]]}},{"type":"Feature","properties":{"codigo_sre":"010EAM2507","rodovia":"AM-010","trecho_inicio":"Barreira","trecho_fim":"Sede do Município de Itacoatiara","km_inicial":"17.5","km_final":"268.25","situacao_fisica":"PAV","situacao_descricao":"PAVIMENTADA","revestimento_descricao":"CONCRETO ASFALTICO","municipios_abrangidos":"Itacoatiara (130,54); Rio Preto da Eva (78,50); Manaus (41,71)","extensao_cadastro_km":250.74,"extensao_geodesica_km":99.224,"origem_geometria":null},"geometry":{"type":"LineString","coordinates":[[-59.41696,-2.83765],[-59.41705,-2.83841],[-59.41799,-2.84083],[-59.41818,-2.84161],[-59.41819,-2.8421],[-59.418,-2.8428],[-59.41761,-2.84346],[-59.41489,-2.84658],[-59.41438,-2.84737],[-59.41166,-2.8549],[-59.41074,-2.85642],[-59.40528,-2.86167],[-59.40424,-2.86283],[-59.40388,-2.86351],[-59.40381,-2.86397],[-59.40467,-2.86805],[-59.40479,-2.86952],[-59.40465,-2.87005],[-59.40085,-2.87551],[-59.39991,-2.87656],[-59.39862,-2.87697],[-59.39818,-2.8768],[-59.39358,-2.87464],[-59.38566,-2.87062],[-59.37826,-2.86717],[-59.37669,-2.86699],[-59.37511,-2.86729],[-59.37344,-2.86814],[-59.37237,-2.86904],[-59.36189,-2.8789],[-59.36027,-2.88058],[-59.35456,-2.88745],[-59.35097,-2.89037],[-59.35019,-2.89151],[-59.34471,-2.90375],[-59.34325,-2.90659],[-59.34191,-2.90769],[-59.33947,-2.9087],[-59.33702,-2.90903],[-59.33434,-2.90917],[-59.33353,-2.90942],[-59.33073,-2.91099],[-59.32928,-2.91214],[-59.32883,-2.91337],[-59.32881,-2.91422],[-59.32933,-2.91946],[-59.32862,-2.92105],[-59.3256,-2.92441],[-59.32457,-2.9262],[-59.32419,-2.92795],[-59.32434,-2.9301],[-59.32497,-2.9324],[-59.325,-2.93294],[-59.32457,-2.93894],[-59.32417,-2.94207],[-59.32379,-2.9431],[-59.32321,-2.94416],[-59.32263,-2.94485],[-59.32093,-2.94593],[-59.31983,-2.94616],[-59.31771,-2.94578],[-59.3135,-2.9454],[-59.31108,-2.94552],[-59.30956,-2.94618],[-59.3076,-2.94765],[-59.30685,-2.94807],[-59.30603,-2.94819],[-59.30467,-2.94786],[-59.304,-2.94743],[-59.30213,-2.94535],[-59.30119,-2.94456],[-59.30075,-2.94436],[-59.29496,-2.9431],[-59.29167,-2.94253],[-59.28854,-2.94118],[-59.28677,-2.94072],[-59.2852,-2.94087],[-59.27673,-2.94429],[-59.27371,-2.94601],[-59.27255,-2.94707],[-59.26882,-2.95113],[-59.26714,-2.95238],[-59.26194,-2.95429],[-59.26006,-2.95466],[-59.25939,-2.95441],[-59.25854,-2.95385],[-59.25503,-2.95007],[-59.24895,-2.944],[-59.2472,-2.94292],[-59.24223,-2.94143],[-59.24147,-2.94091],[-59.24081,-2.93992],[-59.23976,-2.93658],[-59.23752,-2.93107],[-59.23681,-2.93041],[-59.23561,-2.92999],[-59.22922,-2.92942],[-59.22451,-2.92886],[-59.21446,-2.92724],[-59.2049,-2.92601],[-59.20299,-2.92552],[-59.19404,-2.92071],[-59.19212,-2.91983],[-59.19047,-2.91884],[-59.18261,-2.91011],[-59.18187,-2.90942],[-59.18075,-2.90878],[-59.17892,-2.90837],[-59.14694,-2.90532],[-59.14446,-2.90525],[-59.14271,-2.90577],[-59.14154,-2.90675],[-59.13706,-2.91182],[-59.13505,-2.91369],[-59.13364,-2.91424],[-59.13228,-2.91427],[-59.1102,-2.91043],[-59.10821,-2.90992],[-59.09836,-2.90191],[-59.09655,-2.90114],[-59.09558,-2.90105],[-59.09463,-2.90114],[-59.09371,-2.9014],[-59.08909,-2.90307],[-59.08812,-2.90364],[-59.08731,-2.90445],[-59.08489,-2.90789],[-59.08373,-2.90905],[-59.08259,-2.90965],[-59.0811,-2.9099],[-59.08048,-2.90988],[-59.07046,-2.90888],[-59.06846,-2.90879],[-59.06794,-2.9089],[-59.06277,-2.91102],[-59.06194,-2.91114],[-59.06084,-2.91093],[-59.05856,-2.91012],[-59.05649,-2.90865],[-59.05514,-2.90789],[-59.05368,-2.90754],[-59.0525,-2.9076],[-59.05094,-2.90821],[-59.04351,-2.91268],[-59.04238,-2.91315],[-59.04203,-2.91316],[-59.04102,-2.91279],[-59.03721,-2.91048],[-59.03485,-2.90752],[-59.03345,-2.90648],[-59.02088,-2.90079],[-59.01943,-2.89962],[-59.01828,-2.89843],[-59.01668,-2.89648],[-59.01434,-2.89263],[-59.0132,-2.88791],[-59.01246,-2.88651],[-59.01106,-2.88514],[-59.00533,-2.88047],[-59.00349,-2.87922],[-58.99487,-2.87618],[-58.99313,-2.87573],[-58.99225,-2.87572],[-58.99112,-2.87591],[-58.98998,-2.87638],[-58.98845,-2.87749],[-58.98757,-2.87833],[-58.98691,-2.87948],[-58.97941,-2.90837],[-58.97879,-2.90954],[-58.977,-2.91157],[-58.97443,-2.91406],[-58.97305,-2.91511],[-58.96834,-2.91776],[-58.96308,-2.92088],[-58.96209,-2.92158],[-58.9595,-2.9243],[-58.95682,-2.92871],[-58.95541,-2.93052],[-58.95421,-2.93135],[-58.95229,-2.93221],[-58.935,-2.93701],[-58.93258,-2.93784],[-58.91607,-2.94782],[-58.91518,-2.9488],[-58.91419,-2.95033],[-58.91155,-2.95289],[-58.91033,-2.95379],[-58.9086,-2.95443],[-58.90366,-2.95586],[-58.90191,-2.95673],[-58.89997,-2.95795],[-58.8982,-2.95941],[-58.8935,-2.96525],[-58.88644,-2.97212],[-58.88567,-2.97309],[-58.87429,-2.99335],[-58.87317,-2.99492],[-58.85968,-3.00863],[-58.8384,-3.02125],[-58.83676,-3.02267],[-58.8324,-3.028],[-58.83105,-3.02899],[-58.81133,-3.03646],[-58.79315,-3.04365],[-58.7918,-3.0445],[-58.78516,-3.05038],[-58.78375,-3.05115],[-58.76849,-3.05713],[-58.76687,-3.05746],[-58.7369,-3.06094]]}},{"type":"Feature","properties":{"codigo_sre":"010EAM2507","rodovia":"AM-010","trecho_inicio":"Barreira","trecho_fim":"Sede do Município de Itacoatiara","km_inicial":"17.5","km_final":"268.25","situacao_fisica":"PAV","situacao_descricao":"PAVIMENTADA","revestimento_descricao":"CONCRETO ASFALTICO","municipios_abrangidos":"Itacoatiara (130,54); Rio Preto da Eva (78,50); Manaus (41,71)","extensao_cadastro_km":250.74,"extensao_geodesica_km":37.742,"origem_geometria":null},"geometry":{"type":"LineString","coordinates":[[-58.7369,-3.06094],[-58.72739,-3.06202],[-58.72577,-3.06175],[-58.72413,-3.06103],[-58.71722,-3.05726],[-58.71559,-3.05697],[-58.7135,-3.05717],[-58.71108,-3.05784],[-58.69503,-3.06575],[-58.67255,-3.07647],[-58.67081,-3.07714],[-58.66891,-3.07733],[-58.64913,-3.07569],[-58.64663,-3.07531],[-58.62229,-3.0641],[-58.62074,-3.06292],[-58.61892,-3.06056],[-58.61782,-3.05943],[-58.61237,-3.05586],[-58.59917,-3.04768],[-58.59768,-3.04635],[-58.59345,-3.04179],[-58.59124,-3.03966],[-58.5898,-3.0388],[-58.58794,-3.03816],[-58.58542,-3.03756],[-58.57999,-3.0374],[-58.56706,-3.03665],[-58.56489,-3.03673],[-58.56133,-3.03742],[-58.55925,-3.03756],[-58.55755,-3.03704],[-58.54922,-3.03209],[-58.54782,-3.03154],[-58.54574,-3.03143],[-58.52487,-3.03702],[-58.52353,-3.03769],[-58.52015,-3.03992],[-58.51874,-3.04031],[-58.50559,-3.0426],[-58.50359,-3.04308],[-58.47962,-3.05434],[-58.47814,-3.05508],[-58.47746,-3.05559],[-58.47638,-3.05693],[-58.4614,-3.08348],[-58.46069,-3.08526],[-58.46026,-3.09002],[-58.45974,-3.0913],[-58.45634,-3.09631],[-58.45519,-3.09838],[-58.45485,-3.0999],[-58.45418,-3.10625]]}},{"type":"Feature","properties":{"codigo_sre":"363EAM1098","rodovia":"AM-363","trecho_inicio":"AM-010 (KM 227)","trecho_fim":"AM-328 Itapiranga","km_inicial":"0","km_final":"109.89","situacao_fisica":"PAV","situacao_descricao":"PAVIMENTADA","revestimento_descricao":"CONCRETO ASFALTICO","municipios_abrangidos":"Silves (85,08); Itapiranga (17,25); Itacoatiara (7,56)","extensao_cadastro_km":109.89,"extensao_geodesica_km":18.298,"origem_geometria":null},"geometry":{"type":"LineString","coordinates":[[-58.19534,-2.71378],[-58.18655,-2.71382],[-58.18481,-2.71395],[-58.18084,-2.71456],[-58.17916,-2.71452],[-58.17848,-2.71465],[-58.17641,-2.71582],[-58.17558,-2.71613],[-58.16462,-2.71912],[-58.14922,-2.7229],[-58.13824,-2.72414],[-58.13627,-2.7247],[-58.13511,-2.72482],[-58.13295,-2.72466],[-58.12626,-2.72549],[-58.11438,-2.72649],[-58.11271,-2.72602],[-58.10992,-2.72692],[-58.08748,-2.72886],[-58.07831,-2.72988],[-58.0758,-2.73059],[-58.07314,-2.73062],[-58.048,-2.73384],[-58.03321,-2.73639]]}},{"type":"Feature","properties":{"codigo_sre":"","rodovia":"AM-175","trecho_inicio":"BR-317 - KM 340,0","trecho_fim":"PAUINI","km_inicial":null,"km_final":null,"situacao_fisica":"PLA","situacao_descricao":"Planejada","revestimento_descricao":null,"municipios_abrangidos":null,"extensao_cadastro_km":null,"extensao_geodesica_km":null,"origem_geometria":"acervo cartográfico"},"geometry":{"type":"LineString","coordinates":[[-67.1618,-8.63795],[-67.00268,-7.71739]]}},{"type":"Feature","properties":{"codigo_sre":"","rodovia":"AM-239","trecho_inicio":"KM 1334 DA BR-307 - \"ESTRADA CAMANAUS\"","trecho_fim":"PORTO HIDROVIÁRIO DE SÃO GABRIEL DA CACHOEIRA","km_inicial":null,"km_final":null,"situacao_fisica":"PAV","situacao_descricao":"Pavimentada","revestimento_descricao":null,"municipios_abrangidos":null,"extensao_cadastro_km":null,"extensao_geodesica_km":null,"origem_geometria":"acervo cartográfico"},"geometry":{"type":"LineString","coordinates":[[-67.04046,-0.13156],[-67.04014,-0.1315],[-67.03984,-0.13179],[-67.03338,-0.14],[-67.03237,-0.14101],[-67.03146,-0.14167],[-67.0304,-0.14216],[-67.02691,-0.14258],[-67.02403,-0.14442],[-67.02382,-0.14468],[-67.02259,-0.14924],[-67.02017,-0.15084],[-67.01905,-0.15143],[-67.01853,-0.15141],[-67.01411,-0.14873],[-67.01361,-0.14864],[-67.00589,-0.15185],[-67.0052,-0.15232],[-67.00074,-0.15585],[-67.00054,-0.15623],[-67.0005,-0.15669],[-67.00069,-0.15934],[-67.00038,-0.16037],[-66.99789,-0.1633],[-66.99741,-0.16365],[-66.99687,-0.1638],[-66.99604,-0.16374],[-66.99084,-0.16228],[-66.99027,-0.16186],[-66.99003,-0.16146],[-66.98874,-0.15819],[-66.98825,-0.15771],[-66.98788,-0.15754],[-66.97218,-0.15317],[-66.9707,-0.15244],[-66.96713,-0.15036],[-66.96635,-0.15005],[-66.96448,-0.14981],[-66.96166,-0.15045],[-66.96113,-0.15039],[-66.95828,-0.14815],[-66.95767,-0.14787],[-66.95576,-0.14807],[-66.95404,-0.14949],[-66.95321,-0.14984],[-66.9414,-0.14782],[-66.93806,-0.14711],[-66.9363,-0.14753],[-66.93547,-0.1489]]}},{"type":"Feature","properties":{"codigo_sre":"","rodovia":"AM-356","trecho_inicio":"BR-319 - KM 181","trecho_fim":"BORBA","km_inicial":null,"km_final":null,"situacao_fisica":"PLA","situacao_descricao":"Planejada","revestimento_descricao":null,"municipios_abrangidos":null,"extensao_cadastro_km":null,"extensao_geodesica_km":null,"origem_geometria":"acervo cartográfico"},"geometry":{"type":"LineString","coordinates":[[-60.88249,-4.31126],[-60.87965,-4.31369],[-60.87283,-4.31904],[-60.86808,-4.323],[-60.85343,-4.33463],[-60.10533,-4.45124],[-59.8625,-4.42573],[-59.59393,-4.40927]]}},{"type":"Feature","properties":{"codigo_sre":"","rodovia":"AM-360","trecho_inicio":"BR-319 - KM 214,0","trecho_fim":"SEDE DO MUNICÍPIO DE NOVO ARIPUANÃ","km_inicial":null,"km_final":null,"situacao_fisica":"PLA","situacao_descricao":"Planejada","revestimento_descricao":null,"municipios_abrangidos":null,"extensao_cadastro_km":null,"extensao_geodesica_km":null,"origem_geometria":"acervo cartográfico"},"geometry":{"type":"LineString","coordinates":[[-61.1083,-4.50045],[-61.07259,-4.5371],[-61.02637,-4.58311],[-61.00828,-4.6005],[-60.97786,-4.62915],[-60.39907,-5.09912]]}},{"type":"Feature","properties":{"codigo_sre":"","rodovia":"AM-378","trecho_inicio":"BR-307 - KM 704","trecho_fim":"SÃO PAULO DE OLIVENÇA","km_inicial":null,"km_final":null,"situacao_fisica":"PLA","situacao_descricao":"Planejada","revestimento_descricao":null,"municipios_abrangidos":null,"extensao_cadastro_km":null,"extensao_geodesica_km":null,"origem_geometria":"acervo cartográfico"},"geometry":{"type":"LineString","coordinates":[[-69.10181,-3.24027],[-69.08536,-3.26953],[-69.05568,-3.32306],[-69.04144,-3.34899],[-69.007,-3.38967],[-68.99408,-3.4329],[-68.98894,-3.43949],[-68.97691,-3.44367],[-68.96726,-3.45993],[-68.96416,-3.46257],[-68.96079,-3.46349],[-68.95924,-3.46339],[-68.95779,-3.46313]]}},{"type":"Feature","properties":{"codigo_sre":"","rodovia":"AM-466","trecho_inicio":"BR-230 - KM 760,98","trecho_fim":"CANUTAMA","km_inicial":null,"km_final":null,"situacao_fisica":"PLA","situacao_descricao":"Planejada","revestimento_descricao":null,"municipios_abrangidos":null,"extensao_cadastro_km":null,"extensao_geodesica_km":null,"origem_geometria":"acervo cartográfico"},"geometry":{"type":"LineString","coordinates":[[-64.37563,-7.47361],[-64.43322,-7.12105],[-64.4136,-6.84335],[-64.39986,-6.70597],[-64.38465,-6.53572]]}}]}