{"type":"FeatureCollection","features":[{"type":"Feature","properties":{"br":"BR-307","snv":"307BAM0530","tipo":"Eixo Principal","inicio":"IGARAPÉ TENENTE MELO (SERRA DO PADRE)","fim":"IGARAPÉ MANOEL RIBEIRO","km_ini":1470,"km_fim":1471.4,"extensao":1.4,"superficie":"IMP","obra":null,"estadual_coincidente":null,"unidade_local":"Prainha","versao_snv":"202607A"},"geometry":{"type":"LineString","coordinates":[[-66.59889,0.65284],[-66.59872,0.65674],[-66.59756,0.65855],[-66.59539,0.65986],[-66.59382,0.66355]]}},{"type":"Feature","properties":{"br":"BR-319","snv":"319BAM0165","tipo":"Eixo Principal","inicio":"IGARAPÉ PURUZINHO","fim":"IGARAPÉ ACARÁ","km_ini":522.7,"km_fim":554.2,"extensao":31.5,"superficie":"IMP","obra":null,"estadual_coincidente":null,"unidade_local":"Humaitá","versao_snv":"202607A"},"geometry":{"type":"LineString","coordinates":[[-62.86372,-6.42984],[-62.88107,-6.45408],[-62.8946,-6.4862],[-62.92651,-6.52067],[-62.94255,-6.547],[-62.96928,-6.68513],[-62.97091,-6.68965]]}},{"type":"Feature","properties":{"br":"BR-319","snv":"319BAM0170","tipo":"Eixo Principal","inicio":"IGARAPÉ ACARÁ","fim":"IGARAPÉ NAZARÉ","km_ini":554.2,"km_fim":571.8,"extensao":17.6,"superficie":"IMP","obra":null,"estadual_coincidente":null,"unidade_local":"Humaitá","versao_snv":"202607A"},"geometry":{"type":"LineString","coordinates":[[-62.97091,-6.68965],[-63.01006,-6.78315],[-63.04042,-6.83013]]}},{"type":"Feature","properties":{"br":"BR-174","snv":"174BAM0615","tipo":"Eixo Principal","inicio":"IGARAPÉ PICANÇO","fim":"INÍCIO PONTE S/IGARAPÉ ITABOCA","km_ini":1058.1,"km_fim":1064.7,"extensao":6.6,"superficie":"PAV","obra":null,"estadual_coincidente":null,"unidade_local":"Prainha","versao_snv":"202607A"},"geometry":{"type":"LineString","coordinates":[[-60.24406,-1.52334],[-60.25088,-1.50966],[-60.27746,-1.47209]]}},{"type":"Feature","properties":{"br":"BR-174","snv":"174BAM0645","tipo":"Eixo Principal","inicio":"INÍCIO PONTE S/IGARAPÉ BENITO","fim":"INÍCIO PONTE S/IGARAPÉ TIARAJÚ","km_ini":1124.7,"km_fim":1138.5,"extensao":13.8,"superficie":"PAV","obra":null,"estadual_coincidente":null,"unidade_local":"Prainha","versao_snv":"202607A"},"geometry":{"type":"LineString","coordinates":[[-60.49124,-0.99151],[-60.50588,-0.94263],[-60.52011,-0.89806],[-60.51457,-0.87245]]}},{"type":"Feature","properties":{"br":"BR-174","snv":"174BAM0412","tipo":"Eixo Principal","inicio":"INÍCIO TRAVESSIA RIO IGAPÓ AÇU","fim":"IGARAPÉ ATIÍ","km_ini":597.5,"km_fim":620.4,"extensao":22.9,"superficie":"IMP","obra":"EOP","estadual_coincidente":null,"unidade_local":null,"versao_snv":"202607A"},"geometry":{"type":"LineString","coordinates":[[-61.29215,-4.71105],[-61.2729,-4.66595],[-61.24765,-4.62689],[-61.18046,-4.55795]]}},{"type":"Feature","properties":{"br":"BR-174","snv":"174BAM0420","tipo":"Eixo Principal","inicio":"IGARAPÉ ATIÍ","fim":"FIM PAVIMENTAÇÃO","km_ini":620.4,"km_fim":659.3,"extensao":38.9,"superficie":"IMP","obra":"EOP","estadual_coincidente":null,"unidade_local":"Castanho","versao_snv":"202607A"},"geometry":{"type":"LineString","coordinates":[[-61.18046,-4.55795],[-61.16817,-4.54522],[-61.01003,-4.42448],[-60.92831,-4.35191]]}},{"type":"Feature","properties":{"br":"BR-174","snv":"174BAM0425","tipo":"Eixo Principal","inicio":"FIM PAVIMENTAÇÃO","fim":"INÍCIO PONTE S/RIO TUPÃNA","km_ini":659.3,"km_fim":679.7,"extensao":20.4,"superficie":"PAV","obra":null,"estadual_coincidente":null,"unidade_local":"Castanho","versao_snv":"202607A"},"geometry":{"type":"LineString","coordinates":[[-60.92831,-4.35191],[-60.85542,-4.28724],[-60.84976,-4.28154],[-60.82577,-4.23215],[-60.8163,-4.20314],[-60.80685,-4.18084]]}},{"type":"Feature","properties":{"br":"BR-174","snv":"174BAM0430","tipo":"Eixo Principal","inicio":"INÍCIO PONTE S/RIO TUPÃNA","fim":"INÍCIO PONTE S/RIO CASTANHO","km_ini":679.7,"km_fim":744,"extensao":64.3,"superficie":"PAV","obra":null,"estadual_coincidente":null,"unidade_local":"Castanho","versao_snv":"202607A"},"geometry":{"type":"LineString","coordinates":[[-60.80685,-4.18084],[-60.80319,-4.17335],[-60.80083,-4.1705],[-60.45753,-3.91473],[-60.45554,-3.91261],[-60.4497,-3.90284],[-60.43956,-3.89352],[-60.43651,-3.89223],[-60.42958,-3.89223],[-60.42668,-3.8909],[-60.39611,-3.86516],[-60.3762,-3.84246],[-60.3716,-3.83264],[-60.36434,-3.82679]]}},{"type":"Feature","properties":{"br":"BR-174","snv":"174BAM0445","tipo":"Eixo Principal","inicio":"INÍCIO PONTE S/RIO CASTANHO","fim":"ENTR AM-354","km_ini":744,"km_fim":754.7,"extensao":10.7,"superficie":"PAV","obra":null,"estadual_coincidente":null,"unidade_local":"Castanho","versao_snv":"202607A"},"geometry":{"type":"LineString","coordinates":[[-60.36434,-3.82679],[-60.35669,-3.82249],[-60.33983,-3.80953],[-60.31219,-3.79539],[-60.31067,-3.79244],[-60.30856,-3.77875],[-60.30086,-3.7651]]}},{"type":"Feature","properties":{"br":"BR-174","snv":"174BAM0450","tipo":"Eixo Principal","inicio":"ENTR AM-354","fim":"INÍCIO PONTE S/RIO ARAÇÁ","km_ini":754.7,"km_fim":805.6,"extensao":50.9,"superficie":"PAV","obra":null,"estadual_coincidente":null,"unidade_local":"Castanho","versao_snv":"202607A"},"geometry":{"type":"LineString","coordinates":[[-60.30086,-3.7651],[-60.27876,-3.72818],[-60.27759,-3.72325],[-60.27447,-3.69216],[-60.25655,-3.63942],[-60.24948,-3.62858],[-60.21216,-3.59493],[-60.15243,-3.53116],[-60.10733,-3.48412],[-60.04119,-3.45826],[-60.00799,-3.45377],[-60.00616,-3.45262],[-60.00411,-3.44942]]}},{"type":"Feature","properties":{"br":"BR-174","snv":"174BAM0465","tipo":"Eixo Principal","inicio":"INÍCIO PONTE S/RIO ARAÇÁ","fim":"ENTR AM-254","km_ini":805.6,"km_fim":818.8,"extensao":13.2,"superficie":"PAV","obra":null,"estadual_coincidente":null,"unidade_local":"Castanho","versao_snv":"202607A"},"geometry":{"type":"LineString","coordinates":[[-60.00411,-3.44942],[-59.99934,-3.44178],[-59.99684,-3.44008],[-59.98099,-3.436],[-59.96559,-3.42922],[-59.91471,-3.41671],[-59.90209,-3.40338]]}},{"type":"Feature","properties":{"br":"BR-174","snv":"174BAM0470","tipo":"Eixo Principal","inicio":"ENTR AM-254","fim":"INÍCIO PONTE S/RIO AUTAZ MIRIM","km_ini":818.8,"km_fim":833.6,"extensao":14.8,"superficie":"PAV","obra":null,"estadual_coincidente":null,"unidade_local":"Castanho","versao_snv":"202607A"},"geometry":{"type":"LineString","coordinates":[[-59.90209,-3.40338],[-59.88923,-3.3892],[-59.87958,-3.37693],[-59.87801,-3.32832],[-59.87851,-3.32026],[-59.87786,-3.31209],[-59.87865,-3.29847],[-59.87684,-3.2951],[-59.86561,-3.28626],[-59.86364,-3.28382]]}},{"type":"Feature","properties":{"br":"BR-230","snv":"230BAM2120","tipo":"Eixo Principal","inicio":"FIM TRAV R MUCUIM (INI FLONA BALATA T.)","fim":"RIO PUNAINÃ","km_ini":753,"km_fim":780.2,"extensao":27.2,"superficie":"IMP","obra":null,"estadual_coincidente":null,"unidade_local":"Humaitá","versao_snv":"202607A"},"geometry":{"type":"LineString","coordinates":[[-64.24322,-7.46535],[-64.28815,-7.48417],[-64.43573,-7.46625],[-64.4735,-7.46199],[-64.47614,-7.46269]]}},{"type":"Feature","properties":{"br":"BR-230","snv":"230BAM2125","tipo":"Eixo Principal","inicio":"RIO PUNAINÃ","fim":"RIO SANTO ANTÔNIO","km_ini":780.2,"km_fim":785,"extensao":4.8,"superficie":"IMP","obra":null,"estadual_coincidente":null,"unidade_local":"Humaitá","versao_snv":"202607A"},"geometry":{"type":"LineString","coordinates":[[-64.47614,-7.46269],[-64.50353,-7.47002],[-64.51673,-7.46647]]}},{"type":"Feature","properties":{"br":"BR-230","snv":"230BAM2130","tipo":"Eixo Principal","inicio":"RIO SANTO ANTÔNIO","fim":"RIO UMARÍ","km_ini":785,"km_fim":790,"extensao":5,"superficie":"IMP","obra":null,"estadual_coincidente":null,"unidade_local":"Humaitá","versao_snv":"202607A"},"geometry":{"type":"LineString","coordinates":[[-64.51673,-7.46647],[-64.53384,-7.46186],[-64.55988,-7.46119]]}},{"type":"Feature","properties":{"br":"BR-230","snv":"230BAM2150","tipo":"Eixo Principal","inicio":"RIO UMARÍ","fim":"RIO PACIÁ (FIM FLONA BALATA T.)","km_ini":790,"km_fim":797.5,"extensao":7.5,"superficie":"IMP","obra":null,"estadual_coincidente":null,"unidade_local":"Humaitá","versao_snv":"202607A"},"geometry":{"type":"LineString","coordinates":[[-64.55988,-7.46119],[-64.57927,-7.4607],[-64.61395,-7.46523],[-64.62411,-7.46033]]}},{"type":"Feature","properties":{"br":"BR-230","snv":"230BAM2165","tipo":"Eixo Principal","inicio":"RIO PACIÁ (FIM FLONA BALATA T.)","fim":"IGARAPÉ BOA ÁGUA","km_ini":797.5,"km_fim":807.3,"extensao":9.8,"superficie":"IMP","obra":null,"estadual_coincidente":null,"unidade_local":"Humaitá","versao_snv":"202607A"},"geometry":{"type":"LineString","coordinates":[[-64.62411,-7.46033],[-64.63998,-7.45267],[-64.66315,-7.45428],[-64.70204,-7.43174]]}},{"type":"Feature","properties":{"br":"BR-230","snv":"230BAM2170","tipo":"Eixo Principal","inicio":"IGARAPÉ BOA ÁGUA","fim":"INÍCIO PAVIMENTAÇÃO","km_ini":807.3,"km_fim":815.4,"extensao":8.1,"superficie":"IMP","obra":null,"estadual_coincidente":null,"unidade_local":"Humaitá","versao_snv":"202607A"},"geometry":{"type":"LineString","coordinates":[[-64.70204,-7.43174],[-64.72814,-7.41651],[-64.7342,-7.4119],[-64.7354,-7.40694],[-64.73721,-7.37902]]}},{"type":"Feature","properties":{"br":"BR-230","snv":"230BAM2175","tipo":"Eixo Principal","inicio":"INÍCIO PAVIMENTAÇÃO","fim":"ENTR BR-230/317/R.LUIZ FALCÃO (LÁBREA)","km_ini":815.4,"km_fim":831.4,"extensao":16,"superficie":"PAV","obra":null,"estadual_coincidente":null,"unidade_local":"Humaitá","versao_snv":"202607A"},"geometry":{"type":"LineString","coordinates":[[-64.73721,-7.37902],[-64.73927,-7.34765],[-64.73996,-7.34533],[-64.77054,-7.28819],[-64.79371,-7.2664]]}},{"type":"Feature","properties":{"br":"BR-230","snv":"230BAM2180","tipo":"Eixo Principal","inicio":"ENTR BR-230/317/R.LUIZ FALCÃO (LÁBREA)","fim":"FIM DA PAVIMENTAÇÃO","km_ini":831.4,"km_fim":832.3,"extensao":0.9,"superficie":"PAV","obra":null,"estadual_coincidente":null,"unidade_local":"Humaitá","versao_snv":"202607A"},"geometry":{"type":"LineString","coordinates":[[-64.79371,-7.2664],[-64.79972,-7.2609]]}},{"type":"Feature","properties":{"br":"BR-230","snv":"230BAM2182","tipo":"Eixo Principal","inicio":"FIM DA PAVIMENTAÇÃO","fim":"RIO PINHUÃ","km_ini":832.3,"km_fim":832.9,"extensao":0.6,"superficie":"PLA","obra":null,"estadual_coincidente":null,"unidade_local":null,"versao_snv":"202607A"},"geometry":{"type":"LineString","coordinates":[[-64.79972,-7.2609],[-64.80281,-7.25677]]}},{"type":"Feature","properties":{"br":"BR-230","snv":"230BAM2185","tipo":"Eixo Principal","inicio":"RIO PINHUÃ","fim":"BOA VISTA","km_ini":832.9,"km_fim":1006.4,"extensao":173.5,"superficie":"PLA","obra":null,"estadual_coincidente":null,"unidade_local":null,"versao_snv":"202607A"},"geometry":{"type":"LineString","coordinates":[[-64.80281,-7.25677],[-65.28984,-6.9241],[-65.94523,-6.45147],[-66.04742,-6.4007]]}},{"type":"Feature","properties":{"br":"BR-230","snv":"230BAM2190","tipo":"Eixo Principal","inicio":"BOA VISTA","fim":"RIO BRANCO","km_ini":1006.4,"km_fim":1096.4,"extensao":90,"superficie":"PLA","obra":null,"estadual_coincidente":null,"unidade_local":null,"versao_snv":"202607A"},"geometry":{"type":"LineString","coordinates":[[-66.04742,-6.4007],[-66.32286,-6.26391],[-66.7487,-6.04954]]}},{"type":"Feature","properties":{"br":"BR-230","snv":"230BAM2195","tipo":"Eixo Principal","inicio":"RIO BRANCO","fim":"RIO TAPAUÁ","km_ini":1096.4,"km_fim":1146.4,"extensao":50,"superficie":"PLA","obra":null,"estadual_coincidente":null,"unidade_local":null,"versao_snv":"202607A"},"geometry":{"type":"LineString","coordinates":[[-66.7487,-6.04954],[-67.13789,-5.85363]]}},{"type":"Feature","properties":{"br":"BR-230","snv":"230BAM2200","tipo":"Eixo Principal","inicio":"RIO TAPAUÁ","fim":"ENTR AM-333","km_ini":1146.4,"km_fim":1216.4,"extensao":70,"superficie":"PLA","obra":null,"estadual_coincidente":null,"unidade_local":null,"versao_snv":"202607A"},"geometry":{"type":"LineString","coordinates":[[-67.13789,-5.85363],[-67.68275,-5.57935]]}},{"type":"Feature","properties":{"br":"BR-230","snv":"230BAM2205","tipo":"Eixo Principal","inicio":"ENTR AM-333","fim":"RIO MUTUM","km_ini":1216.4,"km_fim":1273.4,"extensao":57,"superficie":"PLA","obra":null,"estadual_coincidente":null,"unidade_local":null,"versao_snv":"202607A"},"geometry":{"type":"LineString","coordinates":[[-67.68275,-5.57935],[-68.12643,-5.356]]}},{"type":"Feature","properties":{"br":"BR-230","snv":"230BAM2210","tipo":"Eixo Principal","inicio":"RIO MUTUM","fim":"RIO JUTAÍ","km_ini":1273.4,"km_fim":1348.4,"extensao":75,"superficie":"PLA","obra":null,"estadual_coincidente":null,"unidade_local":null,"versao_snv":"202607A"},"geometry":{"type":"LineString","coordinates":[[-68.12643,-5.356],[-68.53364,-5.15102],[-68.71051,-5.06273]]}},{"type":"Feature","properties":{"br":"BR-230","snv":"230BAM2230","tipo":"Eixo Principal","inicio":"RIO JUTAÍ","fim":"IGARAPÉ BOA VISTA","km_ini":1348.4,"km_fim":1428.4,"extensao":80,"superficie":"PLA","obra":null,"estadual_coincidente":null,"unidade_local":null,"versao_snv":"202607A"},"geometry":{"type":"LineString","coordinates":[[-68.71051,-5.06273],[-69.33427,-4.75138]]}},{"type":"Feature","properties":{"br":"BR-230","snv":"230BAM2250","tipo":"Eixo Principal","inicio":"IGARAPÉ BOA VISTA","fim":"ENTR BR-230/307 (BENJAMIN CONSTANT)","km_ini":1428.4,"km_fim":1518.4,"extensao":90,"superficie":"PLA","obra":null,"estadual_coincidente":null,"unidade_local":null,"versao_snv":"202607A"},"geometry":{"type":"LineString","coordinates":[[-69.33427,-4.75138],[-70.03068,-4.39064]]}},{"type":"Feature","properties":{"br":"BR-174","snv":"174BAM0475","tipo":"Eixo Principal","inicio":"INÍCIO PONTE S/RIO AUTAZ MIRIM","fim":"INÍCIO PONTE S/RIO CURUÇÁ","km_ini":833.6,"km_fim":834.9,"extensao":1.3,"superficie":"PAV","obra":null,"estadual_coincidente":null,"unidade_local":"Castanho","versao_snv":"202607A"},"geometry":{"type":"LineString","coordinates":[[-59.86364,-3.28382],[-59.86147,-3.28106],[-59.85694,-3.27833],[-59.8545,-3.27507]]}},{"type":"Feature","properties":{"br":"BR-174","snv":"174BAM0570","tipo":"Eixo Principal","inicio":"INÍCIO PONTE S/RIO PRETO","fim":"INÍCIO PONTE S/RIO URUBÚ","km_ini":966.9,"km_fim":983.5,"extensao":16.6,"superficie":"PAV","obra":null,"estadual_coincidente":null,"unidade_local":"Prainha","versao_snv":"202607A"},"geometry":{"type":"LineString","coordinates":[[-60.03597,-2.25591],[-60.02826,-2.24235],[-59.99688,-2.13312],[-59.99497,-2.12211],[-59.99152,-2.11652],[-59.99136,-2.11414]]}},{"type":"Feature","properties":{"br":"BR-174","snv":"174BAM0230","tipo":"Eixo Principal","inicio":"DIV MT/AM","fim":"DEZ DIAS","km_ini":0,"km_fim":55,"extensao":55,"superficie":"PLA","obra":null,"estadual_coincidente":null,"unidade_local":null,"versao_snv":"202607A"},"geometry":{"type":"LineString","coordinates":[[-60.20736,-8.79818],[-60.5671,-8.43961]]}},{"type":"Feature","properties":{"br":"BR-174","snv":"174BAM0250","tipo":"Eixo Principal","inicio":"DEZ DIAS","fim":"SANTO ANTÔNIO","km_ini":55,"km_fim":130,"extensao":75,"superficie":"PLA","obra":null,"estadual_coincidente":null,"unidade_local":null,"versao_snv":"202607A"},"geometry":{"type":"LineString","coordinates":[[-60.5671,-8.43961],[-60.26015,-7.82573]]}},{"type":"Feature","properties":{"br":"BR-174","snv":"174BAM0270","tipo":"Eixo Principal","inicio":"SANTO ANTÔNIO","fim":"ARUANÃ","km_ini":130,"km_fim":180,"extensao":50,"superficie":"PLA","obra":null,"estadual_coincidente":null,"unidade_local":null,"versao_snv":"202607A"},"geometry":{"type":"LineString","coordinates":[[-60.26015,-7.82573],[-60.6718,-7.60591]]}},{"type":"Feature","properties":{"br":"BR-174","snv":"174BAM0290","tipo":"Eixo Principal","inicio":"ARUANÃ","fim":"ENTR BR-174/230","km_ini":180,"km_fim":195,"extensao":15,"superficie":"PLA","obra":null,"estadual_coincidente":null,"unidade_local":null,"versao_snv":"202607A"},"geometry":{"type":"LineString","coordinates":[[-60.6718,-7.60591],[-60.59963,-7.50538]]}},{"type":"Feature","properties":{"br":"BR-174","snv":"174BAM0300","tipo":"Eixo Principal","inicio":"ENTR BR-174/230","fim":"PRAINHA","km_ini":195,"km_fim":227,"extensao":32,"superficie":"IMP","obra":null,"estadual_coincidente":null,"unidade_local":"Humaitá","versao_snv":"202607A"},"geometry":{"type":"LineString","coordinates":[[-60.59963,-7.50538],[-60.60644,-7.48258],[-60.61244,-7.45266],[-60.60506,-7.42137],[-60.61336,-7.38021],[-60.6132,-7.33904],[-60.61923,-7.30043],[-60.62047,-7.28362],[-60.62564,-7.2639],[-60.63461,-7.2454],[-60.64809,-7.23212]]}},{"type":"Feature","properties":{"br":"BR-174","snv":"174BAM0310","tipo":"Eixo Principal","inicio":"PRAINHA","fim":"CAPITARÍ","km_ini":227,"km_fim":300,"extensao":73,"superficie":"PLA","obra":null,"estadual_coincidente":null,"unidade_local":null,"versao_snv":"202607A"},"geometry":{"type":"LineString","coordinates":[[-60.64809,-7.23212],[-60.64223,-7.22578],[-60.55891,-6.52587]]}},{"type":"Feature","properties":{"br":"BR-174","snv":"174BAM0330","tipo":"Eixo Principal","inicio":"CAPITARÍ","fim":"RIO ARUÁ","km_ini":300,"km_fim":340,"extensao":40,"superficie":"PLA","obra":null,"estadual_coincidente":null,"unidade_local":null,"versao_snv":"202607A"},"geometry":{"type":"LineString","coordinates":[[-60.55891,-6.52587],[-60.82011,-6.2731]]}},{"type":"Feature","properties":{"br":"BR-174","snv":"174BAM0350","tipo":"Eixo Principal","inicio":"RIO ARUÁ","fim":"ENTR AM-364 (MANICORÉ - INÍCIO TRAV RIO MADEIRA)","km_ini":340,"km_fim":412,"extensao":72,"superficie":"PLA","obra":null,"estadual_coincidente":null,"unidade_local":null,"versao_snv":"202607A"},"geometry":{"type":"LineString","coordinates":[[-60.82011,-6.2731],[-61.26108,-5.83548],[-61.2909,-5.82136]]}},{"type":"Feature","properties":{"br":"BR-174","snv":"174BAM0355","tipo":"Eixo Principal","inicio":"ENTR AM-364 (MANICORÉ - INÍCIO TRAV RIO MADEIRA)","fim":"FIM TRAV RIO MADEIRA","km_ini":412,"km_fim":428,"extensao":16,"superficie":"TRV","obra":null,"estadual_coincidente":null,"unidade_local":null,"versao_snv":"202607A"},"geometry":{"type":"LineString","coordinates":[[-61.2909,-5.82136],[-61.31029,-5.82204],[-61.32818,-5.84494],[-61.34765,-5.84119],[-61.37591,-5.80204],[-61.40095,-5.79526],[-61.42982,-5.7995]]}},{"type":"Feature","properties":{"br":"BR-174","snv":"174BAM0370","tipo":"Eixo Principal","inicio":"FIM TRAV RIO MADEIRA","fim":"PONTE S/ IGARAPÉ JATUARANA","km_ini":428,"km_fim":436.5,"extensao":8.5,"superficie":"PLA","obra":null,"estadual_coincidente":"Alienado","unidade_local":null,"versao_snv":"202607A"},"geometry":{"type":"LineString","coordinates":[[-61.42982,-5.7995],[-61.44523,-5.79349],[-61.44596,-5.79214],[-61.45746,-5.73877],[-61.45607,-5.73453]]}},{"type":"Feature","properties":{"br":"BR-174","snv":"174BAM0372","tipo":"Eixo Principal","inicio":"PONTE S/ IGARAPÉ JATUARANA","fim":"INÍCIO PONTE S/ RIO AMAPÁ","km_ini":436.5,"km_fim":472.3,"extensao":35.8,"superficie":"PLA","obra":null,"estadual_coincidente":"Alienado","unidade_local":null,"versao_snv":"202607A"},"geometry":{"type":"LineString","coordinates":[[-61.45607,-5.73453],[-61.4534,-5.72822],[-61.45239,-5.6295],[-61.4531,-5.62733],[-61.57049,-5.49898],[-61.5834,-5.48375],[-61.5839,-5.48239],[-61.58349,-5.47858]]}},{"type":"Feature","properties":{"br":"BR-174","snv":"174BAM0375","tipo":"Eixo Principal","inicio":"INÍCIO PONTE S/ RIO AMAPÁ","fim":"INÍCIO PONTE S/ RIO MATUPIRI","km_ini":472.3,"km_fim":503.7,"extensao":31.4,"superficie":"PLA","obra":null,"estadual_coincidente":"Alienado","unidade_local":null,"versao_snv":"202607A"},"geometry":{"type":"LineString","coordinates":[[-61.58349,-5.47858],[-61.58242,-5.47031],[-61.58516,-5.46335],[-61.61322,-5.43613],[-61.66283,-5.38104],[-61.72776,-5.31066],[-61.77965,-5.25203]]}},{"type":"Feature","properties":{"br":"BR-174","snv":"174BAM0380","tipo":"Eixo Principal","inicio":"INÍCIO PONTE S/ RIO MATUPIRI","fim":"ENTR BR-174/319/AM-364","km_ini":503.7,"km_fim":512,"extensao":8.3,"superficie":"PLA","obra":null,"estadual_coincidente":"Alienado","unidade_local":null,"versao_snv":"202607A"},"geometry":{"type":"LineString","coordinates":[[-61.77965,-5.25203],[-61.78224,-5.249],[-61.78628,-5.24675],[-61.79099,-5.24547],[-61.80634,-5.23164],[-61.83592,-5.19991]]}},{"type":"Feature","properties":{"br":"BR-174","snv":"174BAM0390","tipo":"Eixo Principal","inicio":"ENTR BR-174/319/AM-364","fim":"INÍCIO PONTE S/IGARAPÉ JACARETINGA","km_ini":512,"km_fim":568.6,"extensao":56.6,"superficie":"IMP","obra":null,"estadual_coincidente":null,"unidade_local":"Castanho","versao_snv":"202607A"},"geometry":{"type":"LineString","coordinates":[[-61.83592,-5.19991],[-61.779,-5.16382],[-61.70819,-5.1043],[-61.55884,-4.96776],[-61.49296,-4.91774],[-61.4669,-4.90421]]}},{"type":"Feature","properties":{"br":"BR-174","snv":"174BAM0400","tipo":"Eixo Principal","inicio":"INÍCIO PONTE S/IGARAPÉ JACARETINGA","fim":"FIM TRAVESSIA RIO IGAPÓ AÇU","km_ini":568.6,"km_fim":597.1,"extensao":28.5,"superficie":"IMP","obra":null,"estadual_coincidente":null,"unidade_local":"Castanho","versao_snv":"202607A"},"geometry":{"type":"LineString","coordinates":[[-61.4669,-4.90421],[-61.44869,-4.8953],[-61.44445,-4.89233],[-61.441,-4.88826],[-61.42332,-4.85926],[-61.42008,-4.85497],[-61.32027,-4.76517],[-61.30862,-4.74981],[-61.29305,-4.71292]]}},{"type":"Feature","properties":{"br":"BR-174","snv":"174BAM0405","tipo":"Eixo Principal","inicio":"FIM TRAVESSIA RIO IGAPÓ AÇU","fim":"INÍCIO TRAVESSIA RIO IGAPÓ AÇU","km_ini":597.1,"km_fim":597.5,"extensao":0.4,"superficie":"TRV","obra":null,"estadual_coincidente":null,"unidade_local":null,"versao_snv":"202607A"},"geometry":{"type":"LineString","coordinates":[[-61.29305,-4.71292],[-61.29215,-4.71105]]}},{"type":"Feature","properties":{"br":"BR-174","snv":"174BAM0480","tipo":"Eixo Principal","inicio":"INÍCIO PONTE S/RIO CURUÇÁ","fim":"INÍCIO PONTE S/RIO CAPITARI","km_ini":834.9,"km_fim":842.2,"extensao":7.3,"superficie":"PAV","obra":null,"estadual_coincidente":null,"unidade_local":"Castanho","versao_snv":"202607A"},"geometry":{"type":"LineString","coordinates":[[-59.8545,-3.27507],[-59.85332,-3.27276],[-59.85305,-3.26967],[-59.85614,-3.25503],[-59.86622,-3.24065],[-59.86727,-3.23831],[-59.86743,-3.23505],[-59.86568,-3.22721],[-59.86903,-3.21462]]}},{"type":"Feature","properties":{"br":"BR-174","snv":"174BAM0485","tipo":"Eixo Principal","inicio":"INÍCIO PONTE S/RIO CAPITARI","fim":"FIM TRAVESSIA RIO AMAZONAS (CAREIRO)","km_ini":842.2,"km_fim":845.2,"extensao":3,"superficie":"PAV","obra":null,"estadual_coincidente":null,"unidade_local":"Castanho","versao_snv":"202607A"},"geometry":{"type":"LineString","coordinates":[[-59.86903,-3.21462],[-59.8706,-3.20793],[-59.86871,-3.19024]]}},{"type":"Feature","properties":{"br":"BR-174","snv":"174BAM0490","tipo":"Eixo Principal","inicio":"FIM TRAVESSIA RIO AMAZONAS (CAREIRO)","fim":"INÍCIO TRAVESSIA RIO AMAZONAS","km_ini":845.2,"km_fim":857.2,"extensao":12,"superficie":"TRV","obra":null,"estadual_coincidente":null,"unidade_local":null,"versao_snv":"202607A"},"geometry":{"type":"LineString","coordinates":[[-59.86871,-3.19024],[-59.88784,-3.18269],[-59.89528,-3.14007],[-59.90403,-3.12887],[-59.92539,-3.13913],[-59.93992,-3.13451]]}},{"type":"Feature","properties":{"br":"BR-174","snv":"174BAM0510","tipo":"Eixo Principal","inicio":"INÍCIO TRAVESSIA RIO AMAZONAS","fim":"ENTR BR-174/319 (POLÍCIA RODOVIÁRIA FEDERAL (MANAUS))","km_ini":857.2,"km_fim":858.2,"extensao":1,"superficie":"PAV","obra":null,"estadual_coincidente":null,"unidade_local":"Castanho","versao_snv":"202607A"},"geometry":{"type":"LineString","coordinates":[[-59.93992,-3.13451],[-59.94747,-3.12961]]}},{"type":"Feature","properties":{"br":"BR-174","snv":"174BAM0515","tipo":"Eixo Principal","inicio":"ENTR BR-174/319 (POLÍCIA RODOVIÁRIA FEDERAL (MANAUS))","fim":"AV. GUARUBA (MANAUS)","km_ini":858.2,"km_fim":859.2,"extensao":1,"superficie":"PLA","obra":null,"estadual_coincidente":"Municipal","unidade_local":null,"versao_snv":"202607A"},"geometry":{"type":"LineString","coordinates":[[-59.94747,-3.12961],[-59.95124,-3.12772],[-59.95644,-3.12816]]}},{"type":"Feature","properties":{"br":"BR-174","snv":"174BAM0520","tipo":"Eixo Principal","inicio":"AV. GUARUBA (MANAUS)","fim":"ENTR AM-020","km_ini":859.2,"km_fim":865.8,"extensao":6.6,"superficie":"PLA","obra":null,"estadual_coincidente":"Municipal","unidade_local":null,"versao_snv":"202607A"},"geometry":{"type":"LineString","coordinates":[[-59.95644,-3.12816],[-59.95281,-3.12106],[-59.95172,-3.11538],[-59.94613,-3.1137],[-59.94497,-3.11203],[-59.94922,-3.08797],[-59.95586,-3.07976],[-59.95591,-3.0757]]}},{"type":"Feature","properties":{"br":"BR-174","snv":"174BAM0530","tipo":"Eixo Principal","inicio":"ENTR AM-020","fim":"FIM PISTA DUPLA","km_ini":865.8,"km_fim":872.1,"extensao":6.3,"superficie":"PLA","obra":null,"estadual_coincidente":"Municipal","unidade_local":null,"versao_snv":"202607A"},"geometry":{"type":"LineString","coordinates":[[-59.95591,-3.0757],[-59.95568,-3.07397],[-59.94527,-3.05134],[-59.94029,-3.03703],[-59.93379,-3.02496]]}},{"type":"Feature","properties":{"br":"BR-174","snv":"174BAM0535","tipo":"Eixo Principal","inicio":"FIM PISTA DUPLA","fim":"INICIO PISTA DUPLA","km_ini":872.1,"km_fim":874.3,"extensao":2.2,"superficie":"PLA","obra":null,"estadual_coincidente":"Municipal","unidade_local":null,"versao_snv":"202607A"},"geometry":{"type":"LineString","coordinates":[[-59.93379,-3.02496],[-59.93806,-3.01951],[-59.94002,-3.00803]]}},{"type":"Feature","properties":{"br":"BR-174","snv":"174BAM0540","tipo":"Eixo Principal","inicio":"INICIO PISTA DUPLA","fim":"ENTR AM-010","km_ini":874.3,"km_fim":883.5,"extensao":9.2,"superficie":"PLA","obra":null,"estadual_coincidente":null,"unidade_local":null,"versao_snv":"202607A"},"geometry":{"type":"LineString","coordinates":[[-59.94002,-3.00803],[-59.96117,-3.01105],[-59.96425,-3.01282],[-59.96699,-3.01224],[-59.96992,-3.01092],[-59.97561,-3.00531],[-59.97943,-3.00491],[-59.98156,-3.00377],[-59.98157,-2.99865],[-59.98001,-2.99614],[-59.98032,-2.99294],[-59.98133,-2.99199],[-59.98518,-2.99155],[-59.98798,-2.98748],[-59.98973,-2.98637],[-60.00811,-2.98571],[-60.01713,-2.98044]]}},{"type":"Feature","properties":{"br":"BR-174","snv":"174BAM0545","tipo":"Eixo Principal","inicio":"ENTR AM-010","fim":"ENTR AM-010","km_ini":883.5,"km_fim":884.5,"extensao":1,"superficie":"PLA","obra":null,"estadual_coincidente":"AM-010","unidade_local":null,"versao_snv":"202607A"},"geometry":{"type":"LineString","coordinates":[[-60.01713,-2.98044],[-60.01594,-2.97729],[-60.01562,-2.97212]]}},{"type":"Feature","properties":{"br":"BR-174","snv":"174BAM0550","tipo":"Eixo Principal","inicio":"ENTR AM-010","fim":"INÍCIO PONTE S/IGARAPÉ TARUMÃ AÇÚ","km_ini":884.5,"km_fim":914.5,"extensao":30,"superficie":"PAV","obra":null,"estadual_coincidente":null,"unidade_local":"Prainha","versao_snv":"202607A"},"geometry":{"type":"LineString","coordinates":[[-60.01562,-2.97212],[-60.02103,-2.96581],[-60.03062,-2.96111],[-60.03278,-2.95859],[-60.03381,-2.93906],[-60.03511,-2.92807],[-60.03846,-2.92127],[-60.03891,-2.91185],[-60.0355,-2.90176],[-60.03507,-2.89292],[-60.03476,-2.86554],[-60.03752,-2.85665],[-60.03288,-2.84688],[-60.03246,-2.84462],[-60.03708,-2.80627],[-60.03646,-2.77034],[-60.03726,-2.7594],[-60.03783,-2.75777],[-60.04234,-2.75148],[-60.04842,-2.70991]]}},{"type":"Feature","properties":{"br":"BR-174","snv":"174BAM0555","tipo":"Eixo Principal","inicio":"INÍCIO PONTE S/IGARAPÉ TARUMÃ AÇÚ","fim":"INÍCIO PONTE S/IGARAPÉ CABEÇA BRANCA","km_ini":914.5,"km_fim":929.3,"extensao":14.8,"superficie":"PAV","obra":null,"estadual_coincidente":null,"unidade_local":"Prainha","versao_snv":"202607A"},"geometry":{"type":"LineString","coordinates":[[-60.04842,-2.70991],[-60.04944,-2.69753],[-60.04558,-2.67041],[-60.04015,-2.64277],[-60.04007,-2.6254],[-60.03911,-2.60953],[-60.03532,-2.59479],[-60.03218,-2.58556]]}},{"type":"Feature","properties":{"br":"BR-174","snv":"174BAM0560","tipo":"Eixo Principal","inicio":"INÍCIO PONTE S/IGARAPÉ CABEÇA BRANCA","fim":"INÍCIO PONTE S/RIO PRETO","km_ini":929.3,"km_fim":966.9,"extensao":37.6,"superficie":"PAV","obra":null,"estadual_coincidente":null,"unidade_local":"Prainha","versao_snv":"202607A"},"geometry":{"type":"LineString","coordinates":[[-60.03218,-2.58556],[-60.0272,-2.57705],[-60.02627,-2.56836],[-60.02767,-2.56374],[-60.03521,-2.5495],[-60.03701,-2.54024],[-60.03644,-2.53052],[-60.03757,-2.51905],[-60.03501,-2.4967],[-60.02485,-2.44911],[-60.04083,-2.37636],[-60.042,-2.36281],[-60.04533,-2.34574],[-60.04754,-2.32935],[-60.03952,-2.26313],[-60.03884,-2.26084],[-60.03597,-2.25591]]}},{"type":"Feature","properties":{"br":"BR-174","snv":"174BAM0575","tipo":"Eixo Principal","inicio":"INÍCIO PONTE S/RIO URUBÚ","fim":"ENTR AM-240 (USINA HIDROELÉTRICA BALBINA)","km_ini":983.5,"km_fim":987.6,"extensao":4.1,"superficie":"PAV","obra":null,"estadual_coincidente":null,"unidade_local":"Prainha","versao_snv":"202607A"},"geometry":{"type":"LineString","coordinates":[[-59.99136,-2.11414],[-59.99515,-2.10189],[-60.0075,-2.08103]]}},{"type":"Feature","properties":{"br":"BR-174","snv":"174BAM0612","tipo":"Eixo Principal","inicio":"INÍCIO PONTE S/IGARAPÉ CORUJA","fim":"IGARAPÉ PICANÇO","km_ini":1056.5,"km_fim":1058.1,"extensao":1.6,"superficie":"PAV","obra":null,"estadual_coincidente":null,"unidade_local":"Prainha","versao_snv":"202607A"},"geometry":{"type":"LineString","coordinates":[[-60.23826,-1.53487],[-60.24406,-1.52334]]}},{"type":"Feature","properties":{"br":"BR-174","snv":"174BAM0580","tipo":"Eixo Principal","inicio":"ENTR AM-240 (USINA HIDROELÉTRICA BALBINA)","fim":"INÍCIO DUPLICAÇÃO (PRESIDENTE FIGUEIREDO)","km_ini":987.6,"km_fim":990.8,"extensao":3.2,"superficie":"PAV","obra":null,"estadual_coincidente":null,"unidade_local":"Prainha","versao_snv":"202607A"},"geometry":{"type":"LineString","coordinates":[[-60.0075,-2.08103],[-60.02243,-2.05581]]}},{"type":"Feature","properties":{"br":"BR-174","snv":"174BAM0582","tipo":"Eixo Principal","inicio":"INÍCIO DUPLICAÇÃO (PRESIDENTE FIGUEIREDO)","fim":"IGARAPÉ VEADOS (PRESIDENTE FIGUEIREDO)","km_ini":990.8,"km_fim":991.8,"extensao":1,"superficie":"DUP","obra":null,"estadual_coincidente":null,"unidade_local":"Prainha","versao_snv":"202607A"},"geometry":{"type":"LineString","coordinates":[[-60.02243,-2.05581],[-60.02524,-2.05098],[-60.02602,-2.04789]]}},{"type":"Feature","properties":{"br":"BR-174","snv":"174BAM0620","tipo":"Eixo Principal","inicio":"INÍCIO PONTE S/IGARAPÉ ITABOCA","fim":"INÍCIO TERRA INDÍGENA (RIO SANTO ANTÔNIO DA ABONARÍ)","km_ini":1064.7,"km_fim":1093.3,"extensao":28.6,"superficie":"PAV","obra":null,"estadual_coincidente":null,"unidade_local":"Prainha","versao_snv":"202607A"},"geometry":{"type":"LineString","coordinates":[[-60.27746,-1.47209],[-60.2795,-1.4693],[-60.28913,-1.45975],[-60.29547,-1.44709],[-60.34328,-1.37937],[-60.34824,-1.37576],[-60.35226,-1.37036],[-60.3574,-1.36797],[-60.35927,-1.36629],[-60.36014,-1.36407],[-60.36,-1.35733],[-60.36088,-1.35467],[-60.37408,-1.34096],[-60.39374,-1.30738],[-60.40496,-1.2939],[-60.40828,-1.2777],[-60.4063,-1.2614]]}},{"type":"Feature","properties":{"br":"BR-174","snv":"174BAM0630","tipo":"Eixo Principal","inicio":"INÍCIO TERRA INDÍGENA (RIO SANTO ANTÔNIO DA ABONARÍ)","fim":"INÍCIO PONTE S/IGARAPÉ ORLANDO","km_ini":1093.3,"km_fim":1115.8,"extensao":22.5,"superficie":"PAV","obra":null,"estadual_coincidente":null,"unidade_local":"Prainha","versao_snv":"202607A"},"geometry":{"type":"LineString","coordinates":[[-60.4063,-1.2614],[-60.41048,-1.24549],[-60.42256,-1.23012],[-60.43355,-1.20121],[-60.44523,-1.13634],[-60.45879,-1.11042],[-60.46213,-1.08841],[-60.46834,-1.06879]]}},{"type":"Feature","properties":{"br":"BR-174","snv":"174BAM0585","tipo":"Eixo Principal","inicio":"IGARAPÉ VEADOS (PRESIDENTE FIGUEIREDO)","fim":"INÍCIO PONTE S/IGARAPÉ LAGES","km_ini":991.8,"km_fim":997.7,"extensao":5.9,"superficie":"PAV","obra":null,"estadual_coincidente":null,"unidade_local":"Prainha","versao_snv":"202607A"},"geometry":{"type":"LineString","coordinates":[[-60.02602,-2.04789],[-60.02663,-1.99451]]}},{"type":"Feature","properties":{"br":"BR-174","snv":"174BAM0590","tipo":"Eixo Principal","inicio":"INÍCIO PONTE S/IGARAPÉ LAGES","fim":"INÍCIO PONTE S/IGARAPÉ SANTA CRUZ","km_ini":997.7,"km_fim":1008.3,"extensao":10.6,"superficie":"PAV","obra":null,"estadual_coincidente":null,"unidade_local":"Prainha","versao_snv":"202607A"},"geometry":{"type":"LineString","coordinates":[[-60.02663,-1.99451],[-60.03148,-1.96951],[-60.06164,-1.90623]]}},{"type":"Feature","properties":{"br":"BR-174","snv":"174BAM0595","tipo":"Eixo Principal","inicio":"INÍCIO PONTE S/IGARAPÉ SANTA CRUZ","fim":"INÍCIO PONTE S/IGARAPÉ CANOAS","km_ini":1008.3,"km_fim":1018.3,"extensao":10,"superficie":"PAV","obra":null,"estadual_coincidente":null,"unidade_local":"Prainha","versao_snv":"202607A"},"geometry":{"type":"LineString","coordinates":[[-60.06164,-1.90623],[-60.08046,-1.86658],[-60.08286,-1.86278],[-60.08668,-1.859],[-60.09745,-1.85544],[-60.11523,-1.83847]]}},{"type":"Feature","properties":{"br":"BR-174","snv":"174BAM0600","tipo":"Eixo Principal","inicio":"INÍCIO PONTE S/IGARAPÉ CANOAS","fim":"INÍCIO PONTE S/IGARAPÉ CANASTRA","km_ini":1018.3,"km_fim":1021.2,"extensao":2.9,"superficie":"PAV","obra":null,"estadual_coincidente":null,"unidade_local":"Prainha","versao_snv":"202607A"},"geometry":{"type":"LineString","coordinates":[[-60.11523,-1.83847],[-60.12063,-1.83499],[-60.12863,-1.83152],[-60.13667,-1.8249]]}},{"type":"Feature","properties":{"br":"BR-174","snv":"174BAM0610","tipo":"Eixo Principal","inicio":"INÍCIO PONTE S/IGARAPÉ CANASTRA","fim":"INÍCIO PONTE S/IGARAPÉ CORUJA","km_ini":1021.2,"km_fim":1056.5,"extensao":35.3,"superficie":"PAV","obra":null,"estadual_coincidente":null,"unidade_local":"Prainha","versao_snv":"202607A"},"geometry":{"type":"LineString","coordinates":[[-60.13667,-1.8249],[-60.14292,-1.81971],[-60.14472,-1.81717],[-60.1466,-1.80943],[-60.14613,-1.8027],[-60.14185,-1.78805],[-60.14185,-1.78516],[-60.14396,-1.76524],[-60.14584,-1.7596],[-60.14832,-1.7547],[-60.14875,-1.749],[-60.15421,-1.73508],[-60.15279,-1.71701],[-60.15618,-1.6944],[-60.18057,-1.65297],[-60.23826,-1.53487]]}},{"type":"Feature","properties":{"br":"BR-174","snv":"174BAM0635","tipo":"Eixo Principal","inicio":"INÍCIO PONTE S/IGARAPÉ ORLANDO","fim":"INÍCIO PONTE S/RIO TAQUARI","km_ini":1115.8,"km_fim":1120.8,"extensao":5,"superficie":"PAV","obra":null,"estadual_coincidente":null,"unidade_local":"Prainha","versao_snv":"202607A"},"geometry":{"type":"LineString","coordinates":[[-60.46834,-1.06879],[-60.48146,-1.02538]]}},{"type":"Feature","properties":{"br":"BR-174","snv":"174BAM0640","tipo":"Eixo Principal","inicio":"INÍCIO PONTE S/RIO TAQUARI","fim":"INÍCIO PONTE S/IGARAPÉ BENITO","km_ini":1120.8,"km_fim":1124.7,"extensao":3.9,"superficie":"PAV","obra":null,"estadual_coincidente":null,"unidade_local":"Prainha","versao_snv":"202607A"},"geometry":{"type":"LineString","coordinates":[[-60.48146,-1.02538],[-60.49124,-0.99151]]}},{"type":"Feature","properties":{"br":"BR-174","snv":"174BAM0650","tipo":"Eixo Principal","inicio":"INÍCIO PONTE S/IGARAPÉ TIARAJÚ","fim":"FIM PONTE S/RIO ALALAÚ (DIV AM/RR)","km_ini":1138.5,"km_fim":1140.2,"extensao":1.7,"superficie":"PAV","obra":null,"estadual_coincidente":null,"unidade_local":"Prainha","versao_snv":"202607A"},"geometry":{"type":"LineString","coordinates":[[-60.51457,-0.87245],[-60.51415,-0.86736],[-60.52013,-0.85928]]}},{"type":"Feature","properties":{"br":"BR-230","snv":"230BAM1840","tipo":"Eixo Principal","inicio":"INÍCIO TRV RIO SUCUNDURI","fim":"FIM TRAV R SUCUNDURI (VILA SUCUNDURI)","km_ini":106.6,"km_fim":106.9,"extensao":0.3,"superficie":"TRV","obra":null,"estadual_coincidente":null,"unidade_local":null,"versao_snv":"202607A"},"geometry":{"type":"LineString","coordinates":[[-59.05869,-6.80279],[-59.06105,-6.80409]]}},{"type":"Feature","properties":{"br":"BR-230","snv":"230BAM1845","tipo":"Eixo Principal","inicio":"FIM TRAV R SUCUNDURI (VILA SUCUNDURI)","fim":"IGARAPÉ CAMAIÚ","km_ini":106.9,"km_fim":141.4,"extensao":34.5,"superficie":"IMP","obra":null,"estadual_coincidente":null,"unidade_local":"Humaitá","versao_snv":"202607A"},"geometry":{"type":"LineString","coordinates":[[-59.06105,-6.80409],[-59.07448,-6.81147],[-59.08651,-6.81613],[-59.10598,-6.81796],[-59.11952,-6.81438],[-59.14617,-6.82091],[-59.17091,-6.83499],[-59.17904,-6.83893],[-59.208,-6.86128],[-59.21954,-6.87408],[-59.23453,-6.88318],[-59.25023,-6.88896],[-59.26536,-6.88912],[-59.28951,-6.90898],[-59.3075,-6.9167],[-59.32739,-6.93156],[-59.33044,-6.93454]]}},{"type":"Feature","properties":{"br":"BR-230","snv":"230BAM1850","tipo":"Eixo Principal","inicio":"IGARAPÉ CAMAIÚ","fim":"IGARAPÉ ANDORINHA","km_ini":141.4,"km_fim":182.7,"extensao":41.3,"superficie":"IMP","obra":null,"estadual_coincidente":null,"unidade_local":"Humaitá","versao_snv":"202607A"},"geometry":{"type":"LineString","coordinates":[[-59.33044,-6.93454],[-59.33222,-6.93515],[-59.34355,-6.94303],[-59.35836,-6.94341],[-59.37507,-6.94165],[-59.40025,-6.94863],[-59.41493,-6.96296],[-59.42941,-6.96836],[-59.44115,-6.9795],[-59.48023,-7.00471],[-59.49961,-7.00955],[-59.50176,-7.01145],[-59.50361,-7.01907],[-59.50467,-7.02111],[-59.52828,-7.03638],[-59.5387,-7.05039],[-59.5517,-7.05575],[-59.55894,-7.05452],[-59.56678,-7.05637],[-59.57595,-7.06364],[-59.58205,-7.07213],[-59.58876,-7.07764],[-59.59107,-7.0793],[-59.60195,-7.08417],[-59.60874,-7.08431],[-59.61334,-7.08805],[-59.61435,-7.08777],[-59.61769,-7.08437],[-59.61914,-7.08398],[-59.64382,-7.08775]]}},{"type":"Feature","properties":{"br":"BR-210","snv":"210BAM0730","tipo":"Eixo Principal","inicio":"INÍCIO DA IMPLANTAÇÃO","fim":"ENTR BR-210/307","km_ini":487.3,"km_fim":490,"extensao":2.7,"superficie":"IMP","obra":null,"estadual_coincidente":null,"unidade_local":"Castanho","versao_snv":"202607A"},"geometry":{"type":"LineString","coordinates":[[-66.63283,0.23328],[-66.63521,0.23389],[-66.64613,0.23349],[-66.6493,0.23468],[-66.65327,0.23757],[-66.6562,0.23774]]}},{"type":"Feature","properties":{"br":"BR-210","snv":"210BAM0750","tipo":"Eixo Principal","inicio":"ENTR BR-210/307","fim":"IÇANA","km_ini":490,"km_fim":556.8,"extensao":66.8,"superficie":"PLA","obra":null,"estadual_coincidente":null,"unidade_local":null,"versao_snv":"202607A"},"geometry":{"type":"LineString","coordinates":[[-66.6562,0.23774],[-66.90831,0.30966],[-67.26258,0.36871]]}},{"type":"Feature","properties":{"br":"BR-210","snv":"210BAM0770","tipo":"Eixo Principal","inicio":"IÇANA","fim":"RIO PIRAIVARA","km_ini":556.8,"km_fim":632.5,"extensao":75.7,"superficie":"PLA","obra":null,"estadual_coincidente":null,"unidade_local":null,"versao_snv":"202607A"},"geometry":{"type":"LineString","coordinates":[[-67.26258,0.36871],[-67.33108,0.38012],[-67.33861,0.4104],[-67.40154,0.51126],[-67.43482,0.56215],[-67.72599,0.87005]]}},{"type":"Feature","properties":{"br":"BR-210","snv":"210BAM0810","tipo":"Eixo Principal","inicio":"RIO PIRAIVARA","fim":"IGARAPÉ PIRAPOCU","km_ini":632.5,"km_fim":692.5,"extensao":60,"superficie":"PLA","obra":null,"estadual_coincidente":null,"unidade_local":null,"versao_snv":"202607A"},"geometry":{"type":"LineString","coordinates":[[-67.72599,0.87005],[-68.08463,1.25111],[-68.11941,1.25016]]}},{"type":"Feature","properties":{"br":"BR-210","snv":"210BAM0830","tipo":"Eixo Principal","inicio":"IGARAPÉ PIRAPOCU","fim":"IGARAPÉ CAMARÃO","km_ini":692.5,"km_fim":777.5,"extensao":85,"superficie":"PLA","obra":null,"estadual_coincidente":null,"unidade_local":null,"versao_snv":"202607A"},"geometry":{"type":"LineString","coordinates":[[-68.11941,1.25016],[-68.90973,1.22888]]}},{"type":"Feature","properties":{"br":"BR-210","snv":"210BAM0850","tipo":"Eixo Principal","inicio":"IGARAPÉ CAMARÃO","fim":"CIPÓ POCÓ","km_ini":777.5,"km_fim":828.5,"extensao":51,"superficie":"PLA","obra":null,"estadual_coincidente":null,"unidade_local":null,"versao_snv":"202607A"},"geometry":{"type":"LineString","coordinates":[[-68.90973,1.22888],[-69.10633,1.22371],[-69.38371,1.21042]]}},{"type":"Feature","properties":{"br":"BR-210","snv":"210BAM0870","tipo":"Eixo Principal","inicio":"CIPÓ POCÓ","fim":"FRONT BRASIL/COLOMBIA","km_ini":828.5,"km_fim":878.8,"extensao":50.3,"superficie":"PLA","obra":null,"estadual_coincidente":null,"unidade_local":null,"versao_snv":"202607A"},"geometry":{"type":"LineString","coordinates":[[-69.38371,1.21042],[-69.85103,1.18802]]}},{"type":"Feature","properties":{"br":"BR-210","snv":"210BAM0610","tipo":"Eixo Principal","inicio":"DIV RR/AM","fim":"RIO ARAÇÁ","km_ini":0,"km_fim":164.5,"extensao":164.5,"superficie":"PLA","obra":null,"estadual_coincidente":null,"unidade_local":null,"versao_snv":"202607A"},"geometry":{"type":"LineString","coordinates":[[-62.74931,1.50437],[-63.88907,0.73954],[-63.93414,0.72354]]}},{"type":"Feature","properties":{"br":"BR-210","snv":"210BAM0650","tipo":"Eixo Principal","inicio":"RIO ARAÇÁ","fim":"RIO PADAUARI","km_ini":164.5,"km_fim":202.5,"extensao":38,"superficie":"PLA","obra":null,"estadual_coincidente":null,"unidade_local":null,"versao_snv":"202607A"},"geometry":{"type":"LineString","coordinates":[[-63.93414,0.72354],[-63.94974,0.71801],[-64.17483,0.61623],[-64.23789,0.60252]]}},{"type":"Feature","properties":{"br":"BR-210","snv":"210BAM0670","tipo":"Eixo Principal","inicio":"RIO PADAUARI","fim":"ENTR AM-170","km_ini":202.5,"km_fim":297.5,"extensao":95,"superficie":"PLA","obra":null,"estadual_coincidente":null,"unidade_local":null,"versao_snv":"202607A"},"geometry":{"type":"LineString","coordinates":[[-64.23789,0.60252],[-65.03947,0.4283]]}},{"type":"Feature","properties":{"br":"BR-210","snv":"210BAM0690","tipo":"Eixo Principal","inicio":"ENTR AM-170","fim":"RIO MAIA","km_ini":297.5,"km_fim":382.5,"extensao":85,"superficie":"PLA","obra":null,"estadual_coincidente":null,"unidade_local":null,"versao_snv":"202607A"},"geometry":{"type":"LineString","coordinates":[[-65.03947,0.4283],[-65.75685,0.27322]]}},{"type":"Feature","properties":{"br":"BR-210","snv":"210BAM0710","tipo":"Eixo Principal","inicio":"RIO MAIA","fim":"INÍCIO DA IMPLANTAÇÃO","km_ini":382.5,"km_fim":487.3,"extensao":104.8,"superficie":"PLA","obra":null,"estadual_coincidente":null,"unidade_local":null,"versao_snv":"202607A"},"geometry":{"type":"LineString","coordinates":[[-65.75685,0.27322],[-66.36893,0.14257],[-66.63283,0.23328]]}},{"type":"Feature","properties":{"br":"BR-230","snv":"230BAM1810","tipo":"Eixo Principal","inicio":"DIV PA/AM (IGARAPÉ PALMARES)","fim":"IGARAPÉ BORRACHUDO","km_ini":0,"km_fim":21.5,"extensao":21.5,"superficie":"IMP","obra":null,"estadual_coincidente":null,"unidade_local":"Humaitá","versao_snv":"202607A"},"geometry":{"type":"LineString","coordinates":[[-58.23703,-6.41941],[-58.24288,-6.4224],[-58.26703,-6.42733],[-58.28462,-6.42644],[-58.3001,-6.41641],[-58.30273,-6.41646],[-58.31659,-6.41957],[-58.33393,-6.43237],[-58.34763,-6.45151],[-58.34791,-6.45268],[-58.34619,-6.4585],[-58.34824,-6.46101],[-58.34862,-6.46466],[-58.34987,-6.46668],[-58.36633,-6.47411],[-58.37246,-6.47956],[-58.38476,-6.4813],[-58.39135,-6.48641]]}},{"type":"Feature","properties":{"br":"BR-230","snv":"230BAM1860","tipo":"Eixo Principal","inicio":"RIO ACARÍ","fim":"RIO QUEIXADA","km_ini":188,"km_fim":190,"extensao":2,"superficie":"IMP","obra":null,"estadual_coincidente":null,"unidade_local":"Humaitá","versao_snv":"202607A"},"geometry":{"type":"LineString","coordinates":[[-59.68865,-7.10194],[-59.69742,-7.10645],[-59.70531,-7.10476]]}},{"type":"Feature","properties":{"br":"BR-230","snv":"230BAM1865","tipo":"Eixo Principal","inicio":"RIO QUEIXADA","fim":"APUÍ","km_ini":190,"km_fim":213.2,"extensao":23.2,"superficie":"IMP","obra":null,"estadual_coincidente":null,"unidade_local":"Humaitá","versao_snv":"202607A"},"geometry":{"type":"LineString","coordinates":[[-59.70531,-7.10476],[-59.70966,-7.10401],[-59.71373,-7.10682],[-59.71541,-7.10729],[-59.72305,-7.10757],[-59.73037,-7.10646],[-59.73747,-7.1086],[-59.73989,-7.11187],[-59.7435,-7.1136],[-59.75328,-7.11487],[-59.76034,-7.11718],[-59.77731,-7.1287],[-59.78789,-7.14713],[-59.79743,-7.15642],[-59.80417,-7.15961],[-59.81738,-7.161],[-59.82857,-7.17029],[-59.86557,-7.18558],[-59.87717,-7.18979],[-59.88284,-7.19277]]}},{"type":"Feature","properties":{"br":"BR-230","snv":"230BAM1815","tipo":"Eixo Principal","inicio":"IGARAPÉ BORRACHUDO","fim":"ACESSO AO RIO TAPAJÓS","km_ini":21.5,"km_fim":26.1,"extensao":4.6,"superficie":"IMP","obra":null,"estadual_coincidente":null,"unidade_local":"Humaitá","versao_snv":"202607A"},"geometry":{"type":"LineString","coordinates":[[-58.39135,-6.48641],[-58.40205,-6.49487],[-58.41127,-6.49786],[-58.42738,-6.50589]]}},{"type":"Feature","properties":{"br":"BR-230","snv":"230BAM1820","tipo":"Eixo Principal","inicio":"ACESSO AO RIO TAPAJÓS","fim":"IGARAPÉ PIUM","km_ini":26.1,"km_fim":42.6,"extensao":16.5,"superficie":"IMP","obra":null,"estadual_coincidente":null,"unidade_local":"Humaitá","versao_snv":"202607A"},"geometry":{"type":"LineString","coordinates":[[-58.42738,-6.50589],[-58.4369,-6.51063],[-58.44431,-6.51153],[-58.46439,-6.52061],[-58.48612,-6.52129],[-58.51679,-6.51874],[-58.53014,-6.52954],[-58.55876,-6.53964],[-58.56447,-6.54517]]}},{"type":"Feature","properties":{"br":"BR-230","snv":"230BAM1985","tipo":"Eixo Principal","inicio":"RIO DOS MARMELOS","fim":"RIO AMAZONÍA (FIM ÁREA IND TENHARIM)","km_ini":486,"km_fim":516.3,"extensao":30.3,"superficie":"IMP","obra":null,"estadual_coincidente":null,"unidade_local":"Humaitá","versao_snv":"202607A"},"geometry":{"type":"LineString","coordinates":[[-62.04769,-7.9612],[-62.05618,-7.95484],[-62.09185,-7.94001],[-62.13039,-7.92712],[-62.15863,-7.90909],[-62.1838,-7.89162],[-62.21015,-7.88301],[-62.22105,-7.87873],[-62.2536,-7.86187],[-62.29224,-7.83961]]}},{"type":"Feature","properties":{"br":"BR-230","snv":"230BAM1990","tipo":"Eixo Principal","inicio":"RIO AMAZONÍA (FIM ÁREA IND TENHARIM)","fim":"RIO MAICÍ","km_ini":516.3,"km_fim":522.5,"extensao":6.2,"superficie":"IMP","obra":null,"estadual_coincidente":null,"unidade_local":"Humaitá","versao_snv":"202607A"},"geometry":{"type":"LineString","coordinates":[[-62.29224,-7.83961],[-62.29409,-7.83554],[-62.29651,-7.83401],[-62.29905,-7.83436],[-62.31049,-7.83286],[-62.33822,-7.81209]]}},{"type":"Feature","properties":{"br":"BR-230","snv":"230BAM1995","tipo":"Eixo Principal","inicio":"RIO MAICÍ","fim":"IGARAPÉ 9 DE JANEIRO","km_ini":522.5,"km_fim":541.1,"extensao":18.6,"superficie":"IMP","obra":null,"estadual_coincidente":null,"unidade_local":"Humaitá","versao_snv":"202607A"},"geometry":{"type":"LineString","coordinates":[[-62.33822,-7.81209],[-62.34848,-7.80459],[-62.39088,-7.79055],[-62.44334,-7.76982],[-62.44598,-7.76764],[-62.46796,-7.7434],[-62.48533,-7.73601]]}},{"type":"Feature","properties":{"br":"BR-230","snv":"230BAM2000","tipo":"Eixo Principal","inicio":"IGARAPÉ 9 DE JANEIRO","fim":"RIO MAICÍ MIRIM","km_ini":541.1,"km_fim":562.7,"extensao":21.6,"superficie":"IMP","obra":null,"estadual_coincidente":null,"unidade_local":"Humaitá","versao_snv":"202607A"},"geometry":{"type":"LineString","coordinates":[[-62.48533,-7.73601],[-62.50774,-7.72698],[-62.54429,-7.70618],[-62.56129,-7.69352],[-62.59495,-7.66656],[-62.63899,-7.64135],[-62.65297,-7.63639]]}},{"type":"Feature","properties":{"br":"BR-230","snv":"230BAM2005","tipo":"Eixo Principal","inicio":"RIO MAICÍ MIRIM","fim":"IGARAPÉ TRAÍRA","km_ini":562.7,"km_fim":573,"extensao":10.3,"superficie":"IMP","obra":null,"estadual_coincidente":null,"unidade_local":"Humaitá","versao_snv":"202607A"},"geometry":{"type":"LineString","coordinates":[[-62.65297,-7.63639],[-62.65868,-7.63438],[-62.67403,-7.62628],[-62.69382,-7.61232],[-62.73282,-7.59611],[-62.73637,-7.59541]]}},{"type":"Feature","properties":{"br":"BR-230","snv":"230BAM2010","tipo":"Eixo Principal","inicio":"IGARAPÉ TRAÍRA","fim":"IGARAPÉ BOIÚÇU","km_ini":573,"km_fim":587.2,"extensao":14.2,"superficie":"IMP","obra":null,"estadual_coincidente":null,"unidade_local":"Humaitá","versao_snv":"202607A"},"geometry":{"type":"LineString","coordinates":[[-62.73637,-7.59541],[-62.75147,-7.59056],[-62.77025,-7.58117],[-62.81274,-7.56199],[-62.83965,-7.56098],[-62.85566,-7.56134],[-62.85803,-7.56086]]}},{"type":"Feature","properties":{"br":"BR-230","snv":"230BAM2015","tipo":"Eixo Principal","inicio":"IGARAPÉ BOIÚÇU","fim":"IGARAPÉ CHICANGA","km_ini":587.2,"km_fim":603.3,"extensao":16.1,"superficie":"IMP","obra":null,"estadual_coincidente":null,"unidade_local":"Humaitá","versao_snv":"202607A"},"geometry":{"type":"LineString","coordinates":[[-62.85803,-7.56086],[-62.87323,-7.55394],[-62.88107,-7.54398],[-62.88187,-7.54047],[-62.87915,-7.52817],[-62.87908,-7.5245],[-62.88313,-7.51185],[-62.8893,-7.50363],[-62.89126,-7.50189],[-62.90207,-7.49496],[-62.91546,-7.49003],[-62.93018,-7.49116],[-62.94887,-7.48668],[-62.95824,-7.48709]]}},{"type":"Feature","properties":{"br":"BR-230","snv":"230BAM1825","tipo":"Eixo Principal","inicio":"IGARAPÉ PIUM","fim":"IGARAPÉ PALOMITA","km_ini":42.6,"km_fim":48.9,"extensao":6.3,"superficie":"IMP","obra":null,"estadual_coincidente":null,"unidade_local":"Humaitá","versao_snv":"202607A"},"geometry":{"type":"LineString","coordinates":[[-58.56447,-6.54517],[-58.60361,-6.58604]]}},{"type":"Feature","properties":{"br":"BR-230","snv":"230BAM1830","tipo":"Eixo Principal","inicio":"IGARAPÉ PALOMITA","fim":"IGARAPÉ DO ABACAXI","km_ini":48.9,"km_fim":84.2,"extensao":35.3,"superficie":"IMP","obra":null,"estadual_coincidente":null,"unidade_local":"Humaitá","versao_snv":"202607A"},"geometry":{"type":"LineString","coordinates":[[-58.60361,-6.58604],[-58.6171,-6.59973],[-58.63557,-6.61216],[-58.66242,-6.61434],[-58.67936,-6.62557],[-58.68593,-6.63457],[-58.70248,-6.64248],[-58.72015,-6.64652],[-58.77014,-6.66943],[-58.79004,-6.67455],[-58.8174,-6.68654],[-58.83065,-6.68646],[-58.84634,-6.69491],[-58.88465,-6.70289],[-58.88885,-6.7055]]}},{"type":"Feature","properties":{"br":"BR-230","snv":"230BAM1835","tipo":"Eixo Principal","inicio":"IGARAPÉ DO ABACAXI","fim":"INÍCIO TRV RIO SUCUNDURI","km_ini":84.2,"km_fim":106.6,"extensao":22.4,"superficie":"IMP","obra":null,"estadual_coincidente":null,"unidade_local":"Humaitá","versao_snv":"202607A"},"geometry":{"type":"LineString","coordinates":[[-58.88885,-6.7055],[-58.9167,-6.72432],[-58.93651,-6.7273],[-58.98095,-6.74288],[-59.00232,-6.76428],[-59.01305,-6.7713],[-59.01508,-6.77536],[-59.02285,-6.7856],[-59.02848,-6.78832],[-59.03669,-6.79118],[-59.05869,-6.80279]]}},{"type":"Feature","properties":{"br":"BR-230","snv":"230BAM1855","tipo":"Eixo Principal","inicio":"IGARAPÉ ANDORINHA","fim":"RIO ACARÍ","km_ini":182.7,"km_fim":188,"extensao":5.3,"superficie":"IMP","obra":null,"estadual_coincidente":null,"unidade_local":"Humaitá","versao_snv":"202607A"},"geometry":{"type":"LineString","coordinates":[[-59.64382,-7.08775],[-59.67097,-7.09243],[-59.68865,-7.10194]]}},{"type":"Feature","properties":{"br":"BR-230","snv":"230BAM1870","tipo":"Eixo Principal","inicio":"APUÍ","fim":"RIO JUMA","km_ini":213.2,"km_fim":218.4,"extensao":5.2,"superficie":"IMP","obra":null,"estadual_coincidente":null,"unidade_local":"Humaitá","versao_snv":"202607A"},"geometry":{"type":"LineString","coordinates":[[-59.88284,-7.19277],[-59.88954,-7.19713],[-59.90092,-7.20906],[-59.91139,-7.21516],[-59.92147,-7.21696]]}},{"type":"Feature","properties":{"br":"BR-230","snv":"230BAM1875","tipo":"Eixo Principal","inicio":"RIO JUMA","fim":"RIO DAS POMBAS","km_ini":218.4,"km_fim":237,"extensao":18.6,"superficie":"IMP","obra":null,"estadual_coincidente":null,"unidade_local":"Humaitá","versao_snv":"202607A"},"geometry":{"type":"LineString","coordinates":[[-59.92147,-7.21696],[-59.92258,-7.21629],[-59.92211,-7.21156],[-59.92267,-7.21089],[-59.92476,-7.21082],[-59.93083,-7.21357],[-59.93427,-7.21904],[-59.94313,-7.22552],[-59.9501,-7.23264],[-59.95202,-7.23352],[-59.95855,-7.23449],[-59.97658,-7.22778],[-59.97844,-7.22854],[-59.98451,-7.23372],[-59.98604,-7.23431],[-59.98819,-7.23423],[-59.99285,-7.2322],[-59.99804,-7.231],[-60.00308,-7.23164],[-60.01386,-7.23593],[-60.02016,-7.24409],[-60.05232,-7.27547]]}},{"type":"Feature","properties":{"br":"BR-230","snv":"230BAM1880","tipo":"Eixo Principal","inicio":"RIO DAS POMBAS","fim":"IGARAPÉ JATUARANA","km_ini":237,"km_fim":293.9,"extensao":56.9,"superficie":"IMP","obra":null,"estadual_coincidente":null,"unidade_local":"Humaitá","versao_snv":"202607A"},"geometry":{"type":"LineString","coordinates":[[-60.05232,-7.27547],[-60.06139,-7.28191],[-60.07114,-7.2838],[-60.08631,-7.29091],[-60.12226,-7.29513],[-60.13306,-7.30065],[-60.13859,-7.30073],[-60.16477,-7.31073],[-60.18101,-7.30859],[-60.19005,-7.31105],[-60.21985,-7.32559],[-60.22853,-7.33884],[-60.24056,-7.34168],[-60.24444,-7.34425],[-60.25061,-7.34546],[-60.25461,-7.34845],[-60.26445,-7.35822],[-60.27872,-7.36539],[-60.28268,-7.36584],[-60.30114,-7.37175],[-60.30237,-7.37269],[-60.30408,-7.37576],[-60.30767,-7.37828],[-60.31088,-7.38204],[-60.3281,-7.38495],[-60.34141,-7.39089],[-60.3434,-7.39065],[-60.34785,-7.38791],[-60.34952,-7.38754],[-60.35633,-7.38857],[-60.36029,-7.3917],[-60.36649,-7.39158],[-60.37718,-7.40074],[-60.37868,-7.40563],[-60.38505,-7.41162],[-60.38716,-7.41545],[-60.39851,-7.42116],[-60.40384,-7.42161],[-60.40807,-7.42318],[-60.41297,-7.42933],[-60.42944,-7.43903],[-60.44248,-7.44088],[-60.45281,-7.44497],[-60.46024,-7.44692],[-60.48039,-7.4584],[-60.48652,-7.45926],[-60.49521,-7.46469],[-60.50429,-7.46378]]}},{"type":"Feature","properties":{"br":"BR-230","snv":"230BAM1890","tipo":"Eixo Principal","inicio":"IGARAPÉ JATUARANA","fim":"ENTR BR-174/230","km_ini":293.9,"km_fim":306,"extensao":12.1,"superficie":"IMP","obra":null,"estadual_coincidente":null,"unidade_local":"Humaitá","versao_snv":"202607A"},"geometry":{"type":"LineString","coordinates":[[-60.50429,-7.46378],[-60.5124,-7.46285],[-60.52374,-7.46724],[-60.53684,-7.47618],[-60.53937,-7.47868],[-60.54779,-7.48092],[-60.56018,-7.49013],[-60.56495,-7.49239],[-60.57286,-7.50135],[-60.58176,-7.50343],[-60.59476,-7.50253],[-60.59963,-7.50538]]}},{"type":"Feature","properties":{"br":"BR-230","snv":"230BAM1900","tipo":"Eixo Principal","inicio":"ENTR BR-174/230","fim":"IGARAPÉ DO PEIXE","km_ini":306,"km_fim":311.4,"extensao":5.4,"superficie":"IMP","obra":null,"estadual_coincidente":null,"unidade_local":"Humaitá","versao_snv":"202607A"},"geometry":{"type":"LineString","coordinates":[[-60.59963,-7.50538],[-60.60228,-7.50695],[-60.61396,-7.51096],[-60.62295,-7.51457],[-60.62501,-7.51599],[-60.62824,-7.51669],[-60.6418,-7.52242],[-60.6431,-7.52246],[-60.64531,-7.52071]]}},{"type":"Feature","properties":{"br":"BR-230","snv":"230BAM1905","tipo":"Eixo Principal","inicio":"IGARAPÉ DO PEIXE","fim":"INÍCIO TRAVESSIA RIO ARIPUANÃ","km_ini":311.4,"km_fim":314.4,"extensao":3,"superficie":"IMP","obra":null,"estadual_coincidente":null,"unidade_local":"Humaitá","versao_snv":"202607A"},"geometry":{"type":"LineString","coordinates":[[-60.64531,-7.52071],[-60.64883,-7.51779],[-60.65066,-7.51734],[-60.66517,-7.52399],[-60.67034,-7.52367]]}},{"type":"Feature","properties":{"br":"BR-230","snv":"230BAM1910","tipo":"Eixo Principal","inicio":"INÍCIO TRAVESSIA RIO ARIPUANÃ","fim":"FIM TRAVESSIA RIO ARIPUANÃ","km_ini":314.4,"km_fim":314.8,"extensao":0.4,"superficie":"TRV","obra":null,"estadual_coincidente":null,"unidade_local":null,"versao_snv":"202607A"},"geometry":{"type":"LineString","coordinates":[[-60.67034,-7.52367],[-60.67189,-7.52082]]}},{"type":"Feature","properties":{"br":"BR-230","snv":"230BAM1925","tipo":"Eixo Principal","inicio":"FIM TRAVESSIA RIO ARIPUANÃ","fim":"IGARAPÉ OURO VERDE","km_ini":314.8,"km_fim":327.3,"extensao":12.5,"superficie":"IMP","obra":null,"estadual_coincidente":null,"unidade_local":"Humaitá","versao_snv":"202607A"},"geometry":{"type":"LineString","coordinates":[[-60.67189,-7.52082],[-60.67678,-7.52339],[-60.68278,-7.52384],[-60.68943,-7.52899],[-60.71104,-7.54985],[-60.72898,-7.57007],[-60.74706,-7.58402],[-60.75623,-7.59392]]}},{"type":"Feature","properties":{"br":"BR-230","snv":"230BAM1930","tipo":"Eixo Principal","inicio":"IGARAPÉ OURO VERDE","fim":"ACESSO AO RIO ROOSEVELT","km_ini":327.3,"km_fim":344.9,"extensao":17.6,"superficie":"IMP","obra":null,"estadual_coincidente":null,"unidade_local":"Humaitá","versao_snv":"202607A"},"geometry":{"type":"LineString","coordinates":[[-60.75623,-7.59392],[-60.76322,-7.60149],[-60.7771,-7.60997],[-60.80522,-7.61561],[-60.81118,-7.62082],[-60.82504,-7.63975],[-60.84916,-7.65016],[-60.86435,-7.64994],[-60.87982,-7.65689],[-60.89009,-7.66716]]}},{"type":"Feature","properties":{"br":"BR-230","snv":"230BAM1935","tipo":"Eixo Principal","inicio":"ACESSO AO RIO ROOSEVELT","fim":"IGARAPÉ DO WANDO","km_ini":344.9,"km_fim":352,"extensao":7.1,"superficie":"IMP","obra":null,"estadual_coincidente":null,"unidade_local":"Humaitá","versao_snv":"202607A"},"geometry":{"type":"LineString","coordinates":[[-60.89009,-7.66716],[-60.89454,-7.67155],[-60.90037,-7.67489],[-60.9033,-7.67882],[-60.90751,-7.67891],[-60.91907,-7.68498],[-60.94812,-7.6866]]}},{"type":"Feature","properties":{"br":"BR-230","snv":"230BAM1940","tipo":"Eixo Principal","inicio":"IGARAPÉ DO WANDO","fim":"IGARAPÉ JATUARANINHA","km_ini":352,"km_fim":378.8,"extensao":26.8,"superficie":"IMP","obra":null,"estadual_coincidente":null,"unidade_local":"Humaitá","versao_snv":"202607A"},"geometry":{"type":"LineString","coordinates":[[-60.94812,-7.6866],[-60.96787,-7.68569],[-60.99288,-7.69041],[-60.99498,-7.69188],[-61.00396,-7.7043],[-61.00991,-7.70799],[-61.02977,-7.70589],[-61.03285,-7.70619],[-61.09025,-7.73834],[-61.11836,-7.74498],[-61.14544,-7.77097],[-61.16287,-7.77423]]}},{"type":"Feature","properties":{"br":"BR-230","snv":"230BAM1945","tipo":"Eixo Principal","inicio":"IGARAPÉ JATUARANINHA","fim":"RIO MANICORÉ","km_ini":378.8,"km_fim":400.6,"extensao":21.8,"superficie":"IMP","obra":null,"estadual_coincidente":null,"unidade_local":"Humaitá","versao_snv":"202607A"},"geometry":{"type":"LineString","coordinates":[[-61.16287,-7.77423],[-61.16839,-7.77553],[-61.19356,-7.7912],[-61.21293,-7.80987],[-61.23794,-7.82012],[-61.25771,-7.82901],[-61.28343,-7.83852],[-61.29679,-7.84208],[-61.30725,-7.84683],[-61.34012,-7.85603]]}},{"type":"Feature","properties":{"br":"BR-230","snv":"230BAM1950","tipo":"Eixo Principal","inicio":"RIO MANICORÉ","fim":"RIO MATUPI","km_ini":400.6,"km_fim":424.7,"extensao":24.1,"superficie":"IMP","obra":null,"estadual_coincidente":null,"unidade_local":"Humaitá","versao_snv":"202607A"},"geometry":{"type":"LineString","coordinates":[[-61.34012,-7.85603],[-61.35955,-7.85953],[-61.39967,-7.87101],[-61.42938,-7.87243],[-61.45726,-7.88512],[-61.48701,-7.89606],[-61.515,-7.90276],[-61.54231,-7.91169],[-61.54889,-7.91559]]}},{"type":"Feature","properties":{"br":"BR-230","snv":"230BAM1952","tipo":"Eixo Principal","inicio":"RIO MATUPI","fim":"VILA DO SANTO ANTÔNIO DO MATUPI","km_ini":424.7,"km_fim":427.4,"extensao":2.7,"superficie":"IMP","obra":null,"estadual_coincidente":null,"unidade_local":"Humaitá","versao_snv":"202607A"},"geometry":{"type":"LineString","coordinates":[[-61.54889,-7.91559],[-61.5698,-7.92828]]}},{"type":"Feature","properties":{"br":"BR-230","snv":"230BAM1955","tipo":"Eixo Principal","inicio":"VILA DO SANTO ANTÔNIO DO MATUPI","fim":"RIO BRANCO","km_ini":427.4,"km_fim":439.7,"extensao":12.3,"superficie":"IMP","obra":null,"estadual_coincidente":null,"unidade_local":"Humaitá","versao_snv":"202607A"},"geometry":{"type":"LineString","coordinates":[[-61.5698,-7.92828],[-61.60365,-7.94047],[-61.60925,-7.94159],[-61.62565,-7.94252],[-61.62901,-7.94342],[-61.6471,-7.95412],[-61.64994,-7.95889],[-61.65154,-7.96038],[-61.66509,-7.96374],[-61.66929,-7.96928]]}},{"type":"Feature","properties":{"br":"BR-230","snv":"230BAM1960","tipo":"Eixo Principal","inicio":"RIO BRANCO","fim":"IGARAPÉ DO INFERNO","km_ini":439.7,"km_fim":442.5,"extensao":2.8,"superficie":"IMP","obra":null,"estadual_coincidente":null,"unidade_local":"Humaitá","versao_snv":"202607A"},"geometry":{"type":"LineString","coordinates":[[-61.66929,-7.96928],[-61.67849,-7.98308],[-61.68027,-7.98419],[-61.68674,-7.986]]}},{"type":"Feature","properties":{"br":"BR-230","snv":"230BAM1965","tipo":"Eixo Principal","inicio":"IGARAPÉ DO INFERNO","fim":"INÍCIO DA ÁREA INDÍGENA TENHARIM","km_ini":442.5,"km_fim":458.7,"extensao":16.2,"superficie":"IMP","obra":null,"estadual_coincidente":null,"unidade_local":"Humaitá","versao_snv":"202607A"},"geometry":{"type":"LineString","coordinates":[[-61.68674,-7.986],[-61.70624,-7.99137],[-61.72933,-8.00121],[-61.73795,-8.00212],[-61.74091,-8.00169],[-61.75561,-8.00232],[-61.80266,-8.01122],[-61.80548,-8.0107],[-61.81128,-8.00742],[-61.814,-8.00718],[-61.8161,-8.00797],[-61.8268,-8.01506]]}},{"type":"Feature","properties":{"br":"BR-230","snv":"230BAM2020","tipo":"Eixo Principal","inicio":"IGARAPÉ CHICANGA","fim":"IGARAPÉ JOARÍ","km_ini":603.3,"km_fim":605.8,"extensao":2.5,"superficie":"IMP","obra":null,"estadual_coincidente":null,"unidade_local":"Humaitá","versao_snv":"202607A"},"geometry":{"type":"LineString","coordinates":[[-62.95824,-7.48709],[-62.9809,-7.4884]]}},{"type":"Feature","properties":{"br":"BR-230","snv":"230BAM1970","tipo":"Eixo Principal","inicio":"INÍCIO DA ÁREA INDÍGENA TENHARIM","fim":"IGARAPÉ MAFUÍ","km_ini":458.7,"km_fim":461.7,"extensao":3,"superficie":"IMP","obra":null,"estadual_coincidente":null,"unidade_local":"Humaitá","versao_snv":"202607A"},"geometry":{"type":"LineString","coordinates":[[-61.8268,-8.01506],[-61.82869,-8.01545],[-61.85171,-8.01434],[-61.85389,-8.01472]]}},{"type":"Feature","properties":{"br":"BR-230","snv":"230BAM1975","tipo":"Eixo Principal","inicio":"IGARAPÉ MAFUÍ","fim":"ACESSO A RODOVIA DO ESTANHO","km_ini":461.7,"km_fim":463.1,"extensao":1.4,"superficie":"IMP","obra":null,"estadual_coincidente":null,"unidade_local":"Humaitá","versao_snv":"202607A"},"geometry":{"type":"LineString","coordinates":[[-61.85389,-8.01472],[-61.86387,-8.02251]]}},{"type":"Feature","properties":{"br":"BR-230","snv":"230BAM1980","tipo":"Eixo Principal","inicio":"ACESSO A RODOVIA DO ESTANHO","fim":"RIO DOS MARMELOS","km_ini":463.1,"km_fim":486,"extensao":22.9,"superficie":"IMP","obra":null,"estadual_coincidente":null,"unidade_local":"Humaitá","versao_snv":"202607A"},"geometry":{"type":"LineString","coordinates":[[-61.86387,-8.02251],[-61.87284,-8.02989],[-61.87674,-8.03072],[-61.88703,-8.02798],[-61.90412,-8.02702],[-61.91292,-8.02391],[-61.93494,-8.02026],[-61.9617,-8.00765],[-61.98458,-8.00766],[-61.98732,-8.00718],[-61.99048,-8.00494],[-62.00741,-7.98422],[-62.03441,-7.97163],[-62.04769,-7.9612]]}},{"type":"Feature","properties":{"br":"BR-230","snv":"230BAM2025","tipo":"Eixo Principal","inicio":"IGARAPÉ JOARÍ","fim":"INÍCIO TRAVESSIA RIO MADEIRA","km_ini":605.8,"km_fim":609.2,"extensao":3.4,"superficie":"IMP","obra":null,"estadual_coincidente":null,"unidade_local":"Humaitá","versao_snv":"202607A"},"geometry":{"type":"LineString","coordinates":[[-62.9809,-7.4884],[-63.01164,-7.48631]]}},{"type":"Feature","properties":{"br":"BR-230","snv":"230BAM2030","tipo":"Eixo Principal","inicio":"INÍCIO TRAVESSIA RIO MADEIRA","fim":"FIM TRAVESSIA RIO MADEIRA (CRATO)","km_ini":609.2,"km_fim":610.4,"extensao":1.2,"superficie":"TRV","obra":null,"estadual_coincidente":null,"unidade_local":null,"versao_snv":"202607A"},"geometry":{"type":"LineString","coordinates":[[-63.01164,-7.48631],[-63.02248,-7.49529]]}},{"type":"Feature","properties":{"br":"BR-230","snv":"230BAM2075","tipo":"Eixo Principal","inicio":"FIM PONTE S/IGARAPÉ IPIXUNA","fim":"IGARAPÉ PRETO","km_ini":652.1,"km_fim":681.9,"extensao":29.8,"superficie":"IMP","obra":null,"estadual_coincidente":null,"unidade_local":"Humaitá","versao_snv":"202607A"},"geometry":{"type":"LineString","coordinates":[[-63.34721,-7.52171],[-63.35575,-7.51591],[-63.36051,-7.51036],[-63.37083,-7.50341],[-63.3753,-7.50383],[-63.40024,-7.50314],[-63.43677,-7.49869],[-63.47933,-7.49756],[-63.51927,-7.49273],[-63.5287,-7.49373],[-63.57786,-7.49174],[-63.60844,-7.49688]]}},{"type":"Feature","properties":{"br":"BR-230","snv":"230BAM2080","tipo":"Eixo Principal","inicio":"IGARAPÉ PRETO","fim":"IGARAPÉ DO RIOZINHO","km_ini":681.9,"km_fim":690.3,"extensao":8.4,"superficie":"IMP","obra":null,"estadual_coincidente":null,"unidade_local":"Humaitá","versao_snv":"202607A"},"geometry":{"type":"LineString","coordinates":[[-63.60844,-7.49688],[-63.637,-7.50154],[-63.64617,-7.5009],[-63.66008,-7.50165],[-63.6762,-7.49716],[-63.68318,-7.49687]]}},{"type":"Feature","properties":{"br":"BR-230","snv":"230BAM2085","tipo":"Eixo Principal","inicio":"IGARAPÉ DO RIOZINHO","fim":"IGARAPÉ ITAPARANÁ","km_ini":690.3,"km_fim":701.5,"extensao":11.2,"superficie":"IMP","obra":null,"estadual_coincidente":null,"unidade_local":"Humaitá","versao_snv":"202607A"},"geometry":{"type":"LineString","coordinates":[[-63.68318,-7.49687],[-63.75882,-7.48319],[-63.78293,-7.48493]]}},{"type":"Feature","properties":{"br":"BR-230","snv":"230BAM2090","tipo":"Eixo Principal","inicio":"IGARAPÉ ITAPARANÁ","fim":"IGARAPÉ ITAPARANAZINHO","km_ini":701.5,"km_fim":708.9,"extensao":7.4,"superficie":"IMP","obra":null,"estadual_coincidente":null,"unidade_local":"Humaitá","versao_snv":"202607A"},"geometry":{"type":"LineString","coordinates":[[-63.78293,-7.48493],[-63.80028,-7.48758],[-63.83712,-7.48436],[-63.84919,-7.48263]]}},{"type":"Feature","properties":{"br":"BR-230","snv":"230BAM2100","tipo":"Eixo Principal","inicio":"IGARAPÉ ITAPARANAZINHO","fim":"RIO ASSUÃ","km_ini":708.9,"km_fim":733.2,"extensao":24.3,"superficie":"IMP","obra":null,"estadual_coincidente":null,"unidade_local":"Humaitá","versao_snv":"202607A"},"geometry":{"type":"LineString","coordinates":[[-63.84919,-7.48263],[-63.85323,-7.48142],[-63.89144,-7.47749],[-64.06803,-7.47603]]}},{"type":"Feature","properties":{"br":"BR-230","snv":"230BAM2110","tipo":"Eixo Principal","inicio":"RIO ASSUÃ","fim":"INÍCIO TRAVESSIA RIO MUCUIM","km_ini":733.2,"km_fim":752.8,"extensao":19.6,"superficie":"IMP","obra":null,"estadual_coincidente":null,"unidade_local":"Humaitá","versao_snv":"202607A"},"geometry":{"type":"LineString","coordinates":[[-64.06803,-7.47603],[-64.08718,-7.47556],[-64.10565,-7.46902],[-64.12193,-7.46734],[-64.13009,-7.47046],[-64.23246,-7.46083],[-64.24182,-7.46476]]}},{"type":"Feature","properties":{"br":"BR-230","snv":"230BAM2035","tipo":"Eixo Principal","inicio":"FIM TRAVESSIA RIO MADEIRA (CRATO)","fim":"HUMAITÁ","km_ini":610.4,"km_fim":613.2,"extensao":2.8,"superficie":"DUP","obra":null,"estadual_coincidente":null,"unidade_local":"Humaitá","versao_snv":"202607A"},"geometry":{"type":"LineString","coordinates":[[-63.02248,-7.49529],[-63.02667,-7.49643],[-63.03004,-7.50638],[-63.02934,-7.5148],[-63.03012,-7.51689]]}},{"type":"Feature","properties":{"br":"BR-230","snv":"230BAM2040","tipo":"Eixo Principal","inicio":"HUMAITÁ","fim":"ENTR BR-230/319 (ACESSO OESTE AEROPORTO DE HUMAITÁ)","km_ini":613.2,"km_fim":619.7,"extensao":6.5,"superficie":"PAV","obra":null,"estadual_coincidente":null,"unidade_local":"Humaitá","versao_snv":"202607A"},"geometry":{"type":"LineString","coordinates":[[-63.03012,-7.51689],[-63.07659,-7.54937],[-63.07751,-7.55088]]}},{"type":"Feature","properties":{"br":"BR-230","snv":"230BAM2045","tipo":"Eixo Principal","inicio":"ENTR BR-230/319 (ACESSO OESTE AEROPORTO DE HUMAITÁ)","fim":"IGARAPÉ BOM FUTURO","km_ini":619.7,"km_fim":624.2,"extensao":4.5,"superficie":"PAV","obra":null,"estadual_coincidente":null,"unidade_local":"Humaitá","versao_snv":"202607A"},"geometry":{"type":"LineString","coordinates":[[-63.07751,-7.55088],[-63.07865,-7.55073],[-63.1114,-7.57361]]}},{"type":"Feature","properties":{"br":"BR-230","snv":"230BAM2050","tipo":"Eixo Principal","inicio":"IGARAPÉ BOM FUTURO","fim":"IGARAPÉ DO RETIRO","km_ini":624.2,"km_fim":631.5,"extensao":7.3,"superficie":"PAV","obra":null,"estadual_coincidente":null,"unidade_local":"Humaitá","versao_snv":"202607A"},"geometry":{"type":"LineString","coordinates":[[-63.1114,-7.57361],[-63.11416,-7.57539],[-63.11958,-7.57653],[-63.17254,-7.59373],[-63.175,-7.59381]]}},{"type":"Feature","properties":{"br":"BR-230","snv":"230BAM2055","tipo":"Eixo Principal","inicio":"IGARAPÉ DO RETIRO","fim":"ENTR BR-230/319 (P/MANAUS)","km_ini":631.5,"km_fim":642.6,"extensao":11.1,"superficie":"PAV","obra":null,"estadual_coincidente":null,"unidade_local":"Humaitá","versao_snv":"202607A"},"geometry":{"type":"LineString","coordinates":[[-63.175,-7.59381],[-63.18455,-7.59286],[-63.22307,-7.59111],[-63.26933,-7.56391]]}},{"type":"Feature","properties":{"br":"BR-230","snv":"230BAM2060","tipo":"Eixo Principal","inicio":"ENTR BR-230/319 (P/MANAUS)","fim":"IGARAPÉ SANTO ANTÔNIO DE PÁDUA","km_ini":642.6,"km_fim":643.1,"extensao":0.5,"superficie":"IMP","obra":null,"estadual_coincidente":null,"unidade_local":"Humaitá","versao_snv":"202607A"},"geometry":{"type":"LineString","coordinates":[[-63.26933,-7.56391],[-63.27345,-7.56165]]}},{"type":"Feature","properties":{"br":"BR-230","snv":"230BAM2065","tipo":"Eixo Principal","inicio":"IGARAPÉ SANTO ANTÔNIO DE PÁDUA","fim":"INÍCIO PONTE S/IGARAPÉ IPIXUNA","km_ini":643.1,"km_fim":652,"extensao":8.9,"superficie":"IMP","obra":null,"estadual_coincidente":null,"unidade_local":"Humaitá","versao_snv":"202607A"},"geometry":{"type":"LineString","coordinates":[[-63.27345,-7.56165],[-63.31404,-7.53711],[-63.34187,-7.5268],[-63.34465,-7.52477],[-63.34643,-7.52249]]}},{"type":"Feature","properties":{"br":"BR-230","snv":"230BAM2070","tipo":"Eixo Principal","inicio":"INÍCIO PONTE S/IGARAPÉ IPIXUNA","fim":"FIM PONTE S/IGARAPÉ IPIXUNA","km_ini":652,"km_fim":652.1,"extensao":0.1,"superficie":"IMP","obra":null,"estadual_coincidente":null,"unidade_local":"Humaitá","versao_snv":"202607A"},"geometry":{"type":"LineString","coordinates":[[-63.34643,-7.52249],[-63.34721,-7.52171]]}},{"type":"Feature","properties":{"br":"BR-230","snv":"230BAM2115","tipo":"Eixo Principal","inicio":"INÍCIO TRAVESSIA RIO MUCUIM","fim":"FIM TRAV R MUCUIM (INI FLONA BALATA T.)","km_ini":752.8,"km_fim":753,"extensao":0.2,"superficie":"TRV","obra":null,"estadual_coincidente":null,"unidade_local":null,"versao_snv":"202607A"},"geometry":{"type":"LineString","coordinates":[[-64.24182,-7.46476],[-64.24322,-7.46535]]}},{"type":"Feature","properties":{"br":"BR-307","snv":"307BAM0050","tipo":"Eixo Principal","inicio":"DIV AC/AM","fim":"FIM DA PAVIMENTAÇÃO","km_ini":0,"km_fim":1.9,"extensao":1.9,"superficie":"PAV","obra":null,"estadual_coincidente":null,"unidade_local":"Humaitá","versao_snv":"202607A"},"geometry":{"type":"LineString","coordinates":[[-72.71315,-7.50546],[-72.7151,-7.49857],[-72.71688,-7.49659],[-72.71932,-7.49046]]}},{"type":"Feature","properties":{"br":"BR-307","snv":"307BAM0055","tipo":"Eixo Principal","inicio":"FIM DA PAVIMENTAÇÃO","fim":"ACESSO VILA DO GAMA","km_ini":1.9,"km_fim":2.6,"extensao":0.7,"superficie":"IMP","obra":null,"estadual_coincidente":null,"unidade_local":"Humaitá","versao_snv":"202607A"},"geometry":{"type":"LineString","coordinates":[[-72.71932,-7.49046],[-72.72031,-7.48688],[-72.7187,-7.48347]]}},{"type":"Feature","properties":{"br":"BR-307","snv":"307BAM0070","tipo":"Eixo Principal","inicio":"ACESSO VILA DO GAMA","fim":"RIO CURUÇÁ","km_ini":2.6,"km_fim":184.1,"extensao":181.5,"superficie":"PLA","obra":null,"estadual_coincidente":null,"unidade_local":null,"versao_snv":"202607A"},"geometry":{"type":"LineString","coordinates":[[-72.7187,-7.48347],[-72.7415,-7.34978],[-72.79165,-7.20888],[-72.8227,-7.04172],[-72.83225,-6.96291],[-72.80837,-6.86261],[-72.65242,-6.3788]]}},{"type":"Feature","properties":{"br":"BR-307","snv":"307BAM0110","tipo":"Eixo Principal","inicio":"RIO CURUÇÁ","fim":"SANTA CRUZ","km_ini":184.1,"km_fim":254.1,"extensao":70,"superficie":"PLA","obra":null,"estadual_coincidente":null,"unidade_local":null,"versao_snv":"202607A"},"geometry":{"type":"LineString","coordinates":[[-72.65242,-6.3788],[-72.51616,-5.95834]]}},{"type":"Feature","properties":{"br":"BR-307","snv":"307BAM0130","tipo":"Eixo Principal","inicio":"SANTA CRUZ","fim":"ENTR BR-307/411 (P/ELVIRA)","km_ini":254.1,"km_fim":307.8,"extensao":53.7,"superficie":"PLA","obra":null,"estadual_coincidente":null,"unidade_local":null,"versao_snv":"202607A"},"geometry":{"type":"LineString","coordinates":[[-72.51616,-5.95834],[-72.47642,-5.83574],[-72.41347,-5.6352]]}},{"type":"Feature","properties":{"br":"BR-307","snv":"307BAM0150","tipo":"Eixo Principal","inicio":"ENTR BR-307/411 (P/ELVIRA)","fim":"ARGEMIRO","km_ini":307.8,"km_fim":377.8,"extensao":70,"superficie":"PLA","obra":null,"estadual_coincidente":null,"unidade_local":null,"versao_snv":"202607A"},"geometry":{"type":"LineString","coordinates":[[-72.41347,-5.6352],[-72.41195,-5.63036],[-72.21612,-5.45842],[-71.96537,-5.21722],[-71.86786,-5.14213]]}},{"type":"Feature","properties":{"br":"BR-307","snv":"307BAM0170","tipo":"Eixo Principal","inicio":"ARGEMIRO","fim":"ENTR BR-307/413 (P/CAXIAS)","km_ini":377.8,"km_fim":454.3,"extensao":76.5,"superficie":"PLA","obra":null,"estadual_coincidente":null,"unidade_local":null,"versao_snv":"202607A"},"geometry":{"type":"LineString","coordinates":[[-71.86786,-5.14213],[-71.72657,-5.03334],[-71.47582,-4.86617],[-71.24178,-4.70617],[-71.20527,-4.68563]]}},{"type":"Feature","properties":{"br":"BR-307","snv":"307BAM0190","tipo":"Eixo Principal","inicio":"ENTR BR-307/413 (P/CAXIAS)","fim":"PONTO I","km_ini":454.3,"km_fim":529.3,"extensao":75,"superficie":"PLA","obra":null,"estadual_coincidente":null,"unidade_local":null,"versao_snv":"202607A"},"geometry":{"type":"LineString","coordinates":[[-71.20527,-4.68563],[-71.16537,-4.66319],[-70.76134,-4.54154]]}},{"type":"Feature","properties":{"br":"BR-307","snv":"307BAM0210","tipo":"Eixo Principal","inicio":"PONTO I","fim":"ATALAIA DO NORTE","km_ini":529.3,"km_fim":625.3,"extensao":96,"superficie":"PLA","obra":null,"estadual_coincidente":null,"unidade_local":null,"versao_snv":"202607A"},"geometry":{"type":"LineString","coordinates":[[-70.76134,-4.54154],[-70.18806,-4.36899]]}},{"type":"Feature","properties":{"br":"BR-307","snv":"307BAM0390","tipo":"Eixo Principal","inicio":"RIO JAPURÁ","fim":"PONTO III","km_ini":1087.3,"km_fim":1157.3,"extensao":70,"superficie":"PLA","obra":null,"estadual_coincidente":null,"unidade_local":null,"versao_snv":"202607A"},"geometry":{"type":"LineString","coordinates":[[-68.07799,-1.66435],[-67.9739,-1.48393],[-67.79514,-1.17903]]}},{"type":"Feature","properties":{"br":"BR-307","snv":"307BAM0410","tipo":"Eixo Principal","inicio":"PONTO III","fim":"PRAIA DO MASSARICO","km_ini":1157.3,"km_fim":1222.3,"extensao":65,"superficie":"PLA","obra":null,"estadual_coincidente":null,"unidade_local":null,"versao_snv":"202607A"},"geometry":{"type":"LineString","coordinates":[[-67.79514,-1.17903],[-67.58049,-0.81258],[-67.52343,-0.73424]]}},{"type":"Feature","properties":{"br":"BR-307","snv":"307BAM0430","tipo":"Eixo Principal","inicio":"PRAIA DO MASSARICO","fim":"RIO CURICURIARI","km_ini":1222.3,"km_fim":1302.3,"extensao":80,"superficie":"PLA","obra":null,"estadual_coincidente":null,"unidade_local":null,"versao_snv":"202607A"},"geometry":{"type":"LineString","coordinates":[[-67.52343,-0.73424],[-67.20273,-0.2939],[-67.16638,-0.24476],[-67.13079,-0.23864]]}},{"type":"Feature","properties":{"br":"BR-307","snv":"307BAM0450","tipo":"Eixo Principal","inicio":"RIO CURICURIARI","fim":"INÍCIO TRAVESSIA RIO NEGRO","km_ini":1302.3,"km_fim":1327.8,"extensao":25.5,"superficie":"PLA","obra":null,"estadual_coincidente":null,"unidade_local":null,"versao_snv":"202607A"},"geometry":{"type":"LineString","coordinates":[[-67.13079,-0.23864],[-66.97538,-0.21194],[-66.95022,-0.17231]]}},{"type":"Feature","properties":{"br":"BR-307","snv":"307BAM0460","tipo":"Eixo Principal","inicio":"INÍCIO TRAVESSIA RIO NEGRO","fim":"FIM TRAVESSIA RIO NEGRO","km_ini":1327.8,"km_fim":1331.4,"extensao":3.6,"superficie":"PLA","obra":null,"estadual_coincidente":null,"unidade_local":null,"versao_snv":"202607A"},"geometry":{"type":"LineString","coordinates":[[-66.95022,-0.17231],[-66.93474,-0.14792]]}},{"type":"Feature","properties":{"br":"BR-307","snv":"307BAM0470","tipo":"Eixo Principal","inicio":"FIM TRAVESSIA RIO NEGRO","fim":"ENTR. ESTRADA DO AEROPORTO","km_ini":1331.4,"km_fim":1340.1,"extensao":8.7,"superficie":"PLA","obra":null,"estadual_coincidente":null,"unidade_local":null,"versao_snv":"202607A"},"geometry":{"type":"LineString","coordinates":[[-66.93474,-0.14792],[-66.93841,-0.14716],[-66.95332,-0.14982],[-66.95559,-0.14818],[-66.95723,-0.14782],[-66.96151,-0.15046],[-66.96451,-0.14982],[-66.96652,-0.15012],[-66.97214,-0.15312],[-66.98827,-0.15768],[-66.9908,-0.1622],[-66.99647,-0.16377],[-66.99782,-0.16332],[-67.00045,-0.16029],[-67.00076,-0.15595]]}},{"type":"Feature","properties":{"br":"BR-307","snv":"307BAM0475","tipo":"Eixo Principal","inicio":"ENTR. ESTRADA DO AEROPORTO","fim":"ACESSO LESTE S. GABRIEL DA CACHOEIRA","km_ini":1340.1,"km_fim":1345.9,"extensao":5.8,"superficie":"PLA","obra":null,"estadual_coincidente":null,"unidade_local":null,"versao_snv":"202607A"},"geometry":{"type":"LineString","coordinates":[[-67.00076,-0.15595],[-67.00588,-0.15185],[-67.01349,-0.14865],[-67.01858,-0.15141],[-67.02241,-0.14947],[-67.02398,-0.14447],[-67.02708,-0.14251],[-67.03018,-0.14223],[-67.03258,-0.14092],[-67.04018,-0.13137]]}},{"type":"Feature","properties":{"br":"BR-307","snv":"307BAM0480","tipo":"Eixo Principal","inicio":"ACESSO LESTE S. GABRIEL DA CACHOEIRA","fim":"IGARAPÉ NOBUO OBA","km_ini":1345.9,"km_fim":1373,"extensao":27.1,"superficie":"IMP","obra":null,"estadual_coincidente":null,"unidade_local":"Prainha","versao_snv":"202607A"},"geometry":{"type":"LineString","coordinates":[[-67.04018,-0.13137],[-67.03253,-0.12576],[-67.02797,-0.12013],[-67.02749,-0.11505],[-67.02514,-0.11058],[-67.02397,-0.10417],[-67.0145,-0.09473],[-67.01044,-0.08543],[-67.00325,-0.07787],[-67.0014,-0.07363],[-67.0016,-0.06867],[-67.00114,-0.06763],[-66.99386,-0.06275],[-66.9757,-0.05945],[-66.97008,-0.05675],[-66.96222,-0.04854],[-66.94239,-0.04184],[-66.93683,-0.03044],[-66.93164,-0.02362],[-66.92953,-0.01391],[-66.9217,-0.00896],[-66.91138,0.0126],[-66.90713,0.0155],[-66.90478,0.01602],[-66.89413,0.01786],[-66.88463,0.01642],[-66.87758,0.01971]]}},{"type":"Feature","properties":{"br":"BR-307","snv":"307BAM0485","tipo":"Eixo Principal","inicio":"IGARAPÉ NOBUO OBA","fim":"INÍCIO PARQUE NACIONAL PICO DA NEBLINA","km_ini":1373,"km_fim":1391,"extensao":18,"superficie":"IMP","obra":null,"estadual_coincidente":null,"unidade_local":"Prainha","versao_snv":"202607A"},"geometry":{"type":"LineString","coordinates":[[-66.87758,0.01971],[-66.87482,0.02125],[-66.87217,0.02878],[-66.8626,0.04226],[-66.85904,0.04473],[-66.84497,0.06318],[-66.84134,0.06577],[-66.82933,0.0707],[-66.82391,0.08162],[-66.81821,0.08905],[-66.81253,0.11322],[-66.80245,0.12848],[-66.80078,0.14108],[-66.8009,0.15321]]}},{"type":"Feature","properties":{"br":"BR-307","snv":"307BAM0490","tipo":"Eixo Principal","inicio":"INÍCIO PARQUE NACIONAL PICO DA NEBLINA","fim":"IGARAPÉ MIUÁ (INÍCIO TI DO BALAIO)","km_ini":1391,"km_fim":1402.9,"extensao":11.9,"superficie":"IMP","obra":null,"estadual_coincidente":null,"unidade_local":"Prainha","versao_snv":"202607A"},"geometry":{"type":"LineString","coordinates":[[-66.8009,0.15321],[-66.80108,0.164],[-66.79635,0.17841],[-66.79049,0.18769],[-66.78417,0.1942],[-66.78325,0.19682],[-66.78359,0.21783],[-66.78113,0.22487],[-66.78081,0.22818],[-66.78148,0.23164],[-66.77584,0.23835],[-66.76892,0.2373],[-66.76341,0.23942],[-66.76188,0.23887]]}},{"type":"Feature","properties":{"br":"BR-307","snv":"307BAM0495","tipo":"Eixo Principal","inicio":"IGARAPÉ MIUÁ (INÍCIO TI DO BALAIO)","fim":"ENTR BR-210/307","km_ini":1402.9,"km_fim":1416.3,"extensao":13.4,"superficie":"IMP","obra":null,"estadual_coincidente":null,"unidade_local":"Prainha","versao_snv":"202607A"},"geometry":{"type":"LineString","coordinates":[[-66.76188,0.23887],[-66.75787,0.23585],[-66.75103,0.23636],[-66.74996,0.23556],[-66.74849,0.23277],[-66.74146,0.23062],[-66.72897,0.23455],[-66.72465,0.23159],[-66.72086,0.23166],[-66.71459,0.22806],[-66.70242,0.23215],[-66.68999,0.22374],[-66.68818,0.22456],[-66.68476,0.22766],[-66.67134,0.22791],[-66.66277,0.23741],[-66.6562,0.23774]]}},{"type":"Feature","properties":{"br":"BR-307","snv":"307BAM0500","tipo":"Eixo Principal","inicio":"ENTR BR-210/307","fim":"IGARAPÉ IÁ MIRIM","km_ini":1416.3,"km_fim":1432.7,"extensao":16.4,"superficie":"IMP","obra":null,"estadual_coincidente":null,"unidade_local":"Prainha","versao_snv":"202607A"},"geometry":{"type":"LineString","coordinates":[[-66.6562,0.23774],[-66.65706,0.24264],[-66.65673,0.2448],[-66.65362,0.24916],[-66.65246,0.25011],[-66.64597,0.25162],[-66.63937,0.25708],[-66.63923,0.25824],[-66.64054,0.26312],[-66.63941,0.27044],[-66.63941,0.28575],[-66.64596,0.29424],[-66.64499,0.30021],[-66.64537,0.30383],[-66.64775,0.30727],[-66.65013,0.30917],[-66.65144,0.31155],[-66.65163,0.31331],[-66.65004,0.31934],[-66.64106,0.32855],[-66.63707,0.33028],[-66.6354,0.33291],[-66.63571,0.33956],[-66.63661,0.34343],[-66.63428,0.34712],[-66.6346,0.35372],[-66.6355,0.35476],[-66.63955,0.3566],[-66.64285,0.35681]]}},{"type":"Feature","properties":{"br":"BR-307","snv":"307BAM0505","tipo":"Eixo Principal","inicio":"IGARAPÉ IÁ MIRIM","fim":"IGARAPÉ RODRIGO CIBELE","km_ini":1432.7,"km_fim":1442.4,"extensao":9.7,"superficie":"IMP","obra":null,"estadual_coincidente":null,"unidade_local":"Prainha","versao_snv":"202607A"},"geometry":{"type":"LineString","coordinates":[[-66.64285,0.35681],[-66.64492,0.35757],[-66.6527,0.36794],[-66.65259,0.37088],[-66.64897,0.37485],[-66.64872,0.37582],[-66.65007,0.38825],[-66.64906,0.38852],[-66.64371,0.39493],[-66.63948,0.40348],[-66.63428,0.40496],[-66.63156,0.40701],[-66.62892,0.41091],[-66.62164,0.41567],[-66.61545,0.42234]]}},{"type":"Feature","properties":{"br":"BR-307","snv":"307BAM0510","tipo":"Eixo Principal","inicio":"IGARAPÉ RODRIGO CIBELE","fim":"IGARAPÉ BALAIO","km_ini":1442.4,"km_fim":1447.4,"extensao":5,"superficie":"IMP","obra":null,"estadual_coincidente":null,"unidade_local":"Prainha","versao_snv":"202607A"},"geometry":{"type":"LineString","coordinates":[[-66.61545,0.42234],[-66.61028,0.42861],[-66.60985,0.43113],[-66.61058,0.43489],[-66.60671,0.45028],[-66.60671,0.45337],[-66.60933,0.46462]]}},{"type":"Feature","properties":{"br":"BR-307","snv":"307BAM0515","tipo":"Eixo Principal","inicio":"IGARAPÉ BALAIO","fim":"ENTR ESTRADA MATURACÁ","km_ini":1447.4,"km_fim":1457.1,"extensao":9.7,"superficie":"IMP","obra":null,"estadual_coincidente":null,"unidade_local":"Prainha","versao_snv":"202607A"},"geometry":{"type":"LineString","coordinates":[[-66.60933,0.46462],[-66.6167,0.48418],[-66.61613,0.49113],[-66.61789,0.49763],[-66.61753,0.49953],[-66.615,0.50441],[-66.61889,0.52],[-66.6255,0.53832],[-66.62312,0.5432],[-66.62031,0.54672]]}},{"type":"Feature","properties":{"br":"BR-307","snv":"307BAM0520","tipo":"Eixo Principal","inicio":"ENTR ESTRADA MATURACÁ","fim":"IGARAPÉ JANINE JUSSARA","km_ini":1457.1,"km_fim":1462.1,"extensao":5,"superficie":"IMP","obra":null,"estadual_coincidente":null,"unidade_local":"Prainha","versao_snv":"202607A"},"geometry":{"type":"LineString","coordinates":[[-66.62031,0.54672],[-66.61789,0.54974],[-66.60599,0.5608],[-66.60671,0.57258],[-66.60284,0.58515]]}},{"type":"Feature","properties":{"br":"BR-307","snv":"307BAM0525","tipo":"Eixo Principal","inicio":"IGARAPÉ JANINE JUSSARA","fim":"IGARAPÉ TENENTE MELO (SERRA DO PADRE)","km_ini":1462.1,"km_fim":1470,"extensao":7.9,"superficie":"IMP","obra":null,"estadual_coincidente":null,"unidade_local":"Prainha","versao_snv":"202607A"},"geometry":{"type":"LineString","coordinates":[[-66.60284,0.58515],[-66.60266,0.59126],[-66.60611,0.6141],[-66.60583,0.6168],[-66.60401,0.6212],[-66.59568,0.63725],[-66.59647,0.64539],[-66.59897,0.64908],[-66.59889,0.65284]]}},{"type":"Feature","properties":{"br":"BR-307","snv":"307BAM0535","tipo":"Eixo Principal","inicio":"IGARAPÉ MANOEL RIBEIRO","fim":"IG DEMITI (FIM DA TERRA INDÍG DO BALAIO)","km_ini":1471.4,"km_fim":1480,"extensao":8.6,"superficie":"IMP","obra":null,"estadual_coincidente":null,"unidade_local":"Prainha","versao_snv":"202607A"},"geometry":{"type":"LineString","coordinates":[[-66.59382,0.66355],[-66.59352,0.66699],[-66.59647,0.67633],[-66.59866,0.68101],[-66.61191,0.70247],[-66.6209,0.70954],[-66.63198,0.71319],[-66.63317,0.71465],[-66.63359,0.72356]]}},{"type":"Feature","properties":{"br":"BR-307","snv":"307BAM0540","tipo":"Eixo Principal","inicio":"IG DEMITI (FIM DA TERRA INDÍG DO BALAIO)","fim":"IGARAPÉ FREIRE","km_ini":1480,"km_fim":1500.1,"extensao":20.1,"superficie":"IMP","obra":null,"estadual_coincidente":null,"unidade_local":"Prainha","versao_snv":"202607A"},"geometry":{"type":"LineString","coordinates":[[-66.63359,0.72356],[-66.63414,0.72635],[-66.64133,0.73348],[-66.64041,0.74502],[-66.64121,0.74741],[-66.65677,0.75896],[-66.65846,0.76104],[-66.66075,0.77674],[-66.66454,0.78243],[-66.66607,0.79042],[-66.67256,0.80498],[-66.67698,0.81254],[-66.67733,0.81972],[-66.68149,0.82892],[-66.68313,0.83587],[-66.68115,0.84173],[-66.68189,0.84354],[-66.69085,0.85248],[-66.6946,0.85545],[-66.69913,0.85736],[-66.70008,0.85843],[-66.70169,0.8677],[-66.69677,0.8773]]}},{"type":"Feature","properties":{"br":"BR-307","snv":"307BAM0550","tipo":"Eixo Principal","inicio":"IGARAPÉ FREIRE","fim":"IGARAPÉ MABI","km_ini":1500.1,"km_fim":1511.9,"extensao":11.8,"superficie":"IMP","obra":null,"estadual_coincidente":null,"unidade_local":"Prainha","versao_snv":"202607A"},"geometry":{"type":"LineString","coordinates":[[-66.69677,0.8773],[-66.68976,0.89253],[-66.68859,0.89655],[-66.69396,0.90629],[-66.69238,0.9229],[-66.69718,0.93208],[-66.70443,0.93649],[-66.70962,0.9439],[-66.71414,0.94902],[-66.71497,0.95059],[-66.71509,0.95535],[-66.71581,0.95809],[-66.72057,0.96665],[-66.72037,0.97031]]}},{"type":"Feature","properties":{"br":"BR-307","snv":"307BAM0560","tipo":"Eixo Principal","inicio":"IGARAPÉ MABI","fim":"IG BUSTAMENTE (FIM P NAC PICO DA NEBL)","km_ini":1511.9,"km_fim":1524.5,"extensao":12.6,"superficie":"IMP","obra":null,"estadual_coincidente":null,"unidade_local":"Prainha","versao_snv":"202607A"},"geometry":{"type":"LineString","coordinates":[[-66.72037,0.97031],[-66.71979,0.97759],[-66.72051,0.9795],[-66.72515,0.98211],[-66.72777,0.98854],[-66.72824,0.99128],[-66.73449,0.9999],[-66.73901,1.01239],[-66.7421,1.01144],[-66.74793,1.01097],[-66.75269,1.01442],[-66.75367,1.01753],[-66.75427,1.02371],[-66.76915,1.05446],[-66.77097,1.06093]]}},{"type":"Feature","properties":{"br":"BR-307","snv":"307BAM0565","tipo":"Eixo Principal","inicio":"IG BUSTAMENTE (FIM P NAC PICO DA NEBL)","fim":"IGARAPÉ","km_ini":1524.5,"km_fim":1531.6,"extensao":7.1,"superficie":"IMP","obra":null,"estadual_coincidente":null,"unidade_local":"Prainha","versao_snv":"202607A"},"geometry":{"type":"LineString","coordinates":[[-66.77097,1.06093],[-66.77153,1.06365],[-66.77713,1.07341],[-66.79053,1.10988],[-66.79683,1.11914]]}},{"type":"Feature","properties":{"br":"BR-307","snv":"307BAM0570","tipo":"Eixo Principal","inicio":"IGARAPÉ","fim":"FRONT BRASIL/VENEZUELA (IGARAPÉ BONTÉ (CUCUÍ))","km_ini":1531.6,"km_fim":1540.5,"extensao":8.9,"superficie":"IMP","obra":null,"estadual_coincidente":null,"unidade_local":"Prainha","versao_snv":"202607A"},"geometry":{"type":"LineString","coordinates":[[-66.79683,1.11914],[-66.80327,1.12588],[-66.82207,1.14183],[-66.82326,1.14397],[-66.82505,1.15206],[-66.83,1.17855],[-66.83702,1.18354]]}},{"type":"Feature","properties":{"br":"BR-307","snv":"307AAM1005","tipo":"Acesso","inicio":"ACESSO LESTE S. GABRIEL DA CACHOEIRA","fim":"AV. PRES. CASTELO BRANCO (SÃO GABRIEL DA CACHOEIRA)","km_ini":0,"km_fim":5.7,"extensao":5.7,"superficie":"PAV","obra":null,"estadual_coincidente":null,"unidade_local":"Castanho","versao_snv":"202607A"},"geometry":{"type":"LineString","coordinates":[[-67.04018,-0.13137],[-67.04533,-0.13487],[-67.05045,-0.13565],[-67.0577,-0.13038],[-67.0665,-0.13131],[-67.07457,-0.12547],[-67.07543,-0.12585],[-67.07835,-0.13057],[-67.08358,-0.1328]]}},{"type":"Feature","properties":{"br":"BR-307","snv":"307BAM0230","tipo":"Eixo Principal","inicio":"ATALAIA DO NORTE","fim":"ENTR BR-230/307 (BENJAMIN CONSTANT)","km_ini":625.3,"km_fim":657.3,"extensao":32,"superficie":"PAV","obra":null,"estadual_coincidente":null,"unidade_local":"Prainha","versao_snv":"202607A"},"geometry":{"type":"LineString","coordinates":[[-70.18806,-4.36899],[-70.18556,-4.37024],[-70.1837,-4.36844],[-70.1826,-4.36857],[-70.18072,-4.37078],[-70.18082,-4.3719],[-70.17882,-4.37312],[-70.17593,-4.37051],[-70.17568,-4.37325],[-70.17351,-4.3739],[-70.17133,-4.37793],[-70.16928,-4.37887],[-70.16937,-4.38184],[-70.1674,-4.38356],[-70.16834,-4.38825],[-70.1669,-4.39196],[-70.16674,-4.39672],[-70.16537,-4.39778],[-70.1655,-4.3998],[-70.16486,-4.40076],[-70.16424,-4.40575],[-70.15884,-4.41129],[-70.15734,-4.41644],[-70.1523,-4.41716],[-70.14968,-4.41509],[-70.14163,-4.41815],[-70.13648,-4.42422],[-70.13466,-4.42537],[-70.13296,-4.42799],[-70.13151,-4.43464],[-70.12993,-4.437],[-70.12334,-4.43828],[-70.11954,-4.43989],[-70.11234,-4.4409],[-70.11036,-4.44244],[-70.10517,-4.44202],[-70.09712,-4.43949],[-70.09394,-4.43788],[-70.09185,-4.43839],[-70.08529,-4.43782],[-70.08086,-4.43897],[-70.07566,-4.43814],[-70.07345,-4.4369],[-70.06942,-4.43303],[-70.06956,-4.43098],[-70.06873,-4.42925],[-70.065,-4.42557],[-70.0617,-4.42329],[-70.05836,-4.42195],[-70.05619,-4.41781],[-70.0528,-4.41662],[-70.05005,-4.41644],[-70.04382,-4.41121],[-70.0416,-4.41089],[-70.03762,-4.40891],[-70.03399,-4.40571],[-70.03066,-4.40435],[-70.02967,-4.40302],[-70.02936,-4.4001],[-70.02829,-4.39755],[-70.02847,-4.39522],[-70.03068,-4.39064]]}},{"type":"Feature","properties":{"br":"BR-307","snv":"307BAM0250","tipo":"Eixo Principal","inicio":"ENTR BR-230/307 (BENJAMIN CONSTANT)","fim":"BELÉM","km_ini":657.3,"km_fim":730.3,"extensao":73,"superficie":"PLA","obra":null,"estadual_coincidente":null,"unidade_local":null,"versao_snv":"202607A"},"geometry":{"type":"LineString","coordinates":[[-70.03068,-4.39064],[-69.99185,-4.39635],[-69.565,-4.055]]}},{"type":"Feature","properties":{"br":"BR-307","snv":"307BAM0270","tipo":"Eixo Principal","inicio":"BELÉM","fim":"SANTA RITA DO WEIL","km_ini":730.3,"km_fim":790.3,"extensao":60,"superficie":"PLA","obra":null,"estadual_coincidente":null,"unidade_local":null,"versao_snv":"202607A"},"geometry":{"type":"LineString","coordinates":[[-69.565,-4.055],[-69.52239,-4.02093],[-69.43459,-3.60312]]}},{"type":"Feature","properties":{"br":"BR-307","snv":"307BAM0290","tipo":"Eixo Principal","inicio":"SANTA RITA DO WEIL","fim":"ENTR AM-378","km_ini":790.3,"km_fim":840.3,"extensao":50,"superficie":"PLA","obra":null,"estadual_coincidente":null,"unidade_local":null,"versao_snv":"202607A"},"geometry":{"type":"LineString","coordinates":[[-69.43459,-3.60312],[-69.42707,-3.56732],[-69.16746,-3.31125]]}},{"type":"Feature","properties":{"br":"BR-307","snv":"307BAM0310","tipo":"Eixo Principal","inicio":"ENTR AM-378","fim":"UNIÃO","km_ini":840.3,"km_fim":907.3,"extensao":67,"superficie":"PLA","obra":null,"estadual_coincidente":null,"unidade_local":null,"versao_snv":"202607A"},"geometry":{"type":"LineString","coordinates":[[-69.16746,-3.31125],[-69.13848,-3.28266],[-68.89969,-3.00669],[-68.81378,-2.90645]]}},{"type":"Feature","properties":{"br":"BR-307","snv":"307BAM0330","tipo":"Eixo Principal","inicio":"UNIÃO","fim":"ENTR AM-374","km_ini":907.3,"km_fim":967.3,"extensao":60,"superficie":"PLA","obra":null,"estadual_coincidente":null,"unidade_local":null,"versao_snv":"202607A"},"geometry":{"type":"LineString","coordinates":[[-68.81378,-2.90645],[-68.78225,-2.86968],[-68.69613,-2.72484],[-68.56365,-2.49586]]}},{"type":"Feature","properties":{"br":"BR-307","snv":"307BAM0350","tipo":"Eixo Principal","inicio":"ENTR AM-374","fim":"PONTO II","km_ini":967.3,"km_fim":1027.3,"extensao":60,"superficie":"PLA","obra":null,"estadual_coincidente":null,"unidade_local":null,"versao_snv":"202607A"},"geometry":{"type":"LineString","coordinates":[[-68.56365,-2.49586],[-68.53759,-2.45082],[-68.473,-2.34317],[-68.31981,-2.0807]]}},{"type":"Feature","properties":{"br":"BR-307","snv":"307BAM0370","tipo":"Eixo Principal","inicio":"PONTO II","fim":"RIO JAPURÁ","km_ini":1027.3,"km_fim":1087.3,"extensao":60,"superficie":"PLA","obra":null,"estadual_coincidente":null,"unidade_local":null,"versao_snv":"202607A"},"geometry":{"type":"LineString","coordinates":[[-68.31981,-2.0807],[-68.17941,-1.84015],[-68.07799,-1.66435]]}},{"type":"Feature","properties":{"br":"BR-319","snv":"319BAM0145","tipo":"Eixo Principal","inicio":"IGARAPÉ CAETANO","fim":"IGARAPÉ VELOSO","km_ini":433.1,"km_fim":434.9,"extensao":1.8,"superficie":"IMP","obra":null,"estadual_coincidente":null,"unidade_local":"Castanho","versao_snv":"202607A"},"geometry":{"type":"LineString","coordinates":[[-62.33216,-5.81732],[-62.34351,-5.82943]]}},{"type":"Feature","properties":{"br":"BR-319","snv":"319BAM0150","tipo":"Eixo Principal","inicio":"IGARAPÉ VELOSO","fim":"ENTR AM-366","km_ini":434.9,"km_fim":469.6,"extensao":34.7,"superficie":"IMP","obra":null,"estadual_coincidente":null,"unidade_local":"Castanho","versao_snv":"202607A"},"geometry":{"type":"LineString","coordinates":[[-62.34351,-5.82943],[-62.43908,-5.93176],[-62.48683,-5.96726],[-62.49007,-5.97025],[-62.50606,-5.99516],[-62.54299,-6.05559]]}},{"type":"Feature","properties":{"br":"BR-319","snv":"319BAM0155","tipo":"Eixo Principal","inicio":"ENTR AM-366","fim":"IGARAPÉ PIQUIÁ","km_ini":469.6,"km_fim":513.8,"extensao":44.2,"superficie":"IMP","obra":null,"estadual_coincidente":null,"unidade_local":"Castanho","versao_snv":"202607A"},"geometry":{"type":"LineString","coordinates":[[-62.54299,-6.05559],[-62.56822,-6.09591],[-62.65076,-6.19421],[-62.69803,-6.23801],[-62.74196,-6.27601],[-62.79023,-6.35383],[-62.80821,-6.37086]]}},{"type":"Feature","properties":{"br":"BR-319","snv":"319BAM0160","tipo":"Eixo Principal","inicio":"IGARAPÉ PIQUIÁ","fim":"IGARAPÉ PURUZINHO","km_ini":513.8,"km_fim":522.7,"extensao":8.9,"superficie":"IMP","obra":null,"estadual_coincidente":null,"unidade_local":"Humaitá","versao_snv":"202607A"},"geometry":{"type":"LineString","coordinates":[[-62.80821,-6.37086],[-62.84617,-6.40615],[-62.86372,-6.42984]]}},{"type":"Feature","properties":{"br":"BR-317","snv":"317BAM0090","tipo":"Eixo Principal","inicio":"RIO TUMIÃ","fim":"ENTR AM-175","km_ini":280,"km_fim":340,"extensao":60,"superficie":"PLA","obra":null,"estadual_coincidente":null,"unidade_local":null,"versao_snv":"202607A"},"geometry":{"type":"LineString","coordinates":[[-66.53534,-8.21142],[-66.6517,-8.28536],[-66.89649,-8.45266]]}},{"type":"Feature","properties":{"br":"BR-317","snv":"317BAM0110","tipo":"Eixo Principal","inicio":"ENTR AM-175","fim":"INÍCIO DUPLICAÇÃO (BOCA DO ACRE)","km_ini":340,"km_fim":415.3,"extensao":75.3,"superficie":"PLA","obra":null,"estadual_coincidente":null,"unidade_local":null,"versao_snv":"202607A"},"geometry":{"type":"LineString","coordinates":[[-66.89649,-8.45266],[-67.00755,-8.52857],[-67.28043,-8.72154],[-67.3389,-8.77068]]}},{"type":"Feature","properties":{"br":"BR-317","snv":"317BAM0120","tipo":"Eixo Principal","inicio":"INÍCIO DUPLICAÇÃO (BOCA DO ACRE)","fim":"FIM DUPLICAÇÃO (BOCA DO ACRE)","km_ini":415.3,"km_fim":417,"extensao":1.7,"superficie":"DUP","obra":null,"estadual_coincidente":null,"unidade_local":"Humaitá","versao_snv":"202607A"},"geometry":{"type":"LineString","coordinates":[[-67.3389,-8.77068],[-67.33583,-8.77426],[-67.32814,-8.7808]]}},{"type":"Feature","properties":{"br":"BR-317","snv":"317BAM0122","tipo":"Eixo Principal","inicio":"FIM DUPLICAÇÃO (BOCA DO ACRE)","fim":"INÍCIO ÁREA INDÍGENA BOCA DO ACRE (LD)","km_ini":417,"km_fim":452,"extensao":35,"superficie":"PAV","obra":null,"estadual_coincidente":null,"unidade_local":"Humaitá","versao_snv":"202607A"},"geometry":{"type":"LineString","coordinates":[[-67.32814,-8.7808],[-67.32501,-8.78348],[-67.31933,-8.78689],[-67.31503,-8.7876],[-67.30944,-8.79288],[-67.30895,-8.81573],[-67.3039,-8.82533],[-67.30516,-8.83354],[-67.2946,-8.85078],[-67.29399,-8.85821],[-67.28856,-8.86529],[-67.28432,-8.87356],[-67.27714,-8.89222],[-67.26847,-8.89678],[-67.26359,-8.89799],[-67.25406,-8.90782],[-67.25259,-8.91212],[-67.25212,-8.92075],[-67.24817,-8.92734],[-67.24761,-8.92999],[-67.24772,-8.9414],[-67.25067,-8.94563],[-67.25031,-8.95018],[-67.24859,-8.95232],[-67.2399,-8.95727],[-67.22627,-8.9628],[-67.2188,-8.97019],[-67.21864,-8.98263],[-67.21544,-8.98822],[-67.21069,-8.99289],[-67.21042,-9.00618],[-67.20759,-9.01581],[-67.21225,-9.02443],[-67.21157,-9.02962],[-67.21256,-9.0329],[-67.21548,-9.03786],[-67.21907,-9.03893]]}},{"type":"Feature","properties":{"br":"BR-319","snv":"319BAM0020","tipo":"Eixo Principal","inicio":"ENTR BR-174/319 (POLÍCIA RODOVIÁRIA FEDERAL (MANAUS))","fim":"INÍCIO TRAVESSIA RIO AMAZONAS","km_ini":0,"km_fim":1,"extensao":1,"superficie":"PAV","obra":null,"estadual_coincidente":null,"unidade_local":"Castanho","versao_snv":"202607A"},"geometry":{"type":"LineString","coordinates":[[-59.94747,-3.12961],[-59.93992,-3.13451]]}},{"type":"Feature","properties":{"br":"BR-319","snv":"319BAM0030","tipo":"Eixo Principal","inicio":"INÍCIO TRAVESSIA RIO AMAZONAS","fim":"FIM TRAVESSIA RIO AMAZONAS (CAREIRO)","km_ini":1,"km_fim":13,"extensao":12,"superficie":"TRV","obra":null,"estadual_coincidente":null,"unidade_local":null,"versao_snv":"202607A"},"geometry":{"type":"LineString","coordinates":[[-59.93992,-3.13451],[-59.92539,-3.13913],[-59.90403,-3.12887],[-59.89528,-3.14007],[-59.88784,-3.18269],[-59.86871,-3.19024]]}},{"type":"Feature","properties":{"br":"BR-319","snv":"319BAM0050","tipo":"Eixo Principal","inicio":"INÍCIO PONTE S/RIO CURUÇÁ","fim":"INÍCIO PONTE S/RIO AUTAZ MIRIM","km_ini":23.3,"km_fim":24.6,"extensao":1.3,"superficie":"PAV","obra":null,"estadual_coincidente":null,"unidade_local":"Castanho","versao_snv":"202607A"},"geometry":{"type":"LineString","coordinates":[[-59.8545,-3.27507],[-59.85694,-3.27833],[-59.86147,-3.28106],[-59.86364,-3.28382]]}},{"type":"Feature","properties":{"br":"BR-317","snv":"317BAM0010","tipo":"Eixo Principal","inicio":"ENTR BR-230/317/R.LUIZ FALCÃO (LÁBREA)","fim":"PARANÁ","km_ini":0,"km_fim":35,"extensao":35,"superficie":"PLA","obra":null,"estadual_coincidente":null,"unidade_local":null,"versao_snv":"202607A"},"geometry":{"type":"LineString","coordinates":[[-64.79371,-7.2664],[-64.87486,-7.41931],[-64.94775,-7.4529]]}},{"type":"Feature","properties":{"br":"BR-317","snv":"317BAM0030","tipo":"Eixo Principal","inicio":"PARANÁ","fim":"BOM JESUS","km_ini":35,"km_fim":130,"extensao":95,"superficie":"PLA","obra":null,"estadual_coincidente":null,"unidade_local":null,"versao_snv":"202607A"},"geometry":{"type":"LineString","coordinates":[[-64.94775,-7.4529],[-65.48068,-7.69846],[-65.58012,-7.71585]]}},{"type":"Feature","properties":{"br":"BR-317","snv":"317BAM0050","tipo":"Eixo Principal","inicio":"BOM JESUS","fim":"CACAU","km_ini":130,"km_fim":190,"extensao":60,"superficie":"PLA","obra":null,"estadual_coincidente":null,"unidade_local":null,"versao_snv":"202607A"},"geometry":{"type":"LineString","coordinates":[[-65.58012,-7.71585],[-65.75925,-7.74979],[-65.91272,-7.82696],[-65.98142,-7.86846]]}},{"type":"Feature","properties":{"br":"BR-317","snv":"317BAM0070","tipo":"Eixo Principal","inicio":"CACAU","fim":"RIO TUMIÃ","km_ini":190,"km_fim":280,"extensao":90,"superficie":"PLA","obra":null,"estadual_coincidente":null,"unidade_local":null,"versao_snv":"202607A"},"geometry":{"type":"LineString","coordinates":[[-65.98142,-7.86846],[-66.27285,-8.04453],[-66.53534,-8.21142]]}},{"type":"Feature","properties":{"br":"BR-317","snv":"317BAM0125","tipo":"Eixo Principal","inicio":"INÍCIO ÁREA INDÍGENA BOCA DO ACRE (LD)","fim":"INÍCIO ÁREA INDÍGENA BOCA DO ACRE (LE)","km_ini":452,"km_fim":455.3,"extensao":3.3,"superficie":"IMP","obra":"EOP","estadual_coincidente":null,"unidade_local":"Humaitá","versao_snv":"202607A"},"geometry":{"type":"LineString","coordinates":[[-67.21907,-9.03893],[-67.22338,-9.04116],[-67.22549,-9.046],[-67.23041,-9.05066],[-67.23771,-9.05517],[-67.23906,-9.05937]]}},{"type":"Feature","properties":{"br":"BR-317","snv":"317BAM0130","tipo":"Eixo Principal","inicio":"INÍCIO ÁREA INDÍGENA BOCA DO ACRE (LE)","fim":"FINAL ÁREA INDÍGENA BOCA DO ACRE (LD)","km_ini":455.3,"km_fim":467.8,"extensao":12.5,"superficie":"IMP","obra":"EOP","estadual_coincidente":null,"unidade_local":"Humaitá","versao_snv":"202607A"},"geometry":{"type":"LineString","coordinates":[[-67.23906,-9.05937],[-67.24019,-9.06469],[-67.25031,-9.09229],[-67.24806,-9.10057],[-67.24953,-9.10482],[-67.25692,-9.11361],[-67.27669,-9.12196],[-67.28599,-9.13323],[-67.288,-9.14369],[-67.29247,-9.1499]]}},{"type":"Feature","properties":{"br":"BR-317","snv":"317BAM0135","tipo":"Eixo Principal","inicio":"FINAL ÁREA INDÍGENA BOCA DO ACRE (LD)","fim":"FINAL ÁREA INDÍGENA BOCA DO ACRE (LE)","km_ini":467.8,"km_fim":468.5,"extensao":0.7,"superficie":"IMP","obra":"EOP","estadual_coincidente":null,"unidade_local":"Humaitá","versao_snv":"202607A"},"geometry":{"type":"LineString","coordinates":[[-67.29247,-9.1499],[-67.29361,-9.15618]]}},{"type":"Feature","properties":{"br":"BR-317","snv":"317BAM0140","tipo":"Eixo Principal","inicio":"FINAL ÁREA INDÍGENA BOCA DO ACRE (LE)","fim":"INÍCIO ÁREA INDÍGENA APURINÃ","km_ini":468.5,"km_fim":478.3,"extensao":9.8,"superficie":"PAV","obra":null,"estadual_coincidente":null,"unidade_local":"Humaitá","versao_snv":"202607A"},"geometry":{"type":"LineString","coordinates":[[-67.29361,-9.15618],[-67.2951,-9.16427],[-67.29279,-9.17082],[-67.2896,-9.17844],[-67.2821,-9.18504],[-67.28143,-9.18677],[-67.28153,-9.19706],[-67.29113,-9.21435],[-67.2922,-9.22039],[-67.29168,-9.22238],[-67.28579,-9.22969],[-67.28543,-9.23608]]}},{"type":"Feature","properties":{"br":"BR-317","snv":"317BAM0150","tipo":"Eixo Principal","inicio":"INÍCIO ÁREA INDÍGENA APURINÃ","fim":"FINAL ÁREA INDÍGENA APURINÃ","km_ini":478.3,"km_fim":496.2,"extensao":17.9,"superficie":"IMP","obra":"EOP","estadual_coincidente":null,"unidade_local":"Humaitá","versao_snv":"202607A"},"geometry":{"type":"LineString","coordinates":[[-67.28543,-9.23608],[-67.28622,-9.24269],[-67.28514,-9.24953],[-67.2931,-9.25995],[-67.29866,-9.27243],[-67.29543,-9.28391],[-67.29551,-9.28571],[-67.29954,-9.29289],[-67.30562,-9.29683],[-67.30845,-9.3038],[-67.31479,-9.30927],[-67.31544,-9.31048],[-67.31363,-9.31331],[-67.30596,-9.31856],[-67.3027,-9.32286],[-67.29859,-9.32532],[-67.29534,-9.33171],[-67.28189,-9.33254],[-67.27836,-9.33384],[-67.27706,-9.33494],[-67.27619,-9.33717],[-67.2776,-9.34202],[-67.273,-9.35789],[-67.27307,-9.35913],[-67.27397,-9.36027]]}},{"type":"Feature","properties":{"br":"BR-317","snv":"317BAM0155","tipo":"Eixo Principal","inicio":"FINAL ÁREA INDÍGENA APURINÃ","fim":"FIM DAS OBRAS DE PAVIMENTAÇÃO","km_ini":496.2,"km_fim":515.3,"extensao":19.1,"superficie":"PAV","obra":null,"estadual_coincidente":null,"unidade_local":"Humaitá","versao_snv":"202607A"},"geometry":{"type":"LineString","coordinates":[[-67.27397,-9.36027],[-67.2765,-9.36177],[-67.28496,-9.36159],[-67.28669,-9.36328],[-67.28692,-9.36785],[-67.28198,-9.37281],[-67.28125,-9.38108],[-67.27561,-9.39207],[-67.28308,-9.40184],[-67.28368,-9.42537],[-67.29446,-9.4405],[-67.29513,-9.44275],[-67.29512,-9.45048],[-67.28671,-9.4691],[-67.28568,-9.48322],[-67.28573,-9.49217],[-67.2816,-9.50851],[-67.28244,-9.51117]]}},{"type":"Feature","properties":{"br":"BR-317","snv":"317BAM0160","tipo":"Eixo Principal","inicio":"FIM DAS OBRAS DE PAVIMENTAÇÃO","fim":"DIV AM/AC","km_ini":515.3,"km_fim":526,"extensao":10.7,"superficie":"IMP","obra":null,"estadual_coincidente":null,"unidade_local":"Humaitá","versao_snv":"202607A"},"geometry":{"type":"LineString","coordinates":[[-67.28244,-9.51117],[-67.29287,-9.52368],[-67.30411,-9.56257],[-67.31542,-9.57583],[-67.32727,-9.59569]]}},{"type":"Feature","properties":{"br":"BR-319","snv":"319BAM0055","tipo":"Eixo Principal","inicio":"INÍCIO PONTE S/RIO AUTAZ MIRIM","fim":"ENTR AM-254","km_ini":24.6,"km_fim":39.4,"extensao":14.8,"superficie":"PAV","obra":null,"estadual_coincidente":null,"unidade_local":"Castanho","versao_snv":"202607A"},"geometry":{"type":"LineString","coordinates":[[-59.86364,-3.28382],[-59.86561,-3.28626],[-59.87684,-3.2951],[-59.87865,-3.29847],[-59.87786,-3.31209],[-59.87851,-3.32026],[-59.87801,-3.32832],[-59.87958,-3.37693],[-59.88923,-3.3892],[-59.90209,-3.40338]]}},{"type":"Feature","properties":{"br":"BR-319","snv":"319BAM0040","tipo":"Eixo Principal","inicio":"FIM TRAVESSIA RIO AMAZONAS (CAREIRO)","fim":"INÍCIO PONTE S/RIO CAPITARI","km_ini":13,"km_fim":16,"extensao":3,"superficie":"PAV","obra":null,"estadual_coincidente":null,"unidade_local":"Castanho","versao_snv":"202607A"},"geometry":{"type":"LineString","coordinates":[[-59.86871,-3.19024],[-59.8706,-3.20793],[-59.86903,-3.21462]]}},{"type":"Feature","properties":{"br":"BR-319","snv":"319BAM0060","tipo":"Eixo Principal","inicio":"ENTR AM-254","fim":"INÍCIO PONTE S/RIO ARAÇÁ","km_ini":39.4,"km_fim":52.6,"extensao":13.2,"superficie":"PAV","obra":null,"estadual_coincidente":null,"unidade_local":"Castanho","versao_snv":"202607A"},"geometry":{"type":"LineString","coordinates":[[-59.90209,-3.40338],[-59.91471,-3.41671],[-59.96559,-3.42922],[-59.98099,-3.436],[-59.99684,-3.44008],[-59.99934,-3.44178],[-60.00411,-3.44942]]}},{"type":"Feature","properties":{"br":"BR-319","snv":"319BAM0070","tipo":"Eixo Principal","inicio":"INÍCIO PONTE S/RIO ARAÇÁ","fim":"ENTR AM-354","km_ini":52.6,"km_fim":103.5,"extensao":50.9,"superficie":"PAV","obra":null,"estadual_coincidente":null,"unidade_local":"Castanho","versao_snv":"202607A"},"geometry":{"type":"LineString","coordinates":[[-60.00411,-3.44942],[-60.00616,-3.45262],[-60.00799,-3.45377],[-60.04119,-3.45826],[-60.10733,-3.48412],[-60.15243,-3.53116],[-60.21216,-3.59493],[-60.24948,-3.62858],[-60.25655,-3.63942],[-60.27447,-3.69216],[-60.27759,-3.72325],[-60.27876,-3.72818],[-60.30086,-3.7651]]}},{"type":"Feature","properties":{"br":"BR-319","snv":"319BAM0075","tipo":"Eixo Principal","inicio":"ENTR AM-354","fim":"INÍCIO PONTE S/RIO CASTANHO","km_ini":103.5,"km_fim":114.2,"extensao":10.7,"superficie":"PAV","obra":null,"estadual_coincidente":null,"unidade_local":"Castanho","versao_snv":"202607A"},"geometry":{"type":"LineString","coordinates":[[-60.30086,-3.7651],[-60.30856,-3.77875],[-60.31067,-3.79244],[-60.31219,-3.79539],[-60.33983,-3.80953],[-60.35669,-3.82249],[-60.36434,-3.82679]]}},{"type":"Feature","properties":{"br":"BR-319","snv":"319BAM0085","tipo":"Eixo Principal","inicio":"INÍCIO PONTE S/RIO CASTANHO","fim":"INÍCIO PONTE S/RIO TUPÃNA","km_ini":114.2,"km_fim":178.5,"extensao":64.3,"superficie":"PAV","obra":null,"estadual_coincidente":null,"unidade_local":"Castanho","versao_snv":"202607A"},"geometry":{"type":"LineString","coordinates":[[-60.36434,-3.82679],[-60.3716,-3.83264],[-60.3762,-3.84246],[-60.39611,-3.86516],[-60.42668,-3.8909],[-60.42958,-3.89223],[-60.43651,-3.89223],[-60.43956,-3.89352],[-60.4497,-3.90284],[-60.45554,-3.91261],[-60.45753,-3.91473],[-60.80083,-4.1705],[-60.80319,-4.17335],[-60.80685,-4.18084]]}},{"type":"Feature","properties":{"br":"BR-319","snv":"319BAM0095","tipo":"Eixo Principal","inicio":"INÍCIO PONTE S/RIO TUPÃNA","fim":"FIM PAVIMENTAÇÃO","km_ini":178.5,"km_fim":198.9,"extensao":20.4,"superficie":"PAV","obra":null,"estadual_coincidente":null,"unidade_local":"Castanho","versao_snv":"202607A"},"geometry":{"type":"LineString","coordinates":[[-60.80685,-4.18084],[-60.8163,-4.20314],[-60.82577,-4.23215],[-60.84976,-4.28154],[-60.85542,-4.28724],[-60.92831,-4.35191]]}},{"type":"Feature","properties":{"br":"BR-319","snv":"319BAM0100","tipo":"Eixo Principal","inicio":"FIM PAVIMENTAÇÃO","fim":"IGARAPÉ ATIÍ","km_ini":198.9,"km_fim":237.8,"extensao":38.9,"superficie":"IMP","obra":"EOP","estadual_coincidente":null,"unidade_local":"Castanho","versao_snv":"202607A"},"geometry":{"type":"LineString","coordinates":[[-60.92831,-4.35191],[-61.01003,-4.42448],[-61.16817,-4.54522],[-61.18046,-4.55795]]}},{"type":"Feature","properties":{"br":"BR-319","snv":"319BAM0107","tipo":"Eixo Principal","inicio":"IGARAPÉ ATIÍ","fim":"INÍCIO TRAVESSIA RIO IGAPÓ AÇU","km_ini":237.8,"km_fim":260.7,"extensao":22.9,"superficie":"IMP","obra":"EOP","estadual_coincidente":null,"unidade_local":null,"versao_snv":"202607A"},"geometry":{"type":"LineString","coordinates":[[-61.18046,-4.55795],[-61.24765,-4.62689],[-61.2729,-4.66595],[-61.29215,-4.71105]]}},{"type":"Feature","properties":{"br":"BR-319","snv":"319BAM0115","tipo":"Eixo Principal","inicio":"INÍCIO TRAVESSIA RIO IGAPÓ AÇU","fim":"FIM TRAVESSIA RIO IGAPÓ AÇU","km_ini":260.7,"km_fim":261.1,"extensao":0.4,"superficie":"TRV","obra":null,"estadual_coincidente":null,"unidade_local":null,"versao_snv":"202607A"},"geometry":{"type":"LineString","coordinates":[[-61.29215,-4.71105],[-61.29305,-4.71292]]}},{"type":"Feature","properties":{"br":"BR-319","snv":"319BAM0120","tipo":"Eixo Principal","inicio":"FIM TRAVESSIA RIO IGAPÓ AÇU","fim":"INÍCIO PONTE S/IGARAPÉ JACARETINGA","km_ini":261.1,"km_fim":289.6,"extensao":28.5,"superficie":"IMP","obra":null,"estadual_coincidente":null,"unidade_local":"Castanho","versao_snv":"202607A"},"geometry":{"type":"LineString","coordinates":[[-61.29305,-4.71292],[-61.30862,-4.74981],[-61.32027,-4.76517],[-61.42008,-4.85497],[-61.42332,-4.85926],[-61.441,-4.88826],[-61.44445,-4.89233],[-61.44869,-4.8953],[-61.4669,-4.90421]]}},{"type":"Feature","properties":{"br":"BR-319","snv":"319BAM0125","tipo":"Eixo Principal","inicio":"INÍCIO PONTE S/IGARAPÉ JACARETINGA","fim":"ENTR BR-174/319/AM-364","km_ini":289.6,"km_fim":346.2,"extensao":56.6,"superficie":"IMP","obra":null,"estadual_coincidente":null,"unidade_local":"Castanho","versao_snv":"202607A"},"geometry":{"type":"LineString","coordinates":[[-61.4669,-4.90421],[-61.49296,-4.91774],[-61.55884,-4.96776],[-61.70819,-5.1043],[-61.779,-5.16382],[-61.83592,-5.19991]]}},{"type":"Feature","properties":{"br":"BR-319","snv":"319BAM0130","tipo":"Eixo Principal","inicio":"ENTR BR-174/319/AM-364","fim":"IGARAPÉ NOVO","km_ini":346.2,"km_fim":367.2,"extensao":21,"superficie":"IMP","obra":null,"estadual_coincidente":null,"unidade_local":"Castanho","versao_snv":"202607A"},"geometry":{"type":"LineString","coordinates":[[-61.83592,-5.19991],[-61.8631,-5.21741],[-61.94217,-5.29445],[-61.94676,-5.29693],[-62.0002,-5.31739]]}},{"type":"Feature","properties":{"br":"BR-319","snv":"319BAM0135","tipo":"Eixo Principal","inicio":"IGARAPÉ NOVO","fim":"IGARAPÉ JUTAÍ","km_ini":367.2,"km_fim":386.2,"extensao":19,"superficie":"IMP","obra":null,"estadual_coincidente":null,"unidade_local":"Castanho","versao_snv":"202607A"},"geometry":{"type":"LineString","coordinates":[[-62.0002,-5.31739],[-62.00887,-5.32087],[-62.01446,-5.32548],[-62.07949,-5.41358],[-62.08166,-5.41693],[-62.10163,-5.45796]]}},{"type":"Feature","properties":{"br":"BR-319","snv":"319BAM0140","tipo":"Eixo Principal","inicio":"IGARAPÉ JUTAÍ","fim":"IGARAPÉ CAETANO","km_ini":386.2,"km_fim":433.1,"extensao":46.9,"superficie":"IMP","obra":null,"estadual_coincidente":null,"unidade_local":"Castanho","versao_snv":"202607A"},"geometry":{"type":"LineString","coordinates":[[-62.10163,-5.45796],[-62.10727,-5.46882],[-62.1168,-5.49165],[-62.12979,-5.51378],[-62.15925,-5.54904],[-62.28558,-5.75001],[-62.32779,-5.81209],[-62.33216,-5.81732]]}},{"type":"Feature","properties":{"br":"BR-319","snv":"319BAM0045","tipo":"Eixo Principal","inicio":"INÍCIO PONTE S/RIO CAPITARI","fim":"INÍCIO PONTE S/RIO CURUÇÁ","km_ini":16,"km_fim":23.3,"extensao":7.3,"superficie":"PAV","obra":null,"estadual_coincidente":null,"unidade_local":"Castanho","versao_snv":"202607A"},"geometry":{"type":"LineString","coordinates":[[-59.86903,-3.21462],[-59.86568,-3.22721],[-59.86743,-3.23505],[-59.86727,-3.23831],[-59.86622,-3.24065],[-59.85614,-3.25503],[-59.85305,-3.26967],[-59.85332,-3.27276],[-59.8545,-3.27507]]}},{"type":"Feature","properties":{"br":"BR-319","snv":"319BAM0175","tipo":"Eixo Principal","inicio":"IGARAPÉ NAZARÉ","fim":"IGARAPÉ SANTO ANTÔNIO","km_ini":571.8,"km_fim":575.7,"extensao":3.9,"superficie":"IMP","obra":null,"estadual_coincidente":null,"unidade_local":"Humaitá","versao_snv":"202607A"},"geometry":{"type":"LineString","coordinates":[[-63.04042,-6.83013],[-63.05617,-6.85418],[-63.05861,-6.85983]]}},{"type":"Feature","properties":{"br":"BR-319","snv":"319BAM0180","tipo":"Eixo Principal","inicio":"IGARAPÉ SANTO ANTÔNIO","fim":"IGARAPÉ REALIDADE","km_ini":575.7,"km_fim":590.1,"extensao":14.4,"superficie":"IMP","obra":null,"estadual_coincidente":null,"unidade_local":"Humaitá","versao_snv":"202607A"},"geometry":{"type":"LineString","coordinates":[[-63.05861,-6.85983],[-63.09875,-6.98602]]}},{"type":"Feature","properties":{"br":"BR-319","snv":"319BAM0185","tipo":"Eixo Principal","inicio":"IGARAPÉ REALIDADE","fim":"IGARAPÉ FORTALEZA","km_ini":590.1,"km_fim":601,"extensao":10.9,"superficie":"PAV","obra":null,"estadual_coincidente":null,"unidade_local":"Humaitá","versao_snv":"202607A"},"geometry":{"type":"LineString","coordinates":[[-63.09875,-6.98602],[-63.11003,-7.08463]]}},{"type":"Feature","properties":{"br":"BR-319","snv":"319BAM0190","tipo":"Eixo Principal","inicio":"IGARAPÉ FORTALEZA","fim":"ENTR BR-230/319 (P/MANAUS)","km_ini":601,"km_fim":656.4,"extensao":55.4,"superficie":"PAV","obra":null,"estadual_coincidente":null,"unidade_local":"Humaitá","versao_snv":"202607A"},"geometry":{"type":"LineString","coordinates":[[-63.11003,-7.08463],[-63.11849,-7.15735],[-63.11948,-7.16181],[-63.21157,-7.4064],[-63.25877,-7.53332],[-63.26953,-7.56274],[-63.26933,-7.56391]]}},{"type":"Feature","properties":{"br":"BR-319","snv":"319BAM0195","tipo":"Eixo Principal","inicio":"ENTR BR-230/319 (P/MANAUS)","fim":"IGARAPÉ DO RETIRO","km_ini":656.4,"km_fim":667.5,"extensao":11.1,"superficie":"PAV","obra":null,"estadual_coincidente":null,"unidade_local":"Humaitá","versao_snv":"202607A"},"geometry":{"type":"LineString","coordinates":[[-63.26933,-7.56391],[-63.22307,-7.59111],[-63.18455,-7.59286],[-63.175,-7.59381]]}},{"type":"Feature","properties":{"br":"BR-319","snv":"319BAM0200","tipo":"Eixo Principal","inicio":"IGARAPÉ DO RETIRO","fim":"IGARAPÉ BOM FUTURO","km_ini":667.5,"km_fim":674.8,"extensao":7.3,"superficie":"PAV","obra":null,"estadual_coincidente":null,"unidade_local":"Humaitá","versao_snv":"202607A"},"geometry":{"type":"LineString","coordinates":[[-63.175,-7.59381],[-63.17254,-7.59373],[-63.11958,-7.57653],[-63.11416,-7.57539],[-63.1114,-7.57361]]}},{"type":"Feature","properties":{"br":"BR-319","snv":"319BAM0205","tipo":"Eixo Principal","inicio":"IGARAPÉ BOM FUTURO","fim":"ENTR BR-230/319 (ACESSO OESTE AEROPORTO DE HUMAITÁ)","km_ini":674.8,"km_fim":679.3,"extensao":4.5,"superficie":"PAV","obra":null,"estadual_coincidente":null,"unidade_local":"Humaitá","versao_snv":"202607A"},"geometry":{"type":"LineString","coordinates":[[-63.1114,-7.57361],[-63.07865,-7.55073],[-63.07751,-7.55088]]}},{"type":"Feature","properties":{"br":"BR-319","snv":"319BAM0210","tipo":"Eixo Principal","inicio":"ENTR BR-230/319 (ACESSO OESTE AEROPORTO DE HUMAITÁ)","fim":"IGARAPÉ BEÉN","km_ini":679.3,"km_fim":706.7,"extensao":27.4,"superficie":"PAV","obra":null,"estadual_coincidente":null,"unidade_local":"Humaitá","versao_snv":"202607A"},"geometry":{"type":"LineString","coordinates":[[-63.07751,-7.55088],[-63.0822,-7.69017],[-63.10005,-7.72182],[-63.13917,-7.75099],[-63.14866,-7.76838]]}},{"type":"Feature","properties":{"br":"BR-319","snv":"319BAM0215","tipo":"Eixo Principal","inicio":"IGARAPÉ BEÉN","fim":"IGARAPÉ SÃO JOÃO","km_ini":706.7,"km_fim":734.3,"extensao":27.6,"superficie":"PAV","obra":null,"estadual_coincidente":null,"unidade_local":"Humaitá","versao_snv":"202607A"},"geometry":{"type":"LineString","coordinates":[[-63.14866,-7.76838],[-63.16204,-7.7931],[-63.1917,-7.81651],[-63.22485,-7.84383],[-63.25088,-7.86387],[-63.29806,-7.90163],[-63.33501,-7.93177]]}},{"type":"Feature","properties":{"br":"BR-319","snv":"319BAM0220","tipo":"Eixo Principal","inicio":"IGARAPÉ SÃO JOÃO","fim":"DIV AM/RO","km_ini":734.3,"km_fim":741,"extensao":6.7,"superficie":"PAV","obra":null,"estadual_coincidente":null,"unidade_local":"Humaitá","versao_snv":"202607A"},"geometry":{"type":"LineString","coordinates":[[-63.33501,-7.93177],[-63.36189,-7.95375]]}},{"type":"Feature","properties":{"br":"BR-413","snv":"413BAM0010","tipo":"Eixo Principal","inicio":"ENTR BR-307/413 (P/CAXIAS)","fim":"FRONT BRASIL/PERU (CAXIAS)","km_ini":0,"km_fim":40,"extensao":40,"superficie":"PLA","obra":null,"estadual_coincidente":null,"unidade_local":null,"versao_snv":"202607A"},"geometry":{"type":"LineString","coordinates":[[-71.20527,-4.68563],[-71.27351,-4.55627],[-71.27351,-4.4941]]}},{"type":"Feature","properties":{"br":"BR-411","snv":"411BAM0010","tipo":"Eixo Principal","inicio":"ENTR BR-307/411 (P/ELVIRA)","fim":"FRONT BRASIL/PERU (ELVIRA)","km_ini":0,"km_fim":85,"extensao":85,"superficie":"PLA","obra":null,"estadual_coincidente":null,"unidade_local":null,"versao_snv":"202607A"},"geometry":{"type":"LineString","coordinates":[[-72.41347,-5.6352],[-72.83221,-5.20247]]}}]}