{"type": "FeatureCollection", "fonte": "DNIT, hidrovias do Sistema Nacional de Viação", "features": [{"type": "Feature", "properties": {"rio": "Rio Içá", "codigo": "HF-147", "trecho": "Da foz, no rio Solimoes, formador do rio Amazonas, ate a fronteira do Brasil com a Colombia.", "regiao": "Amazonica", "km": null}, "geometry": {"type": "LineString", "coordinates": [[-67.96853, -3.13202], [-68.00509, -3.14303], [-68.02763, -3.16095], [-68.03396, -3.16182], [-68.04427, -3.15883], [-68.05212, -3.15026], [-68.06735, -3.11572], [-68.06868, -3.10003], [-68.07563, -3.09361], [-68.08911, -3.0918], [-68.10077, -3.09538], [-68.12822, -3.11131], [-68.1423, -3.10826], [-68.15777, -3.09182], [-68.15733, -3.07908], [-68.15399, -3.07343], [-68.1477, -3.07108], [-68.12372, -3.07179], [-68.11683, -3.05879], [-68.1185, -3.04356], [-68.13694, -3.02572], [-68.15282, -3.0171], [-68.17013, -3.01649], [-68.1928, -3.04086], [-68.2134, -3.03664], [-68.25175, -3.04184], [-68.26235, -3.03929], [-68.27292, -3.0277], [-68.27901, -2.98997], [-68.31697, -2.95958], [-68.32384, -2.93045], [-68.35009, -2.89689], [-68.36007, -2.89426], [-68.37502, -2.90032], [-68.39865, -2.93799], [-68.40313, -2.94277], [-68.41284, -2.94464], [-68.42855, -2.9353], [-68.44276, -2.88716], [-68.45369, -2.87747], [-68.46079, -2.87885], [-68.46282, -2.88224], [-68.46519, -2.89648], [-68.47098, -2.90672], [-68.4874, -2.91434], [-68.49793, -2.91373], [-68.50729, -2.90918], [-68.54466, -2.88343], [-68.55311, -2.88215], [-68.54802, -2.91811], [-68.55064, -2.92677], [-68.56386, -2.93363], [-68.58407, -2.92932], [-68.60602, -2.90252], [-68.62302, -2.89273], [-68.62956, -2.89559], [-68.64731, -2.93251], [-68.65457, -2.93397], [-68.66287, -2.93117], [-68.67297, -2.91936], [-68.68071, -2.88264], [-68.68664, -2.87601], [-68.69917, -2.86968], [-68.70728, -2.87205], [-68.71637, -2.8887], [-68.72245, -2.89396], [-68.75089, -2.89888], [-68.76091, -2.8978], [-68.80252, -2.88078], [-68.81778, -2.88042], [-68.83255, -2.89246], [-68.83207, -2.90339], [-68.82491, -2.90983], [-68.8127, -2.91208], [-68.79406, -2.9049], [-68.77818, -2.9077], [-68.76914, -2.92083], [-68.76877, -2.93225], [-68.77236, -2.94176], [-68.79422, -2.95286], [-68.8227, -2.95259], [-68.84186, -2.95782], [-68.84928, -2.96389], [-68.85633, -2.97641], [-68.86795, -3.01855], [-68.87528, -3.02691], [-68.87992, -3.02706], [-68.88601, -3.01842], [-68.88279, -3.00279], [-68.88828, -2.99436], [-68.89884, -2.9944], [-68.91138, -3.01137], [-68.91951, -3.01415], [-68.92916, -3.00863], [-68.93584, -2.99455], [-68.95347, -2.98926], [-68.96287, -2.99418], [-68.96421, -2.98544], [-68.96794, -2.98265], [-68.97124, -2.98767], [-68.96853, -2.99948], [-68.97377, -2.99834], [-68.97352, -2.98741], [-68.97833, -2.98625], [-68.98606, -3.00533], [-68.99873, -3.01258], [-69.00757, -3.01091], [-69.02446, -2.99983], [-69.06477, -2.99278], [-69.11071, -2.96117], [-69.1324, -2.95616], [-69.14908, -2.96038], [-69.15187, -2.96609], [-69.14621, -3.00145], [-69.14802, -3.00889], [-69.16607, -3.02065], [-69.1893, -3.02355], [-69.19869, -3.01578], [-69.20101, -3.00567], [-69.19843, -3.00008], [-69.18226, -2.98681], [-69.1806, -2.97738], [-69.1851, -2.96831], [-69.2112, -2.96456], [-69.22431, -2.94988], [-69.23086, -2.94677], [-69.26604, -2.94636], [-69.28876, -2.95055], [-69.3046, -2.94389], [-69.32974, -2.92362], [-69.34163, -2.91775], [-69.35819, -2.91741], [-69.37373, -2.92132], [-69.42429, -2.96035], [-69.44895, -2.95929], [-69.45103, -2.95555], [-69.44908, -2.95258], [-69.43328, -2.93942], [-69.421, -2.91724], [-69.4368, -2.86819], [-69.44889, -2.85907], [-69.46358, -2.85471], [-69.48012, -2.85977], [-69.49051, -2.86939], [-69.52937, -2.94458], [-69.54019, -2.95598], [-69.56348, -2.96966], [-69.57944, -2.97172], [-69.58934, -2.96117], [-69.60455, -2.91921], [-69.6154, -2.91188], [-69.63149, -2.91266], [-69.68027, -2.93025], [-69.69526, -2.92508], [-69.69449, -2.91642], [-69.68902, -2.91114], [-69.66252, -2.90037], [-69.65607, -2.88533], [-69.66448, -2.87177], [-69.67573, -2.86828], [-69.6909, -2.87491]]}}, {"type": "Feature", "properties": {"rio": "Rio Amazonas", "codigo": "HF-100", "trecho": "Da foz, no Oceano Atlantico, ate a confluencia dos rios Negro e Solimoes.", "regiao": "Amazonica", "km": null}, "geometry": {"type": "LineString", "coordinates": [[-50.3131, 0.69005], [-50.3952, 0.65793], [-50.49513, 0.53658], [-50.56652, 0.40809], [-50.60578, 0.36526], [-50.64504, 0.30815], [-50.68073, 0.2439], [-50.76282, 0.17252], [-50.85919, 0.14397], [-50.90916, 0.11898], [-50.95913, 0.08329], [-50.99839, 0.03332], [-51.0091, 0.01191], [-51.04836, -0.03449], [-51.07691, -0.05948], [-51.10903, -0.08089], [-51.15186, -0.09874], [-51.20897, -0.12908], [-51.31605, -0.25043], [-51.32854, -0.25935], [-51.33925, -0.27363], [-51.36066, -0.31825], [-51.3678, -0.35751], [-51.37672, -0.37535], [-51.41598, -0.40391], [-51.43562, -0.47529], [-51.46595, -0.51098], [-51.54983, -0.58058], [-51.60158, -0.64483], [-51.65155, -0.72513], [-51.65869, -0.81436], [-51.68011, -0.85541], [-51.68367, -0.87861], [-51.68724, -0.92322], [-51.68189, -0.95713], [-51.68011, -1.01602], [-51.68724, -1.03744], [-51.74792, -1.07491], [-51.77006, -1.10243], [-51.77891, -1.13724], [-51.7884, -1.14906], [-51.87904, -1.16117], [-51.88683, -1.15997], [-51.89146, -1.16831], [-51.89643, -1.20183], [-51.89705, -1.26298], [-51.89332, -1.30085], [-51.89643, -1.31979], [-51.90295, -1.33562], [-51.91412, -1.35052], [-51.98711, -1.43231], [-52.06137, -1.44934], [-52.11111, -1.46979], [-52.22978, -1.48568], [-52.23833, -1.49009], [-52.24569, -1.50102], [-52.28097, -1.52028], [-52.34944, -1.53899], [-52.37202, -1.55205], [-52.39405, -1.55817], [-52.46416, -1.56633], [-52.51322, -1.56552], [-52.53878, -1.55188], [-52.57391, -1.5398], [-52.59782, -1.53721], [-52.63969, -1.54364], [-52.66346, -1.55334], [-52.69109, -1.57253], [-52.74385, -1.5782], [-52.82502, -1.58051], [-52.8779, -1.60137], [-52.90604, -1.62805], [-52.96862, -1.71053], [-52.98415, -1.73575], [-53.01808, -1.75708], [-53.04681, -1.76847], [-53.11758, -1.7748], [-53.21572, -1.75821], [-53.24536, -1.75732], [-53.28261, -1.76098], [-53.32691, -1.77342], [-53.4038, -1.80901], [-53.49307, -1.85801], [-53.54934, -1.87887], [-53.60702, -1.89528], [-53.75262, -1.9041], [-53.80249, -1.91933], [-53.93146, -1.98009], [-54.0, -2.03398], [-54.01536, -2.07405], [-54.03308, -2.16087], [-54.05612, -2.23175], [-54.07915, -2.27782], [-54.127, -2.3363], [-54.23863, -2.38945], [-54.45303, -2.44084], [-54.51859, -2.4621], [-54.59833, -2.4621], [-54.64094, -2.441], [-54.68041, -2.40501], [-54.70542, -2.36918], [-54.7476, -2.28594], [-54.77456, -2.24812], [-54.80783, -2.2047], [-54.84564, -2.17564], [-54.86834, -2.16583], [-54.91112, -2.16479], [-54.95988, -2.18073], [-55.01578, -2.16208], [-55.07122, -2.16636], [-55.14202, -2.16469], [-55.25802, -2.13871], [-55.31727, -2.11432], [-55.44903, -1.98838], [-55.47126, -1.96326], [-55.53282, -1.91627], [-55.55347, -1.9056], [-55.57535, -1.89939], [-55.59645, -1.89791], [-55.74194, -1.98148], [-55.77406, -1.99159], [-55.82373, -2.00021], [-55.88304, -2.00309], [-55.89514, -2.00085], [-56.00247, -1.95351], [-56.03172, -1.93303], [-56.05658, -1.93454], [-56.07873, -1.95679], [-56.09164, -1.98433], [-56.10421, -2.05055], [-56.11394, -2.06618], [-56.12536, -2.07314], [-56.13633, -2.08726], [-56.16324, -2.14683], [-56.21794, -2.19383], [-56.26331, -2.22072], [-56.30675, -2.2421], [-56.36372, -2.25894], [-56.38198, -2.26897], [-56.39528, -2.2808], [-56.4112, -2.3191], [-56.48094, -2.4589], [-56.56131, -2.53569], [-56.60182, -2.56266], [-56.63632, -2.57615], [-56.68551, -2.60282], [-56.71168, -2.60633], [-56.75886, -2.61949], [-56.80325, -2.61592], [-56.95544, -2.55453], [-57.0263, -2.54125], [-57.0459, -2.54341], [-57.06043, -2.55197], [-57.07765, -2.56538], [-57.10706, -2.6025], [-57.12767, -2.61645], [-57.15828, -2.6271], [-57.19243, -2.63134], [-57.22556, -2.62962], [-57.25525, -2.60792], [-57.26896, -2.59079], [-57.2938, -2.51741], [-57.31407, -2.47858], [-57.33292, -2.45259], [-57.3806, -2.40719], [-57.4103, -2.38949], [-57.44856, -2.37835], [-57.48225, -2.37635], [-57.5031, -2.38007], [-57.52622, -2.3892], [-57.54593, -2.40085], [-57.5662, -2.42375], [-57.5884, -2.49227], [-57.59875, -2.51455], [-57.66813, -2.63533], [-57.70554, -2.69016], [-57.74494, -2.7387], [-57.77807, -2.77353], [-57.82347, -2.79381], [-57.93026, -2.79838], [-58.02077, -2.82065], [-58.07274, -2.84349], [-58.10877, -2.88503], [-58.12947, -2.91508], [-58.14117, -2.96818], [-58.15378, -3.00071], [-58.16661, -3.06317], [-58.1711, -3.13325], [-58.17896, -3.14816], [-58.2098, -3.1887], [-58.2295, -3.20469], [-58.25748, -3.21183], [-58.27775, -3.2104], [-58.35685, -3.18984], [-58.42193, -3.16692], [-58.46083, -3.14867], [-58.49022, -3.15217], [-58.53592, -3.19098], [-58.54961, -3.21145], [-58.56609, -3.2523], [-58.56821, -3.30672], [-58.57457, -3.32687], [-58.58903, -3.34598], [-58.61164, -3.36442], [-58.63424, -3.37394], [-58.67082, -3.37453], [-58.70533, -3.36769], [-58.74175, -3.35275], [-58.80577, -3.33236], [-58.87352, -3.30119], [-58.92722, -3.2656], [-58.97076, -3.24561], [-59.0293, -3.24204], [-59.10425, -3.26631], [-59.14137, -3.26631], [-59.18206, -3.2606], [-59.33553, -3.18137], [-59.45546, -3.13497], [-59.49757, -3.12354], [-59.5197, -3.12354], [-59.55754, -3.11641], [-59.62321, -3.085], [-59.72101, -3.06073], [-59.79239, -3.06644], [-59.84736, -3.08928], [-59.89672, -3.12583]]}}, {"type": "Feature", "properties": {"rio": "Rio Teles Pires", "codigo": "HF-110", "trecho": "Da confluencia com o Rio Juruena, formador do Rio Tapajos ate o sope da Cachoeira Oscar Miranda", "regiao": "Amazonica", "km": null}, "geometry": {"type": "LineString", "coordinates": [[-58.13876, -7.34345], [-58.11223, -7.35397], [-58.09807, -7.36579], [-58.07795, -7.39681], [-58.04932, -7.42387], [-58.03054, -7.46261], [-58.00171, -7.49059], [-57.97806, -7.53042], [-57.94972, -7.59314], [-57.94145, -7.65097], [-57.93495, -7.65594], [-57.92102, -7.65537], [-57.91278, -7.65826], [-57.90233, -7.66821], [-57.89761, -7.67757], [-57.89263, -7.69477], [-57.89263, -7.71508], [-57.87821, -7.79212], [-57.85926, -7.8303], [-57.83992, -7.88752], [-57.83423, -7.92366], [-57.83401, -7.95768], [-57.8294, -7.97509], [-57.79903, -8.01537], [-57.78158, -8.04886], [-57.75328, -8.0698], [-57.73135, -8.09136], [-57.72512, -8.13304], [-57.72014, -8.1511], [-57.71456, -8.15973], [-57.69742, -8.17198], [-57.66954, -8.17495], [-57.64623, -8.20966], [-57.64327, -8.21852], [-57.64408, -8.23023], [-57.66196, -8.26143], [-57.66561, -8.29154], [-57.68001, -8.31744], [-57.66949, -8.37433], [-57.68904, -8.40163], [-57.69045, -8.40839], [-57.6813, -8.43322], [-57.66803, -8.45239], [-57.64623, -8.47033], [-57.64648, -8.47946], [-57.6582, -8.48828], [-57.65953, -8.49749], [-57.63879, -8.51096], [-57.6344, -8.51943], [-57.63708, -8.53579], [-57.65057, -8.55469], [-57.6488, -8.5744], [-57.64368, -8.58423], [-57.62921, -8.586], [-57.62218, -8.59266], [-57.625, -8.64178], [-57.61235, -8.65309], [-57.60176, -8.66924], [-57.60186, -8.68073], [-57.59289, -8.71597], [-57.61401, -8.7478], [-57.61328, -8.75238], [-57.59344, -8.76062], [-57.56086, -8.76161], [-57.53499, -8.75225], [-57.52908, -8.75926], [-57.51717, -8.75815], [-57.48728, -8.76895], [-57.46491, -8.78472], [-57.42136, -8.77628], [-57.41485, -8.78478], [-57.4172, -8.80186], [-57.41308, -8.82239], [-57.42108, -8.85168], [-57.41635, -8.86003], [-57.39256, -8.87745], [-57.37799, -8.88379], [-57.36218, -8.88312], [-57.35797, -8.89227], [-57.34851, -8.89423], [-57.31605, -8.88549], [-57.3107, -8.89332], [-57.30743, -8.90982], [-57.29818, -8.91508], [-57.24391, -8.90859], [-57.19649, -8.92619], [-57.16684, -8.96458], [-57.1328, -9.00123], [-57.09582, -9.01889], [-57.08485, -9.04483], [-57.06218, -9.06512], [-57.06345, -9.08055], [-57.04072, -9.09522], [-57.03853, -9.10632], [-57.04081, -9.11483], [-57.0592, -9.13739], [-57.05384, -9.15958], [-57.06151, -9.17211], [-57.06071, -9.18469], [-57.05173, -9.18703], [-57.04072, -9.19831], [-57.02649, -9.22131], [-57.00201, -9.2254], [-56.9975, -9.23328], [-56.98602, -9.22992], [-56.96781, -9.23396], [-56.96104, -9.22629], [-56.9376, -9.23359], [-56.87561, -9.2412], [-56.86385, -9.23417], [-56.8533, -9.24305], [-56.83441, -9.24329], [-56.81846, -9.24902], [-56.80473, -9.26688], [-56.8098, -9.28253], [-56.80169, -9.29317], [-56.7924, -9.29605], [-56.78809, -9.31546], [-56.78142, -9.31697], [-56.77759, -9.32428], [-56.77776, -9.35973], [-56.77099, -9.37689], [-56.77569, -9.39429], [-56.77368, -9.39831], [-56.75461, -9.40574], [-56.72417, -9.38705], [-56.7114, -9.37486], [-56.68091, -9.37091], [-56.67388, -9.37163], [-56.6692, -9.37581], [-56.6622, -9.37369], [-56.66042, -9.38459], [-56.65457, -9.39164], [-56.64795, -9.39152], [-56.62179, -9.37394], [-56.60565, -9.38577], [-56.59232, -9.39089], [-56.56108, -9.38949], [-56.54548, -9.40565], [-56.53929, -9.43074], [-56.53232, -9.44081], [-56.50512, -9.45054], [-56.48425, -9.45257], [-56.46092, -9.4736], [-56.43811, -9.47461], [-56.41638, -9.46838], [-56.38624, -9.47564], [-56.37467, -9.48357], [-56.36137, -9.49748], [-56.35415, -9.51043], [-56.30514, -9.55718], [-56.2561, -9.58629], [-56.24702, -9.59562], [-56.20047, -9.61682], [-56.18075, -9.61674], [-56.16597, -9.62084], [-56.12521, -9.61729], [-56.11515, -9.62538], [-56.10077, -9.6306], [-56.08734, -9.64292], [-56.06219, -9.64728], [-56.01175, -9.63738], [-56.0035, -9.63763], [-55.99819, -9.64151], [-55.98407, -9.63861], [-55.97856, -9.64031], [-55.97843, -9.63001], [-55.96374, -9.62708], [-55.96094, -9.61633], [-55.94794, -9.61755], [-55.94136, -9.62218], [-55.93496, -9.63392], [-55.91791, -9.64523], [-55.9046, -9.66589], [-55.89127, -9.67635], [-55.86376, -9.72248], [-55.83311, -9.73608], [-55.81439, -9.73397], [-55.80076, -9.73762], [-55.77583, -9.76724], [-55.75267, -9.77247], [-55.74736, -9.77648], [-55.74421, -9.78476], [-55.73394, -9.78741], [-55.694, -9.85469], [-55.67569, -9.89848], [-55.66197, -9.89836], [-55.64347, -9.8829], [-55.63743, -9.88114], [-55.62128, -9.88463], [-55.61009, -9.89368], [-55.59773, -9.92037], [-55.58535, -9.93274], [-55.57537, -9.94919], [-55.57663, -9.96605], [-55.57234, -9.98067], [-55.56593, -9.98813], [-55.5575, -9.99186], [-55.55429, -9.99882], [-55.55988, -10.0168], [-55.56099, -10.04556], [-55.55788, -10.06574], [-55.56273, -10.07909], [-55.56384, -10.09925], [-55.57241, -10.12197], [-55.56786, -10.13719], [-55.58109, -10.16677], [-55.57473, -10.1795], [-55.57461, -10.18741], [-55.59236, -10.22018], [-55.63017, -10.24449], [-55.64038, -10.24811], [-55.65669, -10.24754], [-55.66769, -10.25605], [-55.7013, -10.24906], [-55.73062, -10.23274], [-55.80994, -10.24114], [-55.82631, -10.2728], [-55.85876, -10.29624], [-55.86999, -10.323], [-55.91396, -10.36928], [-55.92922, -10.40126], [-55.9299, -10.41539], [-55.9237, -10.42558], [-55.91962, -10.4476], [-55.91166, -10.46567], [-55.8943, -10.48812], [-55.87066, -10.49681], [-55.84645, -10.52169], [-55.83663, -10.55476], [-55.83788, -10.58444], [-55.82603, -10.60391], [-55.83085, -10.63118], [-55.83968, -10.64118], [-55.85279, -10.66526], [-55.85763, -10.66742], [-55.87023, -10.66073], [-55.8817, -10.66069], [-55.89207, -10.67189], [-55.91368, -10.67828], [-55.92213, -10.68471], [-55.92255, -10.7139], [-55.92732, -10.71803], [-55.94139, -10.72109], [-55.94554, -10.72649], [-55.93533, -10.75064], [-55.9382, -10.76364], [-55.9492, -10.78361], [-55.94891, -10.79146], [-55.9414, -10.80089], [-55.92408, -10.81103], [-55.91281, -10.81392], [-55.90614, -10.82168], [-55.90362, -10.83332], [-55.9052, -10.85434], [-55.89981, -10.86824], [-55.88195, -10.87419], [-55.86248, -10.9009], [-55.85712, -10.90154], [-55.84645, -10.89422], [-55.83949, -10.89722], [-55.85155, -10.92434], [-55.84607, -10.94851], [-55.85861, -10.96516], [-55.84927, -10.98395], [-55.84426, -10.98628], [-55.82525, -10.98329], [-55.80946, -10.96858], [-55.79927, -10.96957], [-55.79291, -10.97892], [-55.78259, -10.98332], [-55.77632, -10.98377], [-55.76796, -10.97819]]}}, {"type": "Feature", "properties": {"rio": "Rio Tapajos", "codigo": "HF-106", "trecho": "Da foz no Rio Amazonas, ate a confluencia dos Rios Juruena e Teles Pires.", "regiao": "Amazonica", "km": null}, "geometry": {"type": "LineString", "coordinates": [[-54.64094, -2.441], [-54.72368, -2.40642], [-54.86014, -2.391], [-54.92834, -2.39096], [-54.96364, -2.4095], [-55.01828, -2.48057], [-55.04507, -2.52307], [-55.05815, -2.5474], [-55.07275, -2.58661], [-55.08237, -2.6355], [-55.09204, -2.6664], [-55.09398, -2.69344], [-55.1016, -2.7112], [-55.10721, -2.76272], [-55.12614, -2.81701], [-55.1465, -2.91023], [-55.1741, -3.00242], [-55.2015, -3.11488], [-55.24436, -3.25703], [-55.2476, -3.29981], [-55.25921, -3.3288], [-55.2749, -3.39155], [-55.30243, -3.4803], [-55.31494, -3.5097], [-55.316, -3.55854], [-55.33137, -3.57769], [-55.34163, -3.59985], [-55.3567, -3.66001], [-55.36303, -3.6692], [-55.39711, -3.69755], [-55.41012, -3.71913], [-55.46353, -3.76123], [-55.47752, -3.77656], [-55.49718, -3.80687], [-55.53649, -3.85018], [-55.55481, -3.8645], [-55.56947, -3.93213], [-55.5776, -3.95015], [-55.59345, -3.96411], [-55.60092, -3.97638], [-55.61444, -4.03949], [-55.62529, -4.0629], [-55.65755, -4.09317], [-55.81653, -4.17938], [-55.89187, -4.23253], [-55.93598, -4.24948], [-55.95975, -4.26748], [-55.97726, -4.28624], [-55.99143, -4.2917], [-56.0289, -4.29232], [-56.04421, -4.29837], [-56.06105, -4.31379], [-56.06648, -4.32293], [-56.07394, -4.35063], [-56.07523, -4.3689], [-56.08009, -4.37861], [-56.08627, -4.38319], [-56.11369, -4.39088], [-56.13622, -4.38924], [-56.15084, -4.38218], [-56.17205, -4.36596], [-56.18849, -4.35983], [-56.21479, -4.36459], [-56.23279, -4.37572], [-56.24979, -4.39517], [-56.26148, -4.4171], [-56.25737, -4.45755], [-56.26617, -4.47582], [-56.25179, -4.48768], [-56.24836, -4.50177], [-56.25036, -4.50967], [-56.2612, -4.51979], [-56.26854, -4.52375], [-56.27854, -4.52394], [-56.28824, -4.53576], [-56.28843, -4.55412], [-56.28196, -4.58086], [-56.28711, -4.60688], [-56.30054, -4.62072], [-56.34465, -4.64683], [-56.38257, -4.67442], [-56.39343, -4.68612], [-56.40794, -4.71299], [-56.42436, -4.72842], [-56.44418, -4.73643], [-56.45992, -4.7375], [-56.48274, -4.72872], [-56.54032, -4.69672], [-56.56125, -4.69473], [-56.57898, -4.69685], [-56.60234, -4.70538], [-56.67285, -4.7486], [-56.69474, -4.76581], [-56.70262, -4.79163], [-56.70968, -4.85281], [-56.72378, -4.8781], [-56.72807, -4.90473], [-56.74596, -4.94616], [-56.75562, -4.95764], [-56.7827, -4.96526], [-56.79986, -5.01976], [-56.84059, -5.07747], [-56.84263, -5.0931], [-56.83962, -5.13506], [-56.84451, -5.16246], [-56.85497, -5.17661], [-56.86832, -5.18687], [-56.8756, -5.19046], [-56.90826, -5.19531], [-56.92854, -5.20466], [-56.95526, -5.22448], [-56.97307, -5.24371], [-56.98126, -5.268], [-56.98998, -5.32835], [-57.00577, -5.36123], [-57.00907, -5.40061], [-57.02402, -5.4256], [-57.04666, -5.44379], [-57.05286, -5.45224], [-57.06929, -5.50608], [-57.08784, -5.52866], [-57.10967, -5.54479], [-57.16298, -5.56265], [-57.20595, -5.58458], [-57.21737, -5.59939], [-57.22964, -5.63174], [-57.26471, -5.64448], [-57.28721, -5.66249], [-57.31071, -5.68973], [-57.33379, -5.73198], [-57.3709, -5.76766], [-57.38907, -5.77513], [-57.42775, -5.77193], [-57.45129, -5.78132], [-57.47679, -5.80396], [-57.55122, -5.8951], [-57.5681, -5.90784], [-57.65067, -5.95167], [-57.65778, -5.96504], [-57.65747, -5.99265], [-57.61898, -6.07258], [-57.61735, -6.10044], [-57.62826, -6.11561], [-57.66127, -6.13528], [-57.67146, -6.14825], [-57.68432, -6.17662], [-57.7264, -6.22029], [-57.74258, -6.25471], [-57.75634, -6.29531], [-57.77481, -6.32008], [-57.78718, -6.32758], [-57.79528, -6.32779], [-57.81456, -6.31368], [-57.83308, -6.30912], [-57.88391, -6.32312], [-57.89654, -6.33183], [-57.91036, -6.35139], [-58.01511, -6.41078], [-58.09102, -6.41013], [-58.20485, -6.42543], [-58.23066, -6.44798], [-58.25154, -6.45666], [-58.27256, -6.48126], [-58.32272, -6.51755], [-58.34054, -6.54908], [-58.35189, -6.56064], [-58.41324, -6.60193], [-58.43177, -6.61979], [-58.45076, -6.65396], [-58.46663, -6.67295], [-58.47785, -6.71121], [-58.48066, -6.77592], [-58.45869, -6.84003], [-58.42763, -6.91132], [-58.4073, -6.9421], [-58.39429, -6.95287], [-58.37932, -6.97174], [-58.35298, -6.9758], [-58.32783, -6.99233], [-58.28383, -7.07231], [-58.26966, -7.08174], [-58.2474, -7.08335], [-58.22549, -7.12281], [-58.21053, -7.13073], [-58.20718, -7.15367], [-58.18328, -7.18934], [-58.17709, -7.20895], [-58.17144, -7.2455], [-58.1725, -7.30829], [-58.16076, -7.32551], [-58.13876, -7.34345]]}}, {"type": "Feature", "properties": {"rio": "Rio Juruena", "codigo": "HF-107", "trecho": "Da confluencia com o rio Teles Pires, formador do rio Tapajos, ate a 550 km a montante.", "regiao": "Amazonica", "km": null}, "geometry": {"type": "LineString", "coordinates": [[-58.13876, -7.34345], [-58.14136, -7.3608], [-58.14876, -7.37417], [-58.17033, -7.39106], [-58.17935, -7.40533], [-58.20452, -7.42121], [-58.21384, -7.432], [-58.21436, -7.48458], [-58.2234, -7.52835], [-58.22271, -7.54107], [-58.20707, -7.60173], [-58.20612, -7.62288], [-58.23598, -7.64866], [-58.2543, -7.67628], [-58.27481, -7.69393], [-58.28351, -7.71146], [-58.29026, -7.76016], [-58.29828, -7.77541], [-58.31947, -7.7887], [-58.33881, -7.80932], [-58.37544, -7.82134], [-58.38659, -7.83929], [-58.38527, -7.85185], [-58.37863, -7.86505], [-58.37693, -7.90016], [-58.3734, -7.912], [-58.35919, -7.93486], [-58.35567, -7.94706], [-58.33623, -7.96706], [-58.33136, -7.97596], [-58.32053, -8.02515], [-58.28691, -8.06413], [-58.28529, -8.08628], [-58.29341, -8.10974], [-58.28722, -8.12617], [-58.29157, -8.13503], [-58.31424, -8.14746], [-58.32006, -8.15532], [-58.32295, -8.1673], [-58.31468, -8.20988], [-58.32691, -8.2251], [-58.32123, -8.24211], [-58.3208, -8.26811], [-58.33231, -8.28551], [-58.32909, -8.29419], [-58.31617, -8.30553], [-58.3161, -8.32602], [-58.32249, -8.33322], [-58.34028, -8.33842], [-58.34994, -8.34523], [-58.3502, -8.37057], [-58.35798, -8.3795], [-58.35541, -8.39352], [-58.37893, -8.42998], [-58.39278, -8.4414], [-58.39798, -8.46293], [-58.40571, -8.46206], [-58.41798, -8.49024], [-58.42073, -8.50599], [-58.4166, -8.52194], [-58.40767, -8.52524], [-58.40301, -8.54195], [-58.41013, -8.55575], [-58.40982, -8.57018], [-58.39272, -8.58702], [-58.39023, -8.60063], [-58.40278, -8.61188], [-58.40366, -8.63338], [-58.41564, -8.64015], [-58.42396, -8.67058], [-58.44256, -8.69727], [-58.44429, -8.70417], [-58.43974, -8.71087], [-58.41517, -8.71928], [-58.39027, -8.70901], [-58.35636, -8.70379], [-58.33158, -8.70859], [-58.32627, -8.71676], [-58.33035, -8.72432], [-58.35485, -8.73544], [-58.39518, -8.77934], [-58.41872, -8.79394], [-58.42769, -8.78511], [-58.44444, -8.7995], [-58.45923, -8.83824], [-58.48169, -8.86325], [-58.4944, -8.87035], [-58.49921, -8.88657], [-58.505, -8.89278], [-58.52585, -8.90262], [-58.53552, -8.89848], [-58.54698, -8.88704], [-58.56165, -8.89014], [-58.56491, -8.89863], [-58.55776, -8.90699], [-58.55589, -8.91514], [-58.57073, -8.92612], [-58.55592, -8.93284], [-58.55134, -8.94275], [-58.56101, -8.95433], [-58.56854, -8.97039], [-58.58201, -8.98066], [-58.60478, -9.0083], [-58.60259, -9.03057], [-58.59397, -9.0525], [-58.59688, -9.07791], [-58.60342, -9.09012], [-58.63518, -9.10989], [-58.6432, -9.13201], [-58.65782, -9.15092], [-58.65216, -9.17099], [-58.6553, -9.20121], [-58.64033, -9.21169], [-58.63741, -9.22721], [-58.63034, -9.23798], [-58.61975, -9.28746], [-58.60678, -9.30736], [-58.60161, -9.33068], [-58.59395, -9.34148], [-58.53815, -9.3844], [-58.48631, -9.41203], [-58.43073, -9.45337], [-58.41757, -9.45662], [-58.38209, -9.4527], [-58.3552, -9.46493], [-58.33526, -9.46313], [-58.31306, -9.47192], [-58.27528, -9.47962], [-58.26578, -9.48821], [-58.26106, -9.50013], [-58.26091, -9.52674], [-58.25513, -9.56111], [-58.26704, -9.58685], [-58.25992, -9.65018], [-58.25523, -9.66259], [-58.22858, -9.69886], [-58.21887, -9.72141], [-58.21642, -9.73464], [-58.2199, -9.74458], [-58.21177, -9.75637], [-58.20791, -9.78753], [-58.19767, -9.80723], [-58.19847, -9.85035], [-58.20351, -9.85766], [-58.22152, -9.87086], [-58.22788, -9.88484], [-58.21743, -9.92899], [-58.22139, -9.94183], [-58.23434, -9.95549], [-58.23186, -9.99716], [-58.27394, -10.05987], [-58.29098, -10.09841], [-58.32254, -10.12394], [-58.3231, -10.1551], [-58.31319, -10.18988], [-58.32429, -10.20662], [-58.32884, -10.21953], [-58.34604, -10.23206], [-58.35548, -10.25852], [-58.3586, -10.32034], [-58.35231, -10.35643], [-58.33858, -10.37826], [-58.34016, -10.40025], [-58.33575, -10.41866], [-58.3405, -10.45363], [-58.33848, -10.46296], [-58.34831, -10.47299], [-58.35503, -10.49038], [-58.36616, -10.49879], [-58.36409, -10.50414], [-58.37631, -10.50889], [-58.40739, -10.53899], [-58.4195, -10.56761], [-58.41776, -10.57461], [-58.38276, -10.62354], [-58.39129, -10.65114], [-58.3735, -10.68036], [-58.37084, -10.70607], [-58.37533, -10.72395], [-58.36468, -10.73387], [-58.35952, -10.75192], [-58.331, -10.7974], [-58.33764, -10.82791], [-58.3479, -10.83735], [-58.3576, -10.86591], [-58.33541, -10.90538], [-58.3436, -10.92512], [-58.34304, -10.95124], [-58.35198, -10.95768], [-58.3618, -10.96009], [-58.36799, -10.97247], [-58.37872, -10.97578], [-58.38429, -10.99472], [-58.3792, -11.00849], [-58.38677, -11.02029], [-58.37465, -11.03087], [-58.37764, -11.03577], [-58.37552, -11.04602], [-58.35706, -11.05831], [-58.34834, -11.09116], [-58.34429, -11.09612], [-58.35474, -11.12714], [-58.34005, -11.14837], [-58.33774, -11.15631], [-58.34257, -11.16462], [-58.33834, -11.17272]]}}, {"type": "Feature", "properties": {"rio": "Rio Solimoes", "codigo": "HF-132", "trecho": "Da confluencia com o Rio Negro, formador do rio Amazonas, ate a cidade de Tabatinga (AM).", "regiao": "Amazonica", "km": null}, "geometry": {"type": "LineString", "coordinates": [[-59.89672, -3.12583], [-59.89317, -3.16147], [-59.89584, -3.1848], [-59.90651, -3.2068], [-59.97049, -3.23079], [-59.99182, -3.24346], [-59.99999, -3.27927], [-60.0432, -3.29881], [-60.11525, -3.31995], [-60.13938, -3.31973], [-60.16447, -3.31126], [-60.23645, -3.268], [-60.26407, -3.26661], [-60.36814, -3.28836], [-60.42365, -3.31611], [-60.44445, -3.33055], [-60.47318, -3.33635], [-60.49954, -3.32997], [-60.61588, -3.31759], [-60.64798, -3.32266], [-60.67812, -3.33716], [-60.70044, -3.36255], [-60.72974, -3.43258], [-60.76936, -3.48642], [-60.79447, -3.51321], [-60.92003, -3.59969], [-60.95547, -3.60443], [-60.99508, -3.60359], [-61.07041, -3.58824], [-61.12259, -3.58572], [-61.2888, -3.59411], [-61.37983, -3.59268], [-61.40661, -3.60384], [-61.4959, -3.68251], [-61.59691, -3.75588], [-61.61644, -3.77317], [-61.63067, -3.80303], [-61.64295, -3.8393], [-61.66332, -3.85743], [-61.74339, -3.87723], [-61.75762, -3.89062], [-61.78023, -3.94698], [-61.78971, -3.96177], [-61.80604, -3.97649], [-61.82933, -3.98046], [-61.86839, -3.9746], [-61.91582, -3.96036], [-61.94372, -3.94557], [-62.02065, -3.88078], [-62.07847, -3.84987], [-62.13567, -3.82615], [-62.21936, -3.78541], [-62.25673, -3.76324], [-62.26882, -3.76062], [-62.29994, -3.76976], [-62.34135, -3.79003], [-62.39303, -3.80002], [-62.45814, -3.82628], [-62.50925, -3.8377], [-62.54666, -3.84998], [-62.57921, -3.86796], [-62.60535, -3.88686], [-62.63661, -3.89937], [-62.67262, -3.90237], [-62.77862, -3.88924], [-62.83035, -3.89673], [-62.87502, -3.91396], [-62.89964, -3.93598], [-62.95234, -3.96897], [-62.98212, -4.01537], [-63.02398, -4.04983], [-63.03953, -4.05991], [-63.07293, -4.06524], [-63.11618, -4.04665], [-63.13892, -4.03142], [-63.14913, -4.0072], [-63.14574, -3.97166], [-63.14149, -3.96066], [-63.14404, -3.94966], [-63.15116, -3.93873], [-63.19742, -3.92674], [-63.22854, -3.92217], [-63.34111, -3.92154], [-63.38628, -3.90475], [-63.41246, -3.88185], [-63.47128, -3.86093], [-63.50751, -3.85333], [-63.54121, -3.83819], [-63.58775, -3.83905], [-63.64914, -3.85789], [-63.70817, -3.87025], [-63.75165, -3.86702], [-63.82589, -3.85502], [-63.88728, -3.82874], [-63.92497, -3.81903], [-63.94604, -3.80874], [-64.00549, -3.74935], [-64.04318, -3.71994], [-64.0843, -3.71051], [-64.11913, -3.69623], [-64.17666, -3.66472], [-64.19844, -3.6451], [-64.22242, -3.61685], [-64.35213, -3.54145], [-64.38439, -3.52974], [-64.41094, -3.51404], [-64.44264, -3.48462], [-64.45691, -3.44522], [-64.49032, -3.40381], [-64.51716, -3.39267], [-64.55542, -3.39153], [-64.59625, -3.39724], [-64.62966, -3.39181], [-64.64519, -3.37724], [-64.65593, -3.34926], [-64.66535, -3.33384], [-64.68134, -3.31671], [-64.6959, -3.29072], [-64.70418, -3.28101], [-64.75986, -3.24303], [-64.79326, -3.21504], [-64.80154, -3.20476], [-64.81097, -3.18392], [-64.81211, -3.17307], [-64.81778, -3.16481], [-64.86552, -3.13603], [-64.8892, -3.11595], [-64.908, -3.09149], [-64.93308, -3.07141], [-64.99599, -3.05455], [-65.01969, -3.03856], [-65.03767, -3.02], [-65.04167, -2.99287], [-65.04681, -2.98059], [-65.06994, -2.96089], [-65.09335, -2.95061], [-65.12476, -2.94718], [-65.14277, -2.93637], [-65.16016, -2.90292], [-65.16502, -2.8795], [-65.15473, -2.81469], [-65.15444, -2.78756], [-65.15501, -2.771], [-65.1593, -2.75843], [-65.16843, -2.74901], [-65.18385, -2.7433], [-65.201, -2.74432], [-65.22069, -2.74901], [-65.28893, -2.77498], [-65.31321, -2.77841], [-65.35661, -2.76242], [-65.3863, -2.74043], [-65.39458, -2.72701], [-65.39744, -2.71358], [-65.39201, -2.68532], [-65.37394, -2.65413], [-65.36202, -2.62164], [-65.36202, -2.60137], [-65.38115, -2.51942], [-65.39228, -2.50285], [-65.4057, -2.498], [-65.42626, -2.50428], [-65.47081, -2.58109], [-65.55105, -2.63606], [-65.59675, -2.65913], [-65.65246, -2.6627], [-65.67697, -2.65773], [-65.69268, -2.6476], [-65.74347, -2.62691], [-65.79576, -2.56393], [-65.82981, -2.51141], [-65.85543, -2.49797], [-65.87913, -2.49225], [-65.9283, -2.471], [-65.9618, -2.46191], [-66.0, -2.46767], [-66.12298, -2.49937], [-66.14297, -2.5165], [-66.15611, -2.52079], [-66.17524, -2.52164], [-66.20265, -2.50908], [-66.21407, -2.50936], [-66.24234, -2.5302], [-66.27918, -2.56903], [-66.30431, -2.58131], [-66.32687, -2.57959], [-66.39083, -2.54333], [-66.4051, -2.50906], [-66.40995, -2.4668], [-66.40909, -2.44167], [-66.42131, -2.40878], [-66.43879, -2.39827], [-66.48048, -2.39912], [-66.51417, -2.4034], [-66.57671, -2.41996], [-66.61611, -2.43395], [-66.63121, -2.45081], [-66.62297, -2.4842], [-66.6067, -2.50847], [-66.58614, -2.56244], [-66.59214, -2.60442], [-66.61375, -2.6501], [-66.64807, -2.68059], [-66.72378, -2.71777], [-66.746, -2.72435], [-66.77351, -2.72415], [-66.81344, -2.6932], [-66.83172, -2.67321], [-66.85199, -2.6635], [-66.87026, -2.66008], [-66.89139, -2.6715], [-66.91081, -2.69862], [-66.92949, -2.75444], [-66.94046, -2.76794], [-66.97072, -2.77654], [-66.99816, -2.77357], [-67.02916, -2.75815], [-67.04755, -2.74376], [-67.05541, -2.72284], [-67.056, -2.69288], [-67.04844, -2.64423], [-67.05377, -2.62895], [-67.0649, -2.61501], [-67.07795, -2.60833], [-67.09115, -2.60848], [-67.11755, -2.61738], [-67.1312, -2.62998], [-67.15408, -2.67119], [-67.16062, -2.67752], [-67.17555, -2.68442], [-67.1941, -2.68442], [-67.21353, -2.68085], [-67.22862, -2.67094], [-67.23422, -2.66232], [-67.24006, -2.60066], [-67.24659, -2.58563], [-67.27626, -2.561], [-67.29836, -2.55314], [-67.31467, -2.55314], [-67.33559, -2.55714], [-67.37119, -2.57598], [-67.39844, -2.60375], [-67.44328, -2.67683], [-67.45218, -2.70116], [-67.48422, -2.73112], [-67.51181, -2.75069], [-67.53139, -2.75573], [-67.60185, -2.76077], [-67.64473, -2.77542], [-67.69797, -2.81446], [-67.73075, -2.83226], [-67.76058, -2.85624], [-67.82604, -2.97609], [-67.84883, -3.00074], [-67.87994, -3.02178], [-67.91884, -3.09048], [-67.94287, -3.11243], [-67.96409, -3.12138], [-67.96809, -3.12919], [-67.96899, -3.14722], [-67.94614, -3.18021], [-67.92494, -3.23613], [-67.93013, -3.29472], [-67.93547, -3.31029], [-67.94601, -3.32587], [-67.95861, -3.33669], [-67.97671, -3.34352], [-68.00979, -3.34529], [-68.04361, -3.34114], [-68.06318, -3.33149], [-68.11755, -3.33135], [-68.16983, -3.3432], [-68.2493, -3.35104], [-68.31149, -3.3773], [-68.34317, -3.38232], [-68.38334, -3.36532], [-68.39879, -3.36648], [-68.45944, -3.39043], [-68.49575, -3.39815], [-68.55149, -3.40385], [-68.56478, -3.40216], [-68.59734, -3.37767], [-68.61858, -3.3711], [-68.65567, -3.3765], [-68.76298, -3.43699], [-68.78932, -3.4468], [-68.82581, -3.44396], [-68.86812, -3.44679], [-68.91641, -3.45065], [-68.96457, -3.45913], [-68.99907, -3.43983], [-69.0436, -3.42962], [-69.07942, -3.43326], [-69.10684, -3.4433], [-69.15481, -3.47104], [-69.16649, -3.47453], [-69.19724, -3.47767], [-69.27471, -3.47233], [-69.30572, -3.47602], [-69.32367, -3.48254], [-69.33657, -3.49559], [-69.34829, -3.51695], [-69.352, -3.54766], [-69.35141, -3.59779], [-69.35809, -3.6104], [-69.36906, -3.62211], [-69.40665, -3.64734], [-69.42797, -3.69207], [-69.42959, -3.71852], [-69.41787, -3.74211], [-69.40438, -3.76005], [-69.39266, -3.80871], [-69.39267, -3.90927], [-69.41418, -3.99011], [-69.42071, -4.00034], [-69.42887, -4.00494], [-69.51297, -4.04231], [-69.52321, -4.05032], [-69.52692, -4.05729], [-69.52721, -4.0782], [-69.5198, -4.09244], [-69.49251, -4.11603], [-69.46863, -4.11692], [-69.39565, -4.08637], [-69.38571, -4.08563], [-69.37963, -4.08904], [-69.36984, -4.1064], [-69.3691, -4.12286], [-69.38349, -4.14882], [-69.41479, -4.16498], [-69.45677, -4.17492], [-69.46834, -4.185], [-69.50913, -4.26272], [-69.52248, -4.27726], [-69.56238, -4.30395], [-69.64479, -4.31438], [-69.66532, -4.32338], [-69.69351, -4.34963], [-69.71027, -4.3603], [-69.77969, -4.37573], [-69.80974, -4.39015], [-69.87637, -4.40181], [-69.95346, -4.39039], [-70.00272, -4.37397]]}}, {"type": "Feature", "properties": {"rio": "Rio Jurua", "codigo": "HF-143", "trecho": "Da foz no rio Solimoes ate a cidade de Cruzeiro do Sul (AC).", "regiao": "Amazonica", "km": null}, "geometry": {"type": "LineString", "coordinates": [[-65.74347, -2.62691], [-65.75265, -2.6311], [-65.77342, -2.63167], [-65.79162, -2.61859], [-65.79845, -2.61859], [-65.7993, -2.62513], [-65.79333, -2.63566], [-65.79162, -2.65244], [-65.7993, -2.66325], [-65.81409, -2.66723], [-65.81949, -2.67263], [-65.81921, -2.67576], [-65.80214, -2.68941], [-65.78963, -2.70961], [-65.77228, -2.71786], [-65.76886, -2.72355], [-65.76972, -2.73464], [-65.78508, -2.73862], [-65.7902, -2.74431], [-65.79105, -2.75341], [-65.78309, -2.77503], [-65.78764, -2.7847], [-65.79389, -2.78527], [-65.81324, -2.76195], [-65.82376, -2.75455], [-65.83059, -2.75626], [-65.83571, -2.76308], [-65.83201, -2.78584], [-65.84026, -2.79608], [-65.84822, -2.79466], [-65.87126, -2.77645], [-65.87866, -2.77588], [-65.8852, -2.78157], [-65.88577, -2.79267], [-65.88264, -2.79835], [-65.86614, -2.80717], [-65.85932, -2.81997], [-65.84054, -2.82936], [-65.83514, -2.8413], [-65.84026, -2.85098], [-65.84879, -2.85553], [-65.86244, -2.85666], [-65.87012, -2.83448], [-65.87724, -2.83135], [-65.8852, -2.8322], [-65.88634, -2.84017], [-65.87638, -2.86434], [-65.87752, -2.87771], [-65.88321, -2.88966], [-65.89316, -2.89222], [-65.90852, -2.88226], [-65.91563, -2.88198], [-65.92246, -2.88767], [-65.92445, -2.8999], [-65.92218, -2.9164], [-65.9199, -2.92294], [-65.91307, -2.92863], [-65.90369, -2.92749], [-65.90426, -2.91298], [-65.90141, -2.90559], [-65.89203, -2.90018], [-65.865, -2.90161], [-65.85732, -2.91099], [-65.86216, -2.92038], [-65.88492, -2.91896], [-65.89459, -2.92834], [-65.89572, -2.93346], [-65.8926, -2.9383], [-65.87667, -2.94968], [-65.87667, -2.96134], [-65.88093, -2.97044], [-65.88861, -2.97897], [-65.90198, -2.98125], [-65.92474, -2.96788], [-65.93469, -2.95167], [-65.93896, -2.94911], [-65.95176, -2.95081], [-65.9546, -2.95508], [-65.9546, -2.96589], [-65.94465, -2.97328], [-65.94323, -2.97869], [-65.94749, -2.98153], [-65.96314, -2.98039], [-65.96712, -2.98352], [-65.96882, -2.98807], [-65.96029, -3.0023], [-65.96058, -3.01197], [-65.97394, -3.01823], [-65.98731, -3.00343], [-65.99215, -3.00343], [-65.993, -3.03017], [-66.00751, -3.03102], [-66.01348, -3.03501], [-66.00466, -3.05748], [-66.00808, -3.07454], [-66.00125, -3.07938], [-65.98589, -3.08165], [-65.98162, -3.08621], [-65.99471, -3.1155], [-65.99613, -3.12404], [-65.99357, -3.12973], [-65.98504, -3.132], [-65.97508, -3.12802], [-65.96285, -3.12916], [-65.95574, -3.14565], [-65.95716, -3.14935], [-65.96342, -3.15106], [-65.98902, -3.14992], [-65.99898, -3.16215], [-65.99642, -3.17211], [-65.98134, -3.18149], [-65.97195, -3.19202], [-65.97451, -3.20652], [-65.9785, -3.21107], [-65.98703, -3.21278], [-66.01832, -3.20624], [-66.02088, -3.21392], [-66.01633, -3.21904], [-66.01661, -3.22615], [-66.03339, -3.22871], [-66.04534, -3.23781], [-66.04249, -3.24634], [-66.02856, -3.24464], [-66.02145, -3.24691], [-66.00751, -3.28105], [-66.00978, -3.28617], [-66.01462, -3.28759], [-66.026, -3.28048], [-66.04562, -3.27906], [-66.05387, -3.28218], [-66.05529, -3.28645], [-66.05103, -3.29498], [-66.03908, -3.30067], [-66.03681, -3.30693], [-66.05558, -3.32485], [-66.05615, -3.34732], [-66.0607, -3.35557], [-66.0644, -3.35671], [-66.06496, -3.36638], [-66.04619, -3.37036], [-66.03908, -3.37776], [-66.03709, -3.388], [-66.03823, -3.39283], [-66.0533, -3.39681], [-66.05387, -3.41075], [-66.06184, -3.41843], [-66.06781, -3.43095], [-66.05956, -3.4611], [-66.0624, -3.46792], [-66.06553, -3.4702], [-66.06809, -3.46792], [-66.07122, -3.45086], [-66.07947, -3.4483], [-66.08744, -3.47105], [-66.10166, -3.48982], [-66.10877, -3.48641], [-66.10934, -3.47475], [-66.11645, -3.46622], [-66.12555, -3.46963], [-66.13039, -3.47845], [-66.14262, -3.48044], [-66.1466, -3.4847], [-66.1466, -3.48726], [-66.13351, -3.49182], [-66.13522, -3.50973], [-66.12783, -3.51485], [-66.1008, -3.49637], [-66.09113, -3.49836], [-66.09, -3.5103], [-66.10905, -3.51599], [-66.1136, -3.52481], [-66.1119, -3.53107], [-66.10422, -3.5342], [-66.09398, -3.52111], [-66.08573, -3.52168], [-66.07179, -3.54956], [-66.07151, -3.55325], [-66.07464, -3.55439], [-66.08459, -3.54813], [-66.0917, -3.54813], [-66.09312, -3.55297], [-66.08943, -3.57345], [-66.08089, -3.5908], [-66.08232, -3.60161], [-66.08971, -3.60474], [-66.10592, -3.59763], [-66.11303, -3.5999], [-66.1119, -3.60758], [-66.0991, -3.61867], [-66.09853, -3.63261], [-66.10251, -3.63972], [-66.12214, -3.63005], [-66.12783, -3.63261], [-66.11844, -3.64683], [-66.11872, -3.66106], [-66.12754, -3.66106], [-66.14205, -3.64513], [-66.14745, -3.64399], [-66.15115, -3.64911], [-66.15001, -3.66049], [-66.1685, -3.66874], [-66.18614, -3.66987], [-66.19353, -3.67442], [-66.19353, -3.68097], [-66.17561, -3.69092], [-66.17675, -3.70145], [-66.18158, -3.70287], [-66.19382, -3.69149], [-66.20263, -3.68836], [-66.21913, -3.6949], [-66.22368, -3.70116], [-66.22197, -3.71055], [-66.21913, -3.71311], [-66.20206, -3.71311], [-66.18414, -3.73501], [-66.18215, -3.74582], [-66.19069, -3.75179], [-66.20206, -3.74212], [-66.22852, -3.72875], [-66.23648, -3.72847], [-66.24814, -3.73444], [-66.24843, -3.74639], [-66.24501, -3.74781], [-66.23051, -3.74297], [-66.22482, -3.74326], [-66.2234, -3.74724], [-66.24302, -3.76772], [-66.24103, -3.78678], [-66.24388, -3.79218], [-66.25042, -3.79247], [-66.25952, -3.78223], [-66.26805, -3.78137], [-66.27374, -3.78479], [-66.27573, -3.79019], [-66.27346, -3.7936], [-66.25156, -3.7973], [-66.24587, -3.80328], [-66.24615, -3.81152], [-66.25981, -3.82233], [-66.2672, -3.8229], [-66.27545, -3.8101], [-66.28, -3.81096], [-66.29081, -3.82432], [-66.30076, -3.82603], [-66.31356, -3.80925], [-66.32124, -3.80896], [-66.32494, -3.81323], [-66.32779, -3.82745], [-66.3366, -3.83058], [-66.34627, -3.81437], [-66.35481, -3.81067], [-66.36704, -3.81039], [-66.37813, -3.81323], [-66.38325, -3.81892], [-66.3787, -3.83115], [-66.36391, -3.85135], [-66.37074, -3.86244], [-66.3787, -3.8613], [-66.38809, -3.84879], [-66.3989, -3.84196], [-66.41653, -3.84395], [-66.42194, -3.8522], [-66.41966, -3.86073], [-66.39605, -3.88576], [-66.39548, -3.90624], [-66.40032, -3.91591], [-66.40402, -3.91705], [-66.43758, -3.91079], [-66.44611, -3.9216], [-66.4427, -3.93725], [-66.43018, -3.95317], [-66.42819, -3.96085], [-66.43246, -3.97081], [-66.44924, -3.98446], [-66.45066, -3.99385], [-66.44441, -4.0058], [-66.41767, -4.02343], [-66.39747, -4.04846], [-66.39378, -4.06155], [-66.39776, -4.06979], [-66.40458, -4.07349], [-66.42734, -4.07634], [-66.43644, -4.07264], [-66.439, -4.06695], [-66.44896, -4.06069], [-66.46204, -4.06041], [-66.46489, -4.06354], [-66.4518, -4.07321], [-66.4427, -4.09454], [-66.43274, -4.10734], [-66.42762, -4.10819], [-66.41426, -4.09596], [-66.40544, -4.09283], [-66.39747, -4.09482], [-66.39235, -4.09994], [-66.39207, -4.11047], [-66.39776, -4.11758], [-66.40743, -4.119], [-66.43189, -4.11616], [-66.44583, -4.11075], [-66.45408, -4.11218], [-66.45777, -4.11815], [-66.4555, -4.12697], [-66.4208, -4.14403], [-66.41397, -4.15484], [-66.41369, -4.16337], [-66.4225, -4.16593], [-66.4464, -4.16451], [-66.47456, -4.19239], [-66.48053, -4.22083], [-66.47825, -4.22282], [-66.45834, -4.214], [-66.45265, -4.21344], [-66.45038, -4.21656], [-66.45237, -4.2396], [-66.46005, -4.25553], [-66.46517, -4.25923], [-66.47484, -4.25951], [-66.50926, -4.24956], [-66.52291, -4.2561], [-66.52689, -4.26321], [-66.52263, -4.30389], [-66.51409, -4.31526], [-66.50243, -4.32294], [-66.49845, -4.33318], [-66.50414, -4.33802], [-66.51381, -4.32721], [-66.52149, -4.32806], [-66.53571, -4.35793], [-66.55875, -4.35878], [-66.56444, -4.3622], [-66.57269, -4.38865], [-66.56757, -4.39633], [-66.55448, -4.38239], [-66.5451, -4.38296], [-66.53855, -4.38865], [-66.53742, -4.39804], [-66.54197, -4.40401], [-66.56245, -4.40515], [-66.57041, -4.41112], [-66.57297, -4.42051], [-66.56501, -4.43444], [-66.53344, -4.44582], [-66.53059, -4.45891], [-66.53599, -4.4663], [-66.54282, -4.4663], [-66.56131, -4.45635], [-66.58776, -4.45777], [-66.58975, -4.46886], [-66.56757, -4.49332], [-66.56444, -4.50413], [-66.567, -4.51124], [-66.57354, -4.51352], [-66.57724, -4.5047], [-66.5852, -4.50385], [-66.59061, -4.5101], [-66.61478, -4.52433], [-66.62218, -4.55818], [-66.62929, -4.56073], [-66.64465, -4.55818], [-66.6566, -4.56415], [-66.66285, -4.57183], [-66.66086, -4.57865], [-66.64636, -4.58776], [-66.63669, -4.61051], [-66.63896, -4.61848], [-66.64493, -4.62388], [-66.67224, -4.62246], [-66.67821, -4.62758], [-66.67935, -4.63611], [-66.66598, -4.64834], [-66.65375, -4.66541], [-66.64522, -4.6711], [-66.6438, -4.67906], [-66.66741, -4.69926], [-66.70723, -4.67963], [-66.72372, -4.67906], [-66.72828, -4.68333], [-66.73169, -4.69954], [-66.74705, -4.71348], [-66.73937, -4.7331], [-66.7425, -4.75074], [-66.74051, -4.75614], [-66.72771, -4.76582], [-66.72515, -4.77861], [-66.73539, -4.78231], [-66.7479, -4.76951], [-66.76696, -4.76326], [-66.78033, -4.76951], [-66.78545, -4.77577], [-66.78374, -4.78914], [-66.75928, -4.80706], [-66.76127, -4.82953], [-66.7681, -4.83835], [-66.7863, -4.84034], [-66.78915, -4.83835], [-66.78858, -4.82413], [-66.79683, -4.821], [-66.8503, -4.83835], [-66.85144, -4.84261], [-66.83039, -4.86281], [-66.82015, -4.86594], [-66.8065, -4.86309], [-66.79597, -4.8648], [-66.79028, -4.87874], [-66.79455, -4.88443], [-66.81844, -4.89979], [-66.83778, -4.8995], [-66.83921, -4.9069], [-66.81986, -4.91515], [-66.8173, -4.92624], [-66.82166, -4.93273], [-66.83935, -4.94343], [-66.86805, -4.95057], [-66.87043, -4.95355], [-66.87192, -4.96351], [-66.85616, -4.97065], [-66.85289, -4.97838], [-66.86553, -4.98924], [-66.86954, -5.00783], [-66.88501, -5.00456], [-66.89185, -5.00768], [-66.90212, -5.03776], [-66.89753, -5.04667], [-66.88241, -5.05504], [-66.87863, -5.06368], [-66.88025, -5.0707], [-66.89132, -5.07799], [-66.91157, -5.0734], [-66.92777, -5.07907], [-66.93344, -5.07745], [-66.94019, -5.07178], [-66.94316, -5.04748], [-66.95072, -5.03965], [-66.95369, -5.04046], [-66.95855, -5.04721], [-66.95963, -5.05639], [-66.96665, -5.06233], [-66.98501, -5.06341], [-66.99555, -5.0761], [-66.99987, -5.07718], [-67.02444, -5.07475], [-67.02714, -5.07907], [-67.02282, -5.10364], [-67.02795, -5.11255], [-67.03416, -5.11498], [-67.03767, -5.11309], [-67.04226, -5.10175], [-67.05279, -5.09473], [-67.06224, -5.09716], [-67.07412, -5.11039], [-67.07925, -5.10958], [-67.09383, -5.07151], [-67.10301, -5.06179], [-67.10814, -5.06341], [-67.1103, -5.08528], [-67.1184, -5.09095], [-67.12731, -5.08987], [-67.14081, -5.07286], [-67.14972, -5.07124], [-67.17051, -5.09689], [-67.17024, -5.10067], [-67.14999, -5.10337], [-67.1319, -5.11282], [-67.11678, -5.12524], [-67.11273, -5.14306], [-67.11867, -5.14873], [-67.12731, -5.14927], [-67.15269, -5.12227], [-67.16997, -5.11174], [-67.17807, -5.11201], [-67.18293, -5.11957], [-67.1886, -5.14522], [-67.18509, -5.17789], [-67.19454, -5.18437], [-67.20588, -5.17168], [-67.21533, -5.17087], [-67.23288, -5.19706], [-67.25367, -5.19787], [-67.26231, -5.20516], [-67.26258, -5.21758], [-67.25772, -5.22163], [-67.24071, -5.22595], [-67.23396, -5.23621], [-67.23477, -5.2435], [-67.24071, -5.25134], [-67.26663, -5.25188], [-67.27636, -5.26106], [-67.27663, -5.27078], [-67.26663, -5.27699], [-67.23828, -5.25782], [-67.22991, -5.25809], [-67.22991, -5.26835], [-67.24368, -5.28671], [-67.24233, -5.29724], [-67.2372, -5.30345], [-67.22289, -5.30831], [-67.19751, -5.30507], [-67.19238, -5.30777], [-67.19184, -5.3183], [-67.19616, -5.32694], [-67.21614, -5.34368], [-67.21344, -5.36798], [-67.2183, -5.37635], [-67.23666, -5.38202], [-67.25043, -5.36555], [-67.26231, -5.36528], [-67.27744, -5.38364], [-67.29391, -5.42333], [-67.29661, -5.42333], [-67.30147, -5.40983], [-67.30525, -5.4074], [-67.32847, -5.40983], [-67.33441, -5.3939], [-67.34575, -5.39012], [-67.34872, -5.39174], [-67.34818, -5.41604], [-67.35682, -5.4263], [-67.36195, -5.42711], [-67.37275, -5.42522], [-67.37464, -5.42144], [-67.37653, -5.39768], [-67.38436, -5.38067], [-67.39948, -5.37608], [-67.40812, -5.3777], [-67.41487, -5.38958], [-67.39354, -5.42387], [-67.39354, -5.429], [-67.40866, -5.46572], [-67.41568, -5.47544], [-67.4254, -5.47274], [-67.42918, -5.4668], [-67.43053, -5.45897], [-67.42459, -5.44817], [-67.42837, -5.44304], [-67.44808, -5.4533], [-67.4524, -5.46194], [-67.44241, -5.48462], [-67.44295, -5.49596], [-67.4524, -5.49542], [-67.46239, -5.4695], [-67.47292, -5.46734], [-67.47589, -5.47652], [-67.46266, -5.48597], [-67.46374, -5.49434], [-67.48183, -5.49731], [-67.48777, -5.51513], [-67.50829, -5.52324], [-67.52692, -5.5389], [-67.53826, -5.53809], [-67.54583, -5.52351], [-67.55798, -5.51297], [-67.5785, -5.51189], [-67.59065, -5.51945], [-67.59416, -5.54079], [-67.59173, -5.5443], [-67.58741, -5.54727], [-67.57121, -5.54268], [-67.56878, -5.54619], [-67.57634, -5.55834], [-67.57499, -5.5848], [-67.58363, -5.60262], [-67.59254, -5.60289], [-67.59659, -5.59938], [-67.59713, -5.5794], [-67.6082, -5.56077], [-67.61576, -5.55996], [-67.62521, -5.56752], [-67.61981, -5.58885], [-67.62359, -5.5983], [-67.63142, -5.60316], [-67.65194, -5.6064], [-67.66409, -5.59938], [-67.66463, -5.58966], [-67.65869, -5.57373], [-67.66058, -5.56617], [-67.67219, -5.55699], [-67.68326, -5.55483], [-67.69028, -5.56212], [-67.69028, -5.57184], [-67.67462, -5.58939], [-67.67327, -5.59587], [-67.68056, -5.61612], [-67.69136, -5.62017], [-67.70297, -5.61531], [-67.69784, -5.59614], [-67.70027, -5.58399], [-67.70702, -5.5767], [-67.72862, -5.57346], [-67.73807, -5.58021], [-67.74158, -5.58507], [-67.74131, -5.59425], [-67.70891, -5.61612], [-67.70918, -5.62422], [-67.71917, -5.62989], [-67.7243, -5.63853], [-67.71296, -5.67336], [-67.71593, -5.67876], [-67.72484, -5.68551], [-67.74671, -5.68713], [-67.74995, -5.69091], [-67.74806, -5.72817], [-67.75265, -5.73951], [-67.77128, -5.73519], [-67.79018, -5.74788], [-67.80827, -5.74869], [-67.83231, -5.76489], [-67.83042, -5.7819], [-67.80098, -5.80162], [-67.79855, -5.80972], [-67.80125, -5.81782], [-67.81016, -5.81971], [-67.82069, -5.81701], [-67.82583, -5.80081], [-67.83258, -5.79567], [-67.8477, -5.79054], [-67.85715, -5.79216], [-67.85958, -5.79567], [-67.84095, -5.81377], [-67.83852, -5.83078], [-67.84122, -5.8405], [-67.85148, -5.85346], [-67.84419, -5.87911], [-67.84635, -5.88532], [-67.85904, -5.8972], [-67.86228, -5.90692], [-67.8504, -5.90395], [-67.83366, -5.89045], [-67.82015, -5.8918], [-67.82259, -5.91097], [-67.8188, -5.93419], [-67.8107, -5.93932], [-67.79207, -5.94202], [-67.78694, -5.98279], [-67.79126, -5.99197], [-67.79909, -5.99575], [-67.82015, -5.99224], [-67.83771, -5.98306], [-67.84176, -5.98441], [-67.84392, -5.9917], [-67.83501, -6.00358], [-67.83798, -6.01654], [-67.82961, -6.03436], [-67.83825, -6.04003], [-67.84149, -6.04624], [-67.84041, -6.07081], [-67.86093, -6.09323], [-67.87173, -6.09647], [-67.89333, -6.09512], [-67.90224, -6.10754], [-67.899, -6.11591], [-67.87227, -6.13589], [-67.87281, -6.14534], [-67.87632, -6.14912], [-67.88685, -6.14993], [-67.89198, -6.12941], [-67.90224, -6.12158], [-67.90845, -6.12158], [-67.95192, -6.14642], [-67.97838, -6.16964], [-67.98702, -6.18233], [-67.99242, -6.1826], [-68.00781, -6.18017], [-68.01456, -6.161], [-68.034, -6.15965], [-68.04237, -6.14696], [-68.04993, -6.14669], [-68.05263, -6.15506], [-68.04615, -6.17072], [-68.05074, -6.1799], [-68.07774, -6.18746], [-68.09935, -6.18584], [-68.10529, -6.19286], [-68.10043, -6.21122], [-68.10151, -6.22607], [-68.09962, -6.23147], [-68.08179, -6.24416], [-68.07504, -6.25415], [-68.07423, -6.28439], [-68.07747, -6.29195], [-68.08557, -6.29708], [-68.09367, -6.29438], [-68.09502, -6.28898], [-68.08908, -6.27575], [-68.08908, -6.26819], [-68.09556, -6.2474], [-68.10448, -6.23552], [-68.1196, -6.23471], [-68.13607, -6.24038], [-68.13985, -6.24848], [-68.13256, -6.26063], [-68.13121, -6.27143], [-68.13931, -6.27602], [-68.14957, -6.27035], [-68.16037, -6.27089], [-68.17171, -6.28412], [-68.17441, -6.29546], [-68.16901, -6.3014], [-68.15308, -6.30005], [-68.14039, -6.30923], [-68.12257, -6.31598], [-68.12257, -6.31922], [-68.13985, -6.32705], [-68.14498, -6.33704], [-68.13931, -6.3627], [-68.14012, -6.37674], [-68.14444, -6.37917], [-68.14903, -6.37701], [-68.14741, -6.36297], [-68.15308, -6.35676], [-68.15983, -6.35541], [-68.16901, -6.36162], [-68.18494, -6.387], [-68.21194, -6.38943], [-68.22166, -6.39807], [-68.23435, -6.39834], [-68.25001, -6.40509], [-68.25244, -6.41805], [-68.24056, -6.42669], [-68.23624, -6.44073], [-68.24326, -6.44424], [-68.25244, -6.43506], [-68.25892, -6.43479], [-68.25892, -6.44667], [-68.27053, -6.46449], [-68.27377, -6.47664], [-68.26675, -6.49986], [-68.27215, -6.51093], [-68.28781, -6.51174], [-68.2924, -6.5031], [-68.28403, -6.47475], [-68.29186, -6.47448], [-68.30212, -6.48987], [-68.32237, -6.48906], [-68.33614, -6.48015], [-68.33776, -6.45936], [-68.34289, -6.45585], [-68.34775, -6.45585], [-68.36476, -6.47664], [-68.36395, -6.4896], [-68.34856, -6.5031], [-68.34613, -6.50877], [-68.34829, -6.52281], [-68.35855, -6.52578], [-68.36935, -6.52254], [-68.38178, -6.50391], [-68.38583, -6.48501], [-68.38259, -6.45774], [-68.39582, -6.45126], [-68.4077, -6.45531], [-68.41175, -6.46611], [-68.41121, -6.48852], [-68.4077, -6.49905], [-68.39879, -6.50823], [-68.3969, -6.52038], [-68.40527, -6.53172], [-68.41121, -6.53226], [-68.41742, -6.52875], [-68.41229, -6.51417], [-68.41715, -6.49662], [-68.43119, -6.49446], [-68.44712, -6.50715], [-68.45819, -6.50877], [-68.46008, -6.50553], [-68.46116, -6.50229], [-68.45522, -6.49608], [-68.44469, -6.49446], [-68.43254, -6.48717], [-68.42957, -6.48204], [-68.43308, -6.47124], [-68.44118, -6.4707], [-68.4536, -6.47988], [-68.46089, -6.48042], [-68.47412, -6.46962], [-68.48249, -6.47799], [-68.486, -6.47799], [-68.49545, -6.46233], [-68.50544, -6.4599], [-68.51084, -6.46476], [-68.50976, -6.48069], [-68.51273, -6.49095], [-68.51948, -6.49689], [-68.5265, -6.49689], [-68.53298, -6.49014], [-68.52812, -6.4788], [-68.53028, -6.46584], [-68.54675, -6.46206], [-68.57159, -6.47475], [-68.57159, -6.48258], [-68.55971, -6.49095], [-68.55809, -6.49635], [-68.55998, -6.50013], [-68.57267, -6.50634], [-68.57726, -6.51525], [-68.58698, -6.51714], [-68.59697, -6.49797], [-68.60615, -6.48933], [-68.60777, -6.48096], [-68.6021, -6.47448], [-68.58212, -6.46854], [-68.57942, -6.46476], [-68.58131, -6.45828], [-68.59616, -6.468], [-68.60318, -6.46908], [-68.63315, -6.4626], [-68.64638, -6.4653], [-68.64881, -6.46665], [-68.64557, -6.47934], [-68.64665, -6.48987], [-68.65719, -6.49905], [-68.66772, -6.49581], [-68.67069, -6.48366], [-68.67528, -6.47907], [-68.68635, -6.47853], [-68.69175, -6.49041], [-68.69958, -6.49122], [-68.70633, -6.47691], [-68.7525, -6.45909], [-68.75952, -6.46665], [-68.76249, -6.47907], [-68.76222, -6.48555], [-68.75304, -6.49662], [-68.75277, -6.50904], [-68.76141, -6.51498], [-68.78193, -6.51741], [-68.79111, -6.50958], [-68.77815, -6.48069], [-68.77923, -6.47637], [-68.78895, -6.47016], [-68.79894, -6.47421], [-68.80164, -6.48177], [-68.79624, -6.50391], [-68.79813, -6.51633], [-68.80434, -6.52119], [-68.81595, -6.51714], [-68.82459, -6.5247], [-68.83512, -6.52632], [-68.8524, -6.51876], [-68.86158, -6.51687], [-68.86941, -6.51903], [-68.89857, -6.53091], [-68.90154, -6.53901], [-68.89668, -6.54873], [-68.89965, -6.5517], [-68.92341, -6.5328], [-68.93476, -6.53496], [-68.938, -6.54198], [-68.93557, -6.54981], [-68.9172, -6.55656], [-68.91153, -6.56196], [-68.91072, -6.57087], [-68.9226, -6.58302], [-68.92828, -6.58221], [-68.93638, -6.57519], [-68.94799, -6.53523], [-68.95744, -6.52497], [-68.96311, -6.52497], [-68.9785, -6.55494], [-68.98066, -6.57303], [-68.98444, -6.57924], [-68.99011, -6.58383], [-68.99794, -6.58437], [-69.0028, -6.5814], [-68.99281, -6.57492], [-68.99173, -6.55764], [-68.98282, -6.5328], [-68.98633, -6.52794], [-69.00847, -6.53361], [-69.01576, -6.52794], [-69.02494, -6.51336], [-69.03763, -6.51282], [-69.04195, -6.51687], [-69.04303, -6.52902], [-69.0352, -6.54198], [-69.03682, -6.54954], [-69.04384, -6.55764], [-69.04789, -6.55764], [-69.05221, -6.55332], [-69.05032, -6.53766], [-69.05491, -6.53118], [-69.06193, -6.53172], [-69.07057, -6.54009], [-69.08353, -6.54306], [-69.10135, -6.52443], [-69.12106, -6.51849], [-69.13321, -6.52173], [-69.13321, -6.52929], [-69.11107, -6.53064], [-69.10378, -6.53496], [-69.10243, -6.54009], [-69.10405, -6.54468], [-69.12511, -6.55818], [-69.12997, -6.56628], [-69.12889, -6.57573], [-69.11836, -6.59787], [-69.12052, -6.61245], [-69.14509, -6.60894], [-69.15049, -6.60381], [-69.1513, -6.59436], [-69.14374, -6.57816], [-69.14374, -6.57114], [-69.14698, -6.56466], [-69.15454, -6.56088], [-69.21368, -6.603], [-69.218, -6.60057], [-69.218, -6.58869], [-69.22421, -6.58491], [-69.25229, -6.58707], [-69.26822, -6.60219], [-69.29495, -6.60651], [-69.29819, -6.59976], [-69.29063, -6.59328], [-69.29036, -6.58248], [-69.30305, -6.5787], [-69.32087, -6.57924], [-69.3314, -6.58383], [-69.33545, -6.59679], [-69.33167, -6.60408], [-69.32384, -6.60867], [-69.3233, -6.61839], [-69.34031, -6.61299], [-69.35354, -6.6192], [-69.36056, -6.6165], [-69.36299, -6.603], [-69.3557, -6.57357], [-69.35813, -6.55899], [-69.36353, -6.55926], [-69.36623, -6.57519], [-69.38162, -6.56709], [-69.41132, -6.56952], [-69.42671, -6.58518], [-69.44264, -6.58518], [-69.44318, -6.57411], [-69.41699, -6.5301], [-69.41834, -6.52254], [-69.43238, -6.51903], [-69.43859, -6.52227], [-69.44237, -6.53199], [-69.44912, -6.53658], [-69.46505, -6.52848], [-69.47477, -6.53253], [-69.47477, -6.54171], [-69.45722, -6.55521], [-69.47288, -6.56439], [-69.48234, -6.57843], [-69.51258, -6.57141], [-69.52527, -6.576], [-69.52986, -6.58518], [-69.51825, -6.6138], [-69.5196, -6.6219], [-69.525, -6.62595], [-69.53985, -6.61326], [-69.54984, -6.61488], [-69.56253, -6.62433], [-69.56901, -6.62541], [-69.57036, -6.62109], [-69.56604, -6.61677], [-69.5628, -6.60516], [-69.61464, -6.56493], [-69.61491, -6.55872], [-69.61086, -6.55629], [-69.57873, -6.56115], [-69.57009, -6.55656], [-69.57171, -6.55332], [-69.58386, -6.54873], [-69.58899, -6.52983], [-69.59412, -6.52362], [-69.60114, -6.52578], [-69.61788, -6.54819], [-69.6249, -6.54981], [-69.64245, -6.52983], [-69.66324, -6.52848], [-69.66864, -6.53091], [-69.66648, -6.53577], [-69.65352, -6.53793], [-69.65271, -6.54468], [-69.66081, -6.54819], [-69.67431, -6.5652], [-69.68457, -6.5652], [-69.70104, -6.55278], [-69.71346, -6.54819], [-69.72561, -6.55926], [-69.75153, -6.5598], [-69.77179, -6.5679], [-69.7726, -6.57654], [-69.76477, -6.58491], [-69.75612, -6.5841], [-69.74478, -6.57384], [-69.7383, -6.57249], [-69.73344, -6.57249], [-69.72615, -6.57897], [-69.72885, -6.58356], [-69.74289, -6.58896], [-69.74721, -6.60759], [-69.75207, -6.61245], [-69.76045, -6.61353], [-69.78421, -6.60219], [-69.79393, -6.60732], [-69.79231, -6.61353], [-69.78367, -6.61812], [-69.77962, -6.62433], [-69.77935, -6.6292], [-69.78907, -6.64135], [-69.7861, -6.64891], [-69.77638, -6.6535], [-69.76369, -6.6778], [-69.76261, -6.68482], [-69.7662, -6.69251], [-69.79093, -6.69413], [-69.79623, -6.70582], [-69.81623, -6.70835], [-69.82656, -6.72114], [-69.83746, -6.72386], [-69.84377, -6.71615], [-69.82855, -6.69977], [-69.82826, -6.69455], [-69.83397, -6.6947], [-69.84239, -6.68725], [-69.85331, -6.68433], [-69.8693, -6.66857], [-69.87691, -6.68044], [-69.89082, -6.68954], [-69.90642, -6.6914], [-69.91224, -6.69518], [-69.91081, -6.70142], [-69.90135, -6.70083], [-69.89556, -6.70461], [-69.89662, -6.70837], [-69.90419, -6.71055], [-69.90963, -6.71718], [-69.901, -6.74023], [-69.90348, -6.74945], [-69.90984, -6.75337], [-69.9174, -6.75152], [-69.91738, -6.72713], [-69.92471, -6.72131], [-69.93376, -6.73541], [-69.92698, -6.74922], [-69.92805, -6.75651], [-69.93738, -6.76028], [-69.93998, -6.75366], [-69.94359, -6.75366], [-69.96032, -6.7716], [-69.96659, -6.76842], [-69.96405, -6.75866], [-69.96664, -6.75436], [-69.99002, -6.76789], [-70.00152, -6.76548], [-70.00337, -6.7609], [-69.99593, -6.75514], [-69.99602, -6.74883], [-70.00714, -6.74096], [-70.01343, -6.71883], [-70.02234, -6.71303], [-70.02693, -6.71752], [-70.01249, -6.7343], [-70.01102, -6.74494], [-70.01549, -6.75058], [-70.01913, -6.74983], [-70.02558, -6.72655], [-70.03111, -6.72433], [-70.0409, -6.73507], [-70.03687, -6.74644], [-70.02867, -6.75016], [-70.04107, -6.75674], [-70.04823, -6.75523], [-70.05547, -6.74481], [-70.07204, -6.74614], [-70.07754, -6.74002], [-70.07583, -6.73506], [-70.06045, -6.72563], [-70.06234, -6.71361], [-70.06646, -6.71518], [-70.06934, -6.72818], [-70.07497, -6.731], [-70.08201, -6.72835], [-70.08396, -6.71528], [-70.08893, -6.71125], [-70.09732, -6.71336], [-70.10877, -6.72355], [-70.12633, -6.71967], [-70.12972, -6.72753], [-70.12547, -6.74004], [-70.11972, -6.74268], [-70.1116, -6.7355], [-70.10666, -6.7366], [-70.1044, -6.75218], [-70.10637, -6.75902], [-70.11045, -6.76162], [-70.11883, -6.74979], [-70.13206, -6.74386], [-70.14177, -6.73327], [-70.14488, -6.71261], [-70.15674, -6.70576], [-70.1597, -6.70977], [-70.15183, -6.71956], [-70.16013, -6.73234], [-70.1517, -6.74303], [-70.13951, -6.74697], [-70.13997, -6.7508], [-70.14439, -6.75197], [-70.15739, -6.74679], [-70.16975, -6.75977], [-70.18003, -6.76138], [-70.18494, -6.75408], [-70.17819, -6.73741], [-70.18013, -6.73416], [-70.20276, -6.73189], [-70.20941, -6.73768], [-70.21186, -6.74918], [-70.19982, -6.75955], [-70.21262, -6.77038], [-70.22015, -6.77266], [-70.22659, -6.76785], [-70.22721, -6.76386], [-70.22226, -6.75047], [-70.24055, -6.73959], [-70.24313, -6.74189], [-70.24187, -6.75361], [-70.25036, -6.77289], [-70.24982, -6.78745], [-70.25529, -6.79281], [-70.25852, -6.79068], [-70.25862, -6.77712], [-70.26924, -6.77495], [-70.27123, -6.77026], [-70.25615, -6.76003], [-70.26118, -6.73902], [-70.25993, -6.72946], [-70.26348, -6.72846], [-70.27675, -6.74359], [-70.28402, -6.73513], [-70.29537, -6.73987], [-70.30799, -6.73847], [-70.31004, -6.73222], [-70.30048, -6.72642], [-70.29769, -6.70867], [-70.31965, -6.69764], [-70.32429, -6.7002], [-70.32337, -6.7072], [-70.30906, -6.70967], [-70.30381, -6.71408], [-70.30326, -6.71875], [-70.30721, -6.72188], [-70.31773, -6.71744], [-70.32334, -6.71872], [-70.32581, -6.74384], [-70.34423, -6.72899], [-70.35506, -6.72999], [-70.36416, -6.72582], [-70.36729, -6.73513], [-70.37392, -6.74011], [-70.38213, -6.74068], [-70.39047, -6.73637], [-70.40195, -6.73877], [-70.40164, -6.74284], [-70.39248, -6.74327], [-70.38714, -6.74881], [-70.39011, -6.75436], [-70.40176, -6.75399], [-70.40834, -6.75996], [-70.40536, -6.77424], [-70.40876, -6.78999], [-70.41512, -6.78959], [-70.42446, -6.76829], [-70.43038, -6.76295], [-70.43537, -6.76319], [-70.43815, -6.76813], [-70.43277, -6.77865], [-70.42319, -6.78616], [-70.4265, -6.79608], [-70.43275, -6.79606], [-70.43955, -6.78701], [-70.45419, -6.7762], [-70.46183, -6.77799], [-70.46875, -6.79193], [-70.45582, -6.80258], [-70.44389, -6.80481], [-70.45728, -6.82151], [-70.46608, -6.82016], [-70.47167, -6.80462], [-70.47843, -6.79844], [-70.48112, -6.80061], [-70.48187, -6.81139], [-70.49837, -6.81542], [-70.50793, -6.80658], [-70.50609, -6.79553], [-70.52065, -6.78822], [-70.53305, -6.79061], [-70.54298, -6.78054], [-70.54471, -6.79108], [-70.5542, -6.79779], [-70.55487, -6.80224], [-70.55292, -6.80697], [-70.54817, -6.80872], [-70.54319, -6.79318], [-70.53717, -6.79143], [-70.53115, -6.82167], [-70.5328, -6.82792], [-70.54381, -6.82165], [-70.55247, -6.83263], [-70.56003, -6.83505], [-70.56378, -6.83185], [-70.57199, -6.80726], [-70.58603, -6.80774], [-70.59889, -6.81486], [-70.60359, -6.81246], [-70.60842, -6.79958], [-70.61503, -6.79808], [-70.61858, -6.80373], [-70.61384, -6.82119], [-70.62116, -6.8358], [-70.6268, -6.83643], [-70.62799, -6.83328], [-70.61758, -6.82188], [-70.61809, -6.81439], [-70.65738, -6.81339], [-70.66246, -6.81682], [-70.66865, -6.84009], [-70.67247, -6.84255], [-70.68468, -6.83857], [-70.68956, -6.83183], [-70.68615, -6.82573], [-70.67419, -6.82411], [-70.67388, -6.80923], [-70.68216, -6.80637], [-70.68526, -6.81825], [-70.69442, -6.82199], [-70.69915, -6.81399], [-70.69938, -6.79601], [-70.70274, -6.79394], [-70.71094, -6.79653], [-70.70482, -6.80695], [-70.71402, -6.81195], [-70.71345, -6.82354], [-70.7164, -6.82956], [-70.72595, -6.8376], [-70.73452, -6.83619], [-70.73765, -6.8274], [-70.72954, -6.81467], [-70.73181, -6.81181], [-70.7455, -6.81008], [-70.74797, -6.80065], [-70.74235, -6.79662], [-70.73114, -6.80848], [-70.72849, -6.80609], [-70.73048, -6.80032], [-70.72795, -6.79397], [-70.73953, -6.79424], [-70.75369, -6.78926], [-70.76713, -6.7642], [-70.7729, -6.7661], [-70.77492, -6.77118], [-70.76293, -6.7793], [-70.76233, -6.78398], [-70.77158, -6.77742], [-70.78613, -6.77688], [-70.78887, -6.76808], [-70.77968, -6.76366], [-70.77738, -6.75828], [-70.78518, -6.74927], [-70.78795, -6.74923], [-70.79195, -6.75711], [-70.79849, -6.75188], [-70.80166, -6.75265], [-70.80775, -6.76929], [-70.81462, -6.77367], [-70.81856, -6.76933], [-70.81273, -6.75967], [-70.81526, -6.75685], [-70.83983, -6.76606], [-70.86408, -6.75454], [-70.85961, -6.76254], [-70.87226, -6.76408], [-70.87364, -6.76909], [-70.8625, -6.78013], [-70.86509, -6.78293], [-70.87105, -6.78082], [-70.87902, -6.7704], [-70.89161, -6.78286], [-70.89898, -6.78483], [-70.9149, -6.77713], [-70.92451, -6.77617], [-70.93277, -6.76623], [-70.93598, -6.76563], [-70.9419, -6.77462], [-70.94973, -6.76614], [-70.958, -6.76425], [-70.9616, -6.76818], [-70.96034, -6.77531], [-70.9822, -6.77182], [-70.97972, -6.78144], [-70.99072, -6.78397], [-70.98308, -6.7924], [-70.98325, -6.79921], [-70.99313, -6.79445], [-70.99724, -6.79593], [-70.99744, -6.81212], [-71.01304, -6.83423], [-71.00188, -6.8445], [-71.0028, -6.84751], [-71.02064, -6.84547], [-71.0312, -6.83497], [-71.04189, -6.83618], [-71.04266, -6.84105], [-71.03309, -6.8416], [-71.02357, -6.84958], [-71.02209, -6.85637], [-71.02475, -6.86007], [-71.03126, -6.85934], [-71.03667, -6.84888], [-71.04449, -6.8496], [-71.04534, -6.85288], [-71.03828, -6.85986], [-71.03932, -6.86586], [-71.04411, -6.86636], [-71.05568, -6.85603], [-71.05908, -6.87964], [-71.06099, -6.88143], [-71.06846, -6.87551], [-71.07401, -6.87606], [-71.0817, -6.88803], [-71.08739, -6.88288], [-71.09261, -6.86855], [-71.09945, -6.86739], [-71.10106, -6.87063], [-71.09634, -6.87852], [-71.09701, -6.88425], [-71.10137, -6.88678], [-71.10986, -6.88144], [-71.11062, -6.89378], [-71.12224, -6.89257], [-71.13894, -6.91457], [-71.14397, -6.90725], [-71.15798, -6.91417], [-71.16593, -6.9139], [-71.16721, -6.9096], [-71.15469, -6.90398], [-71.15798, -6.89769], [-71.17472, -6.90504], [-71.18262, -6.90228], [-71.19026, -6.90972], [-71.20183, -6.90761], [-71.20301, -6.9116], [-71.19923, -6.9186], [-71.18559, -6.92549], [-71.19283, -6.93571], [-71.19559, -6.95401], [-71.20455, -6.94992], [-71.21209, -6.93457], [-71.22099, -6.93914], [-71.22073, -6.94698], [-71.2125, -6.95688], [-71.21202, -6.96418], [-71.22211, -6.95556], [-71.22956, -6.96685], [-71.23454, -6.96756], [-71.24019, -6.95286], [-71.24608, -6.94714], [-71.24938, -6.9501], [-71.24713, -6.96132], [-71.25092, -6.96457], [-71.26564, -6.94861], [-71.27266, -6.94695], [-71.28134, -6.95965], [-71.28978, -6.96309], [-71.28509, -6.97668], [-71.29145, -6.98241], [-71.2927, -6.9716], [-71.30402, -6.9671], [-71.29508, -6.96144], [-71.30223, -6.95817], [-71.3065, -6.94915], [-71.3101, -6.9481], [-71.31771, -6.95039], [-71.3225, -6.95623], [-71.32053, -6.96044], [-71.31098, -6.96516], [-71.31023, -6.97298], [-71.32278, -6.96221], [-71.33125, -6.97053], [-71.33901, -6.95993], [-71.34133, -6.96638], [-71.34487, -6.96724], [-71.35775, -6.95398], [-71.35381, -6.93729], [-71.35783, -6.93458], [-71.36475, -6.94659], [-71.38123, -6.95327], [-71.37183, -6.96025], [-71.37544, -6.97068], [-71.37103, -6.97965], [-71.3742, -6.98349], [-71.38496, -6.98513], [-71.38098, -6.97373], [-71.38433, -6.96923], [-71.39558, -6.97776], [-71.3952, -6.96254], [-71.40747, -6.96811], [-71.42719, -6.9639], [-71.43248, -6.97236], [-71.42669, -6.97441], [-71.41697, -6.9703], [-71.41373, -6.97241], [-71.41438, -6.97798], [-71.42905, -6.97881], [-71.43388, -6.99193], [-71.44371, -6.99524], [-71.44697, -6.99003], [-71.43433, -6.98233], [-71.43323, -6.97846], [-71.43699, -6.97575], [-71.44306, -6.98366], [-71.45003, -6.98123], [-71.44652, -6.96588], [-71.4492, -6.96304], [-71.45744, -6.97257], [-71.47701, -6.98391], [-71.47782, -6.98628], [-71.47064, -6.99035], [-71.4804, -7.0032], [-71.48627, -7.00456], [-71.51301, -6.99933], [-71.53018, -7.00617], [-71.5312, -7.01711], [-71.51936, -7.02283], [-71.52151, -7.0291], [-71.53591, -7.02814], [-71.54672, -7.03296], [-71.55798, -7.02244], [-71.56392, -7.02514], [-71.57393, -7.02406], [-71.58713, -7.0415], [-71.5979, -7.04287], [-71.59395, -7.05324], [-71.59617, -7.0558], [-71.60925, -7.05098], [-71.62242, -7.05467], [-71.63076, -7.04852], [-71.63642, -7.05875], [-71.6502, -7.06654], [-71.64738, -7.08147], [-71.65517, -7.09077], [-71.65992, -7.0887], [-71.65801, -7.07877], [-71.6624, -7.05887], [-71.6662, -7.05966], [-71.67047, -7.06781], [-71.69492, -7.05399], [-71.70015, -7.05601], [-71.70527, -7.06777], [-71.73945, -7.06589], [-71.74553, -7.07164], [-71.74693, -7.07859], [-71.74353, -7.08192], [-71.73629, -7.07082], [-71.72935, -7.0706], [-71.73942, -7.08845], [-71.73156, -7.09942], [-71.73174, -7.10354], [-71.73906, -7.10774], [-71.74765, -7.10743], [-71.74875, -7.10367], [-71.74078, -7.09908], [-71.74012, -7.09508], [-71.7532, -7.0834], [-71.75761, -7.08293], [-71.75873, -7.09547], [-71.75348, -7.10465], [-71.75444, -7.10864], [-71.78062, -7.12289], [-71.78334, -7.13645], [-71.79099, -7.14193], [-71.79271, -7.15295], [-71.80556, -7.14697], [-71.81184, -7.14791], [-71.81289, -7.1524], [-71.80334, -7.16214], [-71.80486, -7.16731], [-71.80855, -7.16985], [-71.82068, -7.16471], [-71.8258, -7.1657], [-71.82682, -7.1696], [-71.81629, -7.17514], [-71.82702, -7.17763], [-71.83384, -7.18687], [-71.84332, -7.1856], [-71.8341, -7.1744], [-71.83784, -7.1673], [-71.84114, -7.16844], [-71.84318, -7.17785], [-71.8567, -7.18066], [-71.88957, -7.17797], [-71.8936, -7.18221], [-71.89101, -7.19723], [-71.90176, -7.19472], [-71.90799, -7.18517], [-71.92948, -7.19049], [-71.9316, -7.19492], [-71.92813, -7.20028], [-71.91564, -7.20287], [-71.91547, -7.20555], [-71.92586, -7.21214], [-71.93025, -7.20152], [-71.93591, -7.2014], [-71.94311, -7.20856], [-71.94505, -7.21959], [-71.95317, -7.22371], [-71.95926, -7.21963], [-71.95304, -7.20892], [-71.95456, -7.20568], [-71.96516, -7.20872], [-71.96941, -7.20669], [-71.96583, -7.19472], [-72.00252, -7.20264], [-72.00742, -7.19947], [-72.01113, -7.18257], [-72.01748, -7.17771], [-72.02098, -7.18144], [-72.01578, -7.18912], [-72.01699, -7.19806], [-72.02139, -7.20055], [-72.03183, -7.19601], [-72.03271, -7.20922], [-72.03591, -7.21288], [-72.04265, -7.21147], [-72.04826, -7.19963], [-72.05274, -7.1979], [-72.05563, -7.20234], [-72.04697, -7.21129], [-72.04955, -7.21456], [-72.07529, -7.2112], [-72.07252, -7.20364], [-72.06447, -7.20407], [-72.06138, -7.20024], [-72.06533, -7.1901], [-72.07113, -7.18949], [-72.08448, -7.20294], [-72.08962, -7.224], [-72.09397, -7.22484], [-72.0966, -7.22066], [-72.0898, -7.21065], [-72.08829, -7.20157], [-72.09594, -7.19739], [-72.1003, -7.21909], [-72.10704, -7.22417], [-72.11774, -7.21111], [-72.12996, -7.22124], [-72.15438, -7.21893], [-72.17468, -7.22189], [-72.1807, -7.23056], [-72.1727, -7.24099], [-72.18887, -7.25341], [-72.1935, -7.25114], [-72.19242, -7.23994], [-72.20098, -7.23439], [-72.21263, -7.25058], [-72.2234, -7.23822], [-72.24548, -7.23059], [-72.25194, -7.24371], [-72.3014, -7.23312], [-72.30107, -7.24106], [-72.31052, -7.24531], [-72.31174, -7.25542], [-72.31496, -7.25823], [-72.33068, -7.24767], [-72.34719, -7.27543], [-72.34318, -7.27879], [-72.33245, -7.26645], [-72.32577, -7.2782], [-72.33206, -7.28569], [-72.32583, -7.29558], [-72.33069, -7.29759], [-72.34754, -7.29359], [-72.33678, -7.31636], [-72.35274, -7.3277], [-72.35986, -7.33758], [-72.37045, -7.34293], [-72.36783, -7.34961], [-72.37128, -7.35751], [-72.36999, -7.36583], [-72.3609, -7.37053], [-72.36618, -7.37794], [-72.37922, -7.38496], [-72.37548, -7.39891], [-72.37676, -7.4064], [-72.37995, -7.40734], [-72.38398, -7.39344], [-72.39241, -7.3894], [-72.39175, -7.40046], [-72.40428, -7.40299], [-72.39899, -7.41321], [-72.40107, -7.41936], [-72.40423, -7.42074], [-72.41251, -7.4149], [-72.41635, -7.42317], [-72.4305, -7.42689], [-72.43645, -7.43452], [-72.43383, -7.43923], [-72.42035, -7.43257], [-72.41684, -7.43748], [-72.43536, -7.44382], [-72.43162, -7.45258], [-72.4366, -7.4575], [-72.4451, -7.45893], [-72.44256, -7.46754], [-72.45456, -7.46733], [-72.45416, -7.48409], [-72.46134, -7.4883], [-72.47941, -7.49012], [-72.4795, -7.49416], [-72.46918, -7.49771], [-72.46841, -7.50478], [-72.46136, -7.51522], [-72.46239, -7.51868], [-72.48417, -7.51918], [-72.4803, -7.52774], [-72.48854, -7.53257], [-72.48901, -7.54138], [-72.492, -7.54396], [-72.50896, -7.54004], [-72.51543, -7.54242], [-72.51136, -7.55675], [-72.51428, -7.56074], [-72.5219, -7.55779], [-72.51901, -7.54681], [-72.52327, -7.52741], [-72.52062, -7.51729], [-72.53784, -7.52319], [-72.53449, -7.53363], [-72.53732, -7.53645], [-72.54504, -7.53425], [-72.54822, -7.53929], [-72.57098, -7.54114], [-72.58342, -7.55278], [-72.58276, -7.5702], [-72.59303, -7.56738], [-72.60292, -7.57672], [-72.61482, -7.58186], [-72.62783, -7.5932], [-72.62387, -7.60513], [-72.62601, -7.61177], [-72.64859, -7.62228], [-72.6447, -7.63426], [-72.6365, -7.64303], [-72.63693, -7.64744], [-72.65302, -7.63398], [-72.65688, -7.6333], [-72.66789, -7.64035]]}}, {"type": "Feature", "properties": {"rio": "Rio Branco", "codigo": "HF-130", "trecho": "Da foz, no rio Negro, formador do rio Amazonas, ate a confluencia dos rios Uraricoera e Tacutu.", "regiao": "Amazonica", "km": null}, "geometry": {"type": "LineString", "coordinates": [[-61.84991, -1.40152], [-61.85186, -1.38829], [-61.8659, -1.3688], [-61.86976, -1.35435], [-61.87085, -1.31967], [-61.86222, -1.305], [-61.85496, -1.27827], [-61.84048, -1.26269], [-61.83861, -1.2547], [-61.84687, -1.24609], [-61.85735, -1.20357], [-61.85014, -1.18706], [-61.87527, -1.14541], [-61.88008, -1.12303], [-61.87389, -1.09825], [-61.85272, -1.07777], [-61.84945, -1.06848], [-61.86492, -1.05098], [-61.87078, -1.0257], [-61.88759, -0.99927], [-61.88683, -0.98375], [-61.87733, -0.96659], [-61.86649, -0.93217], [-61.86769, -0.92029], [-61.88112, -0.89327], [-61.88086, -0.88073], [-61.87337, -0.86263], [-61.85392, -0.8406], [-61.84635, -0.82477], [-61.84618, -0.80463], [-61.85617, -0.77487], [-61.86492, -0.73065], [-61.86442, -0.70309], [-61.84463, -0.68072], [-61.82398, -0.64939], [-61.80453, -0.60155], [-61.82432, -0.5167], [-61.80109, -0.47436], [-61.79868, -0.45594], [-61.808, -0.43429], [-61.81868, -0.4246], [-61.84429, -0.37867], [-61.84624, -0.36782], [-61.83563, -0.34378], [-61.83327, -0.32463], [-61.82715, -0.30947], [-61.83895, -0.27798], [-61.83929, -0.26129], [-61.83103, -0.23289], [-61.81072, -0.18849], [-61.80453, -0.13479], [-61.79312, -0.1176], [-61.78629, -0.0909], [-61.80195, -0.06956], [-61.81227, -0.04702], [-61.81157, -0.02539], [-61.78831, 0.0182], [-61.76856, 0.0442], [-61.76262, 0.07109], [-61.76546, 0.08516], [-61.76374, 0.10117], [-61.75032, 0.13972], [-61.7498, 0.15108], [-61.75995, 0.16846], [-61.75427, 0.2034], [-61.75926, 0.22113], [-61.7588, 0.27787], [-61.75169, 0.30959], [-61.75135, 0.33024], [-61.73861, 0.3447], [-61.72172, 0.38571], [-61.72133, 0.39343], [-61.73276, 0.4268], [-61.72937, 0.43685], [-61.70195, 0.48015], [-61.68669, 0.49148], [-61.66633, 0.49977], [-61.63328, 0.52851], [-61.63018, 0.53488], [-61.62898, 0.55794], [-61.61418, 0.57532], [-61.61831, 0.59168], [-61.60781, 0.61336], [-61.58561, 0.62833], [-61.5844, 0.64503], [-61.56547, 0.66448], [-61.55842, 0.68238], [-61.54, 0.69064], [-61.5252, 0.71026], [-61.49835, 0.72712], [-61.44276, 0.80664], [-61.43245, 0.84291], [-61.42866, 0.87273], [-61.41374, 0.88443], [-61.40465, 0.89896], [-61.37856, 0.92298], [-61.37202, 0.93279], [-61.37151, 0.96394], [-61.35781, 0.98917], [-61.34982, 1.03141], [-61.34896, 1.05292], [-61.3268, 1.11956], [-61.32366, 1.15051], [-61.33381, 1.20128], [-61.32986, 1.24741], [-61.28365, 1.33702], [-61.28739, 1.36373], [-61.28161, 1.40048], [-61.25626, 1.45008], [-61.25626, 1.47313], [-61.24318, 1.51315], [-61.23275, 1.56929], [-61.23372, 1.59138], [-61.22861, 1.60848], [-61.21683, 1.63385], [-61.2036, 1.65127], [-61.18344, 1.69737], [-61.15384, 1.7263], [-61.13997, 1.74782], [-61.12709, 1.80481], [-61.10716, 1.84169], [-61.09884, 1.84949], [-61.06713, 1.85906], [-61.03397, 1.87767], [-61.02711, 1.88908], [-61.02436, 1.91007], [-61.00262, 1.92056], [-60.99491, 1.92755], [-60.99439, 1.94067], [-61.00893, 1.96782], [-61.02519, 1.98335], [-61.03098, 2.0106], [-61.04221, 2.02776], [-61.04918, 2.05606], [-61.04618, 2.08079], [-61.02361, 2.11169], [-61.02016, 2.13436], [-60.98827, 2.1647], [-60.94799, 2.19597], [-60.91584, 2.23103], [-60.90343, 2.24969], [-60.89719, 2.27001], [-60.8886, 2.28533], [-60.84781, 2.31078], [-60.83626, 2.35887], [-60.84755, 2.39868], [-60.83586, 2.42215], [-60.82673, 2.46672], [-60.82898, 2.49562], [-60.81158, 2.52956], [-60.81366, 2.56449], [-60.80983, 2.5764], [-60.78401, 2.61171], [-60.78001, 2.64003], [-60.76352, 2.65418], [-60.75164, 2.67405], [-60.72188, 2.70274], [-60.68799, 2.76478], [-60.67699, 2.79343], [-60.64262, 2.84284], [-60.62446, 2.85152], [-60.60584, 2.85141], [-60.57963, 2.87852], [-60.5521, 2.89241], [-60.52218, 2.95237], [-60.50396, 2.97183], [-60.49688, 2.98544], [-60.49248, 3.01529], [-60.48783, 3.02354]]}}, {"type": "Feature", "properties": {"rio": "Rio Japura", "codigo": "HF-142", "trecho": "Da foz, no rio Solimoes,formador do rio Amazonas, ate a Vila Bittencourt (AM).", "regiao": "Amazonica", "km": null}, "geometry": {"type": "LineString", "coordinates": [[-64.81186, -3.17538], [-64.80368, -3.16869], [-64.79291, -3.16722], [-64.78677, -3.16121], [-64.78831, -3.14773], [-64.78327, -3.13746], [-64.76008, -3.1274], [-64.75115, -3.11747], [-64.7468, -3.10239], [-64.74769, -3.08714], [-64.75219, -3.07764], [-64.77957, -3.05522], [-64.80255, -3.01925], [-64.8077, -3.00419], [-64.80883, -2.95671], [-64.81635, -2.93848], [-64.87081, -2.89742], [-64.89393, -2.8712], [-64.89858, -2.86183], [-64.89664, -2.8503], [-64.87524, -2.81025], [-64.86576, -2.73821], [-64.86822, -2.72843], [-64.88911, -2.71298], [-64.90993, -2.71036], [-64.96119, -2.71914], [-64.97547, -2.71613], [-64.99633, -2.69066], [-64.99833, -2.66156], [-64.98496, -2.61112], [-64.98414, -2.58859], [-64.99381, -2.56878], [-65.02583, -2.5325], [-65.04565, -2.52121], [-65.05641, -2.50657], [-65.09339, -2.43021], [-65.11514, -2.40152], [-65.13764, -2.34002], [-65.16413, -2.31194], [-65.17061, -2.29648], [-65.16916, -2.27029], [-65.17769, -2.25974], [-65.18655, -2.23849], [-65.19721, -2.2239], [-65.21706, -2.21439], [-65.22809, -2.19363], [-65.23027, -2.18557], [-65.22749, -2.17541], [-65.20233, -2.15922], [-65.19982, -2.14831], [-65.1951, -2.12521], [-65.20271, -2.06996], [-65.21026, -2.04623], [-65.22931, -2.02692], [-65.29416, -1.98725], [-65.29814, -1.97471], [-65.29675, -1.96385], [-65.27758, -1.92495], [-65.27678, -1.89804], [-65.28197, -1.88523], [-65.29405, -1.87738], [-65.32023, -1.87697], [-65.36448, -1.86063], [-65.38571, -1.85649], [-65.40338, -1.85615], [-65.42475, -1.86023], [-65.43785, -1.86831], [-65.45118, -1.90659], [-65.46064, -1.91916], [-65.4889, -1.93297], [-65.50291, -1.93591], [-65.51605, -1.93446], [-65.53693, -1.92227], [-65.56516, -1.89848], [-65.66682, -1.84695], [-65.70992, -1.82037], [-65.79414, -1.80405], [-65.8245, -1.80231], [-65.85694, -1.78789], [-65.86616, -1.78014], [-65.87917, -1.75869], [-65.902, -1.74928], [-65.92881, -1.74986], [-65.96535, -1.73761], [-65.99177, -1.73262], [-66.05516, -1.72898], [-66.12611, -1.68188], [-66.21002, -1.67824], [-66.23154, -1.67922], [-66.26741, -1.68818], [-66.3019, -1.70869], [-66.34929, -1.74683], [-66.37087, -1.74874], [-66.41827, -1.74278], [-66.45197, -1.74413], [-66.53443, -1.77594], [-66.56177, -1.78139], [-66.58819, -1.79741], [-66.61808, -1.80753], [-66.66238, -1.80498], [-66.69145, -1.79644], [-66.74101, -1.7759], [-66.77412, -1.77432], [-66.82292, -1.78876], [-66.84642, -1.81207], [-66.86225, -1.82089], [-66.89168, -1.83049], [-66.90384, -1.83038], [-66.92565, -1.83699], [-66.97378, -1.8562], [-66.99507, -1.87145], [-67.01118, -1.87592], [-67.02289, -1.88637], [-67.06449, -1.90539], [-67.13966, -1.90213], [-67.16433, -1.89945], [-67.21846, -1.85791], [-67.32772, -1.80634], [-67.42708, -1.80167], [-67.47238, -1.79116], [-67.52228, -1.78853], [-67.55893, -1.77365], [-67.57928, -1.76011], [-67.61616, -1.70399], [-67.65063, -1.67435], [-67.6869, -1.65275], [-67.78754, -1.63865], [-67.86979, -1.65713], [-67.88887, -1.6556], [-67.969, -1.63388], [-68.00155, -1.63109], [-68.01708, -1.63309], [-68.04328, -1.64264], [-68.10632, -1.65056], [-68.12681, -1.6494], [-68.1709, -1.63537], [-68.20226, -1.63644], [-68.22035, -1.64259], [-68.24252, -1.66335], [-68.26282, -1.6756], [-68.29945, -1.68736], [-68.33929, -1.70613], [-68.45749, -1.72983], [-68.52223, -1.73364], [-68.57006, -1.74419], [-68.58966, -1.75164], [-68.61787, -1.7787], [-68.63037, -1.78465], [-68.68072, -1.79789], [-68.7097, -1.79756], [-68.76568, -1.78694], [-68.79538, -1.79086], [-68.81762, -1.78709], [-68.89837, -1.79213], [-68.97412, -1.80704], [-69.00891, -1.83313], [-69.04856, -1.83109], [-69.07018, -1.82492], [-69.08799, -1.80988], [-69.1046, -1.77526], [-69.12682, -1.74842], [-69.19527, -1.69031], [-69.25628, -1.62594], [-69.29452, -1.60187], [-69.36382, -1.5743], [-69.40498, -1.57494], [-69.42387, -1.57081], [-69.44481, -1.53969], [-69.4591, -1.50709], [-69.45839, -1.48844], [-69.46182, -1.47622], [-69.43949, -1.4331], [-69.43461, -1.39885]]}}, {"type": "Feature", "properties": {"rio": "Rio Tarauaca", "codigo": "HF-144", "trecho": "Da foz, no Rio Jurua, afluente do Rio Solimoes, ate a cidade de Tarauaca (AC).", "regiao": "Amazonica", "km": null}, "geometry": {"type": "LineString", "coordinates": [[-69.7662, -6.69251], [-69.76038, -6.70281], [-69.76986, -6.70371], [-69.77302, -6.70927], [-69.76541, -6.72491], [-69.79017, -6.72793], [-69.79955, -6.73732], [-69.79077, -6.73905], [-69.78086, -6.74766], [-69.7662, -6.74836], [-69.76147, -6.75134], [-69.76086, -6.75695], [-69.77033, -6.75826], [-69.7746, -6.7622], [-69.78361, -6.78075], [-69.77974, -6.78494], [-69.77691, -6.78349], [-69.77351, -6.76642], [-69.76833, -6.76489], [-69.76415, -6.77178], [-69.76395, -6.78546], [-69.74916, -6.79261], [-69.77111, -6.8189], [-69.78938, -6.8291], [-69.78242, -6.83647], [-69.77253, -6.8349], [-69.76961, -6.83755], [-69.77983, -6.85184], [-69.78478, -6.86663], [-69.78324, -6.87373], [-69.77693, -6.87288], [-69.7736, -6.87554], [-69.78048, -6.88621], [-69.77559, -6.89492], [-69.78346, -6.90354], [-69.77164, -6.91486], [-69.77791, -6.93046], [-69.7711, -6.93439], [-69.75835, -6.92891], [-69.75455, -6.93013], [-69.74956, -6.94427], [-69.75375, -6.9479], [-69.76295, -6.94683], [-69.76369, -6.95045], [-69.75501, -6.95905], [-69.7337, -6.95807], [-69.72926, -6.96063], [-69.73308, -6.96722], [-69.74863, -6.96221], [-69.75353, -6.96541], [-69.75093, -6.97064], [-69.73585, -6.98152], [-69.73012, -6.99283], [-69.73144, -6.99907], [-69.73928, -7.00006], [-69.7475, -6.98943], [-69.75448, -6.99053], [-69.75775, -6.99453], [-69.75583, -6.99965], [-69.7435, -7.00511], [-69.74323, -7.00943], [-69.75144, -7.01488], [-69.75296, -7.02136], [-69.75062, -7.02469], [-69.74056, -7.02234], [-69.73785, -7.02439], [-69.74018, -7.03257], [-69.73771, -7.04444], [-69.74265, -7.04868], [-69.7534, -7.04587], [-69.76179, -7.04735], [-69.7795, -7.03071], [-69.79043, -7.03076], [-69.79198, -7.03645], [-69.78684, -7.04524], [-69.7619, -7.05849], [-69.76288, -7.06519], [-69.77756, -7.06424], [-69.78148, -7.06734], [-69.77715, -7.0756], [-69.76612, -7.07454], [-69.76496, -7.07863], [-69.77728, -7.08816], [-69.79487, -7.08889], [-69.80262, -7.09252], [-69.80364, -7.09619], [-69.79625, -7.09976], [-69.79396, -7.10953], [-69.78236, -7.11346], [-69.78268, -7.11802], [-69.79339, -7.13008], [-69.79891, -7.12987], [-69.8026, -7.11751], [-69.80695, -7.11467], [-69.8128, -7.1153], [-69.8301, -7.12727], [-69.82683, -7.14149], [-69.83539, -7.15432], [-69.82607, -7.16074], [-69.82515, -7.16549], [-69.84826, -7.17152], [-69.86162, -7.16759], [-69.86887, -7.17078], [-69.86927, -7.17632], [-69.85984, -7.18107], [-69.8583, -7.18619], [-69.87912, -7.20666], [-69.88053, -7.21152], [-69.87514, -7.22134], [-69.89264, -7.23516], [-69.89148, -7.23798], [-69.86567, -7.24411], [-69.87313, -7.25204], [-69.87355, -7.26665], [-69.88758, -7.25849], [-69.89918, -7.25916], [-69.89994, -7.26629], [-69.8866, -7.26849], [-69.88524, -7.27464], [-69.89747, -7.2904], [-69.90663, -7.27719], [-69.91407, -7.27747], [-69.91668, -7.28323], [-69.90679, -7.30151], [-69.90689, -7.31003], [-69.91205, -7.31393], [-69.92272, -7.30922], [-69.92682, -7.3105], [-69.92483, -7.32796], [-69.93129, -7.3358], [-69.94059, -7.33253], [-69.94352, -7.31377], [-69.95407, -7.30582], [-69.96126, -7.31224], [-69.94867, -7.32823], [-69.94787, -7.33423], [-69.95366, -7.34153], [-69.964, -7.33958], [-69.96611, -7.32688], [-69.98068, -7.32636], [-69.98542, -7.32891], [-69.98542, -7.34325], [-69.99096, -7.34883], [-69.99874, -7.34467], [-70.00391, -7.32697], [-70.01226, -7.32664], [-70.00799, -7.33939], [-70.01163, -7.35638], [-70.00443, -7.36071], [-69.99473, -7.35203], [-69.98762, -7.35202], [-69.98219, -7.36065], [-69.98729, -7.36815], [-69.99887, -7.3653], [-70.00799, -7.37178], [-70.03027, -7.40762], [-70.01939, -7.41781], [-70.02867, -7.43337], [-70.04431, -7.433], [-70.05756, -7.42365], [-70.06412, -7.42586], [-70.06341, -7.4302], [-70.04121, -7.43891], [-70.03303, -7.44976], [-70.03538, -7.45629], [-70.0478, -7.46296], [-70.05301, -7.45183], [-70.05922, -7.45326], [-70.06695, -7.47692], [-70.06808, -7.49472], [-70.07309, -7.50031], [-70.07805, -7.49862], [-70.07025, -7.49319], [-70.0696, -7.48932], [-70.07808, -7.48697], [-70.08329, -7.47836], [-70.09072, -7.48974], [-70.09493, -7.4882], [-70.09488, -7.47976], [-70.10073, -7.47979], [-70.10175, -7.49292], [-70.11512, -7.48658], [-70.12251, -7.4872], [-70.12219, -7.49175], [-70.11288, -7.49539], [-70.11387, -7.49889], [-70.13052, -7.49727], [-70.13594, -7.504], [-70.1447, -7.49982], [-70.15307, -7.50523], [-70.15528, -7.50292], [-70.15388, -7.49351], [-70.16168, -7.49205], [-70.16616, -7.48324], [-70.17136, -7.48179], [-70.17691, -7.4901], [-70.16807, -7.49636], [-70.16671, -7.50212], [-70.18705, -7.49479], [-70.18961, -7.51133], [-70.19501, -7.51189], [-70.1979, -7.50252], [-70.20415, -7.50037], [-70.20759, -7.50392], [-70.20782, -7.51405], [-70.21141, -7.51594], [-70.21942, -7.51238], [-70.22071, -7.50121], [-70.23112, -7.49755], [-70.23364, -7.50036], [-70.22348, -7.51659], [-70.22508, -7.52188], [-70.23585, -7.51016], [-70.23965, -7.51091], [-70.24309, -7.52027], [-70.24744, -7.52236], [-70.24516, -7.51219], [-70.25705, -7.51643], [-70.26522, -7.50897], [-70.26213, -7.51818], [-70.27332, -7.52827], [-70.27992, -7.52071], [-70.28964, -7.51821], [-70.28922, -7.52919], [-70.29984, -7.5293], [-70.30366, -7.53936], [-70.30771, -7.53763], [-70.31007, -7.53104], [-70.3225, -7.53192], [-70.32782, -7.54163], [-70.33673, -7.54113], [-70.3427, -7.54453], [-70.33976, -7.54853], [-70.33126, -7.5441], [-70.33004, -7.55238], [-70.34341, -7.55891], [-70.34987, -7.55717], [-70.3556, -7.56499], [-70.36577, -7.56221], [-70.36426, -7.55318], [-70.36747, -7.55106], [-70.37574, -7.55213], [-70.38619, -7.56011], [-70.39975, -7.55685], [-70.40263, -7.56233], [-70.39685, -7.57272], [-70.40503, -7.57993], [-70.40836, -7.57858], [-70.41123, -7.56887], [-70.40657, -7.55584], [-70.40818, -7.55138], [-70.41164, -7.55884], [-70.42099, -7.5601], [-70.41603, -7.56698], [-70.42063, -7.57195], [-70.41861, -7.58164], [-70.43036, -7.58374], [-70.43483, -7.57192], [-70.43824, -7.57022], [-70.44697, -7.59303], [-70.45157, -7.59366], [-70.45435, -7.59066], [-70.45047, -7.57671], [-70.45383, -7.57449], [-70.45781, -7.58339], [-70.45526, -7.59851], [-70.48314, -7.62003], [-70.49446, -7.6181], [-70.50494, -7.6236], [-70.50707, -7.62076], [-70.50353, -7.61676], [-70.50482, -7.613], [-70.52158, -7.61629], [-70.52487, -7.62097], [-70.51879, -7.62877], [-70.5199, -7.63484], [-70.53492, -7.62733], [-70.53747, -7.62926], [-70.53621, -7.63549], [-70.54455, -7.63586], [-70.54544, -7.64677], [-70.56089, -7.64725], [-70.56099, -7.65196], [-70.54934, -7.66255], [-70.55939, -7.66383], [-70.56277, -7.6757], [-70.57619, -7.68455], [-70.5757, -7.68863], [-70.56587, -7.69299], [-70.56589, -7.69673], [-70.5782, -7.69649], [-70.5815, -7.70331], [-70.56854, -7.70409], [-70.56639, -7.71107], [-70.56957, -7.71276], [-70.58407, -7.70766], [-70.58785, -7.71084], [-70.58596, -7.71358], [-70.57793, -7.71224], [-70.57178, -7.71702], [-70.57232, -7.71962], [-70.58444, -7.72366], [-70.57497, -7.73095], [-70.57483, -7.73566], [-70.58447, -7.73331], [-70.5912, -7.73686], [-70.59002, -7.74086], [-70.58045, -7.73939], [-70.579, -7.75269], [-70.59039, -7.7555], [-70.59766, -7.74876], [-70.60236, -7.74933], [-70.60361, -7.7534], [-70.59781, -7.75842], [-70.6059, -7.76806], [-70.61217, -7.75344], [-70.61694, -7.76101], [-70.61614, -7.76682], [-70.60697, -7.77254], [-70.61064, -7.77824], [-70.60739, -7.78727], [-70.62133, -7.80127], [-70.62092, -7.80451], [-70.61308, -7.80592], [-70.61087, -7.8092], [-70.62398, -7.81642], [-70.62455, -7.82533], [-70.60408, -7.84307], [-70.60338, -7.84675], [-70.61535, -7.8534], [-70.61673, -7.85882], [-70.60692, -7.86378], [-70.61774, -7.86569], [-70.62325, -7.8816], [-70.62586, -7.88176], [-70.62696, -7.87493], [-70.63114, -7.87205], [-70.64028, -7.88064], [-70.63151, -7.88326], [-70.634, -7.89041], [-70.629, -7.89825], [-70.63188, -7.90587], [-70.63064, -7.91461], [-70.63624, -7.92186], [-70.64003, -7.90769], [-70.64603, -7.90744], [-70.6474, -7.91304], [-70.64057, -7.92423], [-70.62988, -7.92652], [-70.64297, -7.92984], [-70.63371, -7.93488], [-70.63239, -7.94224], [-70.63492, -7.9432], [-70.63903, -7.93862], [-70.64759, -7.94557], [-70.66054, -7.94744], [-70.66262, -7.9438], [-70.65828, -7.93799], [-70.66243, -7.93506], [-70.66613, -7.93672], [-70.66976, -7.94515], [-70.68016, -7.94781], [-70.67677, -7.95505], [-70.67864, -7.96483], [-70.67027, -7.96746], [-70.66354, -7.96593], [-70.66105, -7.97093], [-70.66682, -7.97419], [-70.67551, -7.97251], [-70.67873, -7.98119], [-70.67775, -7.9917], [-70.69933, -8.00492], [-70.69696, -8.0144], [-70.68628, -8.01944], [-70.68795, -8.03019], [-70.69622, -8.02471], [-70.71079, -8.0412], [-70.70843, -8.04375], [-70.68816, -8.03997], [-70.68532, -8.04282], [-70.69875, -8.04578], [-70.69362, -8.06103], [-70.69636, -8.06941], [-70.70196, -8.07097], [-70.71178, -8.06237], [-70.72131, -8.0679], [-70.71358, -8.07836], [-70.72404, -8.08215], [-70.7253, -8.0853], [-70.7046, -8.09281], [-70.70751, -8.10458], [-70.70148, -8.11609], [-70.71374, -8.11723], [-70.72114, -8.11056], [-70.72653, -8.11626], [-70.70873, -8.12733], [-70.70225, -8.13944], [-70.72323, -8.149], [-70.73287, -8.14203], [-70.74097, -8.14049], [-70.74464, -8.14301], [-70.74632, -8.152]]}}, {"type": "Feature", "properties": {"rio": "Rio Envira", "codigo": "HF-145", "trecho": "Da foz, no rio Tarauaca, afluente do rio Jurua, tributario do rio Solimoes, ate a BR-364/AC.", "regiao": "Amazonica", "km": null}, "geometry": {"type": "LineString", "coordinates": [[-70.06808, -7.49472], [-70.064, -7.50162], [-70.06374, -7.51075], [-70.07101, -7.51676], [-70.08367, -7.51442], [-70.0871, -7.52015], [-70.09501, -7.5215], [-70.09041, -7.53367], [-70.08321, -7.53994], [-70.09405, -7.53712], [-70.09792, -7.54171], [-70.09594, -7.54469], [-70.08845, -7.54417], [-70.08515, -7.54691], [-70.09239, -7.55438], [-70.09351, -7.56327], [-70.09153, -7.56527], [-70.08586, -7.56118], [-70.08267, -7.56247], [-70.08242, -7.56542], [-70.08982, -7.57103], [-70.08845, -7.57536], [-70.07734, -7.5781], [-70.07225, -7.58447], [-70.07912, -7.59758], [-70.07238, -7.60212], [-70.0696, -7.62021], [-70.06539, -7.62073], [-70.06509, -7.61054], [-70.05683, -7.60161], [-70.05385, -7.61769], [-70.05628, -7.62386], [-70.04642, -7.61967], [-70.04189, -7.63421], [-70.03025, -7.63074], [-70.02876, -7.63801], [-70.01448, -7.64673], [-70.01419, -7.65116], [-70.02054, -7.65622], [-70.03117, -7.6482], [-70.03719, -7.65141], [-70.03675, -7.65388], [-70.02506, -7.65705], [-70.02557, -7.67885], [-70.03541, -7.67246], [-70.03839, -7.67577], [-70.03668, -7.68613], [-70.04014, -7.68989], [-70.0438, -7.68945], [-70.04764, -7.68065], [-70.05483, -7.68168], [-70.05863, -7.68729], [-70.05663, -7.69166], [-70.04704, -7.69197], [-70.03564, -7.70373], [-70.03777, -7.72947], [-70.05311, -7.73968], [-70.05019, -7.74773], [-70.05228, -7.7573], [-70.04913, -7.76092], [-70.04221, -7.75506], [-70.03788, -7.75629], [-70.03297, -7.77186], [-70.04146, -7.77605], [-70.042, -7.78151], [-70.03869, -7.78945], [-70.02641, -7.78807], [-70.02672, -7.79217], [-70.03679, -7.79685], [-70.02543, -7.80508], [-70.0248, -7.81074], [-70.03304, -7.80691], [-70.04447, -7.82344], [-70.05585, -7.82592], [-70.05534, -7.83064], [-70.04485, -7.83421], [-70.054, -7.83892], [-70.05381, -7.85865], [-70.06653, -7.86189], [-70.06327, -7.853], [-70.06555, -7.84807], [-70.07616, -7.85014], [-70.08231, -7.85782], [-70.09807, -7.85614], [-70.10899, -7.86388], [-70.10562, -7.87429], [-70.12245, -7.88454], [-70.11064, -7.89422], [-70.11186, -7.90152], [-70.12377, -7.88893], [-70.13095, -7.88777], [-70.15669, -7.90065], [-70.15399, -7.90818], [-70.15627, -7.91127], [-70.16286, -7.90424], [-70.18172, -7.90721], [-70.17418, -7.92442], [-70.18511, -7.92319], [-70.18978, -7.92998], [-70.18144, -7.92848], [-70.17917, -7.93925], [-70.1723, -7.93094], [-70.16483, -7.93381], [-70.16892, -7.9475], [-70.17576, -7.95401], [-70.19863, -7.95296], [-70.19223, -7.97927], [-70.19948, -7.98277], [-70.20363, -7.98901], [-70.21128, -7.98971], [-70.21552, -7.99754], [-70.22239, -7.99394], [-70.2269, -7.99882], [-70.23391, -7.98396], [-70.2405, -7.98343], [-70.24338, -7.98686], [-70.24221, -7.99586], [-70.24985, -8.00268], [-70.24296, -8.01112], [-70.26286, -8.02051], [-70.26664, -8.01492], [-70.27136, -8.01381], [-70.28463, -8.02448], [-70.28647, -8.02925], [-70.28189, -8.04229], [-70.27197, -8.05038], [-70.28037, -8.05555], [-70.2822, -8.06772], [-70.28686, -8.06215], [-70.29367, -8.06069], [-70.30681, -8.09118], [-70.31099, -8.09072], [-70.31395, -8.08105], [-70.31902, -8.08999], [-70.32729, -8.09229], [-70.32826, -8.09574], [-70.32217, -8.10411], [-70.32464, -8.11067], [-70.32907, -8.10966], [-70.33974, -8.09667], [-70.34931, -8.09666], [-70.34407, -8.10764], [-70.3523, -8.11104], [-70.35361, -8.12127], [-70.34333, -8.1249], [-70.34317, -8.12751], [-70.35652, -8.1343], [-70.36632, -8.13439], [-70.37207, -8.14651], [-70.36893, -8.15123], [-70.36005, -8.15086], [-70.35492, -8.15752], [-70.35554, -8.16136], [-70.3722, -8.16012], [-70.38962, -8.16683]]}}, {"type": "Feature", "properties": {"rio": "Rio Javari", "codigo": "HF-148", "trecho": "Da foz, no rio Solimoes, ate a boca do rio Javari-Mirim, seu afluente da margem esquerda.", "regiao": "Amazonica", "km": null}, "geometry": {"type": "LineString", "coordinates": [[-70.00272, -4.37397], [-70.02199, -4.3723], [-70.02865, -4.36873], [-70.03924, -4.35232], [-70.03996, -4.33697], [-70.04388, -4.3309], [-70.0553, -4.3246], [-70.06839, -4.32376], [-70.07826, -4.31757], [-70.07969, -4.31175], [-70.07553, -4.30473], [-70.04802, -4.30513], [-70.04005, -4.30014], [-70.03918, -4.29472], [-70.0453, -4.29166], [-70.0569, -4.2958], [-70.0725, -4.28544], [-70.08814, -4.29014], [-70.09674, -4.28834], [-70.09987, -4.28353], [-70.09997, -4.26637], [-70.10748, -4.25513], [-70.11521, -4.2585], [-70.11333, -4.2779], [-70.12244, -4.28556], [-70.12781, -4.28513], [-70.14568, -4.27083], [-70.15546, -4.27276], [-70.17171, -4.30419], [-70.17022, -4.30878], [-70.15413, -4.31712], [-70.15172, -4.32659], [-70.15422, -4.33109], [-70.17311, -4.33289], [-70.17658, -4.33592], [-70.17727, -4.34952], [-70.18462, -4.35917], [-70.1998, -4.35881], [-70.20401, -4.32618], [-70.21212, -4.31416], [-70.21424, -4.29746], [-70.21832, -4.29989], [-70.22007, -4.31443], [-70.22438, -4.31659], [-70.26116, -4.30785], [-70.2691, -4.29531], [-70.24676, -4.28573], [-70.24713, -4.27389], [-70.25389, -4.27035], [-70.25887, -4.27141], [-70.27904, -4.28485], [-70.28813, -4.28727], [-70.29009, -4.28439], [-70.28443, -4.27913], [-70.28412, -4.2716], [-70.30209, -4.26357], [-70.30866, -4.25708], [-70.30892, -4.2471], [-70.29984, -4.24062], [-70.28178, -4.23547], [-70.27878, -4.22834], [-70.2886, -4.19405], [-70.28627, -4.16956], [-70.29249, -4.16012], [-70.30833, -4.15661], [-70.32078, -4.14237], [-70.32488, -4.14193], [-70.32961, -4.14695], [-70.32854, -4.17206], [-70.33689, -4.17907], [-70.35224, -4.17086], [-70.3657, -4.14426], [-70.37858, -4.13404], [-70.39671, -4.1378], [-70.43398, -4.13119], [-70.44195, -4.13637], [-70.44247, -4.13991], [-70.43264, -4.15219], [-70.43338, -4.16202], [-70.43885, -4.164], [-70.45381, -4.1585], [-70.45872, -4.17193], [-70.46439, -4.17656], [-70.46923, -4.17355], [-70.47398, -4.16273], [-70.48404, -4.15997], [-70.48842, -4.16469], [-70.49182, -4.1907], [-70.50259, -4.20021], [-70.51045, -4.19855], [-70.51394, -4.19261], [-70.5031, -4.16886], [-70.50376, -4.15922], [-70.50848, -4.1506], [-70.52136, -4.13751], [-70.53479, -4.14592], [-70.55074, -4.13674], [-70.55188, -4.14145], [-70.5422, -4.14732], [-70.54, -4.15341], [-70.5581, -4.16694], [-70.55252, -4.18791], [-70.5548, -4.20178], [-70.56249, -4.20977], [-70.57155, -4.21137], [-70.57602, -4.20561], [-70.56437, -4.18916], [-70.56206, -4.18282], [-70.56419, -4.1742], [-70.57101, -4.17266], [-70.58829, -4.18603], [-70.6143, -4.193], [-70.62422, -4.19161], [-70.6356, -4.17515], [-70.61897, -4.14022], [-70.61707, -4.12942], [-70.62149, -4.12675], [-70.64146, -4.1267], [-70.64815, -4.12982], [-70.65078, -4.13958], [-70.65099, -4.16358], [-70.66014, -4.14396], [-70.66731, -4.14215], [-70.6711, -4.14489], [-70.66605, -4.16335], [-70.67294, -4.19664], [-70.68266, -4.20754], [-70.69118, -4.18781], [-70.72207, -4.18733], [-70.73199, -4.18036], [-70.74681, -4.16149], [-70.75933, -4.1584], [-70.77211, -4.16688], [-70.78537, -4.18516], [-70.79157, -4.18632], [-70.80154, -4.18223], [-70.80437, -4.19313], [-70.8188, -4.19789], [-70.82533, -4.21232], [-70.84438, -4.21747], [-70.84829, -4.22474], [-70.84495, -4.2312], [-70.82637, -4.21908], [-70.81868, -4.22035], [-70.81574, -4.22679], [-70.82534, -4.23735], [-70.82778, -4.24887], [-70.83226, -4.25387], [-70.84117, -4.25414], [-70.85399, -4.24642], [-70.86446, -4.25111], [-70.85993, -4.2648], [-70.84601, -4.27157], [-70.84558, -4.27927], [-70.8781, -4.29204], [-70.87974, -4.30025], [-70.87526, -4.32117], [-70.87967, -4.32516], [-70.89121, -4.32272], [-70.89957, -4.32506], [-70.91467, -4.36051], [-70.92745, -4.35416], [-70.93436, -4.3577], [-70.93618, -4.36982], [-70.93315, -4.38038], [-70.93569, -4.38316], [-70.94504, -4.37728], [-70.96146, -4.38073], [-70.96989, -4.37857], [-70.97424, -4.35946], [-70.98768, -4.34702], [-70.99519, -4.34464], [-70.99929, -4.34858], [-70.98942, -4.36083], [-70.98746, -4.37814], [-70.99475, -4.38619], [-71.00724, -4.38807], [-71.01827, -4.38286], [-71.03495, -4.40082], [-71.04291, -4.40096], [-71.04728, -4.39249], [-71.04384, -4.37573], [-71.04745, -4.36964], [-71.05263, -4.36869], [-71.05519, -4.37042], [-71.05783, -4.38792], [-71.0801, -4.39679], [-71.08395, -4.39302], [-71.07752, -4.38398], [-71.07803, -4.37597], [-71.08378, -4.37306], [-71.09395, -4.37428], [-71.10844, -4.37823], [-71.10811, -4.40377], [-71.11034, -4.40856], [-71.1175, -4.41022], [-71.13359, -4.38767], [-71.14792, -4.38093], [-71.15218, -4.38378], [-71.14741, -4.40008], [-71.1515, -4.40512], [-71.15819, -4.40255], [-71.15756, -4.39555], [-71.16144, -4.39202], [-71.18461, -4.39455], [-71.18721, -4.3977], [-71.18764, -4.41797], [-71.19566, -4.42476], [-71.20096, -4.42023], [-71.20764, -4.40131], [-71.19833, -4.38661], [-71.20327, -4.37852], [-71.21457, -4.37778], [-71.21708, -4.38019], [-71.21988, -4.38873], [-71.21847, -4.40278], [-71.22249, -4.40819], [-71.22886, -4.40539], [-71.2259, -4.38978], [-71.23185, -4.38416], [-71.24643, -4.3917], [-71.26834, -4.38443], [-71.2796, -4.39085], [-71.28127, -4.3987], [-71.27744, -4.40028], [-71.26731, -4.39273], [-71.26188, -4.39441], [-71.26916, -4.41088], [-71.26187, -4.42507], [-71.27542, -4.43876], [-71.28136, -4.44247], [-71.29267, -4.44012], [-71.30922, -4.41568], [-71.31839, -4.41588], [-71.32153, -4.42059], [-71.31914, -4.42954], [-71.30177, -4.44507], [-71.30228, -4.45274], [-71.30814, -4.46273], [-71.31166, -4.46163], [-71.31158, -4.44858], [-71.31539, -4.4437], [-71.32135, -4.44107], [-71.33982, -4.44226], [-71.34144, -4.43073], [-71.34718, -4.42606], [-71.36328, -4.43512], [-71.38108, -4.42457], [-71.39208, -4.42831], [-71.39839, -4.43555], [-71.4004, -4.44409], [-71.40863, -4.44819], [-71.42335, -4.46903], [-71.43315, -4.46061], [-71.4326, -4.44876], [-71.41132, -4.43838], [-71.41445, -4.43613], [-71.42316, -4.43849], [-71.43477, -4.4279], [-71.43947, -4.43191], [-71.43329, -4.44435], [-71.43717, -4.44994], [-71.45151, -4.44744], [-71.44966, -4.43483], [-71.45231, -4.43205], [-71.46183, -4.44037], [-71.47621, -4.43375], [-71.47969, -4.43524], [-71.47875, -4.45428], [-71.48435, -4.45763], [-71.50643, -4.43797], [-71.51041, -4.44068], [-71.50693, -4.44906], [-71.50779, -4.45716], [-71.49557, -4.47016], [-71.49285, -4.48109], [-71.49503, -4.48664], [-71.49839, -4.48639], [-71.50584, -4.47689], [-71.51591, -4.47392], [-71.51814, -4.47101], [-71.51665, -4.46318], [-71.52539, -4.46603], [-71.53779, -4.46392], [-71.54036, -4.46941], [-71.53554, -4.47766], [-71.53703, -4.48312], [-71.54916, -4.47684], [-71.5597, -4.47876], [-71.55238, -4.48297], [-71.55172, -4.48651], [-71.56094, -4.49223], [-71.56795, -4.50662], [-71.59297, -4.52633], [-71.6076, -4.52997], [-71.62477, -4.52466], [-71.63483, -4.51021], [-71.62138, -4.50217], [-71.61369, -4.48481], [-71.61167, -4.47244], [-71.61751, -4.46762], [-71.62838, -4.47725], [-71.62445, -4.48793], [-71.64226, -4.50052], [-71.65209, -4.50221], [-71.64773, -4.47994], [-71.65636, -4.47159], [-71.66165, -4.47682], [-71.65517, -4.49011], [-71.65921, -4.50186], [-71.67293, -4.50655], [-71.67516, -4.50194], [-71.68818, -4.49766], [-71.7074, -4.51094], [-71.71785, -4.50586], [-71.72348, -4.49901], [-71.73969, -4.49548], [-71.74089, -4.48134], [-71.74938, -4.46866], [-71.75209, -4.46794], [-71.75449, -4.47188], [-71.74992, -4.47815], [-71.75015, -4.4928], [-71.76132, -4.50169], [-71.77034, -4.50389], [-71.77035, -4.49235], [-71.77307, -4.48895], [-71.78149, -4.484], [-71.78972, -4.48529]]}}, {"type": "Feature", "properties": {"rio": "Rio Acre", "codigo": "HF-135", "trecho": "Da foz, no rio Purus, afluente do rio Solimoes ate a cidade de Brasiléia (AC).", "regiao": "Amazonica", "km": null}, "geometry": {"type": "LineString", "coordinates": [[-67.40172, -8.75232], [-67.37721, -8.76541], [-67.37963, -8.77505], [-67.3738, -8.78184], [-67.38043, -8.79534], [-67.37688, -8.80127], [-67.377, -8.81457], [-67.37206, -8.81787], [-67.36154, -8.81083], [-67.35309, -8.81411], [-67.34483, -8.81303], [-67.33878, -8.82874], [-67.32619, -8.84076], [-67.33249, -8.84377], [-67.33396, -8.85006], [-67.32253, -8.85121], [-67.32072, -8.85389], [-67.32849, -8.86319], [-67.3389, -8.88985], [-67.33047, -8.89161], [-67.32268, -8.88589], [-67.30267, -8.92049], [-67.31139, -8.92202], [-67.3125, -8.94027], [-67.32393, -8.94062], [-67.33288, -8.95561], [-67.33135, -8.96248], [-67.32264, -8.95945], [-67.31752, -8.96152], [-67.32111, -8.96573], [-67.31447, -8.97138], [-67.31833, -8.98067], [-67.32012, -8.98336], [-67.33696, -8.98583], [-67.33842, -8.99421], [-67.35221, -9.00414], [-67.34558, -9.00651], [-67.34194, -9.01337], [-67.34282, -9.01815], [-67.35002, -9.02357], [-67.34577, -9.03133], [-67.35085, -9.03882], [-67.34062, -9.04087], [-67.33577, -9.04862], [-67.33101, -9.03544], [-67.3241, -9.03511], [-67.31563, -9.04435], [-67.3213, -9.05394], [-67.32611, -9.05606], [-67.35832, -9.04992], [-67.36884, -9.05176], [-67.37182, -9.05806], [-67.39346, -9.06264], [-67.40004, -9.07194], [-67.39789, -9.08269], [-67.4075, -9.08542], [-67.40928, -9.09022], [-67.40775, -9.09649], [-67.40323, -9.09797], [-67.39636, -9.08747], [-67.39185, -9.08685], [-67.38909, -9.0994], [-67.39538, -9.10571], [-67.39233, -9.11407], [-67.39798, -9.12844], [-67.39706, -9.13322], [-67.38804, -9.13169], [-67.38506, -9.13944], [-67.3963, -9.14523], [-67.41508, -9.14431], [-67.42256, -9.1508], [-67.43226, -9.14697], [-67.436, -9.14899], [-67.43291, -9.16147], [-67.44085, -9.16437], [-67.43972, -9.17477], [-67.45626, -9.19063], [-67.44938, -9.19563], [-67.43301, -9.19502], [-67.42961, -9.20122], [-67.4498, -9.21016], [-67.45479, -9.22406], [-67.45161, -9.23601], [-67.44294, -9.23549], [-67.43955, -9.24002], [-67.4525, -9.25348], [-67.46644, -9.2576], [-67.46666, -9.26239], [-67.45943, -9.26571], [-67.45965, -9.27001], [-67.46439, -9.28606], [-67.47041, -9.28729], [-67.47327, -9.29376], [-67.46627, -9.29732], [-67.46574, -9.30808], [-67.47507, -9.32367], [-67.49212, -9.33403], [-67.49111, -9.34599], [-67.49855, -9.35128], [-67.50234, -9.36661], [-67.51198, -9.36713], [-67.517, -9.37552], [-67.51097, -9.37789], [-67.50515, -9.38576], [-67.5035, -9.37666], [-67.49869, -9.3764], [-67.49294, -9.40257], [-67.49539, -9.41694], [-67.50774, -9.41297], [-67.5096, -9.4281], [-67.5057, -9.43861], [-67.51434, -9.44726], [-67.5232, -9.4494], [-67.51502, -9.46889], [-67.51537, -9.47654], [-67.52229, -9.48059], [-67.51954, -9.49398], [-67.51393, -9.49836], [-67.50757, -9.49603], [-67.51193, -9.51423], [-67.51925, -9.51599], [-67.51843, -9.52727], [-67.51321, -9.53089], [-67.50107, -9.52816], [-67.49893, -9.53274], [-67.51026, -9.54427], [-67.51738, -9.54603], [-67.5196, -9.56824], [-67.5292, -9.5788], [-67.52724, -9.58645], [-67.53626, -9.5951], [-67.53623, -9.60352], [-67.54234, -9.61771], [-67.53961, -9.62344], [-67.53382, -9.6238], [-67.53162, -9.64312], [-67.54746, -9.63802], [-67.55245, -9.64359], [-67.55146, -9.64818], [-67.54199, -9.65446], [-67.54116, -9.66708], [-67.53486, -9.67464], [-67.53974, -9.68231], [-67.52987, -9.69117], [-67.52982, -9.70218], [-67.53435, -9.70401], [-67.53698, -9.69637], [-67.54499, -9.69497], [-67.55228, -9.70495], [-67.55129, -9.7105], [-67.54627, -9.71124], [-67.54564, -9.70167], [-67.5347, -9.711], [-67.54537, -9.71928], [-67.55368, -9.7152], [-67.55701, -9.70507], [-67.5628, -9.70461], [-67.56436, -9.72213], [-67.55749, -9.72717], [-67.55611, -9.73492], [-67.55986, -9.73628], [-67.57728, -9.72277], [-67.58595, -9.72548], [-67.58785, -9.73123], [-67.57783, -9.73004], [-67.57473, -9.73232], [-67.57871, -9.74823], [-67.58391, -9.75131], [-67.58077, -9.76335], [-67.58327, -9.7649], [-67.58947, -9.75899], [-67.5966, -9.76189], [-67.59038, -9.77277], [-67.58479, -9.77237], [-67.58168, -9.77656], [-67.59514, -9.7881], [-67.59028, -9.79536], [-67.58161, -9.79398], [-67.58139, -9.79972], [-67.59121, -9.80397], [-67.58982, -9.81373], [-67.58033, -9.8223], [-67.59363, -9.8258], [-67.59278, -9.84455], [-67.59662, -9.84897], [-67.60896, -9.85151], [-67.59945, -9.86468], [-67.59211, -9.86446], [-67.59091, -9.87555], [-67.59901, -9.87559], [-67.60637, -9.87102], [-67.61196, -9.87258], [-67.60768, -9.87926], [-67.61578, -9.88293], [-67.61596, -9.8858], [-67.60959, -9.88635], [-67.60725, -9.88978], [-67.61764, -9.89882], [-67.62324, -9.89884], [-67.62344, -9.89655], [-67.61845, -9.88945], [-67.63601, -9.89048], [-67.63676, -9.89526], [-67.63229, -9.90233], [-67.63342, -9.91094], [-67.62877, -9.91456], [-67.62797, -9.92011], [-67.63854, -9.93297], [-67.6434, -9.92342], [-67.65612, -9.92864], [-67.6583, -9.91659], [-67.67256, -9.92144], [-67.67425, -9.93235], [-67.66937, -9.94592], [-67.67262, -9.95359], [-67.68828, -9.94906], [-67.71336, -9.9503], [-67.71657, -9.93909], [-67.71883, -9.93925], [-67.72359, -9.95676], [-67.72795, -9.96067], [-67.73564, -9.96085], [-67.73984, -9.96729], [-67.748, -9.96269], [-67.75145, -9.96793], [-67.76034, -9.97021], [-67.76821, -9.96381], [-67.76959, -9.95724], [-67.77638, -9.95651], [-67.79038, -9.97269], [-67.80463, -9.97554], [-67.8116, -9.98124], [-67.81378, -9.9751], [-67.81701, -9.97553], [-67.82145, -9.98425], [-67.81268, -9.99062], [-67.81787, -9.99709], [-67.83347, -10.00827], [-67.84116, -10.00817], [-67.8601, -10.02846], [-67.87849, -10.03678], [-67.87421, -10.04501], [-67.8692, -10.04033], [-67.86454, -10.04218], [-67.86475, -10.04965], [-67.85759, -10.05853], [-67.85319, -10.05781], [-67.85068, -10.06663], [-67.85565, -10.07252], [-67.85277, -10.0774], [-67.84733, -10.07308], [-67.83662, -10.07324], [-67.83352, -10.08123], [-67.84086, -10.08881], [-67.83263, -10.08641], [-67.83325, -10.0935], [-67.82788, -10.09708], [-67.82219, -10.09045], [-67.81713, -10.09878], [-67.82172, -10.10734], [-67.82958, -10.11018], [-67.82777, -10.11424], [-67.82199, -10.11357], [-67.82929, -10.12213], [-67.82342, -10.12366], [-67.81419, -10.13307], [-67.81331, -10.1374], [-67.82181, -10.14464], [-67.81335, -10.14843], [-67.81887, -10.15897], [-67.81612, -10.16365], [-67.81147, -10.16026], [-67.80741, -10.16273], [-67.81158, -10.1693], [-67.81146, -10.17975], [-67.80892, -10.1822], [-67.80379, -10.17976], [-67.80211, -10.18401], [-67.81232, -10.19527], [-67.80947, -10.20029], [-67.80462, -10.19871], [-67.80373, -10.20326], [-67.82422, -10.20722], [-67.82781, -10.2115], [-67.81833, -10.21606], [-67.81269, -10.22457], [-67.8182, -10.22629], [-67.81584, -10.23341], [-67.82089, -10.23671], [-67.82432, -10.24464], [-67.83036, -10.24405], [-67.83293, -10.24936], [-67.83096, -10.25737], [-67.82578, -10.26184], [-67.82089, -10.26139], [-67.81774, -10.26627], [-67.8347, -10.27491], [-67.84329, -10.26946], [-67.84734, -10.27161], [-67.85011, -10.27955], [-67.85609, -10.28475], [-67.84627, -10.28027], [-67.84218, -10.28193], [-67.85194, -10.29092], [-67.85272, -10.30024], [-67.85692, -10.30307], [-67.86168, -10.29878], [-67.86872, -10.30485], [-67.85849, -10.30782], [-67.85966, -10.3153], [-67.86667, -10.31776], [-67.8712, -10.3139], [-67.87795, -10.32787], [-67.87409, -10.33692], [-67.87825, -10.34372], [-67.87606, -10.34962], [-67.88727, -10.35292], [-67.88831, -10.36316], [-67.8946, -10.35984], [-67.89655, -10.35125], [-67.90485, -10.35147], [-67.90916, -10.35675], [-67.912, -10.34896], [-67.91614, -10.34946], [-67.91731, -10.3546], [-67.91068, -10.35859], [-67.91255, -10.36481], [-67.91991, -10.36452], [-67.91538, -10.37433], [-67.91649, -10.37829], [-67.92143, -10.37774], [-67.92031, -10.37249], [-67.93747, -10.37695], [-67.93649, -10.38902], [-67.94939, -10.40124], [-67.94522, -10.40852], [-67.95464, -10.41308], [-67.96108, -10.407], [-67.97184, -10.40659], [-67.9738, -10.40996], [-67.96787, -10.41153], [-67.97286, -10.42407], [-67.97985, -10.42653], [-67.98445, -10.42226], [-67.99196, -10.4396], [-68.00264, -10.43627], [-67.99748, -10.44551], [-68.00704, -10.45282], [-68.01993, -10.45833], [-68.02991, -10.4539], [-68.03894, -10.45884], [-68.03369, -10.46919], [-68.04412, -10.47306], [-68.04555, -10.48118], [-68.04942, -10.48124], [-68.04831, -10.47436], [-68.05272, -10.47418], [-68.05376, -10.46461], [-68.05991, -10.4635], [-68.06182, -10.46753], [-68.05802, -10.47488], [-68.06108, -10.48165], [-68.07302, -10.48494], [-68.08763, -10.50429], [-68.09666, -10.50142], [-68.09766, -10.50733], [-68.10866, -10.50743], [-68.11419, -10.51093], [-68.11998, -10.5073], [-68.13125, -10.51156], [-68.13202, -10.51639], [-68.12327, -10.51342], [-68.11934, -10.51785], [-68.12423, -10.52216], [-68.13529, -10.52302], [-68.13997, -10.52856], [-68.14914, -10.52363], [-68.15642, -10.52396], [-68.16615, -10.53135], [-68.16544, -10.53784], [-68.17862, -10.54892], [-68.18615, -10.54775], [-68.18489, -10.55734], [-68.19057, -10.55646], [-68.22145, -10.56512], [-68.22602, -10.56281], [-68.23061, -10.56888], [-68.23402, -10.56476], [-68.23893, -10.56632], [-68.23578, -10.57668], [-68.24674, -10.57988], [-68.2392, -10.59063], [-68.24039, -10.59399], [-68.24422, -10.59296], [-68.24779, -10.58492], [-68.26219, -10.58458], [-68.26578, -10.58751], [-68.26163, -10.59352], [-68.25461, -10.59382], [-68.25193, -10.6014], [-68.25379, -10.60533], [-68.25914, -10.60049], [-68.26289, -10.60126], [-68.26376, -10.59498], [-68.26915, -10.59274], [-68.27338, -10.60081], [-68.27202, -10.60846], [-68.28518, -10.6158], [-68.29316, -10.61488], [-68.28697, -10.60896], [-68.29241, -10.60488], [-68.29354, -10.61064], [-68.30484, -10.61718], [-68.30692, -10.60773], [-68.29761, -10.6024], [-68.30674, -10.60001], [-68.31428, -10.6057], [-68.32425, -10.62253], [-68.32454, -10.61194], [-68.33143, -10.61471], [-68.33576, -10.60932], [-68.34156, -10.61503], [-68.34116, -10.62115], [-68.34634, -10.62754], [-68.35255, -10.62345], [-68.35992, -10.62328], [-68.35467, -10.61024], [-68.36304, -10.61593], [-68.3637, -10.62493], [-68.37639, -10.6158], [-68.38739, -10.62999], [-68.38782, -10.61425], [-68.38409, -10.60863], [-68.39212, -10.60682], [-68.39783, -10.61477], [-68.40773, -10.61591], [-68.40537, -10.62861], [-68.41143, -10.62534], [-68.42337, -10.63643], [-68.43237, -10.6392], [-68.43579, -10.64499], [-68.44122, -10.63475], [-68.44277, -10.65069], [-68.4523, -10.64379], [-68.44794, -10.63797], [-68.45409, -10.63614], [-68.45368, -10.62941], [-68.46142, -10.63333], [-68.47318, -10.63312], [-68.48067, -10.64312], [-68.4935, -10.64109], [-68.49924, -10.65036], [-68.50657, -10.64876], [-68.50846, -10.65203], [-68.50517, -10.65988], [-68.51086, -10.6638], [-68.51884, -10.66042], [-68.52377, -10.66822], [-68.5224, -10.67421], [-68.51686, -10.67314], [-68.52155, -10.68446], [-68.51804, -10.6892], [-68.51975, -10.69519], [-68.52891, -10.6978], [-68.53193, -10.68852], [-68.53516, -10.69439], [-68.53319, -10.69821], [-68.54086, -10.70428], [-68.53795, -10.7077], [-68.53145, -10.70205], [-68.52933, -10.70464], [-68.53431, -10.70911], [-68.53491, -10.71439], [-68.54331, -10.71826], [-68.5329, -10.71975], [-68.53182, -10.72779], [-68.54488, -10.72873], [-68.54511, -10.73576], [-68.53743, -10.74064], [-68.5364, -10.74556], [-68.53244, -10.74547], [-68.53283, -10.75078], [-68.53948, -10.75078], [-68.5435, -10.75875], [-68.54173, -10.76588], [-68.54496, -10.76564], [-68.54996, -10.75671], [-68.55569, -10.7572], [-68.55664, -10.76277], [-68.56156, -10.76585], [-68.55863, -10.77941], [-68.55347, -10.78117], [-68.54956, -10.78797], [-68.56134, -10.79295], [-68.5629, -10.78969], [-68.55633, -10.78251], [-68.56658, -10.7842], [-68.56971, -10.79269], [-68.58048, -10.80342], [-68.57114, -10.80794], [-68.57166, -10.81258], [-68.56335, -10.81677], [-68.57085, -10.8257], [-68.57656, -10.82251], [-68.57133, -10.8368], [-68.57693, -10.84882], [-68.58404, -10.84532], [-68.58826, -10.8502], [-68.58492, -10.85932], [-68.5872, -10.86606], [-68.5831, -10.86947], [-68.58757, -10.87283], [-68.59623, -10.87123], [-68.59661, -10.87817], [-68.60587, -10.89478], [-68.6218, -10.88787], [-68.62555, -10.89043], [-68.62301, -10.8942], [-68.62481, -10.89765], [-68.63221, -10.90175], [-68.6384, -10.8955], [-68.64356, -10.89601], [-68.64112, -10.90448], [-68.65514, -10.91655], [-68.64651, -10.92167], [-68.65411, -10.92548], [-68.65596, -10.93804], [-68.66126, -10.93716], [-68.66847, -10.929], [-68.6748, -10.93612], [-68.67089, -10.94196], [-68.67277, -10.94451], [-68.67722, -10.94357], [-68.67659, -10.93758], [-68.67975, -10.93454], [-68.6824, -10.93478], [-68.682, -10.93937], [-68.68621, -10.93637], [-68.68464, -10.95613], [-68.68755, -10.95889], [-68.68768, -10.9683], [-68.71769, -10.97858], [-68.72591, -10.9729], [-68.72402, -10.97645], [-68.72697, -10.98339], [-68.71743, -10.98829], [-68.71759, -10.99132], [-68.72452, -10.99352], [-68.72457, -11.0004], [-68.72773, -11.00263], [-68.73479, -10.99294], [-68.73437, -10.98742], [-68.73828, -10.99261], [-68.74262, -10.99185], [-68.73968, -11.00947], [-68.73681, -11.01149], [-68.74388, -11.01694]]}}, {"type": "Feature", "properties": {"rio": "Rio Madeira", "codigo": "HF-117", "trecho": "Da foz, no rio Amazonas, ate a confluencia dos rios Beni (Bolivia) e Mamore.", "regiao": "Amazonica", "km": null}, "geometry": {"type": "LineString", "coordinates": [[-58.74175, -3.35275], [-58.76522, -3.36857], [-58.77048, -3.37533], [-58.78323, -3.40459], [-58.78474, -3.4151], [-58.80124, -3.44962], [-58.87929, -3.48864], [-58.91455, -3.54192], [-58.94232, -3.57193], [-58.97384, -3.61395], [-58.99485, -3.62071], [-59.04212, -3.64547], [-59.0984, -3.68824], [-59.09765, -3.70175], [-59.06238, -3.74903], [-59.05038, -3.77979], [-59.04963, -3.7978], [-59.05938, -3.83532], [-59.08189, -3.87209], [-59.1202, -3.90295], [-59.18987, -3.91808], [-59.2337, -3.94093], [-59.29634, -3.96723], [-59.31149, -3.98322], [-59.32692, -4.02116], [-59.3689, -4.04772], [-59.37461, -4.06414], [-59.36699, -4.15849], [-59.38224, -4.20618], [-59.39874, -4.2326], [-59.43857, -4.26801], [-59.45099, -4.27415], [-59.46655, -4.27986], [-59.54607, -4.29185], [-59.55421, -4.29799], [-59.56292, -4.31612], [-59.5642, -4.34339], [-59.58148, -4.36523], [-59.60247, -4.38365], [-59.619, -4.38611], [-59.63545, -4.38108], [-59.65957, -4.36195], [-59.66697, -4.35035], [-59.67999, -4.34183], [-59.71083, -4.34367], [-59.73181, -4.34939], [-59.75025, -4.35913], [-59.78217, -4.40416], [-59.82189, -4.44837], [-59.84688, -4.49044], [-59.88086, -4.56197], [-59.91156, -4.59694], [-59.92212, -4.62064], [-59.92669, -4.66947], [-59.94325, -4.71487], [-59.94397, -4.72515], [-59.94068, -4.74171], [-59.91327, -4.80824], [-59.91384, -4.81609], [-59.91927, -4.82323], [-59.96024, -4.84308], [-59.99999, -4.87899], [-60.08466, -4.9145], [-60.11889, -4.91522], [-60.17691, -4.89949], [-60.21114, -4.90019], [-60.22156, -4.90764], [-60.23498, -4.92255], [-60.25593, -4.98598], [-60.29251, -5.04041], [-60.33803, -5.07989], [-60.38277, -5.11332], [-60.4026, -5.11824], [-60.41096, -5.12476], [-60.41705, -5.13308], [-60.42752, -5.16502], [-60.43794, -5.17687], [-60.45493, -5.186], [-60.49533, -5.19714], [-60.51718, -5.20999], [-60.53645, -5.23997], [-60.54991, -5.25447], [-60.61312, -5.29251], [-60.63468, -5.29965], [-60.70297, -5.30278], [-60.72006, -5.30891], [-60.73248, -5.3192], [-60.7413, -5.3353], [-60.75146, -5.3736], [-60.7506, -5.38631], [-60.73162, -5.44598], [-60.73361, -5.45855], [-60.82397, -5.50188], [-60.87908, -5.5421], [-60.91734, -5.55987], [-60.9896, -5.60603], [-61.00459, -5.60474], [-61.02155, -5.59248], [-61.03953, -5.58443], [-61.09579, -5.57444], [-61.11038, -5.58233], [-61.14498, -5.62484], [-61.15321, -5.63001], [-61.20972, -5.65083], [-61.25269, -5.65393], [-61.26599, -5.65971], [-61.27527, -5.68441], [-61.28127, -5.74894], [-61.30083, -5.79391], [-61.31225, -5.83103], [-61.32253, -5.84148], [-61.33752, -5.84088], [-61.34909, -5.83517], [-61.37079, -5.80608], [-61.38221, -5.79576], [-61.40509, -5.79456], [-61.42275, -5.80076], [-61.43132, -5.80947], [-61.46201, -5.86658], [-61.47229, -5.87272], [-61.48386, -5.87147], [-61.51427, -5.8463], [-61.54054, -5.83845], [-61.68859, -5.874], [-61.70172, -5.88871], [-61.70386, -5.90955], [-61.69473, -5.93496], [-61.66704, -5.97234], [-61.66503, -5.9825], [-61.66731, -5.99749], [-61.67431, -6.01177], [-61.7032, -6.04038], [-61.78324, -6.09415], [-61.81551, -6.10443], [-61.83047, -6.11418], [-61.83351, -6.12319], [-61.83321, -6.21279], [-61.84063, -6.24248], [-61.85006, -6.25205], [-61.86719, -6.25519], [-61.91416, -6.24834], [-61.95542, -6.25276], [-61.98077, -6.25105], [-62.05907, -6.2352], [-62.07649, -6.22764], [-62.11289, -6.19823], [-62.13645, -6.18766], [-62.17328, -6.19223], [-62.18756, -6.19766], [-62.2351, -6.22678], [-62.24533, -6.24287], [-62.24624, -6.25105], [-62.23981, -6.30202], [-62.24038, -6.33014], [-62.2455, -6.35078], [-62.27722, -6.43122], [-62.27936, -6.46049], [-62.28693, -6.48676], [-62.30791, -6.51132], [-62.33604, -6.52888], [-62.36473, -6.54087], [-62.37016, -6.54715], [-62.36688, -6.55943], [-62.34546, -6.59055], [-62.33604, -6.64452], [-62.33847, -6.67007], [-62.34832, -6.71262], [-62.36887, -6.75274], [-62.38201, -6.76644], [-62.39015, -6.76915], [-62.43669, -6.77101], [-62.45411, -6.77672], [-62.46558, -6.7735], [-62.49737, -6.75374], [-62.52378, -6.75045], [-62.53491, -6.75431], [-62.5716, -6.77829], [-62.61929, -6.79642], [-62.64014, -6.81469], [-62.65769, -6.85467], [-62.64913, -6.88936], [-62.65084, -6.91357], [-62.66186, -6.93896], [-62.71366, -7.02856], [-62.73279, -7.04027], [-62.80917, -7.00401], [-62.8233, -7.00215], [-62.84101, -7.00701], [-62.84772, -7.012], [-62.852, -7.01728], [-62.85643, -7.04098], [-62.86327, -7.05549], [-62.87099, -7.09224], [-62.86956, -7.11365], [-62.90682, -7.18775], [-62.94466, -7.32209], [-62.95437, -7.34565], [-62.96579, -7.36078], [-62.98335, -7.37549], [-63.01385, -7.43385], [-63.02099, -7.4561], [-63.02111, -7.46645], [-63.01028, -7.5182], [-62.9922, -7.54248], [-62.97221, -7.55295], [-62.95329, -7.58709], [-62.94318, -7.62421], [-62.94045, -7.65919], [-62.92769, -7.68683], [-62.93093, -7.7082], [-62.94651, -7.73331], [-62.94604, -7.74782], [-62.93509, -7.76864], [-62.92141, -7.8242], [-62.88806, -7.88223], [-62.8712, -7.9314], [-62.86942, -7.95817], [-62.87644, -8.0148], [-62.88499, -8.03406], [-62.92286, -8.05174], [-62.93664, -8.06298], [-62.9495, -8.08169], [-62.96341, -8.12342], [-62.9759, -8.14698], [-63.01623, -8.16649], [-63.02765, -8.1772], [-63.11466, -8.19138], [-63.22301, -8.2299], [-63.2419, -8.23384], [-63.25346, -8.23109], [-63.26953, -8.22062], [-63.29998, -8.17743], [-63.30498, -8.1747], [-63.3208, -8.17375], [-63.33924, -8.18077], [-63.35245, -8.19695], [-63.36328, -8.2462], [-63.38172, -8.27475], [-63.3848, -8.28973], [-63.40849, -8.339], [-63.42417, -8.38423], [-63.4444, -8.40589], [-63.54183, -8.47299], [-63.56123, -8.48262], [-63.58074, -8.49976], [-63.58431, -8.52188], [-63.53708, -8.56602], [-63.52982, -8.58494], [-63.53481, -8.59827], [-63.55932, -8.61421], [-63.57765, -8.6154], [-63.63868, -8.56424], [-63.65153, -8.56198], [-63.69364, -8.56388], [-63.77669, -8.59838], [-63.8426, -8.63289], [-63.87139, -8.63693], [-63.89816, -8.63515], [-63.90649, -8.63979], [-63.91715, -8.66341], [-63.92327, -8.7076], [-63.91662, -8.76773], [-63.92, -8.78018], [-63.97053, -8.80708], [-63.97527, -8.81372], [-63.9739, -8.83387], [-63.97841, -8.83801], [-64.0623, -8.85518], [-64.07285, -8.86436], [-64.09521, -8.89779], [-64.09732, -8.90592], [-64.09289, -8.92195], [-64.07586, -8.92989], [-64.06989, -8.93862], [-64.08034, -8.97269], [-64.09468, -8.98197], [-64.11736, -8.97986], [-64.13825, -8.99505], [-64.16525, -8.99758], [-64.19932, -9.03028], [-64.20935, -9.02965], [-64.22675, -9.01921], [-64.24215, -9.01467], [-64.25565, -9.0153], [-64.27812, -9.02701], [-64.28582, -9.03345], [-64.29764, -9.05212], [-64.31525, -9.09189], [-64.33857, -9.12701], [-64.38002, -9.17501], [-64.39785, -9.19009], [-64.42538, -9.19579], [-64.44479, -9.19104], [-64.47306, -9.1768], [-64.50977, -9.15212], [-64.53139, -9.14389], [-64.54089, -9.14632], [-64.56494, -9.16573], [-64.5988, -9.18334], [-64.61346, -9.19948], [-64.62095, -9.21425], [-64.62753, -9.24115], [-64.64627, -9.26805], [-64.65776, -9.27786], [-64.69004, -9.29558], [-64.70787, -9.32005], [-64.73034, -9.32606], [-64.73424, -9.35201], [-64.74226, -9.36393], [-64.76715, -9.37406], [-64.78445, -9.37311], [-64.81188, -9.36604], [-64.83529, -9.3671], [-64.84574, -9.37163], [-64.84468, -9.38303], [-64.83297, -9.40054], [-64.82633, -9.43155], [-64.81051, -9.46319], [-64.80935, -9.4768], [-64.81262, -9.496], [-64.82295, -9.523], [-64.83603, -9.53819], [-64.84236, -9.5421], [-64.87021, -9.54421], [-64.88086, -9.55043], [-64.89268, -9.57047], [-64.90449, -9.58039], [-64.91778, -9.58397], [-64.95924, -9.58598], [-64.98403, -9.569], [-65.00555, -9.5652], [-65.01937, -9.57047], [-65.04795, -9.59463], [-65.08814, -9.60254], [-65.11768, -9.60391], [-65.14352, -9.59062], [-65.14964, -9.57965], [-65.16124, -9.57248], [-65.17, -9.56024], [-65.18329, -9.55307], [-65.24878, -9.53728], [-65.28086, -9.51752], [-65.29394, -9.51488], [-65.31177, -9.5172], [-65.33213, -9.5267], [-65.36821, -9.57227], [-65.37284, -9.597], [-65.38941, -9.61035], [-65.43234, -9.63176], [-65.44524, -9.64815], [-65.44723, -9.65657], [-65.44627, -9.66956], [-65.40271, -9.68267], [-65.38206, -9.69373], [-65.36859, -9.70497], [-65.35438, -9.72443], [-65.34033, -9.75989], [-65.32862, -9.78036], [-65.32205, -9.80986], [-65.31453, -9.81843], [-65.29083, -9.83394], [-65.28579, -9.8467], [-65.28807, -9.86421], [-65.3191, -9.90399], [-65.32852, -9.92179], [-65.33157, -9.93569], [-65.32869, -9.95911], [-65.31972, -9.99079], [-65.3293, -10.0551], [-65.31777, -10.08245], [-65.30292, -10.10112], [-65.30197, -10.14318], [-65.30568, -10.17506], [-65.28988, -10.22179], [-65.29473, -10.22836], [-65.29622, -10.23824], [-65.31126, -10.25886], [-65.32623, -10.30512], [-65.35265, -10.32579], [-65.36803, -10.35491], [-65.38964, -10.36866], [-65.38924, -10.38528]]}}, {"type": "Feature", "properties": {"rio": "Rio Purus", "codigo": "HF-134", "trecho": "Da foz, no Rio Solimoes, formador do Rio Amazonas, ate o Rio Iaco", "regiao": "Amazonica", "km": null}, "geometry": {"type": "LineString", "coordinates": [[-61.48035, -3.66896], [-61.47938, -3.67814], [-61.46817, -3.69947], [-61.43694, -3.74874], [-61.40521, -3.82908], [-61.39238, -3.84833], [-61.37417, -3.86365], [-61.36984, -3.87374], [-61.37371, -3.89099], [-61.39617, -3.90645], [-61.42204, -3.9191], [-61.44569, -3.93962], [-61.49075, -3.99702], [-61.55767, -4.06409], [-61.56898, -4.07956], [-61.59024, -4.14202], [-61.63679, -4.2082], [-61.67516, -4.24969], [-61.69405, -4.2543], [-61.72186, -4.24553], [-61.7563, -4.24712], [-61.77718, -4.2601], [-61.81109, -4.29148], [-61.8322, -4.2946], [-61.85481, -4.28479], [-61.86908, -4.28925], [-61.87206, -4.29683], [-61.86979, -4.31937], [-61.87265, -4.32911], [-61.89347, -4.34591], [-61.89585, -4.35201], [-61.88529, -4.37878], [-61.88901, -4.39008], [-61.89927, -4.40242], [-61.91189, -4.41097], [-61.92322, -4.41016], [-61.9366, -4.4054], [-61.9771, -4.37985], [-61.98345, -4.37803], [-61.99445, -4.38086], [-62.01007, -4.39647], [-62.03327, -4.43276], [-62.05781, -4.44317], [-62.0645, -4.44957], [-62.07045, -4.46682], [-62.06836, -4.4744], [-62.05825, -4.48422], [-62.04249, -4.48228], [-62.02434, -4.46102], [-62.00516, -4.45388], [-61.98538, -4.45685], [-61.97988, -4.46176], [-61.97795, -4.47515], [-61.98032, -4.48258], [-62.01349, -4.49046], [-62.02985, -4.4979], [-62.0471, -4.50028], [-62.06599, -4.51322], [-62.07104, -4.54043], [-62.06732, -4.57255], [-62.07113, -4.58859], [-62.06703, -4.61776], [-62.07327, -4.63368], [-62.09052, -4.65316], [-62.11343, -4.70045], [-62.1457, -4.72454], [-62.1799, -4.74031], [-62.19626, -4.75369], [-62.20771, -4.75206], [-62.22467, -4.73897], [-62.26854, -4.74343], [-62.27701, -4.73837], [-62.29441, -4.71651], [-62.30304, -4.71056], [-62.31107, -4.71458], [-62.30393, -4.73391], [-62.30497, -4.74923], [-62.31018, -4.75681], [-62.32787, -4.76157], [-62.33724, -4.75622], [-62.34379, -4.74031], [-62.35018, -4.73941], [-62.35464, -4.74224], [-62.36282, -4.75934], [-62.3765, -4.76589], [-62.41651, -4.75458], [-62.44893, -4.76306], [-62.46023, -4.75756], [-62.47481, -4.73495], [-62.48938, -4.73451], [-62.49503, -4.73733], [-62.50143, -4.74849], [-62.49949, -4.75622], [-62.48135, -4.7754], [-62.46053, -4.79087], [-62.45651, -4.79756], [-62.45637, -4.80708], [-62.46157, -4.816], [-62.47109, -4.82032], [-62.47969, -4.81907], [-62.49473, -4.80515], [-62.51213, -4.77228], [-62.52507, -4.76886], [-62.53414, -4.77258], [-62.5392, -4.77882], [-62.53965, -4.8111], [-62.54292, -4.82121], [-62.55824, -4.83206], [-62.56969, -4.83147], [-62.58099, -4.82522], [-62.614, -4.78358], [-62.63319, -4.76901], [-62.64286, -4.76574], [-62.66918, -4.76737], [-62.68033, -4.77674], [-62.68108, -4.78953], [-62.65936, -4.8166], [-62.66189, -4.8517], [-62.65788, -4.85779], [-62.63854, -4.87014], [-62.63512, -4.88397], [-62.64241, -4.8978], [-62.67081, -4.90508], [-62.68048, -4.91074], [-62.68702, -4.92665], [-62.6897, -4.94479], [-62.69848, -4.961], [-62.70606, -4.96844], [-62.72762, -4.97558], [-62.74354, -4.97156], [-62.75127, -4.95059], [-62.74577, -4.93661], [-62.72257, -4.92382], [-62.70561, -4.90211], [-62.70398, -4.89319], [-62.70814, -4.87385], [-62.72197, -4.84203], [-62.73937, -4.83697], [-62.74681, -4.8395], [-62.75529, -4.85422], [-62.76793, -4.86701], [-62.77938, -4.86954], [-62.81834, -4.86285], [-62.85701, -4.86106], [-62.87872, -4.86597], [-62.89121, -4.87504], [-62.89552, -4.91594], [-62.90534, -4.92427], [-62.94059, -4.93765], [-62.94698, -4.94286], [-62.94743, -4.94925], [-62.94698, -4.9558], [-62.94326, -4.95892], [-62.92884, -4.95461], [-62.90846, -4.95818], [-62.88125, -5.00011], [-62.88065, -5.00755], [-62.88467, -5.01751], [-62.8988, -5.0361], [-62.91203, -5.04443], [-62.92839, -5.04607], [-62.92973, -5.06079], [-62.95427, -5.06867], [-62.96884, -5.07923], [-62.97494, -5.0883], [-62.9794, -5.1176], [-62.99695, -5.1344], [-63.0032, -5.14615], [-63.00245, -5.15686], [-62.99442, -5.16519], [-62.9449, -5.16534], [-62.92913, -5.16861], [-62.91887, -5.17753], [-62.9162, -5.18601], [-62.92021, -5.19954], [-62.92676, -5.20638], [-62.94579, -5.21337], [-62.95219, -5.21977], [-62.95397, -5.22824], [-62.95308, -5.23553], [-62.94683, -5.24089], [-62.92913, -5.24148], [-62.91709, -5.24788], [-62.91426, -5.25278], [-62.91382, -5.26825], [-62.92735, -5.30483], [-62.9159, -5.33131], [-62.91575, -5.33948], [-62.91939, -5.3467], [-62.92646, -5.34826], [-62.95129, -5.33547], [-62.97152, -5.33131], [-62.98713, -5.33978], [-62.99174, -5.35436], [-62.9855, -5.39109], [-62.95412, -5.38752], [-62.9394, -5.39496], [-62.93434, -5.4067], [-62.93657, -5.42529], [-62.94416, -5.43184], [-62.95824, -5.43354], [-62.99383, -5.41176], [-63.00914, -5.41518], [-63.02312, -5.42946], [-63.0313, -5.43347], [-63.03695, -5.43243], [-63.04261, -5.42351], [-63.04974, -5.3896], [-63.06194, -5.38098], [-63.06789, -5.38083], [-63.08187, -5.38633], [-63.08588, -5.40076], [-63.08425, -5.41131], [-63.08707, -5.42857], [-63.09138, -5.43853], [-63.09882, -5.44597], [-63.11444, -5.44953], [-63.13853, -5.436], [-63.16113, -5.43793], [-63.17541, -5.45727], [-63.17303, -5.47467], [-63.11979, -5.49861], [-63.11265, -5.50872], [-63.10432, -5.5407], [-63.10834, -5.54769], [-63.12098, -5.55111], [-63.12946, -5.54665], [-63.14671, -5.52865], [-63.16158, -5.5227], [-63.17823, -5.52196], [-63.19816, -5.52791], [-63.20277, -5.53326], [-63.20456, -5.54694], [-63.18627, -5.5929], [-63.18894, -5.61149], [-63.19608, -5.62324], [-63.22672, -5.61907], [-63.24679, -5.62115], [-63.25973, -5.61506], [-63.26196, -5.60286], [-63.24025, -5.58963], [-63.234, -5.58189], [-63.2343, -5.57282], [-63.24025, -5.56836], [-63.25527, -5.58665], [-63.26464, -5.59052], [-63.29289, -5.58516], [-63.30881, -5.58769], [-63.34376, -5.61922], [-63.38867, -5.64004], [-63.39848, -5.65521], [-63.40532, -5.67856], [-63.42555, -5.68421], [-63.43209, -5.6799], [-63.43403, -5.67291], [-63.41484, -5.64257], [-63.4135, -5.62428], [-63.41782, -5.61149], [-63.42317, -5.60896], [-63.43343, -5.61015], [-63.44652, -5.62725], [-63.46213, -5.63588], [-63.51671, -5.63037], [-63.52415, -5.63439], [-63.52816, -5.64792], [-63.52266, -5.66517], [-63.51151, -5.67603], [-63.50333, -5.69283], [-63.50541, -5.70756], [-63.51151, -5.71856], [-63.52251, -5.7196], [-63.54185, -5.70622], [-63.55181, -5.70518], [-63.57129, -5.73656], [-63.5881, -5.75143], [-63.61784, -5.75321], [-63.64833, -5.76095], [-63.6577, -5.75916], [-63.6675, -5.74895], [-63.66424, -5.73611], [-63.651, -5.72808], [-63.62899, -5.73224], [-63.61145, -5.72734], [-63.6027, -5.7163], [-63.60639, -5.69893], [-63.61858, -5.69313], [-63.65784, -5.7141], [-63.68298, -5.71455], [-63.70514, -5.70339], [-63.7157, -5.69135], [-63.71659, -5.6848], [-63.7099, -5.67425], [-63.70008, -5.668], [-63.69324, -5.66874], [-63.6803, -5.67677], [-63.66915, -5.67677], [-63.65011, -5.66607], [-63.64074, -5.65194], [-63.63673, -5.63721], [-63.63598, -5.62799], [-63.64387, -5.61416], [-63.65145, -5.61089], [-63.66424, -5.61312], [-63.68759, -5.64346], [-63.70335, -5.65], [-63.73503, -5.64242], [-63.77013, -5.64108], [-63.78292, -5.6161], [-63.796, -5.61178], [-63.80954, -5.61699], [-63.81757, -5.64644], [-63.82619, -5.6616], [-63.84136, -5.66488], [-63.85846, -5.66146], [-63.87066, -5.65209], [-63.87542, -5.64004], [-63.87423, -5.63379], [-63.84865, -5.59706], [-63.84419, -5.57609], [-63.8546, -5.56137], [-63.86545, -5.55765], [-63.87631, -5.5575], [-63.88419, -5.56122], [-63.90486, -5.60018], [-63.92598, -5.62785], [-63.95007, -5.64673], [-63.96598, -5.65119], [-63.97937, -5.64569], [-63.99469, -5.62651], [-64.02904, -5.61223], [-64.03975, -5.59215], [-64.03692, -5.56821], [-64.04124, -5.55468], [-64.05016, -5.54575], [-64.06131, -5.54218], [-64.07559, -5.5459], [-64.0805, -5.55557], [-64.07886, -5.56568], [-64.05923, -5.58427], [-64.05759, -5.60405], [-64.07574, -5.64078], [-64.08362, -5.65], [-64.09091, -5.65342], [-64.10637, -5.65194], [-64.11723, -5.63171], [-64.13091, -5.62591], [-64.14653, -5.62621], [-64.15322, -5.62933], [-64.16631, -5.6445], [-64.18207, -5.65045], [-64.20661, -5.6442], [-64.21687, -5.63573], [-64.2194, -5.62561], [-64.21315, -5.6155], [-64.17582, -5.60881], [-64.15292, -5.61253], [-64.14162, -5.60643], [-64.13735, -5.5949], [-64.13983, -5.57862], [-64.15426, -5.56434], [-64.16958, -5.55616], [-64.17731, -5.55661], [-64.18534, -5.56211], [-64.19694, -5.59706], [-64.20795, -5.60316], [-64.21821, -5.60018], [-64.23561, -5.57356], [-64.24527, -5.56791], [-64.25806, -5.57252], [-64.26799, -5.58627], [-64.27978, -5.59334], [-64.33004, -5.58516], [-64.35577, -5.58948], [-64.3577, -5.59468], [-64.35399, -5.60465], [-64.32067, -5.639], [-64.30833, -5.67707], [-64.31071, -5.6912], [-64.32127, -5.70042], [-64.33569, -5.70087], [-64.34134, -5.69819], [-64.34819, -5.68347], [-64.34491, -5.66473], [-64.34729, -5.65536], [-64.35473, -5.64852], [-64.37555, -5.64762], [-64.39578, -5.65699], [-64.41645, -5.68659], [-64.41883, -5.6973], [-64.4163, -5.70101], [-64.40827, -5.70235], [-64.38923, -5.69536], [-64.37258, -5.69611], [-64.3586, -5.69863], [-64.35399, -5.70265], [-64.35294, -5.70949], [-64.35949, -5.72407], [-64.39042, -5.76065], [-64.38694, -5.78468], [-64.39289, -5.8033], [-64.4005, -5.81246], [-64.42127, -5.8083], [-64.42989, -5.81264], [-64.43513, -5.85392], [-64.44151, -5.86549], [-64.45202, -5.86594], [-64.4701, -5.85624], [-64.49086, -5.85952], [-64.49491, -5.86451], [-64.49134, -5.8688], [-64.4792, -5.8685], [-64.46844, -5.87248], [-64.4663, -5.87849], [-64.46766, -5.90996], [-64.45618, -5.92882], [-64.44363, -5.93465], [-64.43495, -5.93191], [-64.43197, -5.91448], [-64.41353, -5.89009], [-64.40633, -5.88468], [-64.39533, -5.88624], [-64.39283, -5.89417], [-64.40869, -5.90884], [-64.41044, -5.91775], [-64.40324, -5.92418], [-64.38534, -5.92787], [-64.37674, -5.93277], [-64.37498, -5.93762], [-64.38075, -5.96124], [-64.37189, -5.97724], [-64.36267, -5.97813], [-64.35907, -5.96954], [-64.37451, -5.93048], [-64.37255, -5.91799], [-64.36496, -5.91668], [-64.36011, -5.93298], [-64.35565, -5.93762], [-64.35095, -5.93899], [-64.32853, -5.93042], [-64.32028, -5.93684], [-64.31663, -5.94422], [-64.30687, -5.97165], [-64.30634, -5.98134], [-64.31211, -5.98991], [-64.33864, -6.0049], [-64.34256, -6.01585], [-64.34132, -6.03435], [-64.34429, -6.05493], [-64.33858, -6.06344], [-64.33055, -6.06665], [-64.32174, -6.06445], [-64.29926, -6.04815], [-64.28897, -6.04737], [-64.28016, -6.05273], [-64.27758, -6.05965], [-64.27909, -6.0695], [-64.3177, -6.08961], [-64.3224, -6.09734], [-64.32276, -6.11025], [-64.31597, -6.11858], [-64.3055, -6.12048], [-64.29349, -6.10091], [-64.28352, -6.0994], [-64.27719, -6.11828], [-64.27576, -6.15403], [-64.26791, -6.16302], [-64.2522, -6.17033], [-64.24789, -6.1853], [-64.25815, -6.2256], [-64.25887, -6.25216], [-64.26137, -6.25582], [-64.2804, -6.26046], [-64.28629, -6.27045], [-64.28623, -6.28954], [-64.27713, -6.30632], [-64.2763, -6.3175], [-64.28516, -6.32173], [-64.29331, -6.30436], [-64.30437, -6.30245], [-64.3105, -6.31105], [-64.30015, -6.32898], [-64.30009, -6.3385], [-64.30687, -6.34659], [-64.32597, -6.35623], [-64.33233, -6.36747], [-64.33257, -6.37229], [-64.32537, -6.38008], [-64.30509, -6.3846], [-64.29248, -6.3918], [-64.28284, -6.404], [-64.28195, -6.41643], [-64.28546, -6.42285], [-64.3111, -6.43326], [-64.31782, -6.4399], [-64.31687, -6.45022], [-64.30717, -6.47449], [-64.30681, -6.4846], [-64.32799, -6.49989], [-64.32983, -6.53011], [-64.3334, -6.53707], [-64.3409, -6.53849], [-64.3663, -6.53237], [-64.37788, -6.53549], [-64.38522, -6.54064], [-64.40401, -6.57246], [-64.41228, -6.57627], [-64.41711, -6.57504], [-64.42751, -6.55688], [-64.43905, -6.55444], [-64.44345, -6.56098], [-64.44, -6.58293], [-64.44762, -6.59364], [-64.4563, -6.59346], [-64.47697, -6.57871], [-64.4848, -6.58281], [-64.49027, -6.62023], [-64.50508, -6.64405], [-64.50353, -6.65104], [-64.48557, -6.66609], [-64.48569, -6.68566], [-64.49128, -6.69506], [-64.49904, -6.69497], [-64.50847, -6.67198], [-64.51912, -6.66925], [-64.52639, -6.67414], [-64.52581, -6.69783], [-64.53613, -6.70315], [-64.54565, -6.69964], [-64.55511, -6.69019], [-64.5541, -6.6696], [-64.55844, -6.66246], [-64.56219, -6.66181], [-64.57498, -6.66752], [-64.60686, -6.69441], [-64.61709, -6.71684], [-64.61418, -6.73349], [-64.6093, -6.73632], [-64.60502, -6.73444], [-64.59842, -6.71731], [-64.5936, -6.7141], [-64.57964, -6.70972], [-64.5745, -6.71104], [-64.57075, -6.7166], [-64.57367, -6.73254], [-64.56962, -6.7489], [-64.572, -6.75669], [-64.58539, -6.76633], [-64.60062, -6.77365], [-64.61763, -6.77418], [-64.62215, -6.77983], [-64.62239, -6.78721], [-64.61394, -6.79399], [-64.59431, -6.79259], [-64.57055, -6.80438], [-64.56023, -6.82004], [-64.5613, -6.83426], [-64.57188, -6.85038], [-64.57947, -6.84943], [-64.58206, -6.84664], [-64.58134, -6.81915], [-64.58521, -6.81445], [-64.59604, -6.81439], [-64.60401, -6.82082], [-64.61073, -6.83272], [-64.61298, -6.8616], [-64.61676, -6.8696], [-64.62725, -6.86981], [-64.65381, -6.86203], [-64.66873, -6.86981], [-64.67551, -6.88145], [-64.66794, -6.89301], [-64.63518, -6.90022], [-64.6209, -6.92071], [-64.58252, -6.92385], [-64.56893, -6.93641], [-64.56958, -6.94134], [-64.57457, -6.94466], [-64.59156, -6.94234], [-64.59813, -6.94505], [-64.59863, -6.95212], [-64.58971, -6.96796], [-64.59128, -6.97582], [-64.6072, -6.98103], [-64.6279, -6.98038], [-64.63832, -6.99088], [-64.63953, -7.0018], [-64.63418, -7.01001], [-64.60995, -7.01964], [-64.59827, -7.03107], [-64.57543, -7.032], [-64.56665, -7.03763], [-64.5623, -7.04749], [-64.56472, -7.06954], [-64.57304, -7.07358], [-64.57522, -7.05884], [-64.5825, -7.04998], [-64.60748, -7.05184], [-64.62647, -7.0402], [-64.63882, -7.03656], [-64.65816, -7.04113], [-64.66466, -7.05355], [-64.65788, -7.0659], [-64.61077, -7.05584], [-64.60449, -7.05768], [-64.59963, -7.06497], [-64.6017, -7.07097], [-64.6169, -7.07725], [-64.62825, -7.09231], [-64.63818, -7.09303], [-64.65252, -7.08303], [-64.66338, -7.08011], [-64.66937, -7.08046], [-64.68022, -7.08953], [-64.68193, -7.09745], [-64.67808, -7.10252], [-64.63511, -7.11915], [-64.63061, -7.12943], [-64.63182, -7.13936], [-64.64239, -7.14678], [-64.66687, -7.13707], [-64.71177, -7.14571], [-64.71727, -7.15856], [-64.7122, -7.17198], [-64.71249, -7.18433], [-64.72769, -7.22166], [-64.73633, -7.23494], [-64.74275, -7.23515], [-64.74975, -7.22994], [-64.7651, -7.19932], [-64.77673, -7.19297], [-64.78397, -7.1967], [-64.78594, -7.20424], [-64.78259, -7.22901], [-64.78437, -7.23758], [-64.79608, -7.25528], [-64.80008, -7.25596], [-64.80943, -7.24686], [-64.81999, -7.24372], [-64.83241, -7.24943], [-64.83819, -7.25743], [-64.83877, -7.26735], [-64.83077, -7.29647], [-64.83248, -7.30532], [-64.83791, -7.31189], [-64.85054, -7.311], [-64.84862, -7.28469], [-64.85311, -7.27734], [-64.86147, -7.27277], [-64.88102, -7.27356], [-64.89073, -7.27984], [-64.90472, -7.29897], [-64.91293, -7.30047], [-64.91818, -7.29765], [-64.92457, -7.28662], [-64.92193, -7.27506], [-64.88038, -7.26692], [-64.87795, -7.26185], [-64.88052, -7.25514], [-64.92093, -7.249], [-64.93592, -7.25678], [-64.94541, -7.25743], [-64.9694, -7.23576], [-64.97424, -7.23698], [-64.97497, -7.24008], [-64.97154, -7.25643], [-64.98268, -7.27627], [-64.97047, -7.29754], [-64.96861, -7.3044], [-64.9714, -7.3151], [-64.99567, -7.33916], [-65.00616, -7.33937], [-65.02472, -7.33166], [-65.03107, -7.33245], [-65.03664, -7.34016], [-65.03571, -7.35394], [-65.04178, -7.36033], [-65.05856, -7.34687], [-65.07697, -7.34137], [-65.09303, -7.33067], [-65.11338, -7.32624], [-65.11923, -7.3171], [-65.12651, -7.29312], [-65.13248, -7.2883], [-65.144, -7.28883], [-65.14704, -7.29187], [-65.14636, -7.31268], [-65.15228, -7.32695], [-65.14821, -7.33209], [-65.13522, -7.33209], [-65.12551, -7.33638], [-65.12261, -7.34511], [-65.1268, -7.36579], [-65.11788, -7.38163], [-65.12145, -7.38784], [-65.13983, -7.39413], [-65.14629, -7.39998], [-65.147, -7.40897], [-65.13708, -7.42568], [-65.14286, -7.4406], [-65.15442, -7.44124], [-65.16278, -7.43474], [-65.16892, -7.41811], [-65.1697, -7.39427], [-65.18041, -7.38677], [-65.19033, -7.38949], [-65.20604, -7.40719], [-65.22652, -7.41804], [-65.22766, -7.42246], [-65.22124, -7.43688], [-65.22238, -7.44467], [-65.22545, -7.44659], [-65.27463, -7.42964], [-65.28363, -7.43895], [-65.3029, -7.44873], [-65.29943, -7.47349], [-65.30576, -7.483], [-65.32068, -7.47736], [-65.33342, -7.47779], [-65.33788, -7.48328], [-65.33966, -7.49766], [-65.34462, -7.50352], [-65.36858, -7.49742], [-65.38528, -7.50134], [-65.39432, -7.5103], [-65.39875, -7.52518], [-65.44706, -7.54303], [-65.44703, -7.54946], [-65.43753, -7.55724], [-65.4381, -7.56488], [-65.46644, -7.59728], [-65.4501, -7.6349], [-65.45288, -7.64411], [-65.45945, -7.64918], [-65.46848, -7.65064], [-65.47572, -7.64276], [-65.48764, -7.61128], [-65.48629, -7.58893], [-65.49178, -7.57858], [-65.49907, -7.57612], [-65.50649, -7.58201], [-65.51056, -7.59321], [-65.49828, -7.6247], [-65.49657, -7.63676], [-65.49964, -7.6444], [-65.51209, -7.64422], [-65.5092, -7.62141], [-65.51556, -7.61106], [-65.53262, -7.60847], [-65.56046, -7.61192], [-65.5626, -7.6202], [-65.55839, -7.62548], [-65.54739, -7.62198], [-65.54147, -7.62548], [-65.54561, -7.65646], [-65.55574, -7.65867], [-65.56909, -7.65089], [-65.57702, -7.65368], [-65.59229, -7.67295], [-65.60707, -7.67902], [-65.63519, -7.66981], [-65.65361, -7.64325], [-65.67075, -7.63825], [-65.67279, -7.64078], [-65.66382, -7.64932], [-65.65818, -7.6671], [-65.64704, -7.68202], [-65.64747, -7.6903], [-65.6529, -7.69319], [-65.66439, -7.6778], [-65.67317, -7.67188], [-65.68895, -7.67181], [-65.69487, -7.68209], [-65.6923, -7.68823], [-65.66882, -7.6838], [-65.66125, -7.68873], [-65.66082, -7.69547], [-65.66396, -7.69836], [-65.68088, -7.69765], [-65.68745, -7.70507], [-65.69516, -7.72263], [-65.70665, -7.72899], [-65.7215, -7.72485], [-65.73449, -7.70971], [-65.7427, -7.68994], [-65.74313, -7.67559], [-65.74955, -7.66717], [-65.76847, -7.66446], [-65.77889, -7.66902], [-65.77703, -7.68002], [-65.75626, -7.70386], [-65.75676, -7.71071], [-65.76354, -7.71378], [-65.78974, -7.69494], [-65.80816, -7.68823], [-65.81044, -7.6656], [-65.83121, -7.66189], [-65.85106, -7.65418], [-65.87269, -7.66588], [-65.87476, -7.67359], [-65.86726, -7.68137], [-65.84728, -7.68402], [-65.84085, -7.68766], [-65.83864, -7.69465], [-65.84071, -7.70072], [-65.84813, -7.7085], [-65.86762, -7.71864], [-65.88561, -7.72156], [-65.89325, -7.71678], [-65.89839, -7.70679], [-65.89839, -7.68223], [-65.9026, -7.66417], [-65.91138, -7.65468], [-65.9253, -7.64975], [-65.94541, -7.66592], [-65.96849, -7.67546], [-66.00375, -7.6793], [-66.02252, -7.7075], [-66.03059, -7.71307], [-66.05036, -7.71642], [-66.06507, -7.71392], [-66.06949, -7.70943], [-66.07863, -7.66831], [-66.08513, -7.66224], [-66.09641, -7.66096], [-66.12439, -7.67424], [-66.15423, -7.67374], [-66.15401, -7.65803], [-66.14852, -7.65325], [-66.14352, -7.65289], [-66.12332, -7.66289], [-66.11339, -7.66353], [-66.10262, -7.65889], [-66.10076, -7.64947], [-66.1069, -7.6409], [-66.1276, -7.63933], [-66.13609, -7.61513], [-66.14088, -7.61591], [-66.14702, -7.62869], [-66.15415, -7.63568], [-66.16329, -7.63662], [-66.17279, -7.63069], [-66.19042, -7.60157], [-66.18949, -7.57137], [-66.19714, -7.56271], [-66.20462, -7.56273], [-66.20926, -7.56702], [-66.19699, -7.58965], [-66.19713, -7.60685], [-66.20341, -7.61399], [-66.21462, -7.61113], [-66.24317, -7.56659], [-66.25217, -7.55959], [-66.25695, -7.56038], [-66.26144, -7.56737], [-66.24638, -7.57558], [-66.24315, -7.58072], [-66.24241, -7.59078], [-66.24667, -7.59743], [-66.25438, -7.59964], [-66.28086, -7.58294], [-66.2855, -7.58301], [-66.29464, -7.58558], [-66.30991, -7.6], [-66.31841, -7.60042], [-66.32333, -7.58693], [-66.3364, -7.57166], [-66.33568, -7.56716], [-66.31341, -7.5668], [-66.28779, -7.57394], [-66.27387, -7.57308], [-66.26946, -7.5696], [-66.27251, -7.56007], [-66.29558, -7.56583], [-66.30499, -7.56202], [-66.30742, -7.55438], [-66.30042, -7.52183], [-66.30363, -7.51027], [-66.31448, -7.52376], [-66.33019, -7.52947], [-66.33704, -7.52826], [-66.34389, -7.51798], [-66.35225, -7.51205], [-66.37209, -7.51112], [-66.37495, -7.51691], [-66.36438, -7.53989], [-66.36474, -7.54867], [-66.37316, -7.56109], [-66.39208, -7.57002], [-66.40507, -7.57301], [-66.42913, -7.5653], [-66.46858, -7.56766], [-66.47231, -7.58449], [-66.49344, -7.58836], [-66.50237, -7.59821], [-66.50779, -7.62184], [-66.49473, -7.64083], [-66.49287, -7.65061], [-66.4998, -7.6646], [-66.50629, -7.66817], [-66.513, -7.6671], [-66.51557, -7.6626], [-66.50458, -7.64304], [-66.50629, -7.63612], [-66.52764, -7.63283], [-66.52664, -7.61342], [-66.5387, -7.59857], [-66.55141, -7.59871], [-66.55626, -7.60278], [-66.55769, -7.62555], [-66.57461, -7.64497], [-66.5811, -7.64754], [-66.59295, -7.64183], [-66.60973, -7.61656], [-66.61894, -7.61534], [-66.61958, -7.62184], [-66.60851, -7.62919], [-66.6068, -7.64026], [-66.62714, -7.64861], [-66.63343, -7.6556], [-66.63321, -7.66163], [-66.63114, -7.66481], [-66.60887, -7.67217], [-66.60466, -7.67509], [-66.60316, -7.68145], [-66.61051, -7.68573], [-66.6255, -7.67488], [-66.63971, -7.67595], [-66.6482, -7.68509], [-66.65327, -7.70336], [-66.65948, -7.70993], [-66.67105, -7.70564], [-66.67059, -7.68336], [-66.67585, -7.66024], [-66.68085, -7.65696], [-66.69288, -7.66156], [-66.69857, -7.68052], [-66.72041, -7.70606], [-66.72827, -7.71329], [-66.74578, -7.7206], [-66.75625, -7.71654], [-66.76383, -7.70345], [-66.76636, -7.69189], [-66.76555, -7.66463], [-66.77051, -7.6566], [-66.79218, -7.66048], [-66.817, -7.65578], [-66.82712, -7.67005], [-66.84391, -7.66824], [-66.85194, -7.68973], [-66.87559, -7.7011], [-66.88498, -7.69487], [-66.87144, -7.67528], [-66.87622, -7.66616], [-66.88155, -7.66689], [-66.89202, -7.68503], [-66.90294, -7.68729], [-66.92091, -7.68756], [-66.94275, -7.67284], [-66.96226, -7.67165], [-66.97462, -7.68377], [-66.95991, -7.71572], [-66.96451, -7.7299], [-66.97354, -7.73342], [-66.99277, -7.72078], [-66.99737, -7.71897], [-67.00179, -7.72231], [-67.0008, -7.73631], [-66.99565, -7.74389], [-66.97191, -7.75508], [-66.97291, -7.76258], [-66.98202, -7.77774], [-66.99168, -7.77955], [-67.01217, -7.77377], [-67.02743, -7.75418], [-67.0416, -7.74985], [-67.04779, -7.75096], [-67.05126, -7.7549], [-67.05894, -7.78632], [-67.05551, -7.792], [-67.03601, -7.80067], [-67.03294, -7.80816], [-67.03619, -7.81539], [-67.04476, -7.82089], [-67.05397, -7.82107], [-67.06733, -7.79155], [-67.07392, -7.78668], [-67.08724, -7.789], [-67.09613, -7.80717], [-67.08719, -7.81782], [-67.08773, -7.82116], [-67.09793, -7.83696], [-67.11485, -7.85074], [-67.12113, -7.85195], [-67.12321, -7.84743], [-67.11545, -7.82243], [-67.1168, -7.81909], [-67.12565, -7.81891], [-67.13413, -7.82911], [-67.12799, -7.84581], [-67.13097, -7.85294], [-67.14686, -7.85501], [-67.15462, -7.86052], [-67.15796, -7.86819], [-67.15697, -7.87948], [-67.15002, -7.88444], [-67.14506, -7.88282], [-67.13161, -7.86829], [-67.12817, -7.8681], [-67.12538, -7.87298], [-67.13332, -7.88815], [-67.13395, -7.89943], [-67.13928, -7.90512], [-67.14614, -7.9043], [-67.16149, -7.8932], [-67.16672, -7.89275], [-67.16501, -7.89889], [-67.15147, -7.9118], [-67.14993, -7.922], [-67.15462, -7.92398], [-67.16744, -7.91902], [-67.18469, -7.8969], [-67.1975, -7.89455], [-67.20536, -7.89961], [-67.22197, -7.91974], [-67.21854, -7.9294], [-67.22386, -7.94267], [-67.24093, -7.95278], [-67.23921, -7.95865], [-67.21791, -7.97363], [-67.21177, -7.98356], [-67.20951, -7.99593], [-67.21863, -7.99855], [-67.23623, -7.98708], [-67.24201, -7.98699], [-67.24363, -7.99042], [-67.23903, -7.99927], [-67.23912, -8.00875], [-67.24968, -8.02229], [-67.25293, -8.04016], [-67.24815, -8.04531], [-67.23704, -8.02969], [-67.22147, -8.02398], [-67.21411, -8.0278], [-67.21177, -8.03746], [-67.22233, -8.05073], [-67.24851, -8.06761], [-67.26277, -8.08341], [-67.26304, -8.09072], [-67.25149, -8.09216], [-67.24878, -8.09586], [-67.25429, -8.10886], [-67.25329, -8.1308], [-67.25961, -8.14407], [-67.26864, -8.15387], [-67.30249, -8.16781], [-67.30818, -8.17467], [-67.30782, -8.18054], [-67.3015, -8.18036], [-67.27947, -8.16637], [-67.27315, -8.17368], [-67.27054, -8.18614], [-67.28164, -8.19462], [-67.28868, -8.2087], [-67.30854, -8.20554], [-67.33995, -8.22224], [-67.33959, -8.22649], [-67.32822, -8.23217], [-67.32587, -8.24066], [-67.32858, -8.26323], [-67.34023, -8.27253], [-67.34519, -8.28101], [-67.33806, -8.30277], [-67.34005, -8.31026], [-67.34808, -8.31225], [-67.36577, -8.30259], [-67.37913, -8.30493], [-67.38211, -8.30873], [-67.36695, -8.31685], [-67.37056, -8.34465], [-67.35803, -8.35149], [-67.34591, -8.36957], [-67.32687, -8.38627], [-67.33075, -8.39783], [-67.34077, -8.40062], [-67.34862, -8.39575], [-67.347, -8.3841], [-67.34943, -8.3767], [-67.36812, -8.37833], [-67.37823, -8.38474], [-67.37877, -8.39304], [-67.36532, -8.41164], [-67.36794, -8.42734], [-67.37381, -8.43321], [-67.38888, -8.43285], [-67.39565, -8.43944], [-67.39755, -8.45027], [-67.39462, -8.46985], [-67.40062, -8.48295], [-67.41323, -8.49766], [-67.40307, -8.51391], [-67.4166, -8.5317], [-67.40974, -8.55445], [-67.40242, -8.55219], [-67.39953, -8.52529], [-67.36911, -8.53405], [-67.36695, -8.53874], [-67.36884, -8.54587], [-67.38545, -8.5493], [-67.3999, -8.55797], [-67.40441, -8.57422], [-67.4017, -8.5827], [-67.39394, -8.58216], [-67.37173, -8.56131], [-67.36803, -8.56086], [-67.36334, -8.57314], [-67.3507, -8.58415], [-67.35052, -8.59778], [-67.34654, -8.60636], [-67.34799, -8.60997], [-67.36369, -8.61488], [-67.36974, -8.62134], [-67.36701, -8.62965], [-67.35169, -8.63741], [-67.35187, -8.64319], [-67.37895, -8.65095], [-67.38121, -8.65483], [-67.37498, -8.66684], [-67.37724, -8.67271], [-67.38446, -8.6793], [-67.39331, -8.6755], [-67.39845, -8.6783], [-67.39683, -8.69898], [-67.38283, -8.71234], [-67.38085, -8.7229], [-67.38464, -8.72849], [-67.38915, -8.72922], [-67.40612, -8.72434], [-67.40694, -8.73247], [-67.40117, -8.74525], [-67.40172, -8.75232], [-67.40615, -8.7563], [-67.42088, -8.76484], [-67.43902, -8.76676], [-67.43454, -8.77529], [-67.43624, -8.78084], [-67.46762, -8.78575], [-67.46185, -8.80176], [-67.46676, -8.80197], [-67.47936, -8.79258], [-67.50176, -8.78874], [-67.50411, -8.78874], [-67.5039, -8.80133], [-67.51926, -8.80176], [-67.54039, -8.79514], [-67.55939, -8.80026], [-67.58222, -8.82587], [-67.6057, -8.83591], [-67.5929, -8.84679], [-67.58756, -8.85959], [-67.58692, -8.87411], [-67.59225, -8.87966], [-67.59802, -8.88008], [-67.59844, -8.86963], [-67.61466, -8.85746], [-67.63216, -8.85853], [-67.63643, -8.84764], [-67.64241, -8.8438], [-67.6629, -8.84679], [-67.66589, -8.84337], [-67.66653, -8.83121], [-67.68061, -8.82715], [-67.69939, -8.83505], [-67.69662, -8.84209], [-67.69854, -8.84828], [-67.71177, -8.84337], [-67.72223, -8.84658], [-67.72586, -8.86877], [-67.72884, -8.87091], [-67.75211, -8.86621], [-67.75851, -8.86941], [-67.76363, -8.87774], [-67.76683, -8.89716], [-67.7758, -8.89652], [-67.78135, -8.88222], [-67.7933, -8.8803], [-67.80482, -8.88243], [-67.81058, -8.8931], [-67.79586, -8.89396], [-67.79138, -8.90014], [-67.79436, -8.90847], [-67.80376, -8.9153], [-67.80738, -8.91487], [-67.81293, -8.89886], [-67.83257, -8.8946], [-67.83427, -8.89822], [-67.82424, -8.91103], [-67.82382, -8.92383], [-67.83043, -8.92469], [-67.84366, -8.90954], [-67.85049, -8.90868], [-67.85732, -8.91274], [-67.85924, -8.93835], [-67.85476, -8.95798], [-67.85711, -8.9646], [-67.86287, -8.96844], [-67.86565, -8.96759], [-67.8808, -8.92021], [-67.89297, -8.91487], [-67.91665, -8.91701], [-67.9173, -8.92533], [-67.89467, -8.93045], [-67.89232, -8.93472], [-67.91708, -8.95009], [-67.9222, -8.95841], [-67.93821, -8.96033], [-67.93223, -8.9806], [-67.93287, -8.99448], [-67.93949, -8.9964], [-67.94717, -8.99106], [-67.95422, -8.98146], [-67.95977, -8.96289], [-67.96852, -8.96033], [-67.97001, -8.9631], [-67.96147, -8.9917], [-67.96467, -9.00536], [-67.97748, -9.00365], [-67.99029, -9.006], [-68.0112, -8.99085], [-68.03169, -8.98573], [-68.02998, -9.00622], [-68.03617, -9.03289], [-68.06221, -9.02905], [-68.08504, -9.01347], [-68.09337, -9.01454], [-68.08846, -9.02756], [-68.08953, -9.03268], [-68.09443, -9.0346], [-68.10148, -9.03375], [-68.11535, -9.02073], [-68.12303, -9.0203], [-68.12858, -9.02542], [-68.13178, -9.03503], [-68.13627, -9.07515], [-68.14203, -9.08283], [-68.15569, -9.09094], [-68.17511, -9.08753], [-68.17063, -9.0743], [-68.17148, -9.06469], [-68.19816, -9.08155], [-68.21011, -9.08198], [-68.20541, -9.0696], [-68.20499, -9.05786], [-68.2211, -9.05138], [-68.23224, -9.0572], [-68.25068, -9.0547], [-68.25649, -9.07115], [-68.26115, -9.07265], [-68.26862, -9.07016], [-68.27992, -9.05487], [-68.29305, -9.0542], [-68.28241, -9.0665], [-68.29055, -9.09508], [-68.2977, -9.09458], [-68.30551, -9.06849], [-68.31797, -9.07198], [-68.33392, -9.08793], [-68.3404, -9.08694], [-68.34472, -9.08311], [-68.3497, -9.06401], [-68.35386, -9.06052], [-68.38293, -9.07431], [-68.38559, -9.07963], [-68.37878, -9.09541], [-68.40387, -9.09541], [-68.40686, -9.08893], [-68.39656, -9.07896], [-68.39623, -9.06733], [-68.40553, -9.0665], [-68.4165, -9.07713], [-68.42397, -9.07963], [-68.44507, -9.07747], [-68.46102, -9.06866], [-68.44657, -9.05686], [-68.4469, -9.04274], [-68.47249, -9.04773], [-68.48163, -9.04424], [-68.48295, -9.04125], [-68.47714, -9.03443], [-68.47564, -9.0248], [-68.49425, -8.98525], [-68.50622, -8.98858], [-68.51336, -9.0022], [-68.523, -9.00934], [-68.52981, -9.00818], [-68.54094, -8.99489], [-68.54808, -8.99705], [-68.53828, -9.02363], [-68.53662, -9.03809], [-68.53978, -9.04208], [-68.55307, -9.04041], [-68.58447, -9.04341], [-68.58929, -9.04041], [-68.58962, -9.02795]]}}, {"type": "Feature", "properties": {"rio": "Rio Negro", "codigo": "HF-129", "trecho": "Da confluencia com o rio Solimoes ate a cidade de Cucui (AM).", "regiao": "Amazonica", "km": null}, "geometry": {"type": "LineString", "coordinates": [[-59.89672, -3.12583], [-59.92283, -3.13947], [-59.94078, -3.15534], [-59.96609, -3.16798], [-59.98641, -3.1735], [-60.03286, -3.15001], [-60.1079, -3.10154], [-60.14777, -3.08217], [-60.17247, -3.07434], [-60.21741, -3.0689], [-60.26662, -3.07], [-60.33555, -3.06114], [-60.43947, -3.05759], [-60.49558, -3.03914], [-60.5642, -2.98781], [-60.65488, -2.89335], [-60.68768, -2.86302], [-60.69959, -2.85735], [-60.74637, -2.81714], [-60.76995, -2.76935], [-60.82466, -2.70264], [-60.88814, -2.66502], [-60.96571, -2.58888], [-60.97713, -2.57079], [-60.98998, -2.54414], [-60.99281, -2.49893], [-61.01567, -2.45229], [-61.02139, -2.43421], [-61.01834, -2.39228], [-61.03043, -2.33332], [-61.07326, -2.23672], [-61.07849, -2.21768], [-61.07897, -2.20245], [-61.08849, -2.18104], [-61.1632, -2.11631], [-61.19889, -2.09395], [-61.2146, -2.0692], [-61.22628, -2.02861], [-61.24769, -1.99698], [-61.28434, -1.96], [-61.32976, -1.9331], [-61.38354, -1.88027], [-61.40279, -1.82225], [-61.41903, -1.79241], [-61.43303, -1.71276], [-61.44588, -1.68611], [-61.48157, -1.65613], [-61.50822, -1.62091], [-61.53916, -1.55667], [-61.56045, -1.49186], [-61.60299, -1.44896], [-61.63308, -1.43449], [-61.65628, -1.42982], [-61.7195, -1.40815], [-61.75188, -1.3863], [-61.76854, -1.38154], [-61.79566, -1.38201], [-61.82136, -1.39629], [-61.84991, -1.40152], [-61.88186, -1.39719], [-61.98364, -1.36916], [-62.06644, -1.32062], [-62.07834, -1.31586], [-62.12753, -1.30674], [-62.15887, -1.28668], [-62.18113, -1.26161], [-62.2099, -1.24485], [-62.22777, -1.22544], [-62.25014, -1.20974], [-62.29202, -1.18547], [-62.31415, -1.1782], [-62.35473, -1.1703], [-62.40849, -1.15435], [-62.43489, -1.1546], [-62.45346, -1.14865], [-62.49505, -1.15187], [-62.51579, -1.14658], [-62.55203, -1.13057], [-62.61739, -1.12247], [-62.66435, -1.10249], [-62.71292, -1.09822], [-62.72778, -1.0905], [-62.7567, -1.06143], [-62.76798, -1.05521], [-62.82033, -1.03837], [-62.83899, -1.02269], [-62.86539, -0.98894], [-62.87548, -0.98243], [-62.88363, -0.97816], [-62.89743, -0.97713], [-62.93044, -0.96243], [-62.97288, -0.88255], [-62.97874, -0.83635], [-62.97727, -0.82213], [-62.98438, -0.79411], [-62.99128, -0.78094], [-63.06258, -0.72114], [-63.09248, -0.71403], [-63.11151, -0.69898], [-63.14852, -0.67702], [-63.15855, -0.66259], [-63.21103, -0.61492], [-63.26351, -0.59882], [-63.29407, -0.5984], [-63.31547, -0.59366], [-63.38234, -0.54933], [-63.424, -0.53143], [-63.49107, -0.49439], [-63.50938, -0.46919], [-63.52944, -0.45047], [-63.54441, -0.427], [-63.60719, -0.37951], [-63.64594, -0.35944], [-63.67407, -0.35552], [-63.71687, -0.33556], [-63.75956, -0.32332], [-63.79875, -0.31725], [-63.82025, -0.32116], [-63.84926, -0.33464], [-63.88369, -0.34566], [-63.90491, -0.3584], [-63.94071, -0.35861], [-64.00768, -0.3477], [-64.08586, -0.35552], [-64.10725, -0.3513], [-64.14316, -0.35305], [-64.16774, -0.35706], [-64.18749, -0.37404], [-64.21105, -0.38453], [-64.23358, -0.38854], [-64.29304, -0.39173], [-64.36803, -0.3871], [-64.44816, -0.39255], [-64.50364, -0.40872], [-64.54548, -0.43905], [-64.56399, -0.448], [-64.6433, -0.45044], [-64.73136, -0.47598], [-64.78033, -0.47403], [-64.82279, -0.48727], [-64.84118, -0.48819], [-64.87021, -0.4644], [-64.90305, -0.4525], [-64.99347, -0.43585], [-65.01576, -0.42566], [-65.11317, -0.42667], [-65.14644, -0.42164], [-65.17629, -0.42415], [-65.22454, -0.41249], [-65.24455, -0.40357], [-65.28754, -0.39659], [-65.32002, -0.37784], [-65.34323, -0.35932], [-65.39183, -0.33313], [-65.4012, -0.3217], [-65.42876, -0.31061], [-65.45895, -0.31187], [-65.47381, -0.30912], [-65.50411, -0.2922], [-65.5367, -0.29769], [-65.5598, -0.30901], [-65.58701, -0.31564], [-65.69255, -0.30615], [-65.71599, -0.30741], [-65.73909, -0.3034], [-65.7503, -0.29334], [-65.76425, -0.25161], [-65.77099, -0.24257], [-65.79546, -0.23537], [-65.84051, -0.24177], [-65.86235, -0.25035], [-65.86618, -0.25333], [-65.87173, -0.28305], [-65.88385, -0.30363], [-65.90295, -0.31267], [-65.93245, -0.3205], [-65.95116, -0.31943], [-66.00734, -0.32947], [-66.07195, -0.31987], [-66.16331, -0.29723], [-66.1736, -0.29574], [-66.1895, -0.29883], [-66.2198, -0.32684], [-66.25113, -0.36606], [-66.27525, -0.38402], [-66.30933, -0.39705], [-66.333, -0.411], [-66.3888, -0.41638], [-66.41338, -0.40643], [-66.44906, -0.3767], [-66.54248, -0.35662], [-66.56272, -0.35623], [-66.60331, -0.34194], [-66.64644, -0.31201], [-66.70233, -0.24715], [-66.76408, -0.21193], [-66.81908, -0.18849], [-66.86847, -0.15796], [-66.91387, -0.14481], [-66.92805, -0.14961], [-66.96875, -0.18037], [-67.0042, -0.18711], [-67.02135, -0.17934], [-67.03622, -0.16333], [-67.05507, -0.15146], [-67.08766, -0.13998], [-67.11147, -0.12679], [-67.1266, -0.11134], [-67.13336, -0.09955], [-67.13786, -0.07209], [-67.14247, -0.06458], [-67.16543, -0.03218], [-67.17358, -0.02778], [-67.1813, -0.01373], [-67.19364, -0.00537], [-67.21906, -0.0044], [-67.23376, 0.00128], [-67.26883, 0.02842], [-67.27355, 0.04998], [-67.26669, 0.06189], [-67.26701, 0.06854], [-67.27913, 0.08238], [-67.3038, 0.0989], [-67.32054, 0.12217], [-67.32708, 0.13322], [-67.3407, 0.18557], [-67.33201, 0.21131], [-67.33781, 0.25079], [-67.32161, 0.2908], [-67.31528, 0.32147], [-67.31643, 0.3495], [-67.30607, 0.3857], [-67.30929, 0.4121], [-67.32244, 0.44199], [-67.3207, 0.46773], [-67.32286, 0.47452], [-67.30221, 0.49738], [-67.29855, 0.52115], [-67.28217, 0.52865], [-67.26752, 0.52889], [-67.2587, 0.53537], [-67.2575, 0.54689], [-67.26458, 0.57858], [-67.25708, 0.59131], [-67.24862, 0.63614], [-67.22401, 0.65624], [-67.22065, 0.6686], [-67.22527, 0.69009], [-67.23813, 0.7228], [-67.24179, 0.79911], [-67.25538, 0.81917], [-67.252, 0.84834], [-67.25067, 0.85381], [-67.23649, 0.86885], [-67.21736, 0.90688], [-67.20603, 0.91449], [-67.19137, 0.91792], [-67.14179, 0.92187], [-67.13193, 0.91554], [-67.1258, 0.90226], [-67.10666, 0.89241], [-67.09796, 0.88375], [-67.0842, 0.87966], [-67.06164, 0.8842], [-67.04309, 0.90512], [-67.00535, 0.90745], [-66.9865, 0.90007], [-66.96427, 0.8803], [-66.95701, 0.87725], [-66.91326, 0.87095], [-66.86896, 0.8777], [-66.82275, 0.91668], [-66.80709, 0.91882], [-66.801, 0.92268], [-66.79976, 0.93153], [-66.80757, 0.94623], [-66.79743, 0.96099], [-66.79457, 0.97469], [-66.79805, 1.01614], [-66.80904, 1.0397], [-66.84233, 1.06094], [-66.84983, 1.09452], [-66.86153, 1.1207], [-66.85892, 1.14468], [-66.84578, 1.17271], [-66.84235, 1.18908]]}}]}