{"type": "FeatureCollection", "fonte": "levantamento em campo (KMZ)", "features": [{"type": "Feature", "properties": {"nome": "ESCOLA SUPERIOR DE CIENCIAS DA SAUDE - UEA", "zona": "1", "municipio": "MANAUS", "local": "2089", "nome_urna": "ESCOLA SUPERIOR DE CIENCIAS DA SAUDE - UEA", "aderencia": 1.0}, "geometry": {"type": "Point", "coordinates": [-60.00618, -3.11921]}}, {"type": "Feature", "properties": {"nome": "Escola Princesa Isabel", "zona": "1", "municipio": "MANAUS"}, "geometry": {"type": "Point", "coordinates": [-60.02452, -3.1276]}}, {"type": "Feature", "properties": {"nome": "Escola Estadual Plácido Serrano", "zona": "1", "municipio": "MANAUS", "local": "2046", "nome_urna": "E. E. PLÁCIDO SERRANO", "aderencia": 0.73}, "geometry": {"type": "Point", "coordinates": [-60.01516, -3.12074]}}, {"type": "Feature", "properties": {"nome": "E. E. MILBURGES BEZERRA DE ARAUJO", "zona": "1", "municipio": "MANAUS", "local": "2321", "nome_urna": "E. E. MILBURGES BEZERRA DE ARAUJO", "aderencia": 1.0}, "geometry": {"type": "Point", "coordinates": [-60.00833, -3.13834]}}, {"type": "Feature", "properties": {"nome": "Escola Estadual Solon de Lucena", "zona": "1", "municipio": "MANAUS", "local": "2402", "nome_urna": "E. E. SOLON DE LUCENA", "aderencia": 0.73}, "geometry": {"type": "Point", "coordinates": [-60.02749, -3.10468]}}, {"type": "Feature", "properties": {"nome": "CENTRO ESTADUAL DE CONVIVÊNCIA DO IDOSO - CECI APARECIDA", "zona": "1", "municipio": "MANAUS", "local": "2348", "nome_urna": "CENTRO ESTADUAL DE CONVIVÊNCIA DO IDOSO - CECI APARECIDA", "aderencia": 1.0}, "geometry": {"type": "Point", "coordinates": [-60.03194, -3.12846]}}, {"type": "Feature", "properties": {"nome": "E. E. SALDANHA MARINHO", "zona": "1", "municipio": "MANAUS"}, "geometry": {"type": "Point", "coordinates": [-60.02204, -3.13274]}}, {"type": "Feature", "properties": {"nome": "PARQUE MUNICIPAL DO IDOSO 2", "zona": "1", "municipio": "MANAUS", "local": "2194", "nome_urna": "PARQUE MUNICIPAL DO IDOSO 2", "aderencia": 1.0}, "geometry": {"type": "Point", "coordinates": [-60.01809, -3.09804]}}, {"type": "Feature", "properties": {"nome": "Escola Estadual Professor Antenor Sarmento", "zona": "1", "municipio": "MANAUS"}, "geometry": {"type": "Point", "coordinates": [-60.00356, -3.12383]}}, {"type": "Feature", "properties": {"nome": "CENTRO DE REFERÊNCIA DA FAMÍLIA ANDRÉ ARAÚJO - CECF", "zona": "1", "municipio": "MANAUS", "local": "2330", "nome_urna": "CENTRO DE REFERÊNCIA DA FAMÍLIA ANDRÉ ARAÚJO - CECF", "aderencia": 1.0}, "geometry": {"type": "Point", "coordinates": [-59.99663, -3.12372]}}, {"type": "Feature", "properties": {"nome": "IFAM - INST FED DE EDUCAÇÃO CIÊNCIA E TECNOLOGIA DO AMAZONAS", "zona": "1", "municipio": "MANAUS", "local": "1996", "nome_urna": "IFAM - INST FED DE EDUCAÇÃO CIÊNCIA E TECNOLOGIA DO AMAZONAS", "aderencia": 1.0}, "geometry": {"type": "Point", "coordinates": [-60.01276, -3.13443]}}, {"type": "Feature", "properties": {"nome": "Escola Estadual Nossa Senhora das Graças", "zona": "1", "municipio": "MANAUS", "local": "2100", "nome_urna": "E. E. NOSSA SENHORA DAS GRAÇAS", "aderencia": 0.8}, "geometry": {"type": "Point", "coordinates": [-60.02166, -3.11028]}}, {"type": "Feature", "properties": {"nome": "ESCOLA SUPERIOR DE ARTES E TURISMO - UEA", "zona": "1", "municipio": "MANAUS", "local": "2160", "nome_urna": "ESCOLA SUPERIOR DE ARTES E TURISMO - UEA", "aderencia": 1.0}, "geometry": {"type": "Point", "coordinates": [-60.0164, -3.12626]}}, {"type": "Feature", "properties": {"nome": "E. M. LORIS CORDOVIL", "zona": "1", "municipio": "MANAUS", "local": "2224", "nome_urna": "E. M. LORIS CORDOVIL", "aderencia": 1.0}, "geometry": {"type": "Point", "coordinates": [-60.01109, -3.12442]}}, {"type": "Feature", "properties": {"nome": "E. E. CONEGO AZEVEDO", "zona": "1", "municipio": "MANAUS"}, "geometry": {"type": "Point", "coordinates": [-60.0308, -3.13041]}}, {"type": "Feature", "properties": {"nome": "E. M. SERGIO ALFREDO PESSOA FIGUEIREDO", "zona": "1", "municipio": "MANAUS", "local": "2240", "nome_urna": "E. M. SERGIO ALFREDO PESSOA FIGUEIREDO", "aderencia": 1.0}, "geometry": {"type": "Point", "coordinates": [-60.0321, -3.11628]}}, {"type": "Feature", "properties": {"nome": "E. E. HERMENEGILDO DE CAMPOS", "zona": "1", "municipio": "MANAUS", "local": "2305", "nome_urna": "E. E. HERMENEGILDO DE CAMPOS", "aderencia": 1.0}, "geometry": {"type": "Point", "coordinates": [-60.0296, -3.12048]}}, {"type": "Feature", "properties": {"nome": "E. E. FARIAS BRITO", "zona": "1", "municipio": "MANAUS", "local": "2020", "nome_urna": "E. E. FARIAS BRITO", "aderencia": 1.0}, "geometry": {"type": "Point", "coordinates": [-60.01226, -3.13025]}}, {"type": "Feature", "properties": {"nome": "COLEGIO AMAZONENSE DOM PEDRO II", "zona": "1", "municipio": "MANAUS", "local": "2259", "nome_urna": "COLEGIO AMAZONENSE DOM PEDRO II", "aderencia": 1.0}, "geometry": {"type": "Point", "coordinates": [-60.02129, -3.13444]}}, {"type": "Feature", "properties": {"nome": "SENAI - CACHOEIRINHA", "zona": "1", "municipio": "MANAUS"}, "geometry": {"type": "Point", "coordinates": [-60.00666, -3.1305]}}, {"type": "Feature", "properties": {"nome": "E. E. VICENTE SCHETTINI", "zona": "1", "municipio": "MANAUS", "local": "2275", "nome_urna": "E. E. VICENTE SCHETTINI", "aderencia": 1.0}, "geometry": {"type": "Point", "coordinates": [-60.02998, -3.12939]}}, {"type": "Feature", "properties": {"nome": "COLÉGIO LATO SENSU UNIDADE ADRIANÓPOLIS", "zona": "1", "municipio": "MANAUS", "local": "2496", "nome_urna": "COLÉGIO LATO SENSU UNIDADE ADRIANÓPOLIS", "aderencia": 1.0}, "geometry": {"type": "Point", "coordinates": [-60.00407, -3.09396]}}, {"type": "Feature", "properties": {"nome": "FACULDADE DE MEDICINA - UFAM", "zona": "1", "municipio": "MANAUS", "local": "2119", "nome_urna": "FACULDADE DE MEDICINA - UFAM", "aderencia": 1.0}, "geometry": {"type": "Point", "coordinates": [-60.01822, -3.1164]}}, {"type": "Feature", "properties": {"nome": "E. M. PROF. WALDIR GARCIA", "zona": "1", "municipio": "MANAUS"}, "geometry": {"type": "Point", "coordinates": [-60.03014, -3.11267]}}, {"type": "Feature", "properties": {"nome": "Colégio Nossa Senhora Auxiliadora", "zona": "1", "municipio": "MANAUS"}, "geometry": {"type": "Point", "coordinates": [-60.02199, -3.12027]}}, {"type": "Feature", "properties": {"nome": "FACULDADE MARTHA FALCAO", "zona": "1", "municipio": "MANAUS", "local": "2461", "nome_urna": "FACULDADE MARTHA FALCAO", "aderencia": 1.0}, "geometry": {"type": "Point", "coordinates": [-60.01426, -3.10978]}}, {"type": "Feature", "properties": {"nome": "UNINORTE UNID 1", "zona": "1", "municipio": "MANAUS"}, "geometry": {"type": "Point", "coordinates": [-60.01903, -3.13063]}}, {"type": "Feature", "properties": {"nome": "Escola Estadual Carvalho Leal", "zona": "1", "municipio": "MANAUS"}, "geometry": {"type": "Point", "coordinates": [-60.00416, -3.12122]}}, {"type": "Feature", "properties": {"nome": "ESCOLA SUPERIOR DE CIÊNCIAS SOCIAIS - UEA", "zona": "1", "municipio": "MANAUS", "local": "2089", "nome_urna": "ESCOLA SUPERIOR DE CIENCIAS DA SAUDE - UEA", "aderencia": 0.87}, "geometry": {"type": "Point", "coordinates": [-60.02204, -3.12593]}}, {"type": "Feature", "properties": {"nome": "E. E. PROF. DIOFANTO VIEIRA MONTEIRO", "zona": "1", "municipio": "MANAUS"}, "geometry": {"type": "Point", "coordinates": [-60.02276, -3.12688]}}, {"type": "Feature", "properties": {"nome": "E. M. DE EDUCACAO ESPECIAL ANDRE VIDAL DE ARAUJO", "zona": "1", "municipio": "MANAUS", "local": "2216", "nome_urna": "E. M. DE EDUCACAO ESPECIAL ANDRE VIDAL DE ARAUJO", "aderencia": 1.0}, "geometry": {"type": "Point", "coordinates": [-60.01494, -3.09535]}}, {"type": "Feature", "properties": {"nome": "FACULDADE SANTA TERESA", "zona": "1", "municipio": "MANAUS"}, "geometry": {"type": "Point", "coordinates": [-60.01789, -3.10552]}}, {"type": "Feature", "properties": {"nome": "ESCOLA DE ENFERMAGEM DE MANAUS - UFAM", "zona": "1", "municipio": "MANAUS", "local": "2178", "nome_urna": "ESCOLA DE ENFERMAGEM DE MANAUS - UFAM", "aderencia": 1.0}, "geometry": {"type": "Point", "coordinates": [-60.01216, -3.11207]}}, {"type": "Feature", "properties": {"nome": "Escola Estadual Vicente Telles", "zona": "1", "municipio": "MANAUS"}, "geometry": {"type": "Point", "coordinates": [-60.02621, -3.10752]}}, {"type": "Feature", "properties": {"nome": "E. E. RIBEIRO DA CUNHA", "zona": "1", "municipio": "MANAUS", "local": "2399", "nome_urna": "E. E. RIBEIRO DA CUNHA", "aderencia": 1.0}, "geometry": {"type": "Point", "coordinates": [-60.01779, -3.12311]}}, {"type": "Feature", "properties": {"nome": "E. M. SAGRADO CORAÇÃO DE JESUS", "zona": "1", "municipio": "MANAUS", "local": "2372", "nome_urna": "E. M. SAGRADO CORAÇÃO DE JESUS", "aderencia": 1.0}, "geometry": {"type": "Point", "coordinates": [-60.02529, -3.11849]}}, {"type": "Feature", "properties": {"nome": "E. E. 1º DE MAIO", "zona": "1", "municipio": "MANAUS", "local": "2054", "nome_urna": "E. E. 1º DE MAIO", "aderencia": 1.0}, "geometry": {"type": "Point", "coordinates": [-60.01163, -3.1191]}}, {"type": "Feature", "properties": {"nome": "Escola Estadual Senador Cunha Mello", "zona": "1", "municipio": "MANAUS"}, "geometry": {"type": "Point", "coordinates": [-59.99992, -3.12941]}}, {"type": "Feature", "properties": {"nome": "Escola Estadual Angelo Ramazotti", "zona": "1", "municipio": "MANAUS", "local": "2135", "nome_urna": "E. E. ANGELO RAMAZZOTTI", "aderencia": 0.73}, "geometry": {"type": "Point", "coordinates": [-60.01157, -3.11031]}}, {"type": "Feature", "properties": {"nome": "FAMETRO UNIDADE CACHOEIRINHA", "zona": "1", "municipio": "MANAUS", "local": "2208", "nome_urna": "FAMETRO UNIDADE CACHOEIRINHA", "aderencia": 1.0}, "geometry": {"type": "Point", "coordinates": [-60.00817, -3.13199]}}, {"type": "Feature", "properties": {"nome": "Instituto de Educação do Amazonas (IEA)", "zona": "1", "municipio": "MANAUS", "local": "2283", "nome_urna": "INSTITUTO DE EDUCACAO DO AMAZONAS", "aderencia": 0.93}, "geometry": {"type": "Point", "coordinates": [-60.02399, -3.12757]}}, {"type": "Feature", "properties": {"nome": "E. E. ARTHUR ARAUJO", "zona": "1", "municipio": "MANAUS", "local": "2097", "nome_urna": "E. E. ARTHUR ARAUJO", "aderencia": 1.0}, "geometry": {"type": "Point", "coordinates": [-60.02344, -3.11398]}}, {"type": "Feature", "properties": {"nome": "FACULDADE ESTÁCIO (ANTIGO CEL)", "zona": "2", "municipio": "MANAUS", "local": "1856", "nome_urna": "FACULDADE ESTÁCIO (ANTIGO CEL)", "aderencia": 1.0}, "geometry": {"type": "Point", "coordinates": [-60.0284, -3.092]}}, {"type": "Feature", "properties": {"nome": "E. E. JOSE BENTES MONTEIRO", "zona": "2", "municipio": "MANAUS", "local": "1880", "nome_urna": "E. E. JOSE BENTES MONTEIRO", "aderencia": 1.0}, "geometry": {"type": "Point", "coordinates": [-60.00007, -3.10204]}}, {"type": "Feature", "properties": {"nome": "ARENA GINÁSIO POLIESPORTIVA AMADEU TEIXEIRA", "zona": "2", "municipio": "MANAUS"}, "geometry": {"type": "Point", "coordinates": [-60.02768, -3.08098]}}, {"type": "Feature", "properties": {"nome": "E. M. PROF. ADELAIDE TAVARES DE MACEDO", "zona": "2", "municipio": "MANAUS"}, "geometry": {"type": "Point", "coordinates": [-60.03453, -3.07331]}}, {"type": "Feature", "properties": {"nome": "E. E. PROF. AGENOR FERREIRA LIMA", "zona": "2", "municipio": "MANAUS", "local": "2020", "nome_urna": "E. E. PROF. AGENOR FERREIRA LIMA", "aderencia": 1.0}, "geometry": {"type": "Point", "coordinates": [-60.0063, -3.10522]}}, {"type": "Feature", "properties": {"nome": "CIESA", "zona": "2", "municipio": "MANAUS", "local": "1872", "nome_urna": "CIESA", "aderencia": 1.0}, "geometry": {"type": "Point", "coordinates": [-60.01823, -3.07755]}}, {"type": "Feature", "properties": {"nome": "E. E. ALICE SALERNO", "zona": "2", "municipio": "MANAUS", "local": "1929", "nome_urna": "E. E. ALICE SALERNO", "aderencia": 1.0}, "geometry": {"type": "Point", "coordinates": [-60.01476, -3.08626]}}, {"type": "Feature", "properties": {"nome": "E. E. ADERSON DE MENEZES", "zona": "2", "municipio": "MANAUS", "local": "2003", "nome_urna": "E. E. ADERSON DE MENEZES", "aderencia": 1.0}, "geometry": {"type": "Point", "coordinates": [-60.01026, -3.08058]}}, {"type": "Feature", "properties": {"nome": "E. E. PROF. ALDA BARATA", "zona": "2", "municipio": "MANAUS", "local": "1953", "nome_urna": "E. E. PROF. ALDA BARATA", "aderencia": 1.0}, "geometry": {"type": "Point", "coordinates": [-60.02731, -3.07979]}}, {"type": "Feature", "properties": {"nome": "E. E. ALTAIR SEVERIANO NUNES", "zona": "2", "municipio": "MANAUS", "local": "2011", "nome_urna": "E. E. ALTAIR SEVERIANO NUNES", "aderencia": 1.0}, "geometry": {"type": "Point", "coordinates": [-60.01797, -3.09047]}}, {"type": "Feature", "properties": {"nome": "E. E. LIBERTADOR SIMON BOLIVAR", "zona": "2", "municipio": "MANAUS", "local": "1988", "nome_urna": "E. E. LIBERTADOR SIMON BOLIVAR", "aderencia": 1.0}, "geometry": {"type": "Point", "coordinates": [-60.00642, -3.09751]}}, {"type": "Feature", "properties": {"nome": "E. M. PROF. FRANCISCA PEREIRA DE ARAUJO", "zona": "2", "municipio": "MANAUS", "local": "1996", "nome_urna": "E. M. PROF. FRANCISCA PEREIRA DE ARAUJO", "aderencia": 1.0}, "geometry": {"type": "Point", "coordinates": [-60.00513, -3.04289]}}, {"type": "Feature", "properties": {"nome": "COLÉGIO PALAS ATENAS", "zona": "2", "municipio": "MANAUS", "local": "2062", "nome_urna": "COLÉGIO PALAS ATENAS", "aderencia": 1.0}, "geometry": {"type": "Point", "coordinates": [-60.01511, -3.08675]}}, {"type": "Feature", "properties": {"nome": "CENTRO UNIVERSITÁRIO NILTON LINS", "zona": "2", "municipio": "MANAUS", "local": "2046", "nome_urna": "CENTRO UNIVERSITÁRIO NILTON LINS", "aderencia": 1.0}, "geometry": {"type": "Point", "coordinates": [-60.0069, -3.05822]}}, {"type": "Feature", "properties": {"nome": "CENTRO EDUCACIONAL PINGO DE GENTE LAVINIENSE ENSINO INTEGRADO", "zona": "2", "municipio": "MANAUS"}, "geometry": {"type": "Point", "coordinates": [-60.00156, -3.09124]}}, {"type": "Feature", "properties": {"nome": "ESCOLA SUPERIOR DE TECNOLOGIA - UEA", "zona": "2", "municipio": "MANAUS", "local": "1902", "nome_urna": "ESCOLA SUPERIOR DE TECNOLOGIA - UEA", "aderencia": 1.0}, "geometry": {"type": "Point", "coordinates": [-60.01723, -3.09165]}}, {"type": "Feature", "properties": {"nome": "CSU HUMBERTO DE ALENCAR CASTELO BRANCO", "zona": "2", "municipio": "MANAUS", "local": "1899", "nome_urna": "CSU HUMBERTO DE ALENCAR CASTELO BRANCO", "aderencia": 1.0}, "geometry": {"type": "Point", "coordinates": [-60.01021, -3.08103]}}, {"type": "Feature", "properties": {"nome": "E. M. ARTHUR CEZAR FERREIRA REIS", "zona": "2", "municipio": "MANAUS", "local": "2070", "nome_urna": "E. M. ARTHUR CEZAR FERREIRA REIS", "aderencia": 1.0}, "geometry": {"type": "Point", "coordinates": [-60.003, -3.07755]}}, {"type": "Feature", "properties": {"nome": "ESCOLA IDAAM - UNIDADE MORADA DO SOL", "zona": "2", "municipio": "MANAUS"}, "geometry": {"type": "Point", "coordinates": [-59.99365, -3.09486]}}, {"type": "Feature", "properties": {"nome": "E. M. PROF. MARIA JOSÉ NUNES DA LUZ", "zona": "2", "municipio": "MANAUS"}, "geometry": {"type": "Point", "coordinates": [-60.0183, -3.07818]}}, {"type": "Feature", "properties": {"nome": "C. E. ADALBERTO VALLE - UNIDADE II MORADA DO SOL", "zona": "2", "municipio": "MANAUS", "local": "2054", "nome_urna": "C. E. ADALBERTO VALLE - UNIDADE II MORADA DO SOL", "aderencia": 1.0}, "geometry": {"type": "Point", "coordinates": [-59.99851, -3.09154]}}, {"type": "Feature", "properties": {"nome": "UNIP", "zona": "2", "municipio": "MANAUS", "local": "1910", "nome_urna": "UNIP", "aderencia": 1.0}, "geometry": {"type": "Point", "coordinates": [-60.02164, -3.0807]}}, {"type": "Feature", "properties": {"nome": "CETI GILBERTO MESTRINHO", "zona": "31", "municipio": "MANAUS", "local": "2003", "nome_urna": "CETI GILBERTO MESTRINHO", "aderencia": 1.0}, "geometry": {"type": "Point", "coordinates": [-60.00938, -3.13715]}}, {"type": "Feature", "properties": {"nome": "E. M. THALLES SILVESTRE", "zona": "31", "municipio": "MANAUS", "local": "2070", "nome_urna": "E. M. THALLES SILVESTRE", "aderencia": 1.0}, "geometry": {"type": "Point", "coordinates": [-59.98497, -3.13817]}}, {"type": "Feature", "properties": {"nome": "E. M. JOAQUIM DA SILVA PINTO", "zona": "31", "municipio": "MANAUS"}, "geometry": {"type": "Point", "coordinates": [-59.992, -3.1285]}}, {"type": "Feature", "properties": {"nome": "E. E. DORVAL PORTO", "zona": "31", "municipio": "MANAUS", "local": "2046", "nome_urna": "E. E. DORVAL PORTO", "aderencia": 1.0}, "geometry": {"type": "Point", "coordinates": [-59.99155, -3.13247]}}, {"type": "Feature", "properties": {"nome": "ESCOLA DE FORMAÇÃO PROFISSIONAL ENF. FRANCISCA SAAVEDRA - CETAM", "zona": "31", "municipio": "MANAUS", "local": "1996", "nome_urna": "ESCOLA DE FORMAÇÃO PROFISSIONAL ENFERMEIRA FCA SAAVEDRA - CETAM", "aderencia": 0.89}, "geometry": {"type": "Point", "coordinates": [-60.00617, -3.14665]}}, {"type": "Feature", "properties": {"nome": "E. E. ALMIRANTE ERNESTO DE MELLO BAPTISTA", "zona": "31", "municipio": "MANAUS"}, "geometry": {"type": "Point", "coordinates": [-59.94957, -3.13615]}}, {"type": "Feature", "properties": {"nome": "E. E. ANTOVILA MOURÃO VIEIRA", "zona": "31", "municipio": "MANAUS", "local": "2127", "nome_urna": "E. E. ANTOVILA MOURÃO VIEIRA", "aderencia": 1.0}, "geometry": {"type": "Point", "coordinates": [-59.99312, -3.13865]}}, {"type": "Feature", "properties": {"nome": "CMEI PROF. JOSE ERICO II", "zona": "31", "municipio": "MANAUS", "local": "1953", "nome_urna": "CMEI PROF. JOSE ERICO II", "aderencia": 1.0}, "geometry": {"type": "Point", "coordinates": [-60.01496, -3.14333]}}, {"type": "Feature", "properties": {"nome": "CMEI PADRE LUIS RUAS", "zona": "31", "municipio": "MANAUS", "local": "2054", "nome_urna": "CMEI PADRE LUIS RUAS", "aderencia": 1.0}, "geometry": {"type": "Point", "coordinates": [-59.93717, -3.12704]}}, {"type": "Feature", "properties": {"nome": "E. E. PROF. DIANA PINHEIRO", "zona": "31", "municipio": "MANAUS", "local": "2194", "nome_urna": "E. E. PROF. DIANA PINHEIRO", "aderencia": 1.0}, "geometry": {"type": "Point", "coordinates": [-60.00551, -3.14177]}}, {"type": "Feature", "properties": {"nome": "E. E. PROF. BENEDITO ALMEIDA", "zona": "31", "municipio": "MANAUS", "local": "2011", "nome_urna": "E. E. PROF.  BENEDITO ALMEIDA", "aderencia": 0.98}, "geometry": {"type": "Point", "coordinates": [-59.9368, -3.12711]}}, {"type": "Feature", "properties": {"nome": "E. M. IRMÃ IDELVIRA DE SOUTO CABRAL", "zona": "31", "municipio": "MANAUS", "local": "1970", "nome_urna": "E. M. IRMÃ IDELVIRA DE SOUTO CABRAL", "aderencia": 1.0}, "geometry": {"type": "Point", "coordinates": [-60.00056, -3.14086]}}, {"type": "Feature", "properties": {"nome": "E. E. T. I. MADRE TEREZA DE CALCUTÁ", "zona": "31", "municipio": "MANAUS"}, "geometry": {"type": "Point", "coordinates": [-60.002, -3.13593]}}, {"type": "Feature", "properties": {"nome": "E. E. JOSE CARLOS MESTRINHO", "zona": "31", "municipio": "MANAUS", "local": "2089", "nome_urna": "E. E. JOSE CARLOS MESTRINHO", "aderencia": 1.0}, "geometry": {"type": "Point", "coordinates": [-60.01403, -3.09894]}}, {"type": "Feature", "properties": {"nome": "E. M. ANASTÁCIO ASSUNÇÃO", "zona": "31", "municipio": "MANAUS"}, "geometry": {"type": "Point", "coordinates": [-59.99378, -3.13632]}}, {"type": "Feature", "properties": {"nome": "E. E. MACHADO DE ASSIS", "zona": "31", "municipio": "MANAUS", "local": "2232", "nome_urna": "E. E. MACHADO DE ASSIS", "aderencia": 1.0}, "geometry": {"type": "Point", "coordinates": [-60.01528, -3.1426]}}, {"type": "Feature", "properties": {"nome": "E. M. JOSE TAVARES DE MACEDO", "zona": "31", "municipio": "MANAUS", "local": "1929", "nome_urna": "E. M. JOSE TAVARES DE MACEDO", "aderencia": 1.0}, "geometry": {"type": "Point", "coordinates": [-59.93582, -3.06521]}}, {"type": "Feature", "properties": {"nome": "E. M. ANA MARIA DE SOUZA BARROS", "zona": "31", "municipio": "MANAUS", "local": "2062", "nome_urna": "E. M.  ANA MARIA DE SOUZA BARROS", "aderencia": 0.98}, "geometry": {"type": "Point", "coordinates": [-59.93922, -3.12329]}}, {"type": "Feature", "properties": {"nome": "E. E. PROF. ROXANA PEREIRA BONESSE", "zona": "31", "municipio": "MANAUS", "local": "1988", "nome_urna": "E. E. PROF. ROXANA PEREIRA BONESSE", "aderencia": 1.0}, "geometry": {"type": "Point", "coordinates": [-60.00569, -3.14592]}}, {"type": "Feature", "properties": {"nome": "E. M. VILA DA FELICIDADE", "zona": "31", "municipio": "MANAUS", "local": "2100", "nome_urna": "E. M. VILA DA FELICIDADE", "aderencia": 1.0}, "geometry": {"type": "Point", "coordinates": [-59.94099, -3.13358]}}, {"type": "Feature", "properties": {"nome": "E. E. J. G. ARAÚJO", "zona": "31", "municipio": "MANAUS", "local": "2160", "nome_urna": "E. E. J. G. ARAÚJO", "aderencia": 1.0}, "geometry": {"type": "Point", "coordinates": [-60.00499, -3.14091]}}, {"type": "Feature", "properties": {"nome": "E. M. ESCRITOR ANISIO TEIXEIRA", "zona": "31", "municipio": "MANAUS", "local": "1880", "nome_urna": "E. M. ESCRITOR ANISIO TEIXEIRA", "aderencia": 1.0}, "geometry": {"type": "Point", "coordinates": [-59.93225, -3.11471]}}, {"type": "Feature", "properties": {"nome": "E. M. JOÃO VALENTE", "zona": "31", "municipio": "MANAUS", "local": "1902", "nome_urna": "E. M. JOÃO VALENTE", "aderencia": 1.0}, "geometry": {"type": "Point", "coordinates": [-59.99397, -3.13203]}}, {"type": "Feature", "properties": {"nome": "E. E. ISAAC BENZECRY", "zona": "31", "municipio": "MANAUS", "local": "1910", "nome_urna": "E. E. ISAAC BENZECRY", "aderencia": 1.0}, "geometry": {"type": "Point", "coordinates": [-60.0051, -3.14625]}}, {"type": "Feature", "properties": {"nome": "E. M. NAZIRA CHAMMA DAOU", "zona": "31", "municipio": "MANAUS", "local": "1945", "nome_urna": "E. M. NAZIRA CHAMMA DAOU", "aderencia": 1.0}, "geometry": {"type": "Point", "coordinates": [-60.01107, -3.14275]}}, {"type": "Feature", "properties": {"nome": "E. M. NOVA VIDA", "zona": "31", "municipio": "MANAUS", "local": "2097", "nome_urna": "E. M. NOVA VIDA", "aderencia": 1.0}, "geometry": {"type": "Point", "coordinates": [-59.9465, -3.12468]}}, {"type": "Feature", "properties": {"nome": "E. M. GRAZIELA RIBEIRO", "zona": "31", "municipio": "MANAUS", "local": "2119", "nome_urna": "E. M. GRAZIELA RIBEIRO", "aderencia": 1.0}, "geometry": {"type": "Point", "coordinates": [-59.98207, -3.12361]}}, {"type": "Feature", "properties": {"nome": "E. E. PROF. NELSON ALVES FERREIRA", "zona": "31", "municipio": "MANAUS", "local": "2208", "nome_urna": "E. E. PROF. NELSON ALVES FERREIRA", "aderencia": 1.0}, "geometry": {"type": "Point", "coordinates": [-59.99486, -3.13149]}}, {"type": "Feature", "properties": {"nome": "E. M. PADRE JOSÉ DE ANCHIETA", "zona": "31", "municipio": "MANAUS", "local": "2224", "nome_urna": "E. M. PADRE JOSÉ DE ANCHIETA", "aderencia": 1.0}, "geometry": {"type": "Point", "coordinates": [-59.99826, -3.1373]}}, {"type": "Feature", "properties": {"nome": "E. E. BRIGADEIRO JOÃO CAMARÃO TELLES RIBEIRO", "zona": "31", "municipio": "MANAUS", "local": "1937", "nome_urna": "E. E. BRIGADEIRO JOÃO CAMARÃO TELLES RIBEIRO", "aderencia": 1.0}, "geometry": {"type": "Point", "coordinates": [-59.99102, -3.14016]}}, {"type": "Feature", "properties": {"nome": "CMEI CORAÇÃO DE JESUS", "zona": "31", "municipio": "MANAUS", "local": "1961", "nome_urna": "CMEI CORAÇÃO DE JESUS", "aderencia": 1.0}, "geometry": {"type": "Point", "coordinates": [-60.00077, -3.13957]}}, {"type": "Feature", "properties": {"nome": "E. E. ESTELITA TAPAJÓS", "zona": "31", "municipio": "MANAUS", "local": "2151", "nome_urna": "E. E. ESTELITA TAPAJÓS", "aderencia": 1.0}, "geometry": {"type": "Point", "coordinates": [-60.015, -3.1423]}}, {"type": "Feature", "properties": {"nome": "E. E. BOM PASTOR", "zona": "31", "municipio": "MANAUS", "local": "2038", "nome_urna": "E. E. BOM PASTOR", "aderencia": 1.0}, "geometry": {"type": "Point", "coordinates": [-59.98978, -3.13393]}}, {"type": "Feature", "properties": {"nome": "E. E. LEOPOLDO NEVES", "zona": "31", "municipio": "MANAUS", "local": "2178", "nome_urna": "E. E. LEOPOLDO NEVES", "aderencia": 1.0}, "geometry": {"type": "Point", "coordinates": [-60.0059, -3.13725]}}, {"type": "Feature", "properties": {"nome": "E. E. ANTONIO LUCENA BITENCOURT", "zona": "31", "municipio": "MANAUS", "local": "1899", "nome_urna": "E. E. ANTONIO LUCENA BITENCOURT", "aderencia": 1.0}, "geometry": {"type": "Point", "coordinates": [-59.99933, -3.13664]}}, {"type": "Feature", "properties": {"nome": "E. E. N. S. DA DIVINA PROVIDENCIA", "zona": "31", "municipio": "MANAUS", "local": "2143", "nome_urna": "E. E. N. S. DA DIVINA PROVIDENCIA", "aderencia": 1.0}, "geometry": {"type": "Point", "coordinates": [-59.99584, -3.13544]}}, {"type": "Feature", "properties": {"nome": "E. E. ADALBERTO VALE", "zona": "31", "municipio": "MANAUS", "local": "2135", "nome_urna": "E. E. ADALBERTO VALE", "aderencia": 1.0}, "geometry": {"type": "Point", "coordinates": [-60.00007, -3.13703]}}, {"type": "Feature", "properties": {"nome": "E. E. PAULA ANGELA FRASSINETTI", "zona": "31", "municipio": "MANAUS", "local": "2186", "nome_urna": "E. E. PAULA ANGELA FRANSSINETTI", "aderencia": 0.98}, "geometry": {"type": "Point", "coordinates": [-60.00177, -3.13786]}}, {"type": "Feature", "properties": {"nome": "E. M. MINISTRO MARIO ANDREAZZA", "zona": "32", "municipio": "MANAUS", "local": "2151", "nome_urna": "E. M. MINISTRO MARIO ANDREAZZA", "aderencia": 1.0}, "geometry": {"type": "Point", "coordinates": [-60.05807, -3.10862]}}, {"type": "Feature", "properties": {"nome": "E. M. PADRE RAIMUNDO NONATO PINHEIRO", "zona": "32", "municipio": "MANAUS", "local": "1996", "nome_urna": "E. M. PADRE RAIMUNDO NONATO PINHEIRO", "aderencia": 1.0}, "geometry": {"type": "Point", "coordinates": [-60.0448, -3.11627]}}, {"type": "Feature", "properties": {"nome": "E. M. PROF. PERCILIA DO NASCIMENTO SOUZA", "zona": "32", "municipio": "MANAUS", "local": "2160", "nome_urna": "E. M. PROF. PERCILIA DO NASCIMENTO SOUZA", "aderencia": 1.0}, "geometry": {"type": "Point", "coordinates": [-60.05948, -3.10722]}}, {"type": "Feature", "properties": {"nome": "E. E. PRESIDENTE CASTELO BRANCO", "zona": "32", "municipio": "MANAUS", "local": "1945", "nome_urna": "E. E. PRESIDENTE CASTELO BRANCO", "aderencia": 1.0}, "geometry": {"type": "Point", "coordinates": [-60.03437, -3.10776]}}, {"type": "Feature", "properties": {"nome": "E. E. WALDEMIRO PERES LUSTOZA", "zona": "32", "municipio": "MANAUS", "local": "2224", "nome_urna": "E. E. WALDEMIRO PERES LUSTOZA", "aderencia": 1.0}, "geometry": {"type": "Point", "coordinates": [-60.06538, -3.10436]}}, {"type": "Feature", "properties": {"nome": "E. M. CARLOS GOMES", "zona": "32", "municipio": "MANAUS", "local": "2054", "nome_urna": "E. M. CARLOS GOMES", "aderencia": 1.0}, "geometry": {"type": "Point", "coordinates": [-60.0504, -3.09669]}}, {"type": "Feature", "properties": {"nome": "E. M. PROF. JOAQUIM GONZAGA PINHEIRO", "zona": "32", "municipio": "MANAUS"}, "geometry": {"type": "Point", "coordinates": [-60.04569, -3.10967]}}, {"type": "Feature", "properties": {"nome": "E. E. SANTO ANTONIO", "zona": "32", "municipio": "MANAUS", "local": "1937", "nome_urna": "E. E. SANTO ANTONIO", "aderencia": 1.0}, "geometry": {"type": "Point", "coordinates": [-60.04474, -3.11595]}}, {"type": "Feature", "properties": {"nome": "E. E. LIBERALINA WEILL", "zona": "32", "municipio": "MANAUS"}, "geometry": {"type": "Point", "coordinates": [-60.03863, -3.11707]}}, {"type": "Feature", "properties": {"nome": "E. M. SÃO JOSÉ", "zona": "32", "municipio": "MANAUS", "local": "1988", "nome_urna": "E. M. SÃO DIMAS", "aderencia": 0.76}, "geometry": {"type": "Point", "coordinates": [-60.06203, -3.10481]}}, {"type": "Feature", "properties": {"nome": "E. E. GENERAL SAMPAIO", "zona": "32", "municipio": "MANAUS", "local": "1970", "nome_urna": "E. E. GENERAL SAMPAIO", "aderencia": 1.0}, "geometry": {"type": "Point", "coordinates": [-60.03975, -3.11013]}}, {"type": "Feature", "properties": {"nome": "E. M. GENERAL ARISTIDES BARRETO", "zona": "32", "municipio": "MANAUS"}, "geometry": {"type": "Point", "coordinates": [-60.03975, -3.11013]}}, {"type": "Feature", "properties": {"nome": "E. M. SÃO VICENTE DE PAULA", "zona": "32", "municipio": "MANAUS", "local": "2194", "nome_urna": "E. M. SÃO VICENTE DE PAULA", "aderencia": 1.0}, "geometry": {"type": "Point", "coordinates": [-60.06248, -3.11004]}}, {"type": "Feature", "properties": {"nome": "E. E. MARQUÊS DE SANTA CRUZ", "zona": "32", "municipio": "MANAUS", "local": "1872", "nome_urna": "E. E. MARQUÊS DE SANTA CRUZ", "aderencia": 1.0}, "geometry": {"type": "Point", "coordinates": [-60.03781, -3.12858]}}, {"type": "Feature", "properties": {"nome": "E. DE EDUCAÇÃO PROFISSIONAL PADRE ESTÉLIO DALISON", "zona": "32", "municipio": "MANAUS", "local": "2283", "nome_urna": "E. DE EDUCAÇÃO PROFISSIONAL PADRE ESTÉLIO DALISON", "aderencia": 1.0}, "geometry": {"type": "Point", "coordinates": [-60.03609, -3.10891]}}, {"type": "Feature", "properties": {"nome": "E. M. MONSENHOR FRANCISCO DA SILVEIRA PINTO", "zona": "32", "municipio": "MANAUS", "local": "2100", "nome_urna": "E. M. MONSENHOR FRANCISCO DA SILVEIRA PINTO", "aderencia": 1.0}, "geometry": {"type": "Point", "coordinates": [-60.05473, -3.11052]}}, {"type": "Feature", "properties": {"nome": "E. M. FRANCISCA GOMES MENDES", "zona": "32", "municipio": "MANAUS", "local": "2232", "nome_urna": "E. M. FRANCISCA GOMES MENDES", "aderencia": 1.0}, "geometry": {"type": "Point", "coordinates": [-60.0631, -3.09877]}}, {"type": "Feature", "properties": {"nome": "E. E. JULIA BITTENCOURT", "zona": "32", "municipio": "MANAUS", "local": "2143", "nome_urna": "E. E. JULIA BITTENCOURT", "aderencia": 1.0}, "geometry": {"type": "Point", "coordinates": [-60.05182, -3.10899]}}, {"type": "Feature", "properties": {"nome": "E. M. SÃO PEDRO", "zona": "32", "municipio": "MANAUS", "local": "2178", "nome_urna": "E. M. SÃO PEDRO", "aderencia": 1.0}, "geometry": {"type": "Point", "coordinates": [-60.05726, -3.10849]}}, {"type": "Feature", "properties": {"nome": "E. M. GUILHERME BARBOSA BARKER", "zona": "32", "municipio": "MANAUS", "local": "2020", "nome_urna": "E. M. GUILHERME BARBOSA BARKER", "aderencia": 1.0}, "geometry": {"type": "Point", "coordinates": [-60.04694, -3.11919]}}, {"type": "Feature", "properties": {"nome": "E. M. PROF. ALBERTO MAKAREM", "zona": "32", "municipio": "MANAUS", "local": "2089", "nome_urna": "E. M. PROF. ALBERTO MAKAREM", "aderencia": 1.0}, "geometry": {"type": "Point", "coordinates": [-60.06679, -3.10285]}}, {"type": "Feature", "properties": {"nome": "E. E. SENADOR FLAVIO DA COSTA BRITO", "zona": "32", "municipio": "MANAUS", "local": "2070", "nome_urna": "E. E. SENADOR FLAVIO DA COSTA BRITO", "aderencia": 1.0}, "geometry": {"type": "Point", "coordinates": [-60.05964, -3.09846]}}, {"type": "Feature", "properties": {"nome": "E. M. SÃO DIMAS", "zona": "32", "municipio": "MANAUS", "local": "1988", "nome_urna": "E. M. SÃO DIMAS", "aderencia": 1.0}, "geometry": {"type": "Point", "coordinates": [-60.03298, -3.10356]}}, {"type": "Feature", "properties": {"nome": "C. E. DE EDUC. ESPECIAL JOANA RODRIGUES VIEIRA", "zona": "32", "municipio": "MANAUS"}, "geometry": {"type": "Point", "coordinates": [-60.037, -3.12273]}}, {"type": "Feature", "properties": {"nome": "E. E. DUQUE DE CAXIAS", "zona": "32", "municipio": "MANAUS"}, "geometry": {"type": "Point", "coordinates": [-60.06681, -3.09547]}}, {"type": "Feature", "properties": {"nome": "E. M. PAULA FRASSINETTI", "zona": "32", "municipio": "MANAUS", "local": "2003", "nome_urna": "E. M. PAULA FRASSINETTI", "aderencia": 1.0}, "geometry": {"type": "Point", "coordinates": [-60.03651, -3.11977]}}, {"type": "Feature", "properties": {"nome": "E. M. ELVIRA BORGES", "zona": "32", "municipio": "MANAUS", "local": "2097", "nome_urna": "E. M. ELVIRA BORGES", "aderencia": 1.0}, "geometry": {"type": "Point", "coordinates": [-60.062, -3.10531]}}, {"type": "Feature", "properties": {"nome": "E. E. SAO LUIZ DE GONZAGA", "zona": "32", "municipio": "MANAUS", "local": "1880", "nome_urna": "E. E. SAO LUIZ DE GONZAGA", "aderencia": 1.0}, "geometry": {"type": "Point", "coordinates": [-60.03782, -3.12729]}}, {"type": "Feature", "properties": {"nome": "E. E. ZULMIRA BITTENCOURT", "zona": "32", "municipio": "MANAUS", "local": "1953", "nome_urna": "E. E. ZULMIRA BITTENCOURT", "aderencia": 1.0}, "geometry": {"type": "Point", "coordinates": [-60.03337, -3.11222]}}, {"type": "Feature", "properties": {"nome": "E. E. BENJAMIN MAGALHÃES BRANDÃO", "zona": "32", "municipio": "MANAUS", "local": "2046", "nome_urna": "E. E. BENJAMIN MAGALHÃES BRANDÃO", "aderencia": 1.0}, "geometry": {"type": "Point", "coordinates": [-60.06217, -3.09908]}}, {"type": "Feature", "properties": {"nome": "E. E. IRMÃ ADONAI POLITI", "zona": "32", "municipio": "MANAUS", "local": "2062", "nome_urna": "E. E. IRMÃ ADONAI POLITI", "aderencia": 1.0}, "geometry": {"type": "Point", "coordinates": [-60.04722, -3.11066]}}, {"type": "Feature", "properties": {"nome": "E. E. GOVERNADOR MELO E POVOAS", "zona": "32", "municipio": "MANAUS", "local": "1929", "nome_urna": "E. E. GOVERNADOR MELO E POVOAS", "aderencia": 1.0}, "geometry": {"type": "Point", "coordinates": [-60.03743, -3.1179]}}, {"type": "Feature", "properties": {"nome": "E. E. JOÃO BOSCO PANTOJA EVANGELISTA", "zona": "32", "municipio": "MANAUS", "local": "2208", "nome_urna": "E. E. JOÃO BOSCO PANTOJA EVANGELISTA", "aderencia": 1.0}, "geometry": {"type": "Point", "coordinates": [-60.05029, -3.10292]}}, {"type": "Feature", "properties": {"nome": "E. E. CORONEL PEDRO CÂMARA (CMPM VIII)", "zona": "32", "municipio": "MANAUS", "local": "2216", "nome_urna": "E. E. CORONEL PEDRO CÂMARA (CMPM VIII)", "aderencia": 1.0}, "geometry": {"type": "Point", "coordinates": [-60.06365, -3.10425]}}, {"type": "Feature", "properties": {"nome": "E. E. ANTONIO BITTENCOURT", "zona": "32", "municipio": "MANAUS", "local": "1899", "nome_urna": "E. E. ANTONIO BITTENCOURT", "aderencia": 1.0}, "geometry": {"type": "Point", "coordinates": [-60.03694, -3.1232]}}, {"type": "Feature", "properties": {"nome": "E. E. PADRE PEDRO GISLANDY", "zona": "32", "municipio": "MANAUS", "local": "2127", "nome_urna": "E. E. PADRE PEDRO GISLANDY", "aderencia": 1.0}, "geometry": {"type": "Point", "coordinates": [-60.05607, -3.10263]}}, {"type": "Feature", "properties": {"nome": "E. M. MARIA FERNANDES", "zona": "32", "municipio": "MANAUS", "local": "2135", "nome_urna": "E. M. MARIA FERNANDES", "aderencia": 1.0}, "geometry": {"type": "Point", "coordinates": [-60.06174, -3.10273]}}, {"type": "Feature", "properties": {"nome": "E. M. MARIA MADALENA CORREA", "zona": "32", "municipio": "MANAUS", "local": "2240", "nome_urna": "E. M. MARIA MADALENA CORREA", "aderencia": 1.0}, "geometry": {"type": "Point", "coordinates": [-60.04691, -3.1114]}}, {"type": "Feature", "properties": {"nome": "E. E. PEDRO SILVESTRE", "zona": "32", "municipio": "MANAUS", "local": "2267", "nome_urna": "E. E. PEDRO SILVESTRE", "aderencia": 1.0}, "geometry": {"type": "Point", "coordinates": [-60.04025, -3.12741]}}, {"type": "Feature", "properties": {"nome": "E. E. FUETH PAULO MOURÃO", "zona": "32", "municipio": "MANAUS", "local": "2119", "nome_urna": "E. E. FUETH PAULO MOURÃO", "aderencia": 1.0}, "geometry": {"type": "Point", "coordinates": [-60.03955, -3.10941]}}, {"type": "Feature", "properties": {"nome": "E. E. ISAAC BENAYON SABBA", "zona": "32", "municipio": "MANAUS", "local": "1961", "nome_urna": "E. E. ISAAC BENAYON SABBA", "aderencia": 1.0}, "geometry": {"type": "Point", "coordinates": [-59.99341, -3.12353]}}, {"type": "Feature", "properties": {"nome": "E. M. PROF. SEBASTIÃO NORÕES", "zona": "32", "municipio": "MANAUS", "local": "2186", "nome_urna": "E. M. PROF. SEBASTIÃO NORÕES", "aderencia": 1.0}, "geometry": {"type": "Point", "coordinates": [-60.06525, -3.1106]}}, {"type": "Feature", "properties": {"nome": "C. E. AMAZÔNIA", "zona": "32", "municipio": "MANAUS", "local": "2038", "nome_urna": "C. E. AMAZONIA", "aderencia": 1.0}, "geometry": {"type": "Point", "coordinates": [-60.03891, -3.11738]}}, {"type": "Feature", "properties": {"nome": "INCRA", "zona": "37", "municipio": "MANAUS", "local": "1848", "nome_urna": "INCRA", "aderencia": 1.0}, "geometry": {"type": "Point", "coordinates": [-59.9908, -3.09599]}}, {"type": "Feature", "properties": {"nome": "E. E. PE. AGOSTINHO MARTIN", "zona": "37", "municipio": "MANAUS", "local": "1740", "nome_urna": "E. E. PE. AGOSTINHO MARTIN", "aderencia": 1.0}, "geometry": {"type": "Point", "coordinates": [-60.00295, -3.11238]}}, {"type": "Feature", "properties": {"nome": "CMEI MARIA CLARA MACHADO", "zona": "37", "municipio": "MANAUS", "local": "1902", "nome_urna": "CMEI MARIA CLARA MACHADO", "aderencia": 1.0}, "geometry": {"type": "Point", "coordinates": [-59.98776, -3.10422]}}, {"type": "Feature", "properties": {"nome": "CORPO DE BOMBEIROS DO AMAZONAS", "zona": "37", "municipio": "MANAUS", "local": "2100", "nome_urna": "CORPO DE BOMBEIROS DO AMAZONAS", "aderencia": 1.0}, "geometry": {"type": "Point", "coordinates": [-59.99981, -3.11876]}}, {"type": "Feature", "properties": {"nome": "E. E. JACIMAR DA SILVA GAMA", "zona": "37", "municipio": "MANAUS"}, "geometry": {"type": "Point", "coordinates": [-59.98453, -3.10139]}}, {"type": "Feature", "properties": {"nome": "E. E. MAJOR SILVA COUTINHO", "zona": "37", "municipio": "MANAUS", "local": "1805", "nome_urna": "E. E. MAJOR SILVA COUTINHO", "aderencia": 1.0}, "geometry": {"type": "Point", "coordinates": [-59.99343, -3.11976]}}, {"type": "Feature", "properties": {"nome": "E. E. SANTANA", "zona": "37", "municipio": "MANAUS", "local": "1830", "nome_urna": "E. E. SANTANA", "aderencia": 1.0}, "geometry": {"type": "Point", "coordinates": [-59.99329, -3.09783]}}, {"type": "Feature", "properties": {"nome": "E. M. ISABEL ANGARITA", "zona": "37", "municipio": "MANAUS", "local": "2062", "nome_urna": "E. M. ISABEL ANGARITA", "aderencia": 1.0}, "geometry": {"type": "Point", "coordinates": [-59.97317, -3.11117]}}, {"type": "Feature", "properties": {"nome": "E. M. PE. SEBASTIAO LUIZ DOS SANTOS PUGA BARBOSA", "zona": "37", "municipio": "MANAUS", "local": "2089", "nome_urna": "E. M. PE. SEBASTIAO LUIZ DOS SANTOS PUGA BARBOSA", "aderencia": 1.0}, "geometry": {"type": "Point", "coordinates": [-59.98905, -3.11271]}}, {"type": "Feature", "properties": {"nome": "E. M. VICENTE DE PAULA", "zona": "37", "municipio": "MANAUS", "local": "1961", "nome_urna": "E. M. VICENTE DE PAULA", "aderencia": 1.0}, "geometry": {"type": "Point", "coordinates": [-59.99091, -3.118]}}, {"type": "Feature", "properties": {"nome": "E. E. GETULIO VARGAS", "zona": "37", "municipio": "MANAUS", "local": "1767", "nome_urna": "E. E. GETULIO VARGAS", "aderencia": 1.0}, "geometry": {"type": "Point", "coordinates": [-60.00727, -3.11625]}}, {"type": "Feature", "properties": {"nome": "E. E. MARCIO NERY", "zona": "37", "municipio": "MANAUS", "local": "1775", "nome_urna": "E. E. MARCIO NERY", "aderencia": 1.0}, "geometry": {"type": "Point", "coordinates": [-60.00686, -3.1163]}}, {"type": "Feature", "properties": {"nome": "E. E. HELENA ARAUJO", "zona": "37", "municipio": "MANAUS", "local": "1783", "nome_urna": "E. E. HELENA ARAUJO", "aderencia": 1.0}, "geometry": {"type": "Point", "coordinates": [-60.00762, -3.11221]}}, {"type": "Feature", "properties": {"nome": "COLEGIO MILITAR DA POLICIA MILITAR", "zona": "37", "municipio": "MANAUS", "local": "1899", "nome_urna": "COLEGIO MILITAR DA POLICIA MILITAR", "aderencia": 1.0}, "geometry": {"type": "Point", "coordinates": [-60.00058, -3.11937]}}, {"type": "Feature", "properties": {"nome": "E. E. NATALIA UCHOA", "zona": "37", "municipio": "MANAUS", "local": "1988", "nome_urna": "E. E. NATALIA UCHOA", "aderencia": 1.0}, "geometry": {"type": "Point", "coordinates": [-59.97524, -3.11248]}}, {"type": "Feature", "properties": {"nome": "E. E. ALFREDO CAMPOS", "zona": "37", "municipio": "MANAUS", "local": "2020", "nome_urna": "E. E. ALFREDO CAMPOS", "aderencia": 1.0}, "geometry": {"type": "Point", "coordinates": [-59.9647, -3.10302]}}, {"type": "Feature", "properties": {"nome": "E. E. ONDINA DE PAULA RIBEIRO", "zona": "37", "municipio": "MANAUS", "local": "2054", "nome_urna": "E. E. ONDINA DE PAULA RIBEIRO", "aderencia": 1.0}, "geometry": {"type": "Point", "coordinates": [-59.9847, -3.1085]}}, {"type": "Feature", "properties": {"nome": "CMEI MAESTRO DIRSON COSTA", "zona": "37", "municipio": "MANAUS", "local": "1856", "nome_urna": "CMEI MAESTRO DIRSON COSTA", "aderencia": 1.0}, "geometry": {"type": "Point", "coordinates": [-59.99747, -3.11586]}}, {"type": "Feature", "properties": {"nome": "E. M. AMINE DAOU LINDOSO", "zona": "37", "municipio": "MANAUS", "local": "1996", "nome_urna": "E. M. AMINE DAOU LINDOSO", "aderencia": 1.0}, "geometry": {"type": "Point", "coordinates": [-59.99183, -3.11826]}}, {"type": "Feature", "properties": {"nome": "E. E. LUCINDA FELIX DE AZEVEDO", "zona": "37", "municipio": "MANAUS", "local": "2003", "nome_urna": "E. E. LUCINDA FELIX DE AZEVEDO", "aderencia": 1.0}, "geometry": {"type": "Point", "coordinates": [-59.98666, -3.10678]}}, {"type": "Feature", "properties": {"nome": "CMEI FERNANDO TRIGUEIRO", "zona": "37", "municipio": "MANAUS", "local": "2046", "nome_urna": "CMEI FERNANDO TRIGUEIRO", "aderencia": 1.0}, "geometry": {"type": "Point", "coordinates": [-59.97639, -3.1156]}}, {"type": "Feature", "properties": {"nome": "E. E. IZABEL BARRONCAS", "zona": "37", "municipio": "MANAUS", "local": "1880", "nome_urna": "E. E. IZABEL BARRONCAS", "aderencia": 1.0}, "geometry": {"type": "Point", "coordinates": [-60.00351, -3.11426]}}, {"type": "Feature", "properties": {"nome": "E. E. BENICIO LEAO", "zona": "37", "municipio": "MANAUS", "local": "2011", "nome_urna": "E. E. BENICIO LEAO", "aderencia": 1.0}, "geometry": {"type": "Point", "coordinates": [-59.98407, -3.10804]}}, {"type": "Feature", "properties": {"nome": "CMEI JOAO BARBOSA", "zona": "37", "municipio": "MANAUS", "local": "2070", "nome_urna": "CMEI JOAO BARBOSA", "aderencia": 1.0}, "geometry": {"type": "Point", "coordinates": [-59.9865, -3.10728]}}, {"type": "Feature", "properties": {"nome": "CMEI JURACY FREITAS MACIEL", "zona": "37", "municipio": "MANAUS", "local": "2038", "nome_urna": "CMEI JURACY FREITAS MACIEL", "aderencia": 1.0}, "geometry": {"type": "Point", "coordinates": [-59.98807, -3.09928]}}, {"type": "Feature", "properties": {"nome": "E. M. VILLA LOBOS", "zona": "37", "municipio": "MANAUS", "local": "1759", "nome_urna": "E. M. VILLA LOBOS", "aderencia": 1.0}, "geometry": {"type": "Point", "coordinates": [-60.00616, -3.11341]}}, {"type": "Feature", "properties": {"nome": "E. E. TIRADENTES", "zona": "37", "municipio": "MANAUS", "local": "1791", "nome_urna": "E. E. TIRADENTES", "aderencia": 1.0}, "geometry": {"type": "Point", "coordinates": [-59.99728, -3.11657]}}, {"type": "Feature", "properties": {"nome": "E. M. THOMAS MEIRELLES", "zona": "37", "municipio": "MANAUS", "local": "1813", "nome_urna": "E. M. THOMAS MEIRELLES", "aderencia": 1.0}, "geometry": {"type": "Point", "coordinates": [-59.98878, -3.10044]}}, {"type": "Feature", "properties": {"nome": "SECRETARIA DE ESTADO DA FAZENDA - SEFAZ", "zona": "37", "municipio": "MANAUS", "local": "1821", "nome_urna": "SECRETARIA DE ESTADO DA FAZENDA - SEFAZ", "aderencia": 1.0}, "geometry": {"type": "Point", "coordinates": [-60.00796, -3.10749]}}, {"type": "Feature", "properties": {"nome": "E. M. ANA MOTA BRAGA", "zona": "37", "municipio": "MANAUS", "local": "1872", "nome_urna": "E. M. ANA MOTA BRAGA", "aderencia": 1.0}, "geometry": {"type": "Point", "coordinates": [-59.9988, -3.10756]}}, {"type": "Feature", "properties": {"nome": "E. M. MARIA LIRA PEREIRA", "zona": "37", "municipio": "MANAUS", "local": "1929", "nome_urna": "E. M. MARIA LIRA PEREIRA", "aderencia": 1.0}, "geometry": {"type": "Point", "coordinates": [-59.9945, -3.10374]}}, {"type": "Feature", "properties": {"nome": "CENTRO DE TREINAMENTO PADRE JOSÉ DE ANCHIETA - CEPAN", "zona": "37", "municipio": "MANAUS", "local": "2127", "nome_urna": "CENTRO DE TREINAMENTO PADRE JOSE DE ANCHIETA - CEPAN", "aderencia": 1.0}, "geometry": {"type": "Point", "coordinates": [-59.97459, -3.11372]}}, {"type": "Feature", "properties": {"nome": "E.E.T.I. BILINGUE PROF. DJALMA DA CUNHA BATISTA", "zona": "37", "municipio": "MANAUS", "local": "1597", "nome_urna": "E.E.T.I. BILINGUE  PROF. DJALMA DA CUNHA BATISTA", "aderencia": 0.99}, "geometry": {"type": "Point", "coordinates": [-59.98349, -3.10077]}}, {"type": "Feature", "properties": {"nome": "E. M. PE. MAURO FANCELLO", "zona": "37", "municipio": "MANAUS", "local": "1864", "nome_urna": "E. M. PE. MAURO FANCELLO", "aderencia": 1.0}, "geometry": {"type": "Point", "coordinates": [-59.99843, -3.11118]}}, {"type": "Feature", "properties": {"nome": "E. E. LUIZ VAZ DE CAMOES", "zona": "37", "municipio": "MANAUS", "local": "1970", "nome_urna": "E. E. LUIZ VAZ DE CAMOES", "aderencia": 1.0}, "geometry": {"type": "Point", "coordinates": [-59.98374, -3.11544]}}, {"type": "Feature", "properties": {"nome": "CMEI CECILIA CABRAL", "zona": "37", "municipio": "MANAUS", "local": "1910", "nome_urna": "CMEI CECILIA CABRAL", "aderencia": 1.0}, "geometry": {"type": "Point", "coordinates": [-59.99463, -3.10847]}}, {"type": "Feature", "properties": {"nome": "E. M. TEREZA ROSA ABTIBOL", "zona": "37", "municipio": "MANAUS", "local": "1945", "nome_urna": "E. M. TEREZA ROSA ABTIBOL", "aderencia": 1.0}, "geometry": {"type": "Point", "coordinates": [-60.00062, -3.11027]}}, {"type": "Feature", "properties": {"nome": "E. M. PROF. JOSE WANDEMBERG RAMOS LEITE", "zona": "37", "municipio": "MANAUS", "local": "1953", "nome_urna": "E. M. PROF. JOSE WANDEMBERG RAMOS LEITE", "aderencia": 1.0}, "geometry": {"type": "Point", "coordinates": [-59.98246, -3.10699]}}, {"type": "Feature", "properties": {"nome": "E. M. SANTO ANTÔNIO", "zona": "40", "municipio": "MANAUS", "local": "1481", "nome_urna": "E. M. SANTO AGOSTINHO", "aderencia": 0.75}, "geometry": {"type": "Point", "coordinates": [-60.57216, -2.73476]}}, {"type": "Feature", "properties": {"nome": "E. M. BOM JESUS", "zona": "40", "municipio": "MANAUS", "local": "1597", "nome_urna": "E. M. BOM JESUS", "aderencia": 1.0}, "geometry": {"type": "Point", "coordinates": [-60.60889, -2.66876]}}, {"type": "Feature", "properties": {"nome": "E. M. ESTRELA DA MANHÃ", "zona": "40", "municipio": "MANAUS"}, "geometry": {"type": "Point", "coordinates": [-60.65616, -2.64133]}}, {"type": "Feature", "properties": {"nome": "E. M. SAO SEBASTIAO I", "zona": "40", "municipio": "MANAUS", "local": "1643", "nome_urna": "E. M. SAO SEBASTIAO I", "aderencia": 1.0}, "geometry": {"type": "Point", "coordinates": [-60.48588, -2.8162]}}, {"type": "Feature", "properties": {"nome": "E. M. LUIZ JORGE SILVA", "zona": "40", "municipio": "MANAUS", "local": "1600", "nome_urna": "E. M. LUIZ JORGE SILVA", "aderencia": 1.0}, "geometry": {"type": "Point", "coordinates": [-60.46648, -2.93022]}}, {"type": "Feature", "properties": {"nome": "E. M. SAO JOSE", "zona": "40", "municipio": "MANAUS", "local": "1511", "nome_urna": "E. M. SAO JOSE", "aderencia": 1.0}, "geometry": {"type": "Point", "coordinates": [-60.17945, -3.02717]}}, {"type": "Feature", "properties": {"nome": "E. M. DIVINO ESPIRITO SANTO", "zona": "40", "municipio": "MANAUS", "local": "1449", "nome_urna": "E. M. DIVINO ESPIRITO SANTO", "aderencia": 1.0}, "geometry": {"type": "Point", "coordinates": [-60.40774, -3.00095]}}, {"type": "Feature", "properties": {"nome": "E. M. MARIA ISABEL CORDEIRO DE MELGUEIRO", "zona": "40", "municipio": "MANAUS", "local": "1660", "nome_urna": "E. M. MARIA ISABEL CORDEIRO DE MELGUEIRO", "aderencia": 1.0}, "geometry": {"type": "Point", "coordinates": [-60.16767, -2.85496]}}, {"type": "Feature", "properties": {"nome": "E. M. NEUZA DOS SANTOS RIBEIRO", "zona": "40", "municipio": "MANAUS", "local": "1651", "nome_urna": "E. M. NEUZA DOS SANTOS RIBEIRO", "aderencia": 1.0}, "geometry": {"type": "Point", "coordinates": [-60.0532, -2.80128]}}, {"type": "Feature", "properties": {"nome": "E. M. JOSE SOBREIRA DO NASCIMENTO", "zona": "40", "municipio": "MANAUS", "local": "1635", "nome_urna": "E. M. JOSE SOBREIRA DO NASCIMENTO", "aderencia": 1.0}, "geometry": {"type": "Point", "coordinates": [-60.165, -3.02078]}}, {"type": "Feature", "properties": {"nome": "E. M. SAO SEBASTIAO II", "zona": "40", "municipio": "MANAUS", "local": "1570", "nome_urna": "E. M. SAO SEBASTIAO II", "aderencia": 1.0}, "geometry": {"type": "Point", "coordinates": [-60.19831, -2.96857]}}, {"type": "Feature", "properties": {"nome": "E. M. SANTO AGOSTINHO", "zona": "40", "municipio": "MANAUS", "local": "1481", "nome_urna": "E. M. SANTO AGOSTINHO", "aderencia": 1.0}, "geometry": {"type": "Point", "coordinates": [-60.06497, -3.09258]}}, {"type": "Feature", "properties": {"nome": "E. E. MARIA AMELIA DO ESPIRITO SANTO", "zona": "40", "municipio": "MANAUS", "local": "1724", "nome_urna": "E. E. MARIA AMELIA DO ESPIRITO SANTO", "aderencia": 1.0}, "geometry": {"type": "Point", "coordinates": [-60.03927, -3.0923]}}, {"type": "Feature", "properties": {"nome": "E. M. ELINEA FOLHADELA", "zona": "40", "municipio": "MANAUS", "local": "1694", "nome_urna": "E. M. ELINEA FOLHADELA", "aderencia": 1.0}, "geometry": {"type": "Point", "coordinates": [-60.04171, -3.07833]}}, {"type": "Feature", "properties": {"nome": "E. M. DOMINGOS SÁVIO", "zona": "40", "municipio": "MANAUS"}, "geometry": {"type": "Point", "coordinates": [-60.05481, -3.07839]}}, {"type": "Feature", "properties": {"nome": "E. E. FRANCELINA ASSIS DANTAS", "zona": "40", "municipio": "MANAUS", "local": "1465", "nome_urna": "E. E. FRANCELINA ASSIS DANTAS", "aderencia": 1.0}, "geometry": {"type": "Point", "coordinates": [-60.05128, -3.07924]}}, {"type": "Feature", "properties": {"nome": "E. E. PROF. WALDIR GARCIA", "zona": "40", "municipio": "MANAUS", "local": "1554", "nome_urna": "E. E. PROF. WALDIR GARCIA", "aderencia": 1.0}, "geometry": {"type": "Point", "coordinates": [-60.04939, -3.07741]}}, {"type": "Feature", "properties": {"nome": "CMEI PROF. DIERDRE GAMA MACHADO", "zona": "40", "municipio": "MANAUS", "local": "1783", "nome_urna": "CMEI PROF. DIERDRE GAMA MACHADO", "aderencia": 1.0}, "geometry": {"type": "Point", "coordinates": [-60.06706, -3.07403]}}, {"type": "Feature", "properties": {"nome": "CMEI N. S. DA BOA ESPERANÇA", "zona": "40", "municipio": "MANAUS"}, "geometry": {"type": "Point", "coordinates": [-60.05632, -3.08591]}}, {"type": "Feature", "properties": {"nome": "E. E. JOSE RIBAMAR DA COSTA", "zona": "40", "municipio": "MANAUS", "local": "1562", "nome_urna": "E. E. JOSE RIBAMAR DA COSTA", "aderencia": 1.0}, "geometry": {"type": "Point", "coordinates": [-60.06958, -3.06839]}}, {"type": "Feature", "properties": {"nome": "E. E. RAIMUNDO GOMES NOGUEIRA", "zona": "40", "municipio": "MANAUS", "local": "1678", "nome_urna": "E. E. RAIMUNDO GOMES NOGUEIRA", "aderencia": 1.0}, "geometry": {"type": "Point", "coordinates": [-60.03967, -3.06263]}}, {"type": "Feature", "properties": {"nome": "CMEI PROF. MARIA DO CEU VAZ DE OLIVEIRA", "zona": "40", "municipio": "MANAUS", "local": "1716", "nome_urna": "CMEI PROF. MARIA DO CEU VAZ DE OLIVEIRA", "aderencia": 1.0}, "geometry": {"type": "Point", "coordinates": [-60.04412, -3.06474]}}, {"type": "Feature", "properties": {"nome": "E. M. LIRIO DO VALE", "zona": "40", "municipio": "MANAUS", "local": "1538", "nome_urna": "E. M. LIRIO DO VALE", "aderencia": 1.0}, "geometry": {"type": "Point", "coordinates": [-60.06843, -3.07816]}}, {"type": "Feature", "properties": {"nome": "E. E. AGUINELO BITTENCOURT", "zona": "40", "municipio": "MANAUS", "local": "1490", "nome_urna": "E. E. AGUINELO BITTENCOURT", "aderencia": 1.0}, "geometry": {"type": "Point", "coordinates": [-60.06547, -3.08821]}}, {"type": "Feature", "properties": {"nome": "E. E. HUMBERTO DE CAMPOS", "zona": "40", "municipio": "MANAUS", "local": "1732", "nome_urna": "E. E. HUMBERTO DE CAMPOS", "aderencia": 1.0}, "geometry": {"type": "Point", "coordinates": [-60.03475, -3.08016]}}, {"type": "Feature", "properties": {"nome": "E. M. MARIA RUFINA DE ALMEIDA", "zona": "40", "municipio": "MANAUS", "local": "1740", "nome_urna": "E. M. MARIA RUFINA DE ALMEIDA", "aderencia": 1.0}, "geometry": {"type": "Point", "coordinates": [-60.04254, -3.0747]}}, {"type": "Feature", "properties": {"nome": "E. M. PROF. ELIANA LUCIA MONTEIRO DA SILVA", "zona": "40", "municipio": "MANAUS", "local": "1619", "nome_urna": "E. M. PROF. ELIANA LUCIA MONTEIRO DA SILVA", "aderencia": 1.0}, "geometry": {"type": "Point", "coordinates": [-60.06066, -3.09154]}}, {"type": "Feature", "properties": {"nome": "CETI ÁUREA PINHEIRO BRAGA", "zona": "40", "municipio": "MANAUS", "local": "1813", "nome_urna": "CETI ÁUREA PINHEIRO BRAGA", "aderencia": 1.0}, "geometry": {"type": "Point", "coordinates": [-60.05957, -3.09314]}}, {"type": "Feature", "properties": {"nome": "E. E. ANTONIO ENCARNACAO FILHO", "zona": "40", "municipio": "MANAUS", "local": "1520", "nome_urna": "E. E. ANTONIO ENCARNACAO FILHO", "aderencia": 1.0}, "geometry": {"type": "Point", "coordinates": [-60.06467, -3.07542]}}, {"type": "Feature", "properties": {"nome": "E. E. SEN PETRONIO PORTELLA", "zona": "40", "municipio": "MANAUS", "local": "1457", "nome_urna": "E. E. SEN PETRONIO PORTELLA", "aderencia": 1.0}, "geometry": {"type": "Point", "coordinates": [-60.04611, -3.08441]}}, {"type": "Feature", "properties": {"nome": "E. E. SEN. MANOEL SEVERIANO NUNES", "zona": "40", "municipio": "MANAUS", "local": "1473", "nome_urna": "E. E. SEN. MANOEL SEVERIANO NUNES", "aderencia": 1.0}, "geometry": {"type": "Point", "coordinates": [-60.04955, -3.07955]}}, {"type": "Feature", "properties": {"nome": "E. E. MARIA DE LOURDES RODRIGUES ARRUDA", "zona": "40", "municipio": "MANAUS", "local": "1589", "nome_urna": "E. E. MARIA DE LOURDES RODRIGUES ARRUDA", "aderencia": 1.0}, "geometry": {"type": "Point", "coordinates": [-60.05345, -3.08305]}}, {"type": "Feature", "properties": {"nome": "E. M. FIRME NA FE", "zona": "40", "municipio": "MANAUS", "local": "1627", "nome_urna": "E. M. FIRME NA FE", "aderencia": 1.0}, "geometry": {"type": "Point", "coordinates": [-60.05352, -3.07555]}}, {"type": "Feature", "properties": {"nome": "E. E. ROSINA FERREIRA DA SILVA", "zona": "40", "municipio": "MANAUS", "local": "1708", "nome_urna": "E. E. ROSINA FERREIRA DA SILVA", "aderencia": 1.0}, "geometry": {"type": "Point", "coordinates": [-60.04502, -3.07219]}}, {"type": "Feature", "properties": {"nome": "E. E. MARECHAL HERMES", "zona": "40", "municipio": "MANAUS", "local": "1503", "nome_urna": "E. E. MARECHAL HERMES", "aderencia": 1.0}, "geometry": {"type": "Point", "coordinates": [-60.05856, -3.0868]}}, {"type": "Feature", "properties": {"nome": "E. E. PROF. ADELAIDE TAVARES DE MACEDO", "zona": "40", "municipio": "MANAUS", "local": "1759", "nome_urna": "E. E. PROF. ADELAIDE TAVARES DE MACEDO", "aderencia": 1.0}, "geometry": {"type": "Point", "coordinates": [-60.03449, -3.0735]}}, {"type": "Feature", "properties": {"nome": "E. M. SEN. FABIO PEREIRA DE LUCENA BITTENCOURT", "zona": "40", "municipio": "MANAUS", "local": "1546", "nome_urna": "E. M. SEN. FABIO PEREIRA DE LUCENA BITTENCOURT", "aderencia": 1.0}, "geometry": {"type": "Point", "coordinates": [-60.06181, -3.08044]}}, {"type": "Feature", "properties": {"nome": "E. M. CÂNDIDO HONÓRIO", "zona": "40", "municipio": "MANAUS", "local": "1775", "nome_urna": "E.M.CÂNDIDO HONÓRIO", "aderencia": 0.95}, "geometry": {"type": "Point", "coordinates": [-60.04735, -3.07882]}}, {"type": "Feature", "properties": {"nome": "E. E. FRANCISCA BOTINELLY CUNHA E SILVA", "zona": "40", "municipio": "MANAUS", "local": "1686", "nome_urna": "E. E. FRANCISCA BOTINELLY CUNHA E SILVA", "aderencia": 1.0}, "geometry": {"type": "Point", "coordinates": [-60.03546, -3.08632]}}, {"type": "Feature", "properties": {"nome": "E. E. GONCALVES DIAS", "zona": "40", "municipio": "MANAUS", "local": "1767", "nome_urna": "E. E. GONCALVES DIAS", "aderencia": 1.0}, "geometry": {"type": "Point", "coordinates": [-60.04041, -3.08681]}}, {"type": "Feature", "properties": {"nome": "C. E. LA SALLE", "zona": "40", "municipio": "MANAUS", "local": "1791", "nome_urna": "C. E. LA SALLE", "aderencia": 1.0}, "geometry": {"type": "Point", "coordinates": [-60.03985, -3.08819]}}, {"type": "Feature", "properties": {"nome": "E. E. HOMERO DE MIRANDA LEAO", "zona": "58", "municipio": "MANAUS", "local": "1953", "nome_urna": "E. E. HOMERO DE MIRANDA LEAO", "aderencia": 1.0}, "geometry": {"type": "Point", "coordinates": [-59.98865, -3.01958]}}, {"type": "Feature", "properties": {"nome": "E. M. DJALMA PASSOS.", "zona": "58", "municipio": "MANAUS", "local": "1988", "nome_urna": "E. M. DJALMA PASSOS.", "aderencia": 1.0}, "geometry": {"type": "Point", "coordinates": [-59.97735, -3.01754]}}, {"type": "Feature", "properties": {"nome": "CMEI MAGNOLIA FROTA", "zona": "58", "municipio": "MANAUS"}, "geometry": {"type": "Point", "coordinates": [-59.98914, -3.02588]}}, {"type": "Feature", "properties": {"nome": "E. E. DESDOR ANDRE ARAUJO.", "zona": "58", "municipio": "MANAUS", "local": "1791", "nome_urna": "E. E. DESDOR ANDRE ARAUJO.", "aderencia": 1.0}, "geometry": {"type": "Point", "coordinates": [-59.98692, -3.03332]}}, {"type": "Feature", "properties": {"nome": "E. E. DOM MILTON CORREA PEREIRA", "zona": "58", "municipio": "MANAUS", "local": "1821", "nome_urna": "E. E. DOM MILTON CORREA PEREIRA", "aderencia": 1.0}, "geometry": {"type": "Point", "coordinates": [-59.96805, -3.03549]}}, {"type": "Feature", "properties": {"nome": "E. E. MARCANTONIO VILAÇA II - POLÍCIA MILITAR.", "zona": "58", "municipio": "MANAUS", "local": "1864", "nome_urna": "E. E. MARCANTONIO VILAÇA II - POLÍCIA MILITAR.", "aderencia": 1.0}, "geometry": {"type": "Point", "coordinates": [-60.00176, -3.0369]}}, {"type": "Feature", "properties": {"nome": "E. M. ANTONIA ALEXANDRINA.", "zona": "58", "municipio": "MANAUS", "local": "1880", "nome_urna": "E. M. ANTONIA ALEXANDRINA.", "aderencia": 1.0}, "geometry": {"type": "Point", "coordinates": [-59.96908, -3.03668]}}, {"type": "Feature", "properties": {"nome": "E. M. SANTA RITA DE CASSIA", "zona": "58", "municipio": "MANAUS", "local": "1970", "nome_urna": "E. M. SANTA RITA DE CASSIA", "aderencia": 1.0}, "geometry": {"type": "Point", "coordinates": [-59.97932, -3.02559]}}, {"type": "Feature", "properties": {"nome": "CMEI ARGENTINA BARROS.", "zona": "58", "municipio": "MANAUS", "local": "2046", "nome_urna": "CMEI ARGENTINA BARROS.", "aderencia": 1.0}, "geometry": {"type": "Point", "coordinates": [-59.97026, -3.0136]}}, {"type": "Feature", "properties": {"nome": "E. M. LUCILA FREITAS", "zona": "58", "municipio": "MANAUS", "local": "2070", "nome_urna": "E. M. LUCILA FREITAS", "aderencia": 1.0}, "geometry": {"type": "Point", "coordinates": [-60.01453, -3.04102]}}, {"type": "Feature", "properties": {"nome": "E. E. CID CABRAL DA SILVA", "zona": "58", "municipio": "MANAUS", "local": "1848", "nome_urna": "E. E. CID CABRAL DA SILVA", "aderencia": 1.0}, "geometry": {"type": "Point", "coordinates": [-59.96005, -3.02078]}}, {"type": "Feature", "properties": {"nome": "E. E. MARCANTONIO VILAÇA", "zona": "58", "municipio": "MANAUS", "local": "1856", "nome_urna": "E. E. MARCANTONIO VILAÇA", "aderencia": 1.0}, "geometry": {"type": "Point", "coordinates": [-60.00408, -3.03864]}}, {"type": "Feature", "properties": {"nome": "E. E. LENINA FERRARO DA SILVA", "zona": "58", "municipio": "MANAUS", "local": "1830", "nome_urna": "E. E. LENINA FERRARO DA SILVA", "aderencia": 1.0}, "geometry": {"type": "Point", "coordinates": [-59.96004, -3.02165]}}, {"type": "Feature", "properties": {"nome": "E. E. JULIO CESAR DE MORAES PASSOS", "zona": "58", "municipio": "MANAUS", "local": "1899", "nome_urna": "E. E. JULIO CESAR DE MORAES PASSOS", "aderencia": 1.0}, "geometry": {"type": "Point", "coordinates": [-59.99676, -3.03579]}}, {"type": "Feature", "properties": {"nome": "E. M. MARIO JORGE DO COUTO LOPES", "zona": "58", "municipio": "MANAUS"}, "geometry": {"type": "Point", "coordinates": [-59.9856, -3.03679]}}, {"type": "Feature", "properties": {"nome": "E. M. DR. JOAO QUEIROZ (ATRÁS DO SHOPPING SUMAÚMA).", "zona": "58", "municipio": "MANAUS", "local": "1929", "nome_urna": "E. M. DR. JOAO QUEIROZ (ATRÁS DO SHOPPING SUMAÚMA).", "aderencia": 1.0}, "geometry": {"type": "Point", "coordinates": [-59.97514, -3.0345]}}, {"type": "Feature", "properties": {"nome": "E. M. ENG JOÃO ALBERTO DE MENEZES BRAGA.", "zona": "58", "municipio": "MANAUS", "local": "1945", "nome_urna": "E. M. ENG JOÃO ALBERTO DE MENEZES BRAGA.", "aderencia": 1.0}, "geometry": {"type": "Point", "coordinates": [-59.99924, -3.03421]}}, {"type": "Feature", "properties": {"nome": "E. M. PROF. JULIO CESAR DE MORAES PASSOS", "zona": "58", "municipio": "MANAUS", "local": "1996", "nome_urna": "E. M. PROF. JULIO CESAR DE MORAES PASSOS", "aderencia": 1.0}, "geometry": {"type": "Point", "coordinates": [-59.97247, -3.02355]}}, {"type": "Feature", "properties": {"nome": "E. E. DR. JOSE MILTON BANDEIRA", "zona": "58", "municipio": "MANAUS", "local": "2020", "nome_urna": "E. E. DR. JOSE MILTON BANDEIRA", "aderencia": 1.0}, "geometry": {"type": "Point", "coordinates": [-59.99921, -3.02998]}}, {"type": "Feature", "properties": {"nome": "E. E. DOM JOAO DE SOUZA LIMA", "zona": "58", "municipio": "MANAUS", "local": "1813", "nome_urna": "E. E. DOM JOAO DE SOUZA LIMA", "aderencia": 1.0}, "geometry": {"type": "Point", "coordinates": [-59.98218, -3.03955]}}, {"type": "Feature", "properties": {"nome": "E. E. PROF. SEBASTIANA BRAGA", "zona": "58", "municipio": "MANAUS", "local": "1872", "nome_urna": "E. E. PROF. SEBASTIANA BRAGA", "aderencia": 1.0}, "geometry": {"type": "Point", "coordinates": [-59.98246, -3.04019]}}, {"type": "Feature", "properties": {"nome": "E. E. ALDEIA DO CONHECIMENTO PROF. RUTH PRESTES GONÇALVES", "zona": "58", "municipio": "MANAUS", "local": "2054", "nome_urna": "E. E. ALDEIA DO CONHECIMENTO PROF. RUTH PRESTES GONÇALVES", "aderencia": 1.0}, "geometry": {"type": "Point", "coordinates": [-59.97943, -3.02952]}}, {"type": "Feature", "properties": {"nome": "CRECHE MUNICIPAL MARIA DA ANUNCIAÇÃO NORONHA PINTO", "zona": "58", "municipio": "MANAUS"}, "geometry": {"type": "Point", "coordinates": [-59.97009, -3.01469]}}, {"type": "Feature", "properties": {"nome": "E. M. PROF. NILTON LINS", "zona": "58", "municipio": "MANAUS", "local": "1902", "nome_urna": "E. M. PROF. NILTON LINS", "aderencia": 1.0}, "geometry": {"type": "Point", "coordinates": [-59.99972, -3.03966]}}, {"type": "Feature", "properties": {"nome": "E. E. SEN JOÃO BOSCO RAMOS DE LIMA", "zona": "58", "municipio": "MANAUS", "local": "1937", "nome_urna": "E. E. SEN JOÃO BOSCO RAMOS DE LIMA", "aderencia": 1.0}, "geometry": {"type": "Point", "coordinates": [-59.97875, -3.02977]}}, {"type": "Feature", "properties": {"nome": "CMEI PROF. ROZENDO NETO DE LIMA", "zona": "58", "municipio": "MANAUS", "local": "2089", "nome_urna": "CEMEI PROF. ROSENDO NETO DE LIMA", "aderencia": 0.95}, "geometry": {"type": "Point", "coordinates": [-59.98622, -3.04691]}}, {"type": "Feature", "properties": {"nome": "E. M. RAIMUNDO THEODORO BOTINELLY ASSUMPÇÃO", "zona": "58", "municipio": "MANAUS", "local": "2097", "nome_urna": "E. M. RAIMUNDO THEODORO BOTINELLY ASSUMPÇÃO", "aderencia": 1.0}, "geometry": {"type": "Point", "coordinates": [-59.96631, -3.02897]}}, {"type": "Feature", "properties": {"nome": "E. E. HILDA DE AZEVEDO TRIBUZY.", "zona": "58", "municipio": "MANAUS", "local": "1805", "nome_urna": "E. E. HILDA DE AZEVEDO TRIBUZY.", "aderencia": 1.0}, "geometry": {"type": "Point", "coordinates": [-59.98213, -3.0304]}}, {"type": "Feature", "properties": {"nome": "E. E. FRANCISCA DE PAULA DE JESUS IZABEL", "zona": "58", "municipio": "MANAUS", "local": "2011", "nome_urna": "E. E. FRANCISCA PAULA DE JESUS IZABEL", "aderencia": 0.96}, "geometry": {"type": "Point", "coordinates": [-59.9699, -3.01265]}}, {"type": "Feature", "properties": {"nome": "E. M. JOÃO DOS SANTOS PEREIRA BRAGA", "zona": "59", "municipio": "MANAUS", "local": "2194", "nome_urna": "E. M. JOÃO DOS SANTOS PEREIRA BRAGA", "aderencia": 1.0}, "geometry": {"type": "Point", "coordinates": [-59.94444, -3.07455]}}, {"type": "Feature", "properties": {"nome": "ESCOLA DO SESI - DRA EMINA BARBOSA MUSTAFA", "zona": "59", "municipio": "MANAUS"}, "geometry": {"type": "Point", "coordinates": [-59.96938, -3.07395]}}, {"type": "Feature", "properties": {"nome": "E. E. MANUEL RODRIGUES DE SOUZA", "zona": "59", "municipio": "MANAUS", "local": "2046", "nome_urna": "E. E. MANUEL RODRIGUES DE SOUZA", "aderencia": 1.0}, "geometry": {"type": "Point", "coordinates": [-59.93682, -3.09473]}}, {"type": "Feature", "properties": {"nome": "E. M. ARISTOTELES COMTE DE ALENCAR", "zona": "59", "municipio": "MANAUS", "local": "2070", "nome_urna": "E. M. ARISTOTELES COMTE DE ALENCAR", "aderencia": 1.0}, "geometry": {"type": "Point", "coordinates": [-59.94435, -3.08975]}}, {"type": "Feature", "properties": {"nome": "E. M. HEMETERIO CABRINHA", "zona": "59", "municipio": "MANAUS", "local": "2267", "nome_urna": "E. M. HEMETERIO CABRINHA", "aderencia": 1.0}, "geometry": {"type": "Point", "coordinates": [-59.97807, -3.09103]}}, {"type": "Feature", "properties": {"nome": "E. E. PROF. MARIA ARMINDA GUIMARAES DE ANDRADE", "zona": "59", "municipio": "MANAUS", "local": "2275", "nome_urna": "E. E. PROF. MARIA ARMINDA GUIMARAES DE ANDRADE", "aderencia": 1.0}, "geometry": {"type": "Point", "coordinates": [-59.97814, -3.08776]}}, {"type": "Feature", "properties": {"nome": "E. E. GILBERTO MESTRINHO", "zona": "59", "municipio": "MANAUS", "local": "2100", "nome_urna": "E. E. GILBERTO MESTRINHO", "aderencia": 1.0}, "geometry": {"type": "Point", "coordinates": [-59.89087, -3.08669]}}, {"type": "Feature", "properties": {"nome": "E. E. PROF. ANTONIO MAURITI MONTEIRO COELHO", "zona": "59", "municipio": "MANAUS", "local": "2127", "nome_urna": "E. E. PROF. ANTONIO MAURITI MONTEIRO COELHO", "aderencia": 1.0}, "geometry": {"type": "Point", "coordinates": [-59.97206, -3.07779]}}, {"type": "Feature", "properties": {"nome": "E. E. MARIA MADALENA SANTANA DE LIMA", "zona": "59", "municipio": "MANAUS", "local": "2291", "nome_urna": "E. E. MARIA MADALENA SANTANA DE LIMA", "aderencia": 1.0}, "geometry": {"type": "Point", "coordinates": [-59.94267, -3.08958]}}, {"type": "Feature", "properties": {"nome": "E. E. PROF. MARIA TEIXEIRA GOES", "zona": "59", "municipio": "MANAUS", "local": "2313", "nome_urna": "E. E. PROF. MARIA TEIXEIRA GOES", "aderencia": 1.0}, "geometry": {"type": "Point", "coordinates": [-59.94476, -3.08197]}}, {"type": "Feature", "properties": {"nome": "E. E. PROF. REINALDO THOMPSON", "zona": "59", "municipio": "MANAUS", "local": "2224", "nome_urna": "E. E. PROF. REINALDO THOMPSON", "aderencia": 1.0}, "geometry": {"type": "Point", "coordinates": [-59.98252, -3.09325]}}, {"type": "Feature", "properties": {"nome": "E. M. PROF. MARIA RODRIGUES TAPAJOS", "zona": "59", "municipio": "MANAUS"}, "geometry": {"type": "Point", "coordinates": [-59.97371, -3.08566]}}, {"type": "Feature", "properties": {"nome": "CMEI UMBERTO CALDERARO", "zona": "59", "municipio": "MANAUS", "local": "2208", "nome_urna": "CEMEI UMBERTO CALDERARO", "aderencia": 0.98}, "geometry": {"type": "Point", "coordinates": [-59.94428, -3.07504]}}, {"type": "Feature", "properties": {"nome": "E. M. ANITA GARIBALDI", "zona": "59", "municipio": "MANAUS"}, "geometry": {"type": "Point", "coordinates": [-59.93744, -3.07905]}}, {"type": "Feature", "properties": {"nome": "E. M. PROF. FRANCISCA PERGENTINA DA SILVA", "zona": "59", "municipio": "MANAUS", "local": "2305", "nome_urna": "E. M. PROF. FRANCISCA PERGENTINA DA SILVA", "aderencia": 1.0}, "geometry": {"type": "Point", "coordinates": [-59.94252, -3.08068]}}, {"type": "Feature", "properties": {"nome": "E. E. ANTONIO NUNES JIMENEZ", "zona": "59", "municipio": "MANAUS", "local": "2089", "nome_urna": "E. E. ANTONIO NUNES JIMENEZ", "aderencia": 1.0}, "geometry": {"type": "Point", "coordinates": [-59.93762, -3.07789]}}, {"type": "Feature", "properties": {"nome": "E. E. MANUEL ANTONIO DE SOUZA", "zona": "59", "municipio": "MANAUS", "local": "2020", "nome_urna": "E. E. MANUEL ANTONIO DE SOUZA", "aderencia": 1.0}, "geometry": {"type": "Point", "coordinates": [-59.89682, -3.09302]}}, {"type": "Feature", "properties": {"nome": "E. M. ARTE E CULTURA", "zona": "59", "municipio": "MANAUS"}, "geometry": {"type": "Point", "coordinates": [-59.98499, -3.09158]}}, {"type": "Feature", "properties": {"nome": "E. E. DEP. JOSUÉ CLAUDIO DE SOUZA - GM3", "zona": "59", "municipio": "MANAUS", "local": "2119", "nome_urna": "E. E. DEP. JOSUÉ CLAUDIO DE SOUZA - GM3", "aderencia": 1.0}, "geometry": {"type": "Point", "coordinates": [-59.98149, -3.09491]}}, {"type": "Feature", "properties": {"nome": "E. M. SAO LUIZ", "zona": "59", "municipio": "MANAUS", "local": "2038", "nome_urna": "E. M. SAO LUIZ", "aderencia": 1.0}, "geometry": {"type": "Point", "coordinates": [-59.88769, -3.0845]}}, {"type": "Feature", "properties": {"nome": "E. E. CACILDA BRAULE PINTO", "zona": "59", "municipio": "MANAUS", "local": "2097", "nome_urna": "E. E. CACILDA BRAULE PINTO", "aderencia": 1.0}, "geometry": {"type": "Point", "coordinates": [-59.98321, -3.09061]}}, {"type": "Feature", "properties": {"nome": "E. E. PROF. ARISTOTELES COMTE DE ALENCAR", "zona": "59", "municipio": "MANAUS", "local": "2240", "nome_urna": "E. E. PROF. ARISTOTELES COMTE DE ALENCAR", "aderencia": 1.0}, "geometry": {"type": "Point", "coordinates": [-59.98084, -3.09332]}}, {"type": "Feature", "properties": {"nome": "CMEI MADRE ANA ROSA GATTORNO", "zona": "59", "municipio": "MANAUS"}, "geometry": {"type": "Point", "coordinates": [-59.94316, -3.09019]}}, {"type": "Feature", "properties": {"nome": "CMEI ABELINHA", "zona": "59", "municipio": "MANAUS", "local": "2054", "nome_urna": "CEMEI ABELINHA", "aderencia": 0.96}, "geometry": {"type": "Point", "coordinates": [-59.98411, -3.09089]}}, {"type": "Feature", "properties": {"nome": "E. M. ENG. ANTONIO NELSON DE OLIVEIRA NETO", "zona": "59", "municipio": "MANAUS", "local": "2062", "nome_urna": "E. M. ENG. ANTONIO NELSON DE OLIVEIRA NETO", "aderencia": 1.0}, "geometry": {"type": "Point", "coordinates": [-59.94054, -3.08967]}}, {"type": "Feature", "properties": {"nome": "E. E. PADRE LUIS RUAS", "zona": "59", "municipio": "MANAUS", "local": "2216", "nome_urna": "E. E. PADRE LUIS RUAS", "aderencia": 1.0}, "geometry": {"type": "Point", "coordinates": [-59.94959, -3.08093]}}, {"type": "Feature", "properties": {"nome": "E. M. PROF. AGENOR FERREIRA LIMA", "zona": "59", "municipio": "MANAUS", "local": "2186", "nome_urna": "E. M. PROF. AGENOR FERREIRA LIMA", "aderencia": 1.0}, "geometry": {"type": "Point", "coordinates": [-59.94669, -3.07693]}}, {"type": "Feature", "properties": {"nome": "E. M. ETELVINA PEREIRA BRAGA", "zona": "59", "municipio": "MANAUS", "local": "2178", "nome_urna": "E. M. ETELVINA PEREIRA BRAGA", "aderencia": 1.0}, "geometry": {"type": "Point", "coordinates": [-59.9688, -3.08247]}}, {"type": "Feature", "properties": {"nome": "E. E. PROF. MYRTHES MARQUES TRIGUEIRO", "zona": "59", "municipio": "MANAUS", "local": "2259", "nome_urna": "E. E. PROF. MYRTHES MARQUES TRIGUEIRO", "aderencia": 1.0}, "geometry": {"type": "Point", "coordinates": [-59.9812, -3.08867]}}, {"type": "Feature", "properties": {"nome": "E. M. FREI MARIO MONACELLI DE GRELLO", "zona": "59", "municipio": "MANAUS"}, "geometry": {"type": "Point", "coordinates": [-59.89133, -3.08214]}}, {"type": "Feature", "properties": {"nome": "E. M. RUI BARBOSA LIMA", "zona": "59", "municipio": "MANAUS", "local": "2135", "nome_urna": "E. M. RUI BARBOSA LIMA", "aderencia": 1.0}, "geometry": {"type": "Point", "coordinates": [-59.94326, -3.0906]}}, {"type": "Feature", "properties": {"nome": "E. M. NOSSA SENHORA DAS GRAÇAS", "zona": "59", "municipio": "MANAUS", "local": "2283", "nome_urna": "E. M. NOSSA SENHORA DAS GRAÇAS", "aderencia": 1.0}, "geometry": {"type": "Point", "coordinates": [-59.88304, -3.08669]}}, {"type": "Feature", "properties": {"nome": "E. E. RILTON LEAL FILHO", "zona": "59", "municipio": "MANAUS", "local": "2348", "nome_urna": "E. E. RILTON LEAL FILHO", "aderencia": 1.0}, "geometry": {"type": "Point", "coordinates": [-59.94216, -3.08911]}}, {"type": "Feature", "properties": {"nome": "E. M. IVAN JR. SARAIVA DE BARROS", "zona": "62", "municipio": "MANAUS"}, "geometry": {"type": "Point", "coordinates": [-60.09046, -2.85425]}}, {"type": "Feature", "properties": {"nome": "E. M. MARIA LEIDE AMORIM", "zona": "62", "municipio": "MANAUS", "local": "1848", "nome_urna": "E. M. MARIA LEIDE AMORIM", "aderencia": 1.0}, "geometry": {"type": "Point", "coordinates": [-60.0263, -2.94768]}}, {"type": "Feature", "properties": {"nome": "E. M. CARLOS ANTONIO CARDOSO", "zona": "62", "municipio": "MANAUS", "local": "1899", "nome_urna": "E. M. CARLOS ANTONIO CARDOSO", "aderencia": 1.0}, "geometry": {"type": "Point", "coordinates": [-60.03825, -2.61704]}}, {"type": "Feature", "properties": {"nome": "E. M. CARLOS SANTOS", "zona": "62", "municipio": "MANAUS", "local": "1708", "nome_urna": "E. M. CARLOS SANTOS", "aderencia": 1.0}, "geometry": {"type": "Point", "coordinates": [-59.99393, -2.91508]}}, {"type": "Feature", "properties": {"nome": "E. E. THOMÉ DE MEDEIROS RAPOSO", "zona": "62", "municipio": "MANAUS", "local": "1686", "nome_urna": "E. E. THOMÉ DE MEDEIROS RAPOSO", "aderencia": 1.0}, "geometry": {"type": "Point", "coordinates": [-60.03756, -3.05112]}}, {"type": "Feature", "properties": {"nome": "E. E. ALFREDO FERNANDES", "zona": "62", "municipio": "MANAUS", "local": "1821", "nome_urna": "E. E. ALFREDO FERNANDES", "aderencia": 1.0}, "geometry": {"type": "Point", "coordinates": [-60.05936, -3.07413]}}, {"type": "Feature", "properties": {"nome": "E. E. SENADOR EVANDRO DAS NEVES CARREIRA", "zona": "62", "municipio": "MANAUS", "local": "1970", "nome_urna": "E. E. SENADOR EVANDRO DAS NEVES CARREIRA", "aderencia": 1.0}, "geometry": {"type": "Point", "coordinates": [-59.99665, -2.96579]}}, {"type": "Feature", "properties": {"nome": "E. E. ELIANA SOCORRO PACHECO BRAGA", "zona": "62", "municipio": "MANAUS", "local": "1600", "nome_urna": "E. E. ELIANA SOCORRO PACHECO BRAGA", "aderencia": 1.0}, "geometry": {"type": "Point", "coordinates": [-59.99601, -2.96804]}}, {"type": "Feature", "properties": {"nome": "E. E. ITACYARA MARQUES PINHO", "zona": "62", "municipio": "MANAUS", "local": "1619", "nome_urna": "E. E. ITACYARA MARQUES PINHO", "aderencia": 1.0}, "geometry": {"type": "Point", "coordinates": [-60.06072, -3.0736]}}, {"type": "Feature", "properties": {"nome": "E. E. OLGA FALCONE", "zona": "62", "municipio": "MANAUS", "local": "1651", "nome_urna": "E. E. OLGA FALCONE", "aderencia": 1.0}, "geometry": {"type": "Point", "coordinates": [-60.03077, -3.05568]}}, {"type": "Feature", "properties": {"nome": "E. E. PROF. WALDOCKE FRICK DE LIRA- COLÉGIO MILITAR", "zona": "62", "municipio": "MANAUS", "local": "1660", "nome_urna": "E. E. PROF. WALDOCKE FRICK DE LIRA- COLÉGIO MILITAR", "aderencia": 1.0}, "geometry": {"type": "Point", "coordinates": [-60.01044, -2.96814]}}, {"type": "Feature", "properties": {"nome": "E. M. PROF. ELIZABETH BELTRAO", "zona": "62", "municipio": "MANAUS", "local": "1740", "nome_urna": "E. M. PROF. ELIZABETH BELTRAO", "aderencia": 1.0}, "geometry": {"type": "Point", "coordinates": [-60.01652, -2.98673]}}, {"type": "Feature", "properties": {"nome": "E. M. GILBERTO RODRIGUES DOS SANTOS", "zona": "62", "municipio": "MANAUS"}, "geometry": {"type": "Point", "coordinates": [-59.98249, -2.96436]}}, {"type": "Feature", "properties": {"nome": "E. M. JOÃO APARECIDO ALVES DOS SANTOS", "zona": "62", "municipio": "MANAUS", "local": "1996", "nome_urna": "E. M. JOÃO APARECIDO ALVES DOS SANTOS", "aderencia": 1.0}, "geometry": {"type": "Point", "coordinates": [-60.03756, -3.00076]}}, {"type": "Feature", "properties": {"nome": "E. M. NESTOR JOSE DO NASCIMENTO", "zona": "62", "municipio": "MANAUS", "local": "1732", "nome_urna": "E. M. NESTOR JOSE DO NASCIMENTO", "aderencia": 1.0}, "geometry": {"type": "Point", "coordinates": [-60.03304, -3.00397]}}, {"type": "Feature", "properties": {"nome": "E. M. SIRIA MAMED AMED CHAGAS", "zona": "62", "municipio": "MANAUS", "local": "1791", "nome_urna": "E. M. SIRIA MAMED AMED CHAGAS", "aderencia": 1.0}, "geometry": {"type": "Point", "coordinates": [-59.9952, -2.98756]}}, {"type": "Feature", "properties": {"nome": "CMEI - ISMAIL AZIZ", "zona": "62", "municipio": "MANAUS", "local": "1830", "nome_urna": "CMEI - ISMAIL AZIZ", "aderencia": 1.0}, "geometry": {"type": "Point", "coordinates": [-60.02561, -2.96601]}}, {"type": "Feature", "properties": {"nome": "E. M. SANTA ROSA II", "zona": "62", "municipio": "MANAUS", "local": "2011", "nome_urna": "E. M. SANTA ROSA II", "aderencia": 1.0}, "geometry": {"type": "Point", "coordinates": [-60.07188, -2.98771]}}, {"type": "Feature", "properties": {"nome": "E. E. ARTHUR VIRGILIO FILHO", "zona": "62", "municipio": "MANAUS", "local": "1597", "nome_urna": "E. E. ARTHUR VIRGILIO FILHO", "aderencia": 1.0}, "geometry": {"type": "Point", "coordinates": [-60.00979, -2.98662]}}, {"type": "Feature", "properties": {"nome": "E. E. TEREZA DE JESUS VASCONCELOS DIAS", "zona": "62", "municipio": "MANAUS", "local": "1678", "nome_urna": "E. E. TEREZA DE JESUS VASCONCELOS DIAS", "aderencia": 1.0}, "geometry": {"type": "Point", "coordinates": [-60.03787, -3.06018]}}, {"type": "Feature", "properties": {"nome": "E. E. MARIA RODRIGUES TAPAJÓS", "zona": "62", "municipio": "MANAUS", "local": "1635", "nome_urna": "E. E. MARIA RODRIGUES TAPAJÓS", "aderencia": 1.0}, "geometry": {"type": "Point", "coordinates": [-60.04633, -3.06121]}}, {"type": "Feature", "properties": {"nome": "E. E. OCTAVIO MOURÃO", "zona": "62", "municipio": "MANAUS", "local": "1643", "nome_urna": "E. E. OCTAVIO MOURÃO", "aderencia": 1.0}, "geometry": {"type": "Point", "coordinates": [-60.01596, -2.98142]}}, {"type": "Feature", "properties": {"nome": "E. M. JOÃO ALFREDO", "zona": "62", "municipio": "MANAUS", "local": "1716", "nome_urna": "E. M. JOÃO ALFREDO", "aderencia": 1.0}, "geometry": {"type": "Point", "coordinates": [-60.03069, -3.06239]}}, {"type": "Feature", "properties": {"nome": "E. E. GARCITYLZO DO LAGO E SILVA", "zona": "62", "municipio": "MANAUS", "local": "1864", "nome_urna": "E. E. GARCITYLZO DO LAGO E SILVA", "aderencia": 1.0}, "geometry": {"type": "Point", "coordinates": [-60.04263, -3.01422]}}, {"type": "Feature", "properties": {"nome": "E. M. ESMERALDA SOARES NEVES", "zona": "62", "municipio": "MANAUS", "local": "1880", "nome_urna": "E. M. ESMERALDA SOARES NEVES", "aderencia": 1.0}, "geometry": {"type": "Point", "coordinates": [-60.02985, -2.97618]}}, {"type": "Feature", "properties": {"nome": "E. M. ANTONIA MEDEIROS DA SILVA", "zona": "62", "municipio": "MANAUS", "local": "1694", "nome_urna": "E. M. ANTONIA MEDEIROS DA SILVA", "aderencia": 1.0}, "geometry": {"type": "Point", "coordinates": [-60.02886, -2.97625]}}, {"type": "Feature", "properties": {"nome": "E. M. SARA BARROSO CORDEIRO", "zona": "62", "municipio": "MANAUS", "local": "1783", "nome_urna": "E. M. SARA BARROSO CORDEIRO", "aderencia": 1.0}, "geometry": {"type": "Point", "coordinates": [-60.01427, -2.98983]}}, {"type": "Feature", "properties": {"nome": "CMEI MARY ASSAYAG HANNAN", "zona": "62", "municipio": "MANAUS", "local": "1961", "nome_urna": "CMEI MARY ASSAYAG HANNAN", "aderencia": 1.0}, "geometry": {"type": "Point", "coordinates": [-60.03487, -2.99925]}}, {"type": "Feature", "properties": {"nome": "E. M. PROF. ANTONIA PEREIRA DA SILVA", "zona": "62", "municipio": "MANAUS", "local": "1694", "nome_urna": "E. M. ANTONIA MEDEIROS DA SILVA", "aderencia": 0.81}, "geometry": {"type": "Point", "coordinates": [-60.00998, -2.98196]}}, {"type": "Feature", "properties": {"nome": "E. M. JOAO GOULART", "zona": "62", "municipio": "MANAUS", "local": "1813", "nome_urna": "E. M. JOAO GOULART", "aderencia": 1.0}, "geometry": {"type": "Point", "coordinates": [-60.01225, -2.98375]}}, {"type": "Feature", "properties": {"nome": "C. E. JOSÉ ROBERTO TADROS", "zona": "62", "municipio": "MANAUS", "local": "1945", "nome_urna": "C. E. JOSE ROBERTO TADROS", "aderencia": 1.0}, "geometry": {"type": "Point", "coordinates": [-60.04589, -3.06754]}}, {"type": "Feature", "properties": {"nome": "E. M. NOSSA SENHORA DA PAZ", "zona": "62", "municipio": "MANAUS", "local": "1562", "nome_urna": "E. M. NOSSA SENHORA DA PAZ", "aderencia": 1.0}, "geometry": {"type": "Point", "coordinates": [-60.0307, -3.06226]}}, {"type": "Feature", "properties": {"nome": "E. M. IRMA SERAFINA CINQUE", "zona": "62", "municipio": "MANAUS"}, "geometry": {"type": "Point", "coordinates": [-60.03077, -3.0557]}}, {"type": "Feature", "properties": {"nome": "CMEI PROF. RAIMUNDO FIGUEIREDO", "zona": "62", "municipio": "MANAUS", "local": "1589", "nome_urna": "CMEI PROF. RAIMUNDO FIGUEIREDO", "aderencia": 1.0}, "geometry": {"type": "Point", "coordinates": [-60.0406, -3.05579]}}, {"type": "Feature", "properties": {"nome": "E. E. MARIA DA LUZ CALDERARO", "zona": "62", "municipio": "MANAUS", "local": "1627", "nome_urna": "E. E. MARIA DA LUZ CALDERARO", "aderencia": 1.0}, "geometry": {"type": "Point", "coordinates": [-60.03916, -3.05172]}}, {"type": "Feature", "properties": {"nome": "E. M. PROF. GELCY SENA ABRANTIS", "zona": "62", "municipio": "MANAUS", "local": "1759", "nome_urna": "E. M. PROF. GELCY SENA ABRANTIS", "aderencia": 1.0}, "geometry": {"type": "Point", "coordinates": [-60.0446, -3.06049]}}, {"type": "Feature", "properties": {"nome": "E. M. RODOLFO VALE", "zona": "62", "municipio": "MANAUS", "local": "1775", "nome_urna": "E. M. RODOLFO VALE", "aderencia": 1.0}, "geometry": {"type": "Point", "coordinates": [-60.04617, -3.05929]}}, {"type": "Feature", "properties": {"nome": "E. M. ANA CRISTINA DE AQUINO", "zona": "62", "municipio": "MANAUS", "local": "2003", "nome_urna": "E. M. ANA CRISTINA DE AQUINO", "aderencia": 1.0}, "geometry": {"type": "Point", "coordinates": [-60.04865, -3.00775]}}, {"type": "Feature", "properties": {"nome": "E. M. MARIA DO CARMO REBELLO DE SOUZA", "zona": "63", "municipio": "MANAUS", "local": "1872", "nome_urna": "E. M. MARIA DO CARMO REBELLO DE SOUZA", "aderencia": 1.0}, "geometry": {"type": "Point", "coordinates": [-59.94927, -3.06313]}}, {"type": "Feature", "properties": {"nome": "E. M. PROF. JOÃO CHRYSÓSTOMO DE OLIVEIRA", "zona": "63", "municipio": "MANAUS", "local": "2020", "nome_urna": "E. M. PROF. JOÃO CHRYSÓSTOMO DE OLIVEIRA", "aderencia": 1.0}, "geometry": {"type": "Point", "coordinates": [-59.95194, -3.0568]}}, {"type": "Feature", "properties": {"nome": "E. M. JORGE AMADO", "zona": "63", "municipio": "MANAUS"}, "geometry": {"type": "Point", "coordinates": [-59.93268, -3.05624]}}, {"type": "Feature", "properties": {"nome": "E. M. ROBERTO RUIZ HERNANDEZ", "zona": "63", "municipio": "MANAUS", "local": "2119", "nome_urna": "E. M. ROBERTO RUIZ HERNANDEZ", "aderencia": 1.0}, "geometry": {"type": "Point", "coordinates": [-59.96165, -3.06359]}}, {"type": "Feature", "properties": {"nome": "E.M.E.F. PROF. ALVARO CESAR DE CARVALHO", "zona": "63", "municipio": "MANAUS"}, "geometry": {"type": "Point", "coordinates": [-59.93765, -3.06323]}}, {"type": "Feature", "properties": {"nome": "E. M. JORGE DE REZENDE SOBRINHO", "zona": "63", "municipio": "MANAUS", "local": "1996", "nome_urna": "E. M. JORGE DE REZENDE SOBRINHO", "aderencia": 1.0}, "geometry": {"type": "Point", "coordinates": [-59.94579, -3.05601]}}, {"type": "Feature", "properties": {"nome": "E. E. ERNESTO PENAFORT", "zona": "63", "municipio": "MANAUS", "local": "2038", "nome_urna": "E. E. ERNESTO PENAFORT", "aderencia": 1.0}, "geometry": {"type": "Point", "coordinates": [-59.95343, -3.05741]}}, {"type": "Feature", "properties": {"nome": "E. M. DR. VICENTE MENDONÇA JÚNIOR", "zona": "63", "municipio": "MANAUS", "local": "2070", "nome_urna": "E. M. DR. VICENTE MENDONÇA JÚNIOR", "aderencia": 1.0}, "geometry": {"type": "Point", "coordinates": [-59.92605, -3.07286]}}, {"type": "Feature", "properties": {"nome": "E. M. FRANCISCA MENDES", "zona": "63", "municipio": "MANAUS", "local": "1821", "nome_urna": "E. M. FRANCISCA MENDES", "aderencia": 1.0}, "geometry": {"type": "Point", "coordinates": [-59.94526, -3.06783]}}, {"type": "Feature", "properties": {"nome": "E. E. DOM JACSON DAMASCENO RODRIGUES", "zona": "63", "municipio": "MANAUS", "local": "2046", "nome_urna": "E. E. DOM JACSON DAMASCENO RODRIGUES", "aderencia": 1.0}, "geometry": {"type": "Point", "coordinates": [-59.96111, -3.0629]}}, {"type": "Feature", "properties": {"nome": "E. E. PROF. JORGE KARAM NETO", "zona": "63", "municipio": "MANAUS", "local": "2003", "nome_urna": "E. E. PROF. JORGE KARAM NETO", "aderencia": 1.0}, "geometry": {"type": "Point", "coordinates": [-59.94857, -3.05569]}}, {"type": "Feature", "properties": {"nome": "E. M. PROF. DAVISON DE ARAUJO PEREIRA", "zona": "63", "municipio": "MANAUS"}, "geometry": {"type": "Point", "coordinates": [-59.94327, -3.04916]}}, {"type": "Feature", "properties": {"nome": "E. M. CATARINA PAZ DA COSTA", "zona": "63", "municipio": "MANAUS"}, "geometry": {"type": "Point", "coordinates": [-59.94976, -3.07263]}}, {"type": "Feature", "properties": {"nome": "E. M. ARMANDO MENDES", "zona": "63", "municipio": "MANAUS", "local": "1732", "nome_urna": "E. M. ARMANDO MENDES", "aderencia": 1.0}, "geometry": {"type": "Point", "coordinates": [-59.94465, -3.06709]}}, {"type": "Feature", "properties": {"nome": "E. M. LEONOR UCHOA DE AMORIM", "zona": "63", "municipio": "MANAUS", "local": "1856", "nome_urna": "E. M. LEONOR UCHOA DE AMORIM", "aderencia": 1.0}, "geometry": {"type": "Point", "coordinates": [-59.95252, -3.07062]}}, {"type": "Feature", "properties": {"nome": "E. E. PROF. BERNARDETE DO SOCORRO TRINDADE DA ROCHA", "zona": "63", "municipio": "MANAUS", "local": "1910", "nome_urna": "E. E. PROFª. BERNARDETE DO SOCORRO TRINDADE DA ROCHA", "aderencia": 0.99}, "geometry": {"type": "Point", "coordinates": [-59.93994, -3.06537]}}, {"type": "Feature", "properties": {"nome": "E. E. RODERICK DE CASTELO BRANCO", "zona": "63", "municipio": "MANAUS", "local": "1945", "nome_urna": "E. E. RODERICK DE CASTELO BRANCO", "aderencia": 1.0}, "geometry": {"type": "Point", "coordinates": [-59.93957, -3.06459]}}, {"type": "Feature", "properties": {"nome": "E. M. ALBÉRICO ANTUNES DE OLIVEIRA", "zona": "63", "municipio": "MANAUS", "local": "1929", "nome_urna": "E. M. ALBÉRICO ANTUNES DE OLIVEIRA", "aderencia": 1.0}, "geometry": {"type": "Point", "coordinates": [-59.93936, -3.06982]}}, {"type": "Feature", "properties": {"nome": "CMEI BEATRIZ SVERNER", "zona": "63", "municipio": "MANAUS"}, "geometry": {"type": "Point", "coordinates": [-59.93407, -3.05331]}}, {"type": "Feature", "properties": {"nome": "E. M. MANOEL FRANCISCO GARCIA MARQUES", "zona": "63", "municipio": "MANAUS", "local": "2151", "nome_urna": "E. M. MANOEL FRANCISCO GARCIA MARQUES", "aderencia": 1.0}, "geometry": {"type": "Point", "coordinates": [-59.92667, -3.06234]}}, {"type": "Feature", "properties": {"nome": "E. M. GOV. PLINIO RAMOS COELHO", "zona": "63", "municipio": "MANAUS", "local": "1830", "nome_urna": "E. M. GOV. PLINIO RAMOS COELHO", "aderencia": 1.0}, "geometry": {"type": "Point", "coordinates": [-59.93372, -3.06316]}}, {"type": "Feature", "properties": {"nome": "E. M. HONORINA VASCONCELOS", "zona": "63", "municipio": "MANAUS", "local": "1759", "nome_urna": "E. M. HONORINA VASCONCELOS", "aderencia": 1.0}, "geometry": {"type": "Point", "coordinates": [-59.95299, -3.06087]}}, {"type": "Feature", "properties": {"nome": "E. E. JAIRO DA SILVA ROCHA", "zona": "63", "municipio": "MANAUS"}, "geometry": {"type": "Point", "coordinates": [-59.93612, -3.06692]}}, {"type": "Feature", "properties": {"nome": "E. M. CEL JORGE TEIXEIRA DE OLIVEIRA", "zona": "63", "municipio": "MANAUS"}, "geometry": {"type": "Point", "coordinates": [-59.92666, -3.06383]}}, {"type": "Feature", "properties": {"nome": "CMEI PROF. DULCINÉIA TINOCO", "zona": "63", "municipio": "MANAUS", "local": "2011", "nome_urna": "CMEI PROF. DULCINÉIA TINOCO", "aderencia": 1.0}, "geometry": {"type": "Point", "coordinates": [-59.92572, -3.06409]}}, {"type": "Feature", "properties": {"nome": "E. M. DR. OLAVO DAS NEVES", "zona": "63", "municipio": "MANAUS", "local": "2062", "nome_urna": "E. M. DR. OLAVO DAS NEVES", "aderencia": 1.0}, "geometry": {"type": "Point", "coordinates": [-59.93939, -3.05687]}}, {"type": "Feature", "properties": {"nome": "E. M. PINTOR CANDIDO PORTINARI", "zona": "63", "municipio": "MANAUS"}, "geometry": {"type": "Point", "coordinates": [-59.92553, -3.06444]}}, {"type": "Feature", "properties": {"nome": "E. E. PROF. ERNANE NASCIMENTO SIMÃO", "zona": "63", "municipio": "MANAUS", "local": "2178", "nome_urna": "E. E. PROF. ERNANE NASCIMENTO SIMÃO (AO LADO DO ÁUREA BRAGA)", "aderencia": 0.74}, "geometry": {"type": "Point", "coordinates": [-59.92839, -3.07613]}}, {"type": "Feature", "properties": {"nome": "E. M. CAROLINA PEROLINA RAIMUNDA ALMEIDA", "zona": "63", "municipio": "MANAUS", "local": "1805", "nome_urna": "E. M. CAROLINA PEROLINA RAIMUNDA ALMEIDA", "aderencia": 1.0}, "geometry": {"type": "Point", "coordinates": [-59.95247, -3.06831]}}, {"type": "Feature", "properties": {"nome": "E. M. PEQUENO PRINCIPE", "zona": "63", "municipio": "MANAUS", "local": "1694", "nome_urna": "E. M. PEQUENO PRINCIPE", "aderencia": 1.0}, "geometry": {"type": "Point", "coordinates": [-59.95673, -3.07357]}}, {"type": "Feature", "properties": {"nome": "C.I.M.E. SENADOR ARTUR VIRGÍLIO DO CARMO RIBEIRO FILHO", "zona": "63", "municipio": "MANAUS"}, "geometry": {"type": "Point", "coordinates": [-59.92907, -3.07653]}}, {"type": "Feature", "properties": {"nome": "E. M. MADRE TEREZA DE CALCUTÁ", "zona": "63", "municipio": "MANAUS", "local": "1961", "nome_urna": "E. M. MADRE TEREZA DE CALCUTÁ", "aderencia": 1.0}, "geometry": {"type": "Point", "coordinates": [-59.93397, -3.05579]}}, {"type": "Feature", "properties": {"nome": "E. M. FRANCISCO GUEDES DE QUEIROZ", "zona": "63", "municipio": "MANAUS", "local": "1953", "nome_urna": "E. M. FRANCISCO GUEDES DE QUEIROZ", "aderencia": 1.0}, "geometry": {"type": "Point", "coordinates": [-59.94328, -3.04804]}}, {"type": "Feature", "properties": {"nome": "E. M. PRESIDENTE TANCREDO NEVES", "zona": "63", "municipio": "MANAUS", "local": "1740", "nome_urna": "E. M. PRESIDENTE TANCREDO NEVES", "aderencia": 1.0}, "geometry": {"type": "Point", "coordinates": [-59.94608, -3.05489]}}, {"type": "Feature", "properties": {"nome": "E. M. ARTHUR ENGRACIO DA SILVA", "zona": "63", "municipio": "MANAUS", "local": "1988", "nome_urna": "E. M. ARTHUR ENGRACIO DA SILVA", "aderencia": 1.0}, "geometry": {"type": "Point", "coordinates": [-59.93433, -3.05107]}}, {"type": "Feature", "properties": {"nome": "E. E. ISAAC SVERNER", "zona": "63", "municipio": "MANAUS", "local": "1767", "nome_urna": "E. E. ISAAC SVERNER", "aderencia": 1.0}, "geometry": {"type": "Point", "coordinates": [-59.94678, -3.06602]}}, {"type": "Feature", "properties": {"nome": "IFAM (COLÉGIO AGRÍCOLA)", "zona": "63", "municipio": "MANAUS", "local": "1813", "nome_urna": "IFAM (COLÉGIO AGRÍCOLA)", "aderencia": 1.0}, "geometry": {"type": "Point", "coordinates": [-59.93306, -3.07928]}}, {"type": "Feature", "properties": {"nome": "E. M. GOV. DANILO MATTOS AREOSA", "zona": "63", "municipio": "MANAUS", "local": "1880", "nome_urna": "E. M. GOV. DANILO MATTOS AREOSA", "aderencia": 1.0}, "geometry": {"type": "Point", "coordinates": [-59.92509, -3.06924]}}, {"type": "Feature", "properties": {"nome": "CMEI MOACIR ANDRADE", "zona": "63", "municipio": "MANAUS", "local": "1848", "nome_urna": "CMEI MOACIR ANDRADE", "aderencia": 1.0}, "geometry": {"type": "Point", "coordinates": [-59.95315, -3.05965]}}, {"type": "Feature", "properties": {"nome": "E. M. PROF. RICARDO PEREIRA PARENTE", "zona": "63", "municipio": "MANAUS"}, "geometry": {"type": "Point", "coordinates": [-59.94869, -3.07224]}}, {"type": "Feature", "properties": {"nome": "E. M. ALFREDO LINHARES", "zona": "63", "municipio": "MANAUS", "local": "1899", "nome_urna": "E. M. ALFREDO LINHARES", "aderencia": 1.0}, "geometry": {"type": "Point", "coordinates": [-59.94855, -3.07198]}}, {"type": "Feature", "properties": {"nome": "COLÉGIO DA POLICIA MILITAR ÁUREA PINHEIRO BRAGA", "zona": "63", "municipio": "MANAUS", "local": "1783", "nome_urna": "COLÉGIO DA POLICIA MILITAR AUREA PINHEIRO BRAGA", "aderencia": 1.0}, "geometry": {"type": "Point", "coordinates": [-59.92783, -3.0756]}}, {"type": "Feature", "properties": {"nome": "E. M. ANTONINA BORGES DE SÁ", "zona": "63", "municipio": "MANAUS", "local": "1791", "nome_urna": "E. M. ANTONINA BORGES DE SÁ", "aderencia": 1.0}, "geometry": {"type": "Point", "coordinates": [-59.95432, -3.06064]}}, {"type": "Feature", "properties": {"nome": "E. M. LUCILENE DE SENA GUIMARÃES", "zona": "63", "municipio": "MANAUS", "local": "2097", "nome_urna": "E. M. LUCILENE DE SENA GUIMARÃES", "aderencia": 1.0}, "geometry": {"type": "Point", "coordinates": [-59.9379, -3.05302]}}, {"type": "Feature", "properties": {"nome": "E. M. MOISES DE FRANCA VIANA", "zona": "63", "municipio": "MANAUS"}, "geometry": {"type": "Point", "coordinates": [-59.9385, -3.04614]}}, {"type": "Feature", "properties": {"nome": "E. M. PROF. ISABEL VICTORIA DO CARMO RIBEIRO", "zona": "65", "municipio": "MANAUS", "local": "1589", "nome_urna": "E. M. PROF. ISABEL VICTORIA DO CARMO RIBEIRO", "aderencia": 1.0}, "geometry": {"type": "Point", "coordinates": [-60.0156, -3.0053]}}, {"type": "Feature", "properties": {"nome": "E. E. SEBASTIÃO NORÕES", "zona": "65", "municipio": "MANAUS", "local": "1643", "nome_urna": "E. E. SEBASTIÃO NORÕES", "aderencia": 1.0}, "geometry": {"type": "Point", "coordinates": [-59.9812, -3.01951]}}, {"type": "Feature", "properties": {"nome": "CETI JOAO DOS SANTOS BRAGA", "zona": "65", "municipio": "MANAUS", "local": "1759", "nome_urna": "CETI JOAO DOS SANTOS BRAGA", "aderencia": 1.0}, "geometry": {"type": "Point", "coordinates": [-59.98969, -2.98704]}}, {"type": "Feature", "properties": {"nome": "E. M. DOM MILTON CORREA PEREIRA", "zona": "65", "municipio": "MANAUS", "local": "1538", "nome_urna": "E. M. DOM MILTON CORREA PEREIRA", "aderencia": 1.0}, "geometry": {"type": "Point", "coordinates": [-59.99566, -3.00026]}}, {"type": "Feature", "properties": {"nome": "E. M. NINA DE ARAUJO COSTA LINS", "zona": "65", "municipio": "MANAUS", "local": "1570", "nome_urna": "E. M. NINA DE ARAUJO COSTA LINS", "aderencia": 1.0}, "geometry": {"type": "Point", "coordinates": [-59.99368, -3.01572]}}, {"type": "Feature", "properties": {"nome": "E. M. CARMEM GUIMARAES HAGGE", "zona": "65", "municipio": "MANAUS", "local": "1520", "nome_urna": "E. M. CARMEM GUIMARAES HAGGE", "aderencia": 1.0}, "geometry": {"type": "Point", "coordinates": [-60.00093, -3.01019]}}, {"type": "Feature", "properties": {"nome": "E. E. RUY ALENCAR", "zona": "65", "municipio": "MANAUS", "local": "1678", "nome_urna": "E. E. RUY ALENCAR", "aderencia": 1.0}, "geometry": {"type": "Point", "coordinates": [-59.97418, -3.00711]}}, {"type": "Feature", "properties": {"nome": "E. E. ANTOGILDO PASCOAL VIANA", "zona": "65", "municipio": "MANAUS", "local": "1775", "nome_urna": "E. E. ANTOGILDO PASCOAL VIANA", "aderencia": 1.0}, "geometry": {"type": "Point", "coordinates": [-60.0157, -3.03106]}}, {"type": "Feature", "properties": {"nome": "E. M. ANTONIO MORAES", "zona": "65", "municipio": "MANAUS", "local": "1619", "nome_urna": "E. M. ANTONIO MORAES", "aderencia": 1.0}, "geometry": {"type": "Point", "coordinates": [-59.9968, -3.01615]}}, {"type": "Feature", "properties": {"nome": "E. E. PROF DORVAL VARELA MOURA", "zona": "65", "municipio": "MANAUS", "local": "1724", "nome_urna": "E. E. PROF DORVAL VARELA MOURA", "aderencia": 1.0}, "geometry": {"type": "Point", "coordinates": [-59.97524, -3.01048]}}, {"type": "Feature", "properties": {"nome": "E. E. ANA LUCIA DE MORAES COSTA E SILVA", "zona": "65", "municipio": "MANAUS", "local": "1686", "nome_urna": "E. E. ANA LUCIA DE MORAES COSTA E SILVA", "aderencia": 1.0}, "geometry": {"type": "Point", "coordinates": [-60.01205, -3.01556]}}, {"type": "Feature", "properties": {"nome": "E. E. PROF. SEBASTIAO AUGUSTO LOUREIRO FILHO", "zona": "65", "municipio": "MANAUS", "local": "1694", "nome_urna": "E. E. PROF. SEBASTIAO AUGUSTO LOUREIRO FILHO", "aderencia": 1.0}, "geometry": {"type": "Point", "coordinates": [-59.98824, -2.98758]}}, {"type": "Feature", "properties": {"nome": "E. M. RUBENS SVERNER", "zona": "65", "municipio": "MANAUS", "local": "1791", "nome_urna": "E. M. RUBENS SVERNER", "aderencia": 1.0}, "geometry": {"type": "Point", "coordinates": [-60.01084, -3.03214]}}, {"type": "Feature", "properties": {"nome": "FAMETRO UNIDADE NOVA CIDADE", "zona": "65", "municipio": "MANAUS", "local": "1872", "nome_urna": "FAMETRO UNIDADE NOVA CIDADE", "aderencia": 1.0}, "geometry": {"type": "Point", "coordinates": [-59.97531, -3.00543]}}, {"type": "Feature", "properties": {"nome": "E. M. RAIMUNDO ALMEIDA LÚCIO", "zona": "65", "municipio": "MANAUS", "local": "1864", "nome_urna": "E. M. RAIMUNDO ALMEIDA LÚCIO", "aderencia": 1.0}, "geometry": {"type": "Point", "coordinates": [-60.01506, -3.00633]}}, {"type": "Feature", "properties": {"nome": "E. M. PROF DULCENIDES DOS SANTOS DIAS", "zona": "65", "municipio": "MANAUS", "local": "1848", "nome_urna": "E. M. PROF DULCENIDES DOS SANTOS DIAS", "aderencia": 1.0}, "geometry": {"type": "Point", "coordinates": [-60.00269, -3.01076]}}, {"type": "Feature", "properties": {"nome": "E. M. PROF. MARLY GARGANTA", "zona": "65", "municipio": "MANAUS", "local": "1651", "nome_urna": "E. M. PROF. MARLY GARGANTA", "aderencia": 1.0}, "geometry": {"type": "Point", "coordinates": [-59.9994, -3.01907]}}, {"type": "Feature", "properties": {"nome": "E. M. PROF RITA DE CASSIA C. SILVA", "zona": "65", "municipio": "MANAUS", "local": "1783", "nome_urna": "E. M. PROF RITA DE CASSIA C. SILVA", "aderencia": 1.0}, "geometry": {"type": "Point", "coordinates": [-60.01254, -3.02586]}}, {"type": "Feature", "properties": {"nome": "CMEI IRMÃO CIRO R M FONSECA", "zona": "65", "municipio": "MANAUS"}, "geometry": {"type": "Point", "coordinates": [-59.9984, -2.99625]}}, {"type": "Feature", "properties": {"nome": "E. E. SENADOR JEFFERSON CARPINTEIRO PERES", "zona": "65", "municipio": "MANAUS"}, "geometry": {"type": "Point", "coordinates": [-59.97375, -2.9956]}}, {"type": "Feature", "properties": {"nome": "EMEF MADALENA DOS SANTOS COSTA", "zona": "65", "municipio": "MANAUS", "local": "1821", "nome_urna": "EMEF MADALENA DOS SANTOS COSTA", "aderencia": 1.0}, "geometry": {"type": "Point", "coordinates": [-60.01738, -3.0275]}}, {"type": "Feature", "properties": {"nome": "E. E. INSPETORA DULCINEIA VARELA MOURA", "zona": "65", "municipio": "MANAUS", "local": "1511", "nome_urna": "E. E. INSPETORA DULCINEIA VARELA MOURA", "aderencia": 1.0}, "geometry": {"type": "Point", "coordinates": [-60.0071, -3.02486]}}, {"type": "Feature", "properties": {"nome": "E. M. PROF RAIMUNDA ENEIDA CERQUINHO DA SILVA.", "zona": "65", "municipio": "MANAUS", "local": "1767", "nome_urna": "E. M. PROF RAIMUNDA ENEIDA CERQUINHO DA SILVA.", "aderencia": 1.0}, "geometry": {"type": "Point", "coordinates": [-60.00593, -3.03087]}}, {"type": "Feature", "properties": {"nome": "E. E. RAFAEL HENRIQUE PINHEIRO DOS SANTOS", "zona": "65", "municipio": "MANAUS", "local": "1660", "nome_urna": "E. E. RAFAEL HENRIQUE PINHEIRO DOS SANTOS", "aderencia": 1.0}, "geometry": {"type": "Point", "coordinates": [-60.02436, -3.0035]}}, {"type": "Feature", "properties": {"nome": "E. E. ANA NEIRE MARQUES DA SILVA", "zona": "65", "municipio": "MANAUS", "local": "1856", "nome_urna": "E. E. ANA NEIRE MARQUES DA SILVA", "aderencia": 1.0}, "geometry": {"type": "Point", "coordinates": [-59.98848, -3.01454]}}, {"type": "Feature", "properties": {"nome": "E. E. LECITA FONSECA RAMOS", "zona": "65", "municipio": "MANAUS", "local": "1805", "nome_urna": "E. E. LECITA FONSECA RAMOS", "aderencia": 1.0}, "geometry": {"type": "Point", "coordinates": [-60.00492, -3.00305]}}, {"type": "Feature", "properties": {"nome": "CETI DRA ZILDA ARNS NEUMANN", "zona": "65", "municipio": "MANAUS", "local": "1830", "nome_urna": "CETI DRA ZILDA ARNS NEUMANN", "aderencia": 1.0}, "geometry": {"type": "Point", "coordinates": [-60.02273, -3.00284]}}, {"type": "Feature", "properties": {"nome": "E. M. ANA SENA RODRIGUES", "zona": "65", "municipio": "MANAUS", "local": "1597", "nome_urna": "E. M. ANA SENA RODRIGUES", "aderencia": 1.0}, "geometry": {"type": "Point", "coordinates": [-60.0092, -3.01233]}}, {"type": "Feature", "properties": {"nome": "CMEI PROF DR FELIX VALOIS COELHO", "zona": "65", "municipio": "MANAUS", "local": "1740", "nome_urna": "CMEI PROF DR FELIX VALOIS COELHO", "aderencia": 1.0}, "geometry": {"type": "Point", "coordinates": [-59.98584, -3.00105]}}, {"type": "Feature", "properties": {"nome": "CMEI EVA GOMES DO NASCIMENTO", "zona": "65", "municipio": "MANAUS", "local": "1813", "nome_urna": "CMEI EVA GOMES DO NASCIMENTO", "aderencia": 1.0}, "geometry": {"type": "Point", "coordinates": [-60.01158, -3.03157]}}, {"type": "Feature", "properties": {"nome": "E. E. SAMUEL BENCHIMOL", "zona": "65", "municipio": "MANAUS", "local": "1554", "nome_urna": "E. E. SAMUEL BENCHIMOL", "aderencia": 1.0}, "geometry": {"type": "Point", "coordinates": [-59.98739, -3.00334]}}, {"type": "Feature", "properties": {"nome": "E. M. PROF. SERGIO AUGUSTO PARÁ", "zona": "65", "municipio": "MANAUS", "local": "1635", "nome_urna": "E. M. PROF. SERGIO AUGUSTO PARÁ", "aderencia": 1.0}, "geometry": {"type": "Point", "coordinates": [-60.00932, -3.02516]}}, {"type": "Feature", "properties": {"nome": "E. M. VICENTE CRUZ", "zona": "65", "municipio": "MANAUS", "local": "1546", "nome_urna": "E. M. VICENTE CRUZ", "aderencia": 1.0}, "geometry": {"type": "Point", "coordinates": [-60.03055, -3.0129]}}, {"type": "Feature", "properties": {"nome": "E. E. PROF. TEREZA SIQUEIRA TUPINAMBA", "zona": "65", "municipio": "MANAUS", "local": "1562", "nome_urna": "E. E. PROF. TEREZA SIQUEIRA TUPINAMBA", "aderencia": 1.0}, "geometry": {"type": "Point", "coordinates": [-59.9718, -2.99925]}}, {"type": "Feature", "properties": {"nome": "E. E. ROBERTO DOS SANTOS VIEIRA", "zona": "65", "municipio": "MANAUS", "local": "1600", "nome_urna": "E. E. ROBERTO DOS SANTOS VIEIRA", "aderencia": 1.0}, "geometry": {"type": "Point", "coordinates": [-59.97934, -3.0053]}}, {"type": "Feature", "properties": {"nome": "E. M. JORNALISTA SABÁ RAPOSO", "zona": "65", "municipio": "MANAUS", "local": "1627", "nome_urna": "E. M. JORNALISTA SABÁ RAPOSO", "aderencia": 1.0}, "geometry": {"type": "Point", "coordinates": [-59.99442, -3.02017]}}, {"type": "Feature", "properties": {"nome": "E. E. ERNESTO PINHO FILHO", "zona": "65", "municipio": "MANAUS", "local": "1708", "nome_urna": "E. E. ERNESTO PINHO FILHO", "aderencia": 1.0}, "geometry": {"type": "Point", "coordinates": [-59.99056, -3.01717]}}, {"type": "Feature", "properties": {"nome": "E. M. PROF. ELIZABETH SIQUEIRA FERREIRA", "zona": "68", "municipio": "MANAUS"}, "geometry": {"type": "Point", "coordinates": [-59.67815, -3.05179]}}, {"type": "Feature", "properties": {"nome": "E. M. NOSSA SENHORA DE NAZARÉ", "zona": "68", "municipio": "MANAUS", "local": "1856", "nome_urna": "E. M. NOSSA SENHORA DE NAZARÉ", "aderencia": 1.0}, "geometry": {"type": "Point", "coordinates": [-59.52254, -3.11174]}}, {"type": "Feature", "properties": {"nome": "E. M. SÃO PEDRO", "zona": "68", "municipio": "MANAUS", "local": "1937", "nome_urna": "E. M. SÃO PEDRO", "aderencia": 1.0}, "geometry": {"type": "Point", "coordinates": [-59.47095, -3.12077]}}, {"type": "Feature", "properties": {"nome": "E. M. SÃO FRANCISCO", "zona": "68", "municipio": "MANAUS", "local": "1872", "nome_urna": "E. M. SÃO FRANCISCO", "aderencia": 1.0}, "geometry": {"type": "Point", "coordinates": [-59.56922, -3.08773]}}, {"type": "Feature", "properties": {"nome": "E. M. CANAÃ I", "zona": "68", "municipio": "MANAUS", "local": "1929", "nome_urna": "E. M. CANAÃ I", "aderencia": 1.0}, "geometry": {"type": "Point", "coordinates": [-59.30241, -3.1469]}}, {"type": "Feature", "properties": {"nome": "E. M. MANOEL CHAGAS", "zona": "68", "municipio": "MANAUS", "local": "1880", "nome_urna": "E. M. MANOEL CHAGAS", "aderencia": 1.0}, "geometry": {"type": "Point", "coordinates": [-59.43247, -3.13145]}}, {"type": "Feature", "properties": {"nome": "E. M. ABILIO ALENCAR", "zona": "68", "municipio": "MANAUS", "local": "1910", "nome_urna": "E. M. ABILIO ALENCAR", "aderencia": 1.0}, "geometry": {"type": "Point", "coordinates": [-59.94086, -2.85914]}}, {"type": "Feature", "properties": {"nome": "E. M. NOSSA SENHORA DO CARMO", "zona": "68", "municipio": "MANAUS", "local": "1864", "nome_urna": "E. M. NOSSA SENHORA DO CARMO", "aderencia": 1.0}, "geometry": {"type": "Point", "coordinates": [-59.3455, -3.14446]}}, {"type": "Feature", "properties": {"nome": "E. M. LUIZ ALBERTO CASTELO", "zona": "68", "municipio": "MANAUS", "local": "1848", "nome_urna": "E. M. LUIZ ALBERTO CASTELO", "aderencia": 1.0}, "geometry": {"type": "Point", "coordinates": [-59.38753, -3.06971]}}, {"type": "Feature", "properties": {"nome": "E. M. THEMISTOCLES GADELHA", "zona": "68", "municipio": "MANAUS", "local": "1651", "nome_urna": "E. M. THEMISTOCLES GADELHA", "aderencia": 1.0}, "geometry": {"type": "Point", "coordinates": [-59.93525, -3.03909]}}, {"type": "Feature", "properties": {"nome": "E. E. VASCO VASQUES", "zona": "68", "municipio": "MANAUS", "local": "1678", "nome_urna": "E. E. VASCO VASQUES", "aderencia": 1.0}, "geometry": {"type": "Point", "coordinates": [-59.92681, -3.0293]}}, {"type": "Feature", "properties": {"nome": "E. M. CLEONICE DE MENEZES FERNANDES", "zona": "68", "municipio": "MANAUS", "local": "1775", "nome_urna": "E. M. CLEONICE DE MENEZES FERNANDES", "aderencia": 1.0}, "geometry": {"type": "Point", "coordinates": [-59.92328, -3.03231]}}, {"type": "Feature", "properties": {"nome": "CETI ELISA BESSA FREIRE", "zona": "68", "municipio": "MANAUS", "local": "1813", "nome_urna": "CETI ELISA BESSA FREIRE", "aderencia": 1.0}, "geometry": {"type": "Point", "coordinates": [-59.93844, -3.03735]}}, {"type": "Feature", "properties": {"nome": "E. M. PROF. EMANUEL REBELO DA CUNHA", "zona": "68", "municipio": "MANAUS"}, "geometry": {"type": "Point", "coordinates": [-59.85733, -3.01449]}}, {"type": "Feature", "properties": {"nome": "E. M. RUBEM DA SILVA PEIXOTO", "zona": "68", "municipio": "MANAUS", "local": "1996", "nome_urna": "E. M. RUBEM DA SILVA PEIXOTO", "aderencia": 1.0}, "geometry": {"type": "Point", "coordinates": [-59.9226, -3.03834]}}, {"type": "Feature", "properties": {"nome": "E. M. PROF. EDINIR TELLES GUIMARÃES", "zona": "68", "municipio": "MANAUS"}, "geometry": {"type": "Point", "coordinates": [-59.92401, -3.02486]}}, {"type": "Feature", "properties": {"nome": "E. M. FRANCISCO MAIA DE AMORIM", "zona": "68", "municipio": "MANAUS", "local": "1988", "nome_urna": "E. M FRANCISCO MAIA DE AMORIM", "aderencia": 0.98}, "geometry": {"type": "Point", "coordinates": [-59.92261, -3.03808]}}, {"type": "Feature", "properties": {"nome": "E. M. SONIA MARIA DA SILVA BARBOSA", "zona": "68", "municipio": "MANAUS", "local": "1759", "nome_urna": "E. M. SONIA MARIA DA SILVA BARBOSA", "aderencia": 1.0}, "geometry": {"type": "Point", "coordinates": [-59.93305, -3.02303]}}, {"type": "Feature", "properties": {"nome": "E. M. MARIA AUXILIADORA DOS SANTOS AZEVEDO", "zona": "68", "municipio": "MANAUS", "local": "1686", "nome_urna": "E. M. MARIA AUXILIADORA DOS SANTOS AZEVEDO", "aderencia": 1.0}, "geometry": {"type": "Point", "coordinates": [-59.9234, -3.03288]}}, {"type": "Feature", "properties": {"nome": "E. E. DE TEMPO INTEGRAL IRMA GABRIELLIE COGELS", "zona": "68", "municipio": "MANAUS", "local": "1830", "nome_urna": "E. E. DE TEMPO INTEGRAL IRMA GABRIELLIE COGELS", "aderencia": 1.0}, "geometry": {"type": "Point", "coordinates": [-59.84553, -3.05895]}}, {"type": "Feature", "properties": {"nome": "E. E. CLEOMENES DO CARMO CHAVES", "zona": "68", "municipio": "MANAUS", "local": "1732", "nome_urna": "E. E. CLEOMENES DO CARMO CHAVES", "aderencia": 1.0}, "geometry": {"type": "Point", "coordinates": [-59.92994, -3.02855]}}, {"type": "Feature", "properties": {"nome": "E. M. PROF. ROBERTO DOS SANTOS VIEIRA", "zona": "68", "municipio": "MANAUS", "local": "1767", "nome_urna": "E. M. PROF. ROBERTO DOS SANTOS VIEIRA", "aderencia": 1.0}, "geometry": {"type": "Point", "coordinates": [-59.91766, -3.02768]}}, {"type": "Feature", "properties": {"nome": "E. M. POETA MARIO DE MIRANDA QUINTANA", "zona": "68", "municipio": "MANAUS", "local": "1791", "nome_urna": "E. M. POETA MARIO DE MIRANDA QUINTANA", "aderencia": 1.0}, "geometry": {"type": "Point", "coordinates": [-59.93498, -3.02172]}}, {"type": "Feature", "properties": {"nome": "E. M. NOSSA SENHORA DO ROSÁRIO", "zona": "68", "municipio": "MANAUS", "local": "1805", "nome_urna": "E. M. NOSSA SENHORA DO ROSÁRIO", "aderencia": 1.0}, "geometry": {"type": "Point", "coordinates": [-59.92768, -3.02169]}}, {"type": "Feature", "properties": {"nome": "E. M. IVONE MARIA BARBOSA E SILVA", "zona": "68", "municipio": "MANAUS", "local": "1821", "nome_urna": "E. M. IVONE MARIA BARBOSA E SILVA", "aderencia": 1.0}, "geometry": {"type": "Point", "coordinates": [-59.93891, -3.01412]}}, {"type": "Feature", "properties": {"nome": "E. M. SÃO SEBASTIÃO", "zona": "68", "municipio": "MANAUS"}, "geometry": {"type": "Point", "coordinates": [-59.84525, -3.06142]}}, {"type": "Feature", "properties": {"nome": "E. M. IRMA HELENA AUGUSTA WALCOT", "zona": "68", "municipio": "MANAUS", "local": "1660", "nome_urna": "E. M. IRMA HELENA AUGUSTA WALCOT", "aderencia": 1.0}, "geometry": {"type": "Point", "coordinates": [-59.9316, -3.04164]}}, {"type": "Feature", "properties": {"nome": "E. M. FRANCISCO NUNES DA SILVA", "zona": "68", "municipio": "MANAUS", "local": "1945", "nome_urna": "E. M. FRANCISCO NUNES DA SILVA", "aderencia": 1.0}, "geometry": {"type": "Point", "coordinates": [-59.88441, -3.07743]}}, {"type": "Feature", "properties": {"nome": "E. M. PROF. IGNÊS DE VASCONCELLOS DIAS", "zona": "68", "municipio": "MANAUS", "local": "1970", "nome_urna": "E. M. PROF. IGNÊS DE VASCONCELLOS DIAS", "aderencia": 1.0}, "geometry": {"type": "Point", "coordinates": [-59.93742, -3.0334]}}, {"type": "Feature", "properties": {"nome": "E. M. PROF. ALVARO VALLE", "zona": "68", "municipio": "MANAUS", "local": "1708", "nome_urna": "E. M. PROF. ALVARO VALLE", "aderencia": 1.0}, "geometry": {"type": "Point", "coordinates": [-59.93437, -3.0359]}}, {"type": "Feature", "properties": {"nome": "E. M. DR. PAULO PINTO NERY", "zona": "68", "municipio": "MANAUS", "local": "1783", "nome_urna": "E. M. DR. PAULO PINTO NERY", "aderencia": 1.0}, "geometry": {"type": "Point", "coordinates": [-59.93197, -3.03632]}}, {"type": "Feature", "properties": {"nome": "E. M. DOM JACSON DAMASCENO RODRIGUES", "zona": "68", "municipio": "MANAUS", "local": "1716", "nome_urna": "E. M. DOM JACSON DAMASCENO RODRIGUES", "aderencia": 1.0}, "geometry": {"type": "Point", "coordinates": [-59.92896, -3.01988]}}, {"type": "Feature", "properties": {"nome": "E. M. ROSA SVERNER", "zona": "68", "municipio": "MANAUS", "local": "1724", "nome_urna": "E. M. ROSA SVERNER", "aderencia": 1.0}, "geometry": {"type": "Point", "coordinates": [-59.93656, -3.04314]}}, {"type": "Feature", "properties": {"nome": "E. M. RAUL DE QUEIROZ MENEZES VEIGA", "zona": "68", "municipio": "MANAUS", "local": "1740", "nome_urna": "E. M. RAUL DE QUEIROZ MENEZES VEIGA", "aderencia": 1.0}, "geometry": {"type": "Point", "coordinates": [-59.93857, -3.00945]}}, {"type": "Feature", "properties": {"nome": "E. E. OSMAR PEDROSA", "zona": "70", "municipio": "MANAUS", "local": "1902", "nome_urna": "E. E. OSMAR PEDROSA", "aderencia": 1.0}, "geometry": {"type": "Point", "coordinates": [-59.95487, -3.03543]}}, {"type": "Feature", "properties": {"nome": "E. E. RAIMUNDA HOLANDA DE SOUZA", "zona": "70", "municipio": "MANAUS", "local": "1961", "nome_urna": "E. E. RAIMUNDA HOLANDA DE SOUZA", "aderencia": 1.0}, "geometry": {"type": "Point", "coordinates": [-59.94267, -3.039]}}, {"type": "Feature", "properties": {"nome": "CMEI AILTON ROTH", "zona": "70", "municipio": "MANAUS", "local": "2020", "nome_urna": "CMEI AILTON ROTH", "aderencia": 1.0}, "geometry": {"type": "Point", "coordinates": [-59.9544, -3.01431]}}, {"type": "Feature", "properties": {"nome": "E. M. OLGA FIGUEIREDO", "zona": "70", "municipio": "MANAUS", "local": "1864", "nome_urna": "E. M. OLGA FIGUEIREDO", "aderencia": 1.0}, "geometry": {"type": "Point", "coordinates": [-59.95576, -3.01323]}}, {"type": "Feature", "properties": {"nome": "E. M. POETISA CORA CORALINA", "zona": "70", "municipio": "MANAUS"}, "geometry": {"type": "Point", "coordinates": [-59.95147, -3.02686]}}, {"type": "Feature", "properties": {"nome": "C. E. RECANTO DA CRIANÇA INTERATIVA - PARTICULAR", "zona": "70", "municipio": "MANAUS", "local": "2178", "nome_urna": "C. E. RECANTO DA CRIANÇA INTERATIVA - PARTICULAR", "aderencia": 1.0}, "geometry": {"type": "Point", "coordinates": [-59.95958, -3.03845]}}, {"type": "Feature", "properties": {"nome": "E. M. PROF. RUTH COSTA", "zona": "70", "municipio": "MANAUS"}, "geometry": {"type": "Point", "coordinates": [-59.96428, -3.05081]}}, {"type": "Feature", "properties": {"nome": "E. M. BIÓLOGO ADOLPHO DUCKE", "zona": "70", "municipio": "MANAUS", "local": "2089", "nome_urna": "E. M. BIÓLOGO ADOLPHO DUCKE", "aderencia": 1.0}, "geometry": {"type": "Point", "coordinates": [-59.93981, -3.01873]}}, {"type": "Feature", "properties": {"nome": "CMEI - PROF. RITA FONSECA VELOSO", "zona": "70", "municipio": "MANAUS"}, "geometry": {"type": "Point", "coordinates": [-59.94476, -3.01882]}}, {"type": "Feature", "properties": {"nome": "CMEI SANTA ISABEL", "zona": "70", "municipio": "MANAUS"}, "geometry": {"type": "Point", "coordinates": [-59.95321, -3.05695]}}, {"type": "Feature", "properties": {"nome": "E. M. DR. MAGALHAES CORDEIRO", "zona": "70", "municipio": "MANAUS", "local": "1945", "nome_urna": "E. M. DR. MAGALHAES CORDEIRO", "aderencia": 1.0}, "geometry": {"type": "Point", "coordinates": [-59.94264, -3.03686]}}, {"type": "Feature", "properties": {"nome": "E. E. BELARMINO MARREIRO", "zona": "70", "municipio": "MANAUS", "local": "1953", "nome_urna": "E. E. BELARMINO MARREIRO", "aderencia": 1.0}, "geometry": {"type": "Point", "coordinates": [-59.96435, -3.05082]}}, {"type": "Feature", "properties": {"nome": "E. M. SOCIÓLOGO HERBERT JOSÉ SOUZA", "zona": "70", "municipio": "MANAUS"}, "geometry": {"type": "Point", "coordinates": [-59.95616, -3.03829]}}, {"type": "Feature", "properties": {"nome": "E. E. ENGº. ARTHUR SOARES AMORIM", "zona": "70", "municipio": "MANAUS", "local": "1830", "nome_urna": "E. E. ENGº. ARTHUR SOARES AMORIM", "aderencia": 1.0}, "geometry": {"type": "Point", "coordinates": [-59.97167, -3.04648]}}, {"type": "Feature", "properties": {"nome": "E. M. IRMA ZENIR DE CASTRO ALVES", "zona": "70", "municipio": "MANAUS", "local": "1899", "nome_urna": "E. M. IRMA ZENIR DE CASTRO ALVES", "aderencia": 1.0}, "geometry": {"type": "Point", "coordinates": [-59.97669, -3.0474]}}, {"type": "Feature", "properties": {"nome": "E. E. FREI MARIO MONACELLI", "zona": "70", "municipio": "MANAUS", "local": "1988", "nome_urna": "E. E. FREI MARIO MONACELLI", "aderencia": 1.0}, "geometry": {"type": "Point", "coordinates": [-59.95359, -3.01015]}}, {"type": "Feature", "properties": {"nome": "E. M. ALMERON CAMINHA MONTEIRO", "zona": "70", "municipio": "MANAUS", "local": "2003", "nome_urna": "E. M. ALMERON CAMINHA MONTEIRO", "aderencia": 1.0}, "geometry": {"type": "Point", "coordinates": [-59.95007, -3.02009]}}, {"type": "Feature", "properties": {"nome": "E. M. ESCRITOR ERICO VERISSIMO", "zona": "70", "municipio": "MANAUS"}, "geometry": {"type": "Point", "coordinates": [-59.95479, -3.03548]}}, {"type": "Feature", "properties": {"nome": "C. E. CENTRO EDUCACIONAL IMPERIAL - PARTICULAR", "zona": "70", "municipio": "MANAUS"}, "geometry": {"type": "Point", "coordinates": [-59.93956, -3.01528]}}, {"type": "Feature", "properties": {"nome": "E. M. AUREO NONATO", "zona": "70", "municipio": "MANAUS", "local": "1864", "nome_urna": "E. M. AUREO NONATO", "aderencia": 1.0}, "geometry": {"type": "Point", "coordinates": [-59.95118, -3.01415]}}, {"type": "Feature", "properties": {"nome": "E. E. LETICIO DE CAMPOS DANTAS", "zona": "70", "municipio": "MANAUS", "local": "1791", "nome_urna": "E. E. LETICIO DE CAMPOS DANTAS", "aderencia": 1.0}, "geometry": {"type": "Point", "coordinates": [-59.95656, -3.02505]}}, {"type": "Feature", "properties": {"nome": "E. M. ULISSES GUIMARAES", "zona": "70", "municipio": "MANAUS", "local": "1880", "nome_urna": "E. M. ULISSES GUIMARAES", "aderencia": 1.0}, "geometry": {"type": "Point", "coordinates": [-59.94974, -3.04601]}}, {"type": "Feature", "properties": {"nome": "E. M. GOVERNADOR EDUARDO RIBEIRO", "zona": "70", "municipio": "MANAUS", "local": "1848", "nome_urna": "E. M. GOVERNADOR EDUARDO RIBEIRO", "aderencia": 1.0}, "geometry": {"type": "Point", "coordinates": [-59.94519, -3.02301]}}, {"type": "Feature", "properties": {"nome": "CMEI CALISTO PEREIRA CAVALCANTE", "zona": "70", "municipio": "MANAUS", "local": "2160", "nome_urna": "CMEI CALISTO PEREIRA CAVALCANTE", "aderencia": 1.0}, "geometry": {"type": "Point", "coordinates": [-59.95307, -3.03114]}}, {"type": "Feature", "properties": {"nome": "E. M. SEN. DARCY RIBEIRO", "zona": "70", "municipio": "MANAUS", "local": "1821", "nome_urna": "E. M. SEN. DARCY RIBEIRO", "aderencia": 1.0}, "geometry": {"type": "Point", "coordinates": [-59.94709, -3.04825]}}, {"type": "Feature", "properties": {"nome": "E. M. ANTISTHENES DE OLIVEIRA PINTO", "zona": "70", "municipio": "MANAUS", "local": "1856", "nome_urna": "E. M. ANTISTHENES DE OLIVEIRA PINTO", "aderencia": 1.0}, "geometry": {"type": "Point", "coordinates": [-59.95248, -3.01443]}}, {"type": "Feature", "properties": {"nome": "E. M. PROF. MÍRIAM SOTERO DA SILVA", "zona": "70", "municipio": "MANAUS"}, "geometry": {"type": "Point", "coordinates": [-59.96789, -3.06088]}}, {"type": "Feature", "properties": {"nome": "E. E. JOSE BERNARDINO LINDOSO", "zona": "70", "municipio": "MANAUS", "local": "1937", "nome_urna": "E. E. JOSE BERNARDINO LINDOSO", "aderencia": 1.0}, "geometry": {"type": "Point", "coordinates": [-59.95616, -3.03829]}}, {"type": "Feature", "properties": {"nome": "E. E. JURACY BATISTA GOMES", "zona": "70", "municipio": "MANAUS", "local": "1970", "nome_urna": "E. E. JURACY BATISTA GOMES", "aderencia": 1.0}, "geometry": {"type": "Point", "coordinates": [-59.9509, -3.04575]}}, {"type": "Feature", "properties": {"nome": "CMEI PADRE CLAUDIO DALBON", "zona": "70", "municipio": "MANAUS"}, "geometry": {"type": "Point", "coordinates": [-59.95796, -3.04399]}}, {"type": "Feature", "properties": {"nome": "E. M. PROF. ROBERTO DA SILVA PEIXOTO", "zona": "70", "municipio": "MANAUS"}, "geometry": {"type": "Point", "coordinates": [-59.94783, -3.03261]}}, {"type": "Feature", "properties": {"nome": "E. M. DR. ARISTÓFANES BEZERRA DE CASTRO", "zona": "70", "municipio": "MANAUS", "local": "1813", "nome_urna": "E. M. DR. ARISTÓFANES BEZERRA DE CASTRO", "aderencia": 1.0}, "geometry": {"type": "Point", "coordinates": [-59.96044, -3.00774]}}, {"type": "Feature", "properties": {"nome": "E. M. SAO BENEDITO", "zona": "70", "municipio": "MANAUS", "local": "1848", "nome_urna": "E. M. SAO BENEDITO", "aderencia": 1.0}, "geometry": {"type": "Point", "coordinates": [-59.9403, -3.01914]}}, {"type": "Feature", "properties": {"nome": "E. E. WILMA VITORIANO GEBER", "zona": "70", "municipio": "MANAUS", "local": "1996", "nome_urna": "E. E. WILMA VITORIANO GEBER", "aderencia": 1.0}, "geometry": {"type": "Point", "coordinates": [-59.95467, -3.01447]}}, {"type": "Feature", "properties": {"nome": "CMEI TEN ROXANA PEREIRA BONESSI", "zona": "70", "municipio": "MANAUS", "local": "2046", "nome_urna": "CMEI TEN ROXANA PEREIRA BONESSI", "aderencia": 1.0}, "geometry": {"type": "Point", "coordinates": [-59.95616, -3.03829]}}, {"type": "Feature", "properties": {"nome": "E. E. ELIRA PINHEIRO", "zona": "70", "municipio": "MANAUS"}, "geometry": {"type": "Point", "coordinates": [-59.95314, -3.02505]}}, {"type": "Feature", "properties": {"nome": "E. M. DR. ADERSON PEREIRA DUTRA", "zona": "70", "municipio": "MANAUS"}, "geometry": {"type": "Point", "coordinates": [-59.94811, -3.03857]}}, {"type": "Feature", "properties": {"nome": "CMEI SANTINA CASTRO PEREIRA", "zona": "70", "municipio": "MANAUS"}, "geometry": {"type": "Point", "coordinates": [-59.95321, -3.05156]}}, {"type": "Feature", "properties": {"nome": "E. M. JARLECE DA CONCEIÇÃO ZARANZA", "zona": "70", "municipio": "MANAUS", "local": "1872", "nome_urna": "E. M. JARLECE DA CONCEIÇÃO ZARANZA", "aderencia": 1.0}, "geometry": {"type": "Point", "coordinates": [-59.95833, -3.04351]}}, {"type": "Feature", "properties": {"nome": "E. M. PROF. PAULO GRAÇA", "zona": "70", "municipio": "MANAUS", "local": "1910", "nome_urna": "E. M. PROFº. PAULO GRAÇA", "aderencia": 0.98}, "geometry": {"type": "Point", "coordinates": [-59.98433, -3.05093]}}, {"type": "Feature", "properties": {"nome": "E. M. PROFª. SULAMITA PEREIRA GONÇALVES", "zona": "70", "municipio": "MANAUS"}, "geometry": {"type": "Point", "coordinates": [-59.93987, -3.01671]}}, {"type": "Feature", "properties": {"nome": "CECF PROF. TEONÍZIA LOBO DE CARVALHO", "zona": "70", "municipio": "MANAUS", "local": "1880", "nome_urna": "CECF PROFA. TEONÍZIA LOBO DE CARVALHO", "aderencia": 0.99}, "geometry": {"type": "Point", "coordinates": [-59.95185, -3.04321]}}, {"type": "Feature", "properties": {"nome": "CRECHE MARIA DO PERPÉTUO SOCORRO TRINDADE PEREIRA SENA", "zona": "70", "municipio": "MANAUS"}, "geometry": {"type": "Point", "coordinates": [-59.97539, -3.06116]}}, {"type": "Feature", "properties": {"nome": "E. M. NOSSA SENHORA DO ROSÁRIO", "zona": "60", "municipio": "ALVARAES", "local": "1031", "nome_urna": "E. M. NOSSA SENHORA DO ROSÁRIO", "aderencia": 1.0}, "geometry": {"type": "Point", "coordinates": [-64.78285, -3.29937]}}, {"type": "Feature", "properties": {"nome": "E. M. ATANÁZIA FRAZÃO", "zona": "60", "municipio": "ALVARAES", "local": "1023", "nome_urna": "E. M. ATANÁZIA FRAZÃO", "aderencia": 1.0}, "geometry": {"type": "Point", "coordinates": [-64.81795, -3.21774]}}, {"type": "Feature", "properties": {"nome": "E. M. MAYARA ABDEL AZIZ", "zona": "60", "municipio": "ALVARAES", "local": "1040", "nome_urna": "E. M. MAYARA ABDEL AZIZ", "aderencia": 1.0}, "geometry": {"type": "Point", "coordinates": [-64.81532, -3.21434]}}, {"type": "Feature", "properties": {"nome": "E. E. PROF JOHANNES PETRUS", "zona": "60", "municipio": "ALVARAES"}, "geometry": {"type": "Point", "coordinates": [-64.81233, -3.2146]}}, {"type": "Feature", "properties": {"nome": "SERVIÇO DE CONVENIÊCIA E FORTALECIMETO DE VÍNCULO", "zona": "60", "municipio": "ALVARAES", "local": "1058", "nome_urna": "SERVIÇO DE CONVENIÊCIA E FORTALECIMETO DE VÍNCULO", "aderencia": 1.0}, "geometry": {"type": "Point", "coordinates": [-64.81098, -3.21356]}}, {"type": "Feature", "properties": {"nome": "E. E. SENADOR FÁBIO LUCENA", "zona": "60", "municipio": "ALVARAES", "local": "1074", "nome_urna": "E. E. SENADOR FÁBIO LUCENA", "aderencia": 1.0}, "geometry": {"type": "Point", "coordinates": [-64.80928, -3.21409]}}, {"type": "Feature", "properties": {"nome": "E. E. GILBERTO MESTRINHO", "zona": "60", "municipio": "ALVARAES", "local": "1066", "nome_urna": "E. E. GILBERTO MESTRINHO", "aderencia": 1.0}, "geometry": {"type": "Point", "coordinates": [-64.80865, -3.21356]}}, {"type": "Feature", "properties": {"nome": "CLUBE DE MÃES", "zona": "60", "municipio": "ALVARAES", "local": "1082", "nome_urna": "CLUBE DE MÃES", "aderencia": 1.0}, "geometry": {"type": "Point", "coordinates": [-64.77998, -3.30106]}}, {"type": "Feature", "properties": {"nome": "E. M. ÍNDÍGENA SANTA CRUZ", "zona": "22", "municipio": "AMATURA", "local": "1090", "nome_urna": "E. M. ÍNDÍGENA SANTA CRUZ", "aderencia": 1.0}, "geometry": {"type": "Point", "coordinates": [-68.57622, -3.40851]}}, {"type": "Feature", "properties": {"nome": "E. M. EUDÓCIA DE ANDRADE", "zona": "22", "municipio": "AMATURA", "local": "1015", "nome_urna": "E. M. EUDÓCIA DE ANDRADE", "aderencia": 1.0}, "geometry": {"type": "Point", "coordinates": [-68.20044, -3.36323]}}, {"type": "Feature", "properties": {"nome": "E. M. DUQUE DE CAXIAS", "zona": "22", "municipio": "AMATURA", "local": "1031", "nome_urna": "E. M. DUQUE DE CAXIAS", "aderencia": 1.0}, "geometry": {"type": "Point", "coordinates": [-68.45418, -3.39581]}}, {"type": "Feature", "properties": {"nome": "E. E. AMATURÁ", "zona": "22", "municipio": "AMATURA", "local": "1104", "nome_urna": "E. E. AMATURÁ", "aderencia": 1.0}, "geometry": {"type": "Point", "coordinates": [-68.19908, -3.36488]}}, {"type": "Feature", "properties": {"nome": "E. M. TEMPO INTEGRAL JOSÉ EUFRÁSIO", "zona": "22", "municipio": "AMATURA"}, "geometry": {"type": "Point", "coordinates": [-68.19654, -3.37249]}}, {"type": "Feature", "properties": {"nome": "E. M. VITÓRIA SIMÃO", "zona": "22", "municipio": "AMATURA", "local": "1112", "nome_urna": "E. M. VITÓRIA SIMÃO", "aderencia": 1.0}, "geometry": {"type": "Point", "coordinates": [-68.20347, -3.36334]}}, {"type": "Feature", "properties": {"nome": "E. M. INDÍGENA SANTA FÉ", "zona": "22", "municipio": "AMATURA", "local": "1058", "nome_urna": "E. M. INDÍGENA SANTA FÉ", "aderencia": 1.0}, "geometry": {"type": "Point", "coordinates": [-68.22455, -3.40895]}}, {"type": "Feature", "properties": {"nome": "E. M. INDÍGENA SÃO FRANCISCO", "zona": "22", "municipio": "AMATURA", "local": "1074", "nome_urna": "E. M. INDÍGENA SÃO FRANCISCO", "aderencia": 1.0}, "geometry": {"type": "Point", "coordinates": [-68.35255, -3.38524]}}, {"type": "Feature", "properties": {"nome": "E. M. SILVIO PINTO RIBEIRO", "zona": "22", "municipio": "AMATURA", "local": "1040", "nome_urna": "E. M. SILVIO PINTO RIBEIRO", "aderencia": 1.0}, "geometry": {"type": "Point", "coordinates": [-68.19789, -3.36263]}}, {"type": "Feature", "properties": {"nome": "E. M. SAO DOMINGOS", "zona": "22", "municipio": "AMATURA", "local": "1082", "nome_urna": "E. M. SAO DOMINGOS", "aderencia": 1.0}, "geometry": {"type": "Point", "coordinates": [-67.95033, -3.3414]}}, {"type": "Feature", "properties": {"nome": "E. M. GRACY ARAÚJO SIQUEIRA", "zona": "35", "municipio": "AUTAZES", "local": "1430", "nome_urna": "E. M. GRACY ARAÚJO SIQUEIRA", "aderencia": 1.0}, "geometry": {"type": "Point", "coordinates": [-59.24081, -3.87378]}}, {"type": "Feature", "properties": {"nome": "E. M. INDÍGENA DR. JACOBINA", "zona": "35", "municipio": "AUTAZES", "local": "1031", "nome_urna": "E. M. INDÍGENA DR. JACOBINA", "aderencia": 1.0}, "geometry": {"type": "Point", "coordinates": [-59.19822, -3.55075]}}, {"type": "Feature", "properties": {"nome": "E. M. SANTO ANTÔNIO", "zona": "35", "municipio": "AUTAZES", "local": "1260", "nome_urna": "E. M. SANTO ANTÔNIO", "aderencia": 1.0}, "geometry": {"type": "Point", "coordinates": [-59.59574, -3.86965]}}, {"type": "Feature", "properties": {"nome": "E. M. ROSALINA DE ALMEIDA PINHEIRO", "zona": "35", "municipio": "AUTAZES", "local": "1295", "nome_urna": "E. M. ROSALINA DE ALMEIDA PINHEIRO", "aderencia": 1.0}, "geometry": {"type": "Point", "coordinates": [-59.51806, -3.60126]}}, {"type": "Feature", "properties": {"nome": "E. M. MENINO JESUS", "zona": "35", "municipio": "AUTAZES", "local": "1384", "nome_urna": "E. M. MENINO JESUS", "aderencia": 1.0}, "geometry": {"type": "Point", "coordinates": [-59.74255, -3.68522]}}, {"type": "Feature", "properties": {"nome": "E. M. ALVINA CAVALCANTE TUPINAMBÁ", "zona": "35", "municipio": "AUTAZES", "local": "1104", "nome_urna": "E. M. ALVINA CAVALCANTE TUPINAMBÁ", "aderencia": 1.0}, "geometry": {"type": "Point", "coordinates": [-59.1747, -3.83002]}}, {"type": "Feature", "properties": {"nome": "E. M. RAIMUNDA CALDAS", "zona": "35", "municipio": "AUTAZES", "local": "1171", "nome_urna": "E. M. RAIMUNDA CALDAS", "aderencia": 1.0}, "geometry": {"type": "Point", "coordinates": [-58.97056, -3.47753]}}, {"type": "Feature", "properties": {"nome": "E. M. INDÍGENA TRINCHEIRA", "zona": "35", "municipio": "AUTAZES", "local": "1392", "nome_urna": "E. M. INDÍGENA TRINCHEIRA", "aderencia": 1.0}, "geometry": {"type": "Point", "coordinates": [-59.23115, -3.71048]}}, {"type": "Feature", "properties": {"nome": "E. E. PEDRO SANTARÉM PENALBER SAMPAIO", "zona": "35", "municipio": "AUTAZES", "local": "1090", "nome_urna": "E. E. PEDRO SANTARÉM PENALBER SAMPAIO", "aderencia": 1.0}, "geometry": {"type": "Point", "coordinates": [-59.12808, -3.58359]}}, {"type": "Feature", "properties": {"nome": "E. M. ELIESER CORREA LIMA", "zona": "35", "municipio": "AUTAZES", "local": "1287", "nome_urna": "E. M. ELIESER CORREA LIMA", "aderencia": 1.0}, "geometry": {"type": "Point", "coordinates": [-59.63659, -3.64506]}}, {"type": "Feature", "properties": {"nome": "E. M. MARQUINA CORDOVIL GUIMARÃES", "zona": "35", "municipio": "AUTAZES", "local": "1457", "nome_urna": "E. M. MARQUINA CORDOVIL GUIMARÃES", "aderencia": 1.0}, "geometry": {"type": "Point", "coordinates": [-59.13028, -3.58359]}}, {"type": "Feature", "properties": {"nome": "E. M. RUY ALCÂNTARA DE ALBUQUERQUE", "zona": "23", "municipio": "CAREIRO"}, "geometry": {"type": "Point", "coordinates": [-59.92935, -3.54482]}}, {"type": "Feature", "properties": {"nome": "E. M. DOMINGOS SÁVIO", "zona": "35", "municipio": "AUTAZES", "local": "1236", "nome_urna": "E. M. DOMINGOS SÁVIO", "aderencia": 1.0}, "geometry": {"type": "Point", "coordinates": [-59.07568, -3.82493]}}, {"type": "Feature", "properties": {"nome": "E. M. BELA VISTA", "zona": "35", "municipio": "AUTAZES", "local": "1252", "nome_urna": "E. M. BELA VISTA", "aderencia": 1.0}, "geometry": {"type": "Point", "coordinates": [-59.39649, -3.48961]}}, {"type": "Feature", "properties": {"nome": "E. M. SÃO FRANCISCO", "zona": "35", "municipio": "AUTAZES", "local": "1163", "nome_urna": "E. M. SÃO FRANCISCO", "aderencia": 1.0}, "geometry": {"type": "Point", "coordinates": [-59.65691, -3.75389]}}, {"type": "Feature", "properties": {"nome": "E. M. ROCHEDO", "zona": "35", "municipio": "AUTAZES", "local": "1376", "nome_urna": "E. M. ROCHEDO", "aderencia": 1.0}, "geometry": {"type": "Point", "coordinates": [-59.02969, -3.36322]}}, {"type": "Feature", "properties": {"nome": "E. E. RAMUNDO SÁ", "zona": "35", "municipio": "AUTAZES", "local": "1023", "nome_urna": "E. E. RAMUNDO SÁ", "aderencia": 1.0}, "geometry": {"type": "Point", "coordinates": [-59.12487, -3.58084]}}, {"type": "Feature", "properties": {"nome": "E. M. INDÍGENA PROF. HAMILTON CARDOSO", "zona": "35", "municipio": "AUTAZES", "local": "1406", "nome_urna": "E. M. INDÍGENA PROF. HAMILTON CARDOSO", "aderencia": 1.0}, "geometry": {"type": "Point", "coordinates": [-59.15698, -3.82268]}}, {"type": "Feature", "properties": {"nome": "E. M. BOM JESUS", "zona": "35", "municipio": "AUTAZES", "local": "1120", "nome_urna": "E. M. BOM JESUS", "aderencia": 1.0}, "geometry": {"type": "Point", "coordinates": [-59.37369, -3.68627]}}, {"type": "Feature", "properties": {"nome": "E. E. VIDAL DE MELO", "zona": "35", "municipio": "AUTAZES", "local": "1147", "nome_urna": "E. E. VIDAL DE MELO", "aderencia": 1.0}, "geometry": {"type": "Point", "coordinates": [-59.1335, -3.58181]}}, {"type": "Feature", "properties": {"nome": "E. E. MARIA EMÍLIA MESTRINHO DE MEDEIROS RAPOSO - (GM3)", "zona": "35", "municipio": "AUTAZES", "local": "1082", "nome_urna": "E. E. MARIA EMÍLIA MESTRINHO DE MEDEIROS RAPOSO - (GM3)", "aderencia": 1.0}, "geometry": {"type": "Point", "coordinates": [-59.13085, -3.58215]}}, {"type": "Feature", "properties": {"nome": "E. M. PEDRO GASPAR", "zona": "35", "municipio": "AUTAZES", "local": "1139", "nome_urna": "E. M. PEDRO GASPAR", "aderencia": 1.0}, "geometry": {"type": "Point", "coordinates": [-59.13458, -3.38324]}}, {"type": "Feature", "properties": {"nome": "E. M. INDÍGENA MANOEL MIRANDA", "zona": "35", "municipio": "AUTAZES", "local": "1465", "nome_urna": "E. M. INDÍGENA MANOEL MIRANDA", "aderencia": 1.0}, "geometry": {"type": "Point", "coordinates": [-59.25266, -3.37701]}}, {"type": "Feature", "properties": {"nome": "E. M. INDÍGENA CORONEL RONDON", "zona": "35", "municipio": "AUTAZES", "local": "1422", "nome_urna": "E. M. INDÍGENA CORONEL RONDON", "aderencia": 1.0}, "geometry": {"type": "Point", "coordinates": [-59.21003, -3.5017]}}, {"type": "Feature", "properties": {"nome": "E. M. SÃO JUDAS TADEU", "zona": "35", "municipio": "AUTAZES"}, "geometry": {"type": "Point", "coordinates": [-59.1824, -3.40316]}}, {"type": "Feature", "properties": {"nome": "E. E. ISAURA TORRES DA SILVA", "zona": "35", "municipio": "AUTAZES", "local": "1015", "nome_urna": "E. E. ISAURA TORRES DA SILVA", "aderencia": 1.0}, "geometry": {"type": "Point", "coordinates": [-59.13779, -3.58084]}}, {"type": "Feature", "properties": {"nome": "E. M. PROF. ZIMA CABRAL", "zona": "35", "municipio": "AUTAZES", "local": "1040", "nome_urna": "E. M. PROF. ZIMA CABRAL", "aderencia": 1.0}, "geometry": {"type": "Point", "coordinates": [-59.27258, -3.38649]}}, {"type": "Feature", "properties": {"nome": "E. M. SÃO FRANCISCO DAS CHAGAS", "zona": "35", "municipio": "AUTAZES", "local": "1368", "nome_urna": "E. M. SÃO FRANCISCO DAS CHAGAS", "aderencia": 1.0}, "geometry": {"type": "Point", "coordinates": [-59.84655, -3.8611]}}, {"type": "Feature", "properties": {"nome": "E. M. SÃO LÁZARO", "zona": "35", "municipio": "AUTAZES", "local": "1449", "nome_urna": "E. M. SÃO LÁZARO", "aderencia": 1.0}, "geometry": {"type": "Point", "coordinates": [-59.7333, -3.93142]}}, {"type": "Feature", "properties": {"nome": "E. M. IVAN JAQUES", "zona": "6", "municipio": "ANAMA", "local": "1066", "nome_urna": "E. M. IVAN JAQUES", "aderencia": 1.0}, "geometry": {"type": "Point", "coordinates": [-61.4049, -3.5769]}}, {"type": "Feature", "properties": {"nome": "E. E. TANCREDO NEVES", "zona": "6", "municipio": "ANAMA", "local": "1015", "nome_urna": "E. E. TANCREDO NEVES", "aderencia": 1.0}, "geometry": {"type": "Point", "coordinates": [-61.40544, -3.5797]}}, {"type": "Feature", "properties": {"nome": "E. E. JESUINA REGIS", "zona": "6", "municipio": "ANAMA", "local": "1023", "nome_urna": "E. E. JESUINA REGIS", "aderencia": 1.0}, "geometry": {"type": "Point", "coordinates": [-61.40544, -3.58107]}}, {"type": "Feature", "properties": {"nome": "E. E. ALCINDA PINHEIRO", "zona": "6", "municipio": "ANAMA", "local": "1058", "nome_urna": "E. E. ALCINDA PINHEIRO", "aderencia": 1.0}, "geometry": {"type": "Point", "coordinates": [-61.40652, -3.57521]}}, {"type": "Feature", "properties": {"nome": "E. E. EURICO GASPAR DUTRA", "zona": "33", "municipio": "ANORI", "local": "1058", "nome_urna": "E. E. EURICO GASPAR DUTRA", "aderencia": 1.0}, "geometry": {"type": "Point", "coordinates": [-61.65201, -3.74287]}}, {"type": "Feature", "properties": {"nome": "E. M. NOVA UNIÃO", "zona": "33", "municipio": "ANORI", "local": "1104", "nome_urna": "E. M. NOVA UNIÃO", "aderencia": 1.0}, "geometry": {"type": "Point", "coordinates": [-61.58275, -3.7651]}}, {"type": "Feature", "properties": {"nome": "E. E. PRESIDENTE COSTA E SILVA", "zona": "33", "municipio": "ANORI", "local": "1023", "nome_urna": "E. E. PRESIDENTE COSTA E SILVA", "aderencia": 1.0}, "geometry": {"type": "Point", "coordinates": [-61.65965, -3.74858]}}, {"type": "Feature", "properties": {"nome": "E. E. ALMERINDA NOGUEIRA UCHÔA IZEL", "zona": "33", "municipio": "ANORI", "local": "1066", "nome_urna": "E. E. ALMERINDA NOGUEIRA UCHÔA IZEL", "aderencia": 1.0}, "geometry": {"type": "Point", "coordinates": [-61.65683, -3.74426]}}, {"type": "Feature", "properties": {"nome": "E. M. BOM JARDIM", "zona": "33", "municipio": "ANORI", "local": "1074", "nome_urna": "E. M. BOM JARDIM", "aderencia": 1.0}, "geometry": {"type": "Point", "coordinates": [-61.73486, -4.23589]}}, {"type": "Feature", "properties": {"nome": "E. M. PROFESSOR BALBINO", "zona": "33", "municipio": "ANORI"}, "geometry": {"type": "Point", "coordinates": [-61.80166, -3.9497]}}, {"type": "Feature", "properties": {"nome": "E. E. GOV GILBERTO MESTRINHO", "zona": "67", "municipio": "APUI", "local": "1031", "nome_urna": "E. E. GOV GILBERTO MESTRINHO", "aderencia": 1.0}, "geometry": {"type": "Point", "coordinates": [-59.88442, -7.20109]}}, {"type": "Feature", "properties": {"nome": "C. E. PADRE FALIEIRO", "zona": "67", "municipio": "APUI", "local": "1147", "nome_urna": "C. E. PADRE FALIEIRO", "aderencia": 1.0}, "geometry": {"type": "Point", "coordinates": [-59.88393, -7.1919]}}, {"type": "Feature", "properties": {"nome": "E. M. PROF. MARIA DE NAZARÉ DOS SANTOS DA SILVA", "zona": "67", "municipio": "APUI"}, "geometry": {"type": "Point", "coordinates": [-59.0481, -6.79878]}}, {"type": "Feature", "properties": {"nome": "E. M. CRECHE SANTA TEREZINHA", "zona": "67", "municipio": "APUI", "local": "1171", "nome_urna": "E. M. CRECHE SANTA TEREZINHA", "aderencia": 1.0}, "geometry": {"type": "Point", "coordinates": [-59.88054, -7.19528]}}, {"type": "Feature", "properties": {"nome": "E. M. ALTA UNIAO", "zona": "67", "municipio": "APUI", "local": "1090", "nome_urna": "E. M. ALTA UNIAO", "aderencia": 1.0}, "geometry": {"type": "Point", "coordinates": [-59.8548, -7.32834]}}, {"type": "Feature", "properties": {"nome": "E. E. PROF. MARIA CURTARELLI LIRA", "zona": "67", "municipio": "APUI", "local": "1040", "nome_urna": "E. E. PROF. MARIA CURTARELLI LIRA", "aderencia": 1.0}, "geometry": {"type": "Point", "coordinates": [-59.88959, -7.20033]}}, {"type": "Feature", "properties": {"nome": "E. M. VILMA LEMOS", "zona": "67", "municipio": "APUI", "local": "1058", "nome_urna": "E. M. VILMA LEMOS", "aderencia": 1.0}, "geometry": {"type": "Point", "coordinates": [-59.51562, -7.20694]}}, {"type": "Feature", "properties": {"nome": "E. M. NOSSA SENHORA DO CARMO", "zona": "29", "municipio": "NOVO ARIPUANA"}, "geometry": {"type": "Point", "coordinates": [-60.67422, -7.52152]}}, {"type": "Feature", "properties": {"nome": "E. M. CRECHE DOCE LAR IRMA INES", "zona": "67", "municipio": "APUI", "local": "1023", "nome_urna": "E. M. CRECHE DOCE LAR IRMA INES", "aderencia": 1.0}, "geometry": {"type": "Point", "coordinates": [-59.88701, -7.20173]}}, {"type": "Feature", "properties": {"nome": "E. M. NOVA VIDA", "zona": "67", "municipio": "APUI"}, "geometry": {"type": "Point", "coordinates": [-59.51681, -7.21621]}}, {"type": "Feature", "properties": {"nome": "E. M. ULISSES GUIMARAES", "zona": "67", "municipio": "APUI", "local": "1066", "nome_urna": "E. M. ULISSES GUIMARAES", "aderencia": 1.0}, "geometry": {"type": "Point", "coordinates": [-59.91133, -6.96739]}}, {"type": "Feature", "properties": {"nome": "E. M. PRIMAVERA", "zona": "5", "municipio": "MAUES"}, "geometry": {"type": "Point", "coordinates": [-58.15228, -7.34111]}}, {"type": "Feature", "properties": {"nome": "E. E. MARECHAL CASTELO BRANCO", "zona": "42", "municipio": "ATALAIA DO NORTE", "local": "1058", "nome_urna": "E. E. MARECHAL CASTELO BRANCO", "aderencia": 1.0}, "geometry": {"type": "Point", "coordinates": [-72.81257, -5.13674]}}, {"type": "Feature", "properties": {"nome": "E. M. LUCINEY DE MELLO CARNEIRO", "zona": "42", "municipio": "ATALAIA DO NORTE"}, "geometry": {"type": "Point", "coordinates": [-70.19296, -4.37415]}}, {"type": "Feature", "properties": {"nome": "E. M. RAIMUNDA GALATE", "zona": "42", "municipio": "ATALAIA DO NORTE", "local": "1074", "nome_urna": "E. M. RAIMUNDA GALATE", "aderencia": 1.0}, "geometry": {"type": "Point", "coordinates": [-70.19002, -4.36522]}}, {"type": "Feature", "properties": {"nome": "POLO BASE DE SAUDE - ALDEIA PARAISO", "zona": "42", "municipio": "ATALAIA DO NORTE", "local": "1155", "nome_urna": "POLO BASE DE SAUDE - ALDEIA PARAISO", "aderencia": 1.0}, "geometry": {"type": "Point", "coordinates": [-70.9375, -5.87602]}}, {"type": "Feature", "properties": {"nome": "E. M. GREGORIA FRANCISCA RIBEIRO", "zona": "42", "municipio": "ATALAIA DO NORTE"}, "geometry": {"type": "Point", "coordinates": [-70.28649, -4.2896]}}, {"type": "Feature", "properties": {"nome": "E. E. PIO VEIGA", "zona": "42", "municipio": "ATALAIA DO NORTE", "local": "1015", "nome_urna": "E. E. PIO VEIGA", "aderencia": 1.0}, "geometry": {"type": "Point", "coordinates": [-70.19058, -4.36849]}}, {"type": "Feature", "properties": {"nome": "POLO BASE DE SAÚDE - ALDEIA LOBO", "zona": "42", "municipio": "ATALAIA DO NORTE", "local": "1120", "nome_urna": "POLO BASE DE SAÚDE - ALDEIA LOBO", "aderencia": 1.0}, "geometry": {"type": "Point", "coordinates": [-72.97235, -5.73776]}}, {"type": "Feature", "properties": {"nome": "E. M. JOSÉ RODRIGUES DE ALMEIDA", "zona": "42", "municipio": "ATALAIA DO NORTE", "local": "1171", "nome_urna": "E. M. JOSÉ RODRIGUES DE ALMEIDA", "aderencia": 1.0}, "geometry": {"type": "Point", "coordinates": [-72.70771, -6.63286]}}, {"type": "Feature", "properties": {"nome": "E. E. PROF. TEREZA LEMOS DE OLIVEIRA SANTOS", "zona": "42", "municipio": "ATALAIA DO NORTE", "local": "1066", "nome_urna": "E. E. PROF. TEREZA LEMOS DE OLIVEIRA SANTOS", "aderencia": 1.0}, "geometry": {"type": "Point", "coordinates": [-70.18899, -4.3682]}}, {"type": "Feature", "properties": {"nome": "E. E. TENENTE RUFINO", "zona": "42", "municipio": "ATALAIA DO NORTE", "local": "1040", "nome_urna": "E. E. TENENTE RUFINO", "aderencia": 1.0}, "geometry": {"type": "Point", "coordinates": [-71.61963, -4.52972]}}, {"type": "Feature", "properties": {"nome": "E. M. BRAZ TUKUNA", "zona": "42", "municipio": "ATALAIA DO NORTE", "local": "1112", "nome_urna": "E. M. BRAZ TUKUNA", "aderencia": 1.0}, "geometry": {"type": "Point", "coordinates": [-70.61937, -5.96587]}}, {"type": "Feature", "properties": {"nome": "POLO BASE DE SAÚDE - ALDEIA SÃO LUIZ", "zona": "42", "municipio": "ATALAIA DO NORTE", "local": "1104", "nome_urna": "POLO BASE DE SAÚDE - ALDEIA SÃO LUIZ", "aderencia": 1.0}, "geometry": {"type": "Point", "coordinates": [-71.30191, -4.45884]}}, {"type": "Feature", "properties": {"nome": "POLO BASE DE SAÚDE - ALDEIA SÃO SEBASTIÃO", "zona": "42", "municipio": "ATALAIA DO NORTE", "local": "1147", "nome_urna": "POLO BASE DE SAÚDE - ALDEIA SÃO SEBASTIÃO", "aderencia": 1.0}, "geometry": {"type": "Point", "coordinates": [-72.08275, -5.86065]}}, {"type": "Feature", "properties": {"nome": "POLO BASE DE SAÚDE - ALDEIA VIDA NOVA", "zona": "42", "municipio": "ATALAIA DO NORTE", "local": "1139", "nome_urna": "POLO BASE DE SAÚDE - ALDEIA VIDA NOVA", "aderencia": 1.0}, "geometry": {"type": "Point", "coordinates": [-72.17008, -6.8108]}}, {"type": "Feature", "properties": {"nome": "EMEF SANTO ALBERTO", "zona": "18", "municipio": "BARCELOS", "local": "1031", "nome_urna": "EMEF SANTO ALBERTO", "aderencia": 1.0}, "geometry": {"type": "Point", "coordinates": [-61.97906, -1.39463]}}, {"type": "Feature", "properties": {"nome": "EEFM PADRE JOAO BADALOTTI", "zona": "18", "municipio": "BARCELOS", "local": "1023", "nome_urna": "EEFM PADRE JOAO BADALOTTI", "aderencia": 1.0}, "geometry": {"type": "Point", "coordinates": [-62.92675, -0.96909]}}, {"type": "Feature", "properties": {"nome": "E. M. INDÍGENA AJURICABA", "zona": "18", "municipio": "BARCELOS"}, "geometry": {"type": "Point", "coordinates": [-62.62248, 0.88457]}}, {"type": "Feature", "properties": {"nome": "EEFM SAO FRANCISCO DE SALES", "zona": "18", "municipio": "BARCELOS", "local": "1058", "nome_urna": "EEFM SAO FRANCISCO DE SALES", "aderencia": 1.0}, "geometry": {"type": "Point", "coordinates": [-62.92926, -0.96817]}}, {"type": "Feature", "properties": {"nome": "EMEF DA COMUNIDADE DE TAPIIRA", "zona": "18", "municipio": "BARCELOS", "local": "1112", "nome_urna": "EMEF DA COMUNIDADE DE TAPIIRA", "aderencia": 1.0}, "geometry": {"type": "Point", "coordinates": [-62.22401, -1.76609]}}, {"type": "Feature", "properties": {"nome": "E. M. MANUEL SALES", "zona": "18", "municipio": "BARCELOS"}, "geometry": {"type": "Point", "coordinates": [-64.17445, 0.67585]}}, {"type": "Feature", "properties": {"nome": "EEF ANGELINA PALHETA MENDES", "zona": "18", "municipio": "BARCELOS", "local": "1074", "nome_urna": "EEF ANGELINA PALHETA MENDES", "aderencia": 1.0}, "geometry": {"type": "Point", "coordinates": [-62.92629, -0.97536]}}, {"type": "Feature", "properties": {"nome": "EMEF EVARISTA BRAS", "zona": "18", "municipio": "BARCELOS", "local": "1104", "nome_urna": "EMEF EVARISTA BRAS", "aderencia": 1.0}, "geometry": {"type": "Point", "coordinates": [-62.91858, -0.97452]}}, {"type": "Feature", "properties": {"nome": "EMEF SANTA RITA", "zona": "18", "municipio": "BARCELOS", "local": "1090", "nome_urna": "EMEF SANTA RITA", "aderencia": 1.0}, "geometry": {"type": "Point", "coordinates": [-61.63519, -1.45714]}}, {"type": "Feature", "properties": {"nome": "EMEF FREDERICO MACHADO", "zona": "18", "municipio": "BARCELOS", "local": "1120", "nome_urna": "EMEF FREDERICO MACHADO", "aderencia": 1.0}, "geometry": {"type": "Point", "coordinates": [-63.35785, -0.60599]}}, {"type": "Feature", "properties": {"nome": "EMEI DR FRANCISCO JAVIER VALDIVIA ESTEFANERO", "zona": "18", "municipio": "BARCELOS", "local": "1155", "nome_urna": "EMEI DR FRANCISCO JAVIER VALDIVIA ESTEFANERO, S/NR", "aderencia": 0.94}, "geometry": {"type": "Point", "coordinates": [-62.92254, -0.97225]}}, {"type": "Feature", "properties": {"nome": "EMEI CRECHE TAYNA SURI", "zona": "18", "municipio": "BARCELOS", "local": "1139", "nome_urna": "EMEI CRECHE TAYNA SURI", "aderencia": 1.0}, "geometry": {"type": "Point", "coordinates": [-62.92878, -0.97323]}}, {"type": "Feature", "properties": {"nome": "E. M. CAMPOS MOREIRA", "zona": "26", "municipio": "BARREIRINHA", "local": "1260", "nome_urna": "E. M. CAMPOS MOREIRA", "aderencia": 1.0}, "geometry": {"type": "Point", "coordinates": [-57.43605, -2.85053]}}, {"type": "Feature", "properties": {"nome": "E. M. PEDRO PEDROSA DE CARVALHO", "zona": "26", "municipio": "BARREIRINHA", "local": "1139", "nome_urna": "E. M. PEDRO PEDROSA DE CARVALHO", "aderencia": 1.0}, "geometry": {"type": "Point", "coordinates": [-57.23727, -3.16502]}}, {"type": "Feature", "properties": {"nome": "E. E. JULIO CESAR DA COSTA", "zona": "26", "municipio": "BARREIRINHA", "local": "1252", "nome_urna": "E. E. JULIO CESAR DA COSTA", "aderencia": 1.0}, "geometry": {"type": "Point", "coordinates": [-57.17116, -2.79726]}}, {"type": "Feature", "properties": {"nome": "E. M. ROSA CABRAL", "zona": "26", "municipio": "BARREIRINHA", "local": "1325", "nome_urna": "E. M. ROSA CABRAL", "aderencia": 1.0}, "geometry": {"type": "Point", "coordinates": [-57.0704, -3.28344]}}, {"type": "Feature", "properties": {"nome": "E. E. JACY DUTRA", "zona": "26", "municipio": "BARREIRINHA", "local": "1066", "nome_urna": "E. E. JACY DUTRA", "aderencia": 1.0}, "geometry": {"type": "Point", "coordinates": [-57.27821, -2.79566]}}, {"type": "Feature", "properties": {"nome": "E. E. PROF MARIA BELÉM", "zona": "26", "municipio": "BARREIRINHA", "local": "1350", "nome_urna": "E. E. PROF MARIA BELÉM", "aderencia": 1.0}, "geometry": {"type": "Point", "coordinates": [-57.06744, -2.80584]}}, {"type": "Feature", "properties": {"nome": "E. M. NOSSA SENHORA DO LIVRAMENTO", "zona": "26", "municipio": "BARREIRINHA", "local": "1309", "nome_urna": "E. M. NOSSA SENHORA DO LIVRAMENTO", "aderencia": 1.0}, "geometry": {"type": "Point", "coordinates": [-57.23174, -2.8105]}}, {"type": "Feature", "properties": {"nome": "E. M. MANOEL SOUZA PENA", "zona": "26", "municipio": "BARREIRINHA", "local": "1236", "nome_urna": "E. M. MANOEL SOUZA PENA", "aderencia": 1.0}, "geometry": {"type": "Point", "coordinates": [-57.34395, -3.06393]}}, {"type": "Feature", "properties": {"nome": "E. E. NILO PEREIRA", "zona": "26", "municipio": "BARREIRINHA", "local": "1180", "nome_urna": "E. E. STADUAL NILO PEREIRA", "aderencia": 0.82}, "geometry": {"type": "Point", "coordinates": [-56.81757, -2.76983]}}, {"type": "Feature", "properties": {"nome": "E. M. HILMA DUTRA", "zona": "26", "municipio": "BARREIRINHA", "local": "1392", "nome_urna": "E. M. HILMA DUTRA", "aderencia": 1.0}, "geometry": {"type": "Point", "coordinates": [-57.07058, -2.80131]}}, {"type": "Feature", "properties": {"nome": "E. M. MARIA DO SOCORRO ANDRADE MOURA", "zona": "26", "municipio": "BARREIRINHA"}, "geometry": {"type": "Point", "coordinates": [-57.17333, -2.92133]}}, {"type": "Feature", "properties": {"nome": "E. M. MARECHAL CÂNDIDO RONDON", "zona": "26", "municipio": "BARREIRINHA", "local": "1414", "nome_urna": "E. M. MARECHAL CÂNDIDO RONDON", "aderencia": 1.0}, "geometry": {"type": "Point", "coordinates": [-56.93507, -3.40824]}}, {"type": "Feature", "properties": {"nome": "E. E. SENADOR JOÃO BOSCO RAMOS DE LIMA", "zona": "26", "municipio": "BARREIRINHA", "local": "1384", "nome_urna": "E. E. SENADOR JOÃO BOSCO RAMOS DE LIMA", "aderencia": 1.0}, "geometry": {"type": "Point", "coordinates": [-57.0645, -2.7988]}}, {"type": "Feature", "properties": {"nome": "E. M. SANTA TEREZA", "zona": "26", "municipio": "BARREIRINHA", "local": "1228", "nome_urna": "E. M. SANTA TEREZA", "aderencia": 1.0}, "geometry": {"type": "Point", "coordinates": [-57.09574, -2.97982]}}, {"type": "Feature", "properties": {"nome": "E. E. ANTONIO BELCHIOR CABRAL", "zona": "26", "municipio": "BARREIRINHA", "local": "1104", "nome_urna": "E. E. ANTONIO BELCHIOR CABRAL", "aderencia": 1.0}, "geometry": {"type": "Point", "coordinates": [-57.00029, -2.85906]}}, {"type": "Feature", "properties": {"nome": "E. M. SANTA MARIA", "zona": "26", "municipio": "BARREIRINHA", "local": "1210", "nome_urna": "E. M. SANTA MARIA", "aderencia": 1.0}, "geometry": {"type": "Point", "coordinates": [-57.34421, -2.85467]}}, {"type": "Feature", "properties": {"nome": "E. M. ÁLVARO MAIA", "zona": "26", "municipio": "BARREIRINHA", "local": "1406", "nome_urna": "E. M. ÁLVARO MAIA", "aderencia": 1.0}, "geometry": {"type": "Point", "coordinates": [-57.41414, -2.84134]}}, {"type": "Feature", "properties": {"nome": "E. M. CRISTO REDENTOR", "zona": "26", "municipio": "BARREIRINHA", "local": "1279", "nome_urna": "E. M. CRISTO REDENTOR", "aderencia": 1.0}, "geometry": {"type": "Point", "coordinates": [-56.90114, -2.83022]}}, {"type": "Feature", "properties": {"nome": "E. M. ASTROGILDA ALVES BELEM", "zona": "26", "municipio": "BARREIRINHA", "local": "1287", "nome_urna": "E. M. ASTROGILDA ALVES BELEM", "aderencia": 1.0}, "geometry": {"type": "Point", "coordinates": [-57.16684, -3.07415]}}, {"type": "Feature", "properties": {"nome": "E. M. CRISTO REI", "zona": "26", "municipio": "BARREIRINHA", "local": "1295", "nome_urna": "E. M. CRISTO REI", "aderencia": 1.0}, "geometry": {"type": "Point", "coordinates": [-57.09632, -3.18876]}}, {"type": "Feature", "properties": {"nome": "E. M. INDÍGENA ANTIRI AWANARI TSAMIA (ANTIGA MANOEL BATISTA)", "zona": "20", "municipio": "BENJAMIN CONSTANT", "local": "1228", "nome_urna": "E. M. INDÍGENA ANTIRI AWANARI TSAMIA (ANTIGA MANOEL BATISTA)", "aderencia": 1.0}, "geometry": {"type": "Point", "coordinates": [-69.90881, -4.40665]}}, {"type": "Feature", "properties": {"nome": "E. M. INDÍGENA DOM PEDRO II", "zona": "20", "municipio": "BENJAMIN CONSTANT", "local": "1244", "nome_urna": "E. M. INDIGENA DOM PEDRO II", "aderencia": 1.0}, "geometry": {"type": "Point", "coordinates": [-69.86426, -4.40545]}}, {"type": "Feature", "properties": {"nome": "E. M. INDÍGENA EBENEZER", "zona": "20", "municipio": "BENJAMIN CONSTANT", "local": "1082", "nome_urna": "E. M. INDÍGENA EBENEZER", "aderencia": 1.0}, "geometry": {"type": "Point", "coordinates": [-69.99344, -4.38307]}}, {"type": "Feature", "properties": {"nome": "E. M. OLAVO BILAC", "zona": "20", "municipio": "BENJAMIN CONSTANT", "local": "1066", "nome_urna": "E. M. OLAVO BILAC", "aderencia": 1.0}, "geometry": {"type": "Point", "coordinates": [-70.03082, -4.3807]}}, {"type": "Feature", "properties": {"nome": "E. M. DE SANTA LUZIA", "zona": "20", "municipio": "BENJAMIN CONSTANT", "local": "1198", "nome_urna": "E. M. DE SANTA LUZIA", "aderencia": 1.0}, "geometry": {"type": "Point", "coordinates": [-69.9675, -4.34039]}}, {"type": "Feature", "properties": {"nome": "E. M. INDÍGENA PEDRO ALVES", "zona": "20", "municipio": "BENJAMIN CONSTANT", "local": "1244", "nome_urna": "E. M. INDIGENA DOM PEDRO II", "aderencia": 0.79}, "geometry": {"type": "Point", "coordinates": [-69.92515, -4.40432]}}, {"type": "Feature", "properties": {"nome": "E. M. INDÍGENA ADÉLIA JOAQUIM BE'TCHIINA (ANTIGA PEDRO ALVARES CABRAL)", "zona": "22", "municipio": "SAO PAULO DE OLIVENCA"}, "geometry": {"type": "Point", "coordinates": [-69.43898, -4.24987]}}, {"type": "Feature", "properties": {"nome": "E. M. INDÍGENA MARECHAL RONDON", "zona": "20", "municipio": "BENJAMIN CONSTANT", "local": "1155", "nome_urna": "E. M. INDÍGENA MARECHAL RONDON", "aderencia": 1.0}, "geometry": {"type": "Point", "coordinates": [-69.53765, -4.29684]}}, {"type": "Feature", "properties": {"nome": "E. E. IMACULADA CONCEICAO", "zona": "20", "municipio": "BENJAMIN CONSTANT", "local": "1015", "nome_urna": "E. E. IMACULADA CONCEICAO", "aderencia": 1.0}, "geometry": {"type": "Point", "coordinates": [-70.02946, -4.37687]}}, {"type": "Feature", "properties": {"nome": "E. E. CEL RAIMUNDO CUNHA", "zona": "20", "municipio": "BENJAMIN CONSTANT", "local": "1074", "nome_urna": "E. E. CEL RAIMUNDO CUNHA", "aderencia": 1.0}, "geometry": {"type": "Point", "coordinates": [-70.02487, -4.37508]}}, {"type": "Feature", "properties": {"nome": "E. M. INDÍGENA PORTO CORDEIRINHO", "zona": "20", "municipio": "BENJAMIN CONSTANT", "local": "1201", "nome_urna": "E. M. INDÍGENA PORTO CORDEIRINHO", "aderencia": 1.0}, "geometry": {"type": "Point", "coordinates": [-69.99934, -4.38641]}}, {"type": "Feature", "properties": {"nome": "E. E. PROF ROSA CRUZ", "zona": "20", "municipio": "BENJAMIN CONSTANT", "local": "1210", "nome_urna": "E. E.  PROF ROSA CRUZ", "aderencia": 0.98}, "geometry": {"type": "Point", "coordinates": [-70.02644, -4.37834]}}, {"type": "Feature", "properties": {"nome": "E. M. INDÍGENA PORTO CRUZEIRINHO", "zona": "20", "municipio": "BENJAMIN CONSTANT", "local": "1236", "nome_urna": "E. M. INDIGENA PORTO CRUZEIRINHO", "aderencia": 1.0}, "geometry": {"type": "Point", "coordinates": [-69.98796, -4.38183]}}]}