{"type": "FeatureCollection", "fonte": "FUNAI, poligonais das terras indígenas (2023)", "features": [{"type": "Feature", "properties": {"nome": "Acapuri de Cima", "etnia": "Kokama", "fase": "Regularizada", "modalidade": "Tradicionalmente ocupada", "municipios": "Fonte Boa", "ha": 18393.9411, "uf": "AM"}, "geometry": {"type": "Polygon", "coordinates": [[[-66.88359, -2.53752], [-66.76187, -2.53819], [-66.76062, -2.62736], [-66.7837, -2.63639], [-66.8182, -2.67663], [-66.83638, -2.66078], [-66.85304, -2.65253], [-66.87084, -2.64942], [-66.88637, -2.65351], [-66.90056, -2.62866], [-66.90375, -2.61703], [-66.89783, -2.60084], [-66.88114, -2.58485], [-66.88359, -2.53752]]]}}, {"type": "Feature", "properties": {"nome": "Acimã", "etnia": "Apurinã", "fase": "Regularizada", "modalidade": "Tradicionalmente ocupada", "municipios": "Lábrea", "ha": 40686.034, "uf": "AM"}, "geometry": {"type": "Polygon", "coordinates": [[[-66.30929, -7.79995], [-66.30299, -7.799], [-66.2991, -7.79332], [-66.29374, -7.79167], [-66.28137, -7.79378], [-66.279, -7.79011], [-66.2592, -7.78618], [-66.25024, -7.79358], [-66.22843, -7.79591], [-66.22106, -7.79134], [-66.21386, -7.79163], [-66.2087, -7.78679], [-66.19862, -7.7877], [-66.19037, -7.78138], [-66.18161, -7.78821], [-66.17915, -7.79606], [-66.17224, -7.79773], [-66.16956, -7.80262], [-66.16223, -7.8036], [-66.16934, -7.75797], [-66.16262, -7.75922], [-66.13176, -7.74904], [-66.12345, -7.75565], [-66.11509, -7.75731], [-66.09346, -7.75127], [-66.08232, -7.75328], [-66.07242, -7.74922], [-66.0393, -7.7447], [-66.0401, -7.78788], [-66.03717, -7.79725], [-66.04559, -7.80547], [-66.04492, -7.81261], [-66.04903, -7.81543], [-66.03823, -7.83009], [-66.03809, -7.83619], [-66.04426, -7.84256], [-66.08215, -7.84873], [-66.09118, -7.86346], [-66.115, -7.85983], [-66.12637, -7.86132], [-66.13721, -7.88578], [-66.15086, -7.89566], [-66.1647, -7.92268], [-66.1765, -7.93211], [-66.19337, -7.93164], [-66.19789, -7.92806], [-66.20794, -7.93271], [-66.2173, -7.9252], [-66.23383, -7.93538], [-66.2446, -7.9329], [-66.26365, -7.94576], [-66.28025, -7.94431], [-66.29555, -7.9353], [-66.30168, -7.91147], [-66.29717, -7.90104], [-66.30256, -7.89064], [-66.30313, -7.8816], [-66.29408, -7.846], [-66.28756, -7.83307], [-66.307, -7.81511], [-66.30929, -7.79995]]]}}, {"type": "Feature", "properties": {"nome": "Água Preta/Inari", "etnia": "Apurinã", "fase": "Regularizada", "modalidade": "Tradicionalmente ocupada", "municipios": "Pauini", "ha": 139763.6705, "uf": "AM"}, "geometry": {"type": "Polygon", "coordinates": [[[-67.26091, -7.49418], [-67.26205, -7.48955], [-67.27259, -7.48459], [-67.27944, -7.48909], [-67.29079, -7.48964], [-67.30166, -7.48606], [-67.30612, -7.47916], [-67.30808, -7.48397], [-67.31516, -7.47511], [-67.32079, -7.47536], [-67.32281, -7.47205], [-67.32555, -7.4741], [-67.33435, -7.46584], [-67.34736, -7.46188], [-67.37129, -7.43147], [-67.40488, -7.42095], [-67.41402, -7.40945], [-67.43212, -7.40526], [-67.44133, -7.39223], [-67.44211, -7.38249], [-67.45355, -7.37827], [-67.48759, -7.35521], [-67.50078, -7.35107], [-67.51452, -7.33072], [-67.51267, -7.32019], [-67.50262, -7.31181], [-67.51163, -7.30257], [-67.4996, -7.2971], [-67.48955, -7.29716], [-67.4738, -7.28497], [-67.45734, -7.27824], [-67.4495, -7.28495], [-67.43808, -7.28817], [-67.41697, -7.28462], [-67.4022, -7.29034], [-67.35084, -7.27917], [-67.34371, -7.27012], [-67.33938, -7.26967], [-67.33185, -7.27553], [-67.32047, -7.2928], [-67.33045, -7.31587], [-67.33049, -7.3257], [-67.33752, -7.33426], [-67.33711, -7.34451], [-67.3462, -7.35174], [-67.33361, -7.35232], [-67.30574, -7.3622], [-67.30168, -7.35849], [-67.30264, -7.34428], [-67.27827, -7.31176], [-67.26737, -7.30738], [-67.25558, -7.31398], [-67.21781, -7.29649], [-67.21018, -7.29739], [-67.20512, -7.30053], [-67.19599, -7.31567], [-67.18996, -7.34291], [-67.18423, -7.35127], [-67.17022, -7.35486], [-67.16783, -7.3631], [-67.16295, -7.36601], [-67.1536, -7.36777], [-67.1509, -7.36157], [-67.1481, -7.36533], [-67.13911, -7.365], [-67.1282, -7.37445], [-67.12392, -7.37412], [-67.12152, -7.38434], [-67.10877, -7.40132], [-67.09646, -7.40417], [-67.08638, -7.4168], [-67.08079, -7.41455], [-67.06842, -7.41796], [-67.06495, -7.41412], [-67.05669, -7.4145], [-67.05113, -7.40946], [-67.05131, -7.40368], [-67.03151, -7.40045], [-67.02887, -7.39473], [-67.01836, -7.39672], [-67.01296, -7.39454], [-67.00723, -7.40237], [-66.99701, -7.40137], [-66.98909, -7.40726], [-66.99185, -7.43075], [-66.98586, -7.44537], [-66.9865, -7.45241], [-66.99755, -7.46696], [-67.00114, -7.47928], [-67.00793, -7.48566], [-66.99588, -7.49894], [-67.00016, -7.5179], [-66.99676, -7.54421], [-66.99205, -7.54691], [-66.98378, -7.543], [-66.97778, -7.54393], [-66.96347, -7.55624], [-66.95903, -7.56697], [-66.94445, -7.57915], [-66.93493, -7.58115], [-66.929, -7.59144], [-66.92179, -7.59158], [-66.90672, -7.60104], [-66.8964, -7.61345], [-66.88516, -7.60895], [-66.87821, -7.60985], [-66.87556, -7.6017], [-66.86926, -7.59984], [-66.84913, -7.53738], [-66.78444, -7.61826], [-66.7966, -7.62675], [-66.80167, -7.6223], [-66.80652, -7.62509], [-66.80599, -7.62198], [-66.81206, -7.62244], [-66.81627, -7.61575], [-66.81997, -7.61791], [-66.825, -7.6127], [-66.83585, -7.61333], [-66.83682, -7.6063], [-66.84952, -7.60427], [-66.84972, -7.60042], [-66.85346, -7.6014], [-66.85412, -7.59664], [-66.85947, -7.59516], [-66.88836, -7.67], [-66.89032, -7.6819], [-66.89825, -7.68551], [-66.92259, -7.68499], [-66.94982, -7.66989], [-66.94923, -7.66557], [-66.95285, -7.66637], [-66.95762, -7.66135], [-66.96674, -7.66339], [-66.96707, -7.6664], [-66.97157, -7.66532], [-66.97194, -7.66131], [-66.97489, -7.66474], [-66.978, -7.65957], [-66.98089, -7.663], [-66.98308, -7.65594], [-66.98625, -7.65892], [-66.98668, -7.65292], [-66.99138, -7.65529], [-66.99085, -7.65272], [-66.99727, -7.65365], [-66.99453, -7.65126], [-66.99772, -7.64677], [-67.00835, -7.64572], [-67.01161, -7.64068], [-67.00899, -7.63789], [-67.01919, -7.63647], [-67.02091, -7.63101], [-67.03185, -7.6388], [-67.03315, -7.64854], [-67.03841, -7.65493], [-67.04889, -7.65503], [-67.05216, -7.66388], [-67.04689, -7.66884], [-67.27754, -7.58479], [-67.251, -7.56739], [-67.24214, -7.56554], [-67.23569, -7.56787], [-67.21682, -7.56326], [-67.22151, -7.55315], [-67.22008, -7.54873], [-67.22759, -7.54562], [-67.22962, -7.53915], [-67.23862, -7.53695], [-67.24744, -7.50713], [-67.25794, -7.49926], [-67.25651, -7.49388], [-67.26091, -7.49418]]]}}, {"type": "Feature", "properties": {"nome": "Alto Rio Negro", "etnia": "Arapáso,Karapanã,Barasána,Baré,Wanana", "fase": "Regularizada", "modalidade": "Tradicionalmente ocupada", "municipios": "Japurá,São Gabriel da Cachoeira", "ha": 7999381.1683, "uf": "AM"}, "geometry": {"type": "MultiPolygon", "coordinates": [[[[-69.41772, -1.08572], [-69.43322, -1.0699], [-69.43123, -1.0664], [-69.42484, -1.07196], [-69.41981, -1.06946], [-69.43059, -1.061], [-69.4256, -1.0608], [-69.42307, -1.04927], [-69.41857, -1.04398], [-69.4243, -1.04641], [-69.42842, -1.04342], [-69.42922, -1.03487], [-69.43329, -1.0411], [-69.43165, -1.03626], [-69.44275, -1.03374], [-69.44504, -1.02359], [-69.4426, -1.0227], [-69.4373, -1.0288], [-69.43842, -1.02334], [-69.4314, -1.02003], [-69.43452, -1.01429], [-69.42299, -1.01404], [-69.41985, -1.01134], [-69.42973, -1.01118], [-69.43218, -1.00631], [-69.42838, -1.00386], [-69.42491, -1.00753], [-69.42027, -1.00693], [-69.41883, -0.99794], [-69.42418, -1.0028], [-69.42901, -0.99964], [-69.43379, -1.00385], [-69.43821, -0.99077], [-69.44907, -0.99687], [-69.45603, -0.99081], [-69.45905, -0.99362], [-69.45923, -0.98857], [-69.46446, -0.9874], [-69.46734, -0.9821], [-69.46351, -0.97952], [-69.462, -0.96768], [-69.46855, -0.96518], [-69.47089, -0.95771], [-69.47503, -0.95967], [-69.48535, -0.94789], [-69.4918, -0.95267], [-69.49224, -0.94431], [-69.49958, -0.94929], [-69.49658, -0.94372], [-69.50848, -0.93911], [-69.51019, -0.9273], [-69.51613, -0.93234], [-69.51857, -0.9247], [-69.5281, -0.92481], [-69.52358, -0.9209], [-69.52913, -0.91786], [-69.52659, -0.90861], [-69.53478, -0.90488], [-69.53176, -0.90043], [-69.52263, -0.90217], [-69.52041, -0.8992], [-69.53093, -0.89477], [-69.5216, -0.89265], [-69.52515, -0.8904], [-69.52234, -0.88567], [-69.53017, -0.87871], [-69.5234, -0.87478], [-69.53191, -0.87288], [-69.53067, -0.87075], [-69.52618, -0.87344], [-69.52575, -0.868], [-69.53111, -0.86727], [-69.53378, -0.85842], [-69.53584, -0.86688], [-69.53911, -0.85818], [-69.54501, -0.86163], [-69.54961, -0.85615], [-69.54889, -0.85092], [-69.55534, -0.85184], [-69.55701, -0.84435], [-69.56479, -0.8465], [-69.57307, -0.83847], [-69.57277, -0.83168], [-69.56801, -0.8319], [-69.55814, -0.81815], [-69.56506, -0.8101], [-69.56425, -0.80666], [-69.56948, -0.80386], [-69.56922, -0.80866], [-69.57458, -0.80948], [-69.57455, -0.7985], [-69.57844, -0.80254], [-69.58057, -0.80166], [-69.57894, -0.79855], [-69.58362, -0.79967], [-69.5837, -0.79416], [-69.58903, -0.7889], [-69.58463, -0.7873], [-69.58635, -0.78131], [-69.60111, -0.7841], [-69.60193, -0.78181], [-69.59816, -0.78296], [-69.59676, -0.77811], [-69.60151, -0.7778], [-69.60312, -0.76721], [-69.60665, -0.7697], [-69.61222, -0.76458], [-69.60671, -0.75409], [-69.61868, -0.75682], [-69.61534, -0.74541], [-69.61881, -0.74269], [-69.62281, -0.74681], [-69.62535, -0.74579], [-69.61648, -0.73647], [-69.62344, -0.73646], [-69.62388, -0.72864], [-69.62133, -0.72769], [-69.619, -0.73191], [-69.61616, -0.72666], [-69.60819, -0.72561], [-69.61592, -0.71802], [-69.60995, -0.71681], [-69.60816, -0.72111], [-69.60587, -0.72037], [-69.60332, -0.71492], [-69.6083, -0.71054], [-69.60179, -0.71175], [-69.60287, -0.70784], [-69.59984, -0.70426], [-69.60218, -0.70138], [-69.5982, -0.6985], [-69.60254, -0.69591], [-69.59583, -0.69342], [-69.59914, -0.68756], [-69.59267, -0.69096], [-69.59501, -0.6852], [-69.59167, -0.68649], [-69.58818, -0.6816], [-69.58272, -0.68036], [-69.58507, -0.67138], [-69.57919, -0.67192], [-69.57586, -0.66613], [-69.58031, -0.66605], [-69.58168, -0.66064], [-69.57358, -0.6613], [-69.57769, -0.65901], [-69.5742, -0.65661], [-69.57544, -0.65001], [-69.572, -0.64946], [-69.57058, -0.64285], [-69.56568, -0.64198], [-69.56222, -0.63612], [-69.56721, -0.63057], [-69.57387, -0.63126], [-69.57551, -0.6279], [-69.57225, -0.62791], [-69.57335, -0.62438], [-69.56964, -0.62169], [-69.57758, -0.61414], [-69.5824, -0.61892], [-69.58636, -0.61743], [-69.58285, -0.61451], [-69.59039, -0.60616], [-69.58869, -0.60226], [-69.60326, -0.59527], [-69.60372, -0.58944], [-69.59506, -0.57948], [-69.5976, -0.57675], [-69.59463, -0.57418], [-69.5965, -0.5655], [-69.59147, -0.56057], [-69.5923, -0.55731], [-69.59659, -0.55727], [-69.59264, -0.55365], [-69.59448, -0.55087], [-69.59735, -0.55382], [-69.59846, -0.54779], [-69.60305, -0.54718], [-69.59897, -0.54438], [-69.61411, -0.53399], [-69.61204, -0.52375], [-69.61497, -0.52322], [-69.61199, -0.5213], [-69.61466, -0.51959], [-69.6079, -0.51488], [-69.61059, -0.51171], [-69.60691, -0.50816], [-69.60968, -0.50525], [-69.60725, -0.50488], [-69.61155, -0.50211], [-69.60829, -0.50037], [-69.61186, -0.49793], [-69.61462, -0.50058], [-69.62015, -0.49578], [-69.61952, -0.49834], [-69.6244, -0.49998], [-69.6237, -0.49748], [-69.62732, -0.49646], [-69.62554, -0.4943], [-69.63194, -0.49142], [-69.63412, -0.49577], [-69.63581, -0.49108], [-69.64097, -0.49336], [-69.6424, -0.47989], [-69.65304, -0.47588], [-69.65522, -0.47064], [-69.65832, -0.47177], [-69.66205, -0.46644], [-69.66404, -0.47001], [-69.666, -0.46437], [-69.66982, -0.46763], [-69.67376, -0.46341], [-69.67928, -0.46672], [-69.68228, -0.46362], [-69.6809, -0.46031], [-69.68557, -0.46309], [-69.68374, -0.46077], [-69.69164, -0.45528], [-69.69445, -0.45922], [-69.69612, -0.45597], [-69.69298, -0.45348], [-69.69728, -0.45471], [-69.69664, -0.45045], [-69.70441, -0.45435], [-69.70583, -0.45011], [-69.70899, -0.4539], [-69.71121, -0.44797], [-69.71459, -0.45054], [-69.7163, -0.44786], [-69.72011, -0.44875], [-69.71933, -0.44309], [-69.72151, -0.44712], [-69.72212, -0.44184], [-69.7234, -0.44543], [-69.72667, -0.44537], [-69.72557, -0.44183], [-69.72792, -0.44298], [-69.73091, -0.43737], [-69.73848, -0.43735], [-69.73763, -0.43273], [-69.7399, -0.43377], [-69.73933, -0.42982], [-69.74276, -0.428], [-69.74152, -0.42148], [-69.74413, -0.42482], [-69.74444, -0.41971], [-69.74639, -0.42224], [-69.74938, -0.42015], [-69.74871, -0.41451], [-69.7524, -0.41453], [-69.75225, -0.41098], [-69.75495, -0.41359], [-69.75343, -0.40819], [-69.76138, -0.40247], [-69.76547, -0.40338], [-69.77197, -0.39725], [-69.77151, -0.39419], [-69.77499, -0.39429], [-69.77402, -0.39091], [-69.77853, -0.39138], [-69.77998, -0.39535], [-69.79015, -0.39237], [-69.79391, -0.38735], [-69.7919, -0.38356], [-69.80153, -0.38132], [-69.81151, -0.37243], [-69.8288, -0.37542], [-69.83254, -0.3537], [-69.83787, -0.34759], [-69.83762, -0.34245], [-69.84265, -0.34224], [-69.8448, -0.33708], [-69.86821, -0.34006], [-69.88244, -0.33375], [-69.88707, -0.33575], [-69.88978, -0.34185], [-69.92084, -0.32563], [-69.92381, -0.31699], [-69.92927, -0.31613], [-69.92935, -0.31034], [-69.93523, -0.30453], [-69.9357, -0.29391], [-69.94554, -0.29329], [-69.95194, -0.28442], [-69.95039, -0.27933], [-69.9709, -0.26754], [-69.98265, -0.24601], [-69.99377, -0.24164], [-69.99356, -0.23232], [-70.00015, -0.22188], [-70.01791, -0.20911], [-70.02778, -0.20621], [-70.0409, -0.19207], [-70.05376, -0.1893], [-70.0597, -0.17089], [-70.06472, -0.16494], [-70.04852, -0.14177], [-70.04627, -0.12267], [-70.04647, 0.56294], [-70.0386, 0.5662], [-70.02709, 0.56236], [-70.02096, 0.55582], [-70.02094, 0.54484], [-70.0092, 0.5483], [-70.00541, 0.54447], [-69.99565, 0.55034], [-69.99635, 0.55933], [-69.9917, 0.5629], [-70.00052, 0.57353], [-69.9949, 0.5748], [-69.9859, 0.56762], [-69.98833, 0.57562], [-69.97842, 0.57799], [-69.9637, 0.57101], [-69.96112, 0.56158], [-69.9413, 0.55696], [-69.93612, 0.55286], [-69.92931, 0.55928], [-69.92982, 0.56412], [-69.91995, 0.57034], [-69.91426, 0.58056], [-69.91748, 0.58558], [-69.91626, 0.59013], [-69.90379, 0.58093], [-69.89497, 0.58558], [-69.88657, 0.57701], [-69.86937, 0.58283], [-69.86036, 0.57755], [-69.85268, 0.58737], [-69.83744, 0.58472], [-69.83284, 0.5908], [-69.82324, 0.59127], [-69.81302, 0.58564], [-69.80927, 0.57616], [-69.80304, 0.5718], [-69.8021, 0.57841], [-69.7952, 0.57947], [-69.79451, 0.58398], [-69.7889, 0.58527], [-69.78238, 0.59606], [-69.76266, 0.60394], [-69.76248, 0.60809], [-69.74878, 0.61964], [-69.73891, 0.60875], [-69.72372, 0.61517], [-69.71764, 0.62786], [-69.71587, 0.64088], [-69.71054, 0.64025], [-69.7092, 0.64645], [-69.69543, 0.65492], [-69.69102, 0.64889], [-69.68664, 0.6545], [-69.68768, 0.66385], [-69.67159, 0.66774], [-69.66726, 0.6641], [-69.64911, 0.66358], [-69.64448, 0.65852], [-69.64824, 0.65466], [-69.64013, 0.6495], [-69.63981, 0.64218], [-69.63015, 0.62879], [-69.62717, 0.62873], [-69.62622, 0.63483], [-69.62038, 0.6342], [-69.60713, 0.61306], [-69.60482, 0.61471], [-69.6057, 0.63493], [-69.58929, 0.63779], [-69.58696, 0.6406], [-69.59782, 0.64888], [-69.59719, 0.65427], [-69.5666, 0.67215], [-69.56658, 0.67939], [-69.5629, 0.68368], [-69.53564, 0.67938], [-69.53129, 0.6902], [-69.53205, 0.70298], [-69.51468, 0.71399], [-69.5056, 0.71322], [-69.4998, 0.72366], [-69.48712, 0.7285], [-69.48004, 0.73577], [-69.46448, 0.73672], [-69.45531, 0.71869], [-69.43336, 0.71248], [-69.43591, 0.69945], [-69.4305, 0.69349], [-69.41482, 0.68808], [-69.40617, 0.67564], [-69.40375, 0.66412], [-69.36844, 0.63375], [-69.35576, 0.6155], [-69.34934, 0.6147], [-69.3453, 0.62635], [-69.33791, 0.63366], [-69.33591, 0.64309], [-69.32696, 0.6367], [-69.32248, 0.64021], [-69.31925, 0.62646], [-69.31785, 0.6321], [-69.30284, 0.64575], [-69.28973, 0.65005], [-69.2853, 0.64849], [-69.28999, 0.63469], [-69.28443, 0.61926], [-69.29479, 0.60823], [-69.29429, 0.60382], [-69.2853, 0.60624], [-69.27165, 0.60145], [-69.26458, 0.60966], [-69.26208, 0.60571], [-69.25605, 0.60746], [-69.25367, 0.60491], [-69.242, 0.60907], [-69.23785, 0.60311], [-69.23349, 0.60249], [-69.21195, 0.61066], [-69.1996, 0.60656], [-69.19887, 0.61253], [-69.20198, 0.61528], [-69.19938, 0.62122], [-69.20328, 0.6329], [-69.19887, 0.63751], [-69.19562, 0.65018], [-69.18121, 0.65342], [-69.1655, 0.6507], [-69.15885, 0.65342], [-69.15416, 0.64646], [-69.13437, 0.64503], [-69.12498, 0.63396], [-69.12023, 0.63556], [-69.11567, 0.64395], [-69.11831, 0.6549], [-69.1267, 0.66329], [-69.14544, 0.69825], [-69.1583, 0.71162], [-69.18044, 0.71561], [-69.1906, 0.73997], [-69.17616, 0.75968], [-69.16142, 0.75633], [-69.1476, 0.76843], [-69.14726, 0.78006], [-69.15367, 0.79342], [-69.15421, 0.80644], [-69.16372, 0.81532], [-69.16549, 0.84414], [-69.15717, 0.84785], [-69.14257, 0.84606], [-69.13727, 0.8615], [-69.13661, 0.87584], [-69.1401, 0.88375], [-69.14776, 0.88052], [-69.15661, 0.88242], [-69.16763, 0.89432], [-69.18089, 0.90183], [-69.19124, 0.91664], [-69.18982, 0.93257], [-69.18075, 0.93721], [-69.16769, 0.93613], [-69.16445, 0.9402], [-69.17296, 0.95183], [-69.20369, 0.96238], [-69.20904, 0.97225], [-69.21819, 0.97313], [-69.21791, 0.98044], [-69.19901, 0.99618], [-69.19829, 1.00102], [-69.20337, 1.00405], [-69.21128, 1.01752], [-69.2461, 1.04643], [-69.24417, 1.05598], [-69.28753, 1.05309], [-69.2881, 1.06005], [-69.30229, 1.06229], [-69.30567, 1.07448], [-69.32139, 1.08841], [-69.33741, 1.08048], [-69.34558, 1.08475], [-69.35803, 1.07891], [-69.36489, 1.08403], [-69.37206, 1.0804], [-69.37535, 1.08945], [-69.38161, 1.07369], [-69.40053, 1.05876], [-69.40475, 1.04858], [-69.41342, 1.03899], [-69.41627, 1.04335], [-69.4332, 1.04613], [-69.43585, 1.06132], [-69.43385, 1.07005], [-69.44011, 1.07454], [-69.45211, 1.0729], [-69.46066, 1.07749], [-69.47472, 1.07421], [-69.48486, 1.07951], [-69.52443, 1.07103], [-69.55018, 1.07444], [-69.56561, 1.07249], [-69.57888, 1.07642], [-69.59773, 1.09458], [-69.60758, 1.09837], [-69.62392, 1.09581], [-69.63198, 1.08532], [-69.64397, 1.09068], [-69.65254, 1.08517], [-69.6683, 1.08214], [-69.67436, 1.07147], [-69.68413, 1.07174], [-69.69479, 1.07669], [-69.70351, 1.07501], [-69.70594, 1.0994], [-69.70112, 1.11624], [-69.70507, 1.11888], [-69.71259, 1.11807], [-69.72224, 1.10866], [-69.7404, 1.11571], [-69.77122, 1.10511], [-69.79124, 1.08898], [-69.79688, 1.0722], [-69.80856, 1.06357], [-69.81984, 1.06449], [-69.83302, 1.08042], [-69.84657, 1.07652], [-69.84567, 1.71361], [-69.83906, 1.71868], [-69.83534, 1.70954], [-69.82811, 1.71194], [-69.82377, 1.70305], [-69.81878, 1.70461], [-69.82231, 1.69928], [-69.81635, 1.70101], [-69.81418, 1.69575], [-69.80895, 1.69468], [-69.80219, 1.70041], [-69.80379, 1.7047], [-69.79742, 1.69851], [-69.78571, 1.6989], [-69.78753, 1.69425], [-69.78262, 1.69256], [-69.77938, 1.69885], [-69.78072, 1.70308], [-69.77326, 1.70185], [-69.77572, 1.70718], [-69.77173, 1.70746], [-69.77023, 1.71154], [-69.76531, 1.71106], [-69.76205, 1.71756], [-69.7579, 1.71333], [-69.75578, 1.71784], [-69.752, 1.71535], [-69.75291, 1.7129], [-69.74859, 1.71386], [-69.7542, 1.71942], [-69.74515, 1.72948], [-69.73773, 1.72599], [-69.73601, 1.72937], [-69.73864, 1.73087], [-69.72015, 1.73056], [-69.72112, 1.73503], [-69.7183, 1.73162], [-69.70333, 1.73467], [-69.68724, 1.72718], [-69.68553, 1.73099], [-69.67846, 1.72979], [-69.67683, 1.73296], [-69.67436, 1.72519], [-69.67661, 1.72197], [-69.66877, 1.72395], [-69.66515, 1.72918], [-69.65443, 1.71787], [-69.6483, 1.72354], [-69.64144, 1.7237], [-69.64614, 1.72719], [-69.64334, 1.73001], [-69.63926, 1.73023], [-69.6404, 1.72635], [-69.63639, 1.72284], [-69.62198, 1.72751], [-69.62502, 1.73091], [-69.6221, 1.73598], [-69.61777, 1.72934], [-69.61339, 1.7385], [-69.60117, 1.74251], [-69.60418, 1.74731], [-69.59968, 1.74869], [-69.59791, 1.74578], [-69.59748, 1.74957], [-69.58988, 1.75342], [-69.59023, 1.75824], [-69.58654, 1.75597], [-69.58741, 1.75238], [-69.58397, 1.76005], [-69.57887, 1.75507], [-69.57838, 1.75816], [-69.57564, 1.75648], [-69.572, 1.75958], [-69.57154, 1.75625], [-69.56593, 1.75934], [-69.56943, 1.76371], [-69.56482, 1.76457], [-69.56414, 1.76125], [-69.56007, 1.76485], [-69.56294, 1.76773], [-69.55897, 1.77204], [-69.55623, 1.77078], [-69.55495, 1.77325], [-69.55317, 1.76951], [-69.5525, 1.77446], [-69.53468, 1.77683], [-69.53095, 1.77062], [-69.53425, 1.76354], [-69.52791, 1.76329], [-69.52741, 1.76899], [-69.51974, 1.76974], [-69.51796, 1.76363], [-69.51772, 1.77093], [-69.51345, 1.77135], [-69.51422, 1.7672], [-69.50953, 1.76299], [-69.51257, 1.76129], [-69.50796, 1.75838], [-69.50483, 1.76389], [-69.50121, 1.75792], [-69.49623, 1.761], [-69.49334, 1.75737], [-69.49034, 1.75955], [-69.49183, 1.75588], [-69.48688, 1.75242], [-69.48241, 1.7588], [-69.48219, 1.75032], [-69.47873, 1.74672], [-69.4747, 1.74878], [-69.47648, 1.74339], [-69.46983, 1.74632], [-69.46646, 1.75684], [-69.46169, 1.75289], [-69.46541, 1.74859], [-69.4551, 1.75259], [-69.45524, 1.74765], [-69.44821, 1.74607], [-69.44732, 1.74246], [-69.44135, 1.74319], [-69.4417, 1.74781], [-69.43725, 1.74945], [-69.43287, 1.73868], [-69.4302, 1.74459], [-69.42792, 1.73919], [-69.42505, 1.73945], [-69.42394, 1.74572], [-69.42189, 1.73695], [-69.41746, 1.74145], [-69.40958, 1.73906], [-69.40782, 1.74128], [-69.40597, 1.73139], [-69.39201, 1.73008], [-69.39325, 1.72675], [-68.16329, 1.72779], [-68.16785, 1.74174], [-68.1711, 1.74369], [-68.17736, 1.73307], [-68.18286, 1.73411], [-68.18509, 1.73008], [-68.19301, 1.73733], [-68.18891, 1.75708], [-68.1841, 1.75762], [-68.18394, 1.76222], [-68.17782, 1.76571], [-68.19229, 1.78013], [-68.20562, 1.7823], [-68.21239, 1.7733], [-68.22, 1.77166], [-68.22705, 1.77427], [-68.23015, 1.78123], [-68.23946, 1.77069], [-68.24484, 1.78651], [-68.2386, 1.80809], [-68.23281, 1.81326], [-68.22678, 1.82915], [-68.2364, 1.82139], [-68.24756, 1.82487], [-68.27475, 1.81926], [-68.27394, 1.82791], [-68.27676, 1.83208], [-68.28102, 1.8344], [-68.28169, 1.8289], [-68.28505, 1.82952], [-68.28531, 1.8362], [-68.27309, 1.84468], [-68.27688, 1.84733], [-68.28399, 1.84429], [-68.28515, 1.8463], [-68.27346, 1.85279], [-68.27472, 1.85849], [-68.27057, 1.85861], [-68.2698, 1.8662], [-68.26487, 1.86642], [-68.26029, 1.87516], [-68.25305, 1.87992], [-68.25143, 1.89523], [-68.24663, 1.89937], [-68.24727, 1.91002], [-68.24301, 1.91606], [-68.24534, 1.92571], [-68.23867, 1.93273], [-68.23178, 1.93347], [-68.2316, 1.94435], [-68.20867, 1.97587], [-68.21097, 1.98206], [-68.20475, 1.98367], [-68.1995, 2.03908], [-68.19262, 2.03867], [-68.18911, 1.99406], [-68.18457, 1.98747], [-68.18456, 1.9767], [-68.17522, 1.98049], [-68.17139, 1.9784], [-68.17623, 1.96987], [-68.1685, 1.96321], [-68.14649, 1.97265], [-68.13988, 1.97048], [-68.12921, 1.95849], [-68.13205, 1.95285], [-68.1258, 1.95037], [-68.11978, 1.93805], [-68.10955, 1.92966], [-68.10383, 1.90893], [-68.09679, 1.89955], [-68.09305, 1.8971], [-68.08359, 1.8988], [-68.07479, 1.89267], [-68.06405, 1.8937], [-68.06036, 1.87893], [-68.05116, 1.87682], [-68.046, 1.86547], [-68.04968, 1.86], [-68.0437, 1.85166], [-68.04655, 1.84183], [-68.03802, 1.83746], [-68.04038, 1.83484], [-68.03476, 1.82682], [-68.03917, 1.81899], [-68.03607, 1.8151], [-68.02163, 1.81828], [-68.0165, 1.83163], [-68.01085, 1.83689], [-67.99972, 1.83882], [-67.9932, 1.83394], [-67.99262, 1.82951], [-67.98591, 1.8269], [-67.98507, 1.81828], [-67.9412, 1.8199], [-67.90768, 1.80562], [-67.90497, 1.80949], [-67.91771, 1.8197], [-67.91535, 1.83329], [-67.91955, 1.83921], [-67.91873, 1.84771], [-67.92309, 1.8565], [-67.91751, 1.86235], [-67.91338, 1.85954], [-67.90823, 1.86193], [-67.91547, 1.87924], [-67.92116, 1.88347], [-67.92221, 1.89239], [-67.916, 1.89789], [-67.91038, 1.89794], [-67.89699, 1.8888], [-67.89684, 1.895], [-67.88157, 1.89617], [-67.87842, 1.90508], [-67.87408, 1.90056], [-67.87081, 1.90163], [-67.86947, 1.9205], [-67.86093, 1.92366], [-67.85992, 1.92906], [-67.85651, 1.92983], [-67.85526, 1.93471], [-67.85137, 1.93476], [-67.85009, 1.9396], [-67.84486, 1.94093], [-67.84223, 1.93792], [-67.83363, 1.9403], [-67.83403, 1.94298], [-67.82933, 1.94512], [-67.83229, 1.9504], [-67.82604, 1.95412], [-67.8253, 1.96113], [-67.81572, 1.96855], [-67.81548, 1.97393], [-67.80877, 1.97263], [-67.80553, 1.97507], [-67.80815, 1.98422], [-67.80426, 1.98813], [-67.80026, 1.98768], [-67.80094, 1.99407], [-67.79326, 1.99624], [-67.78821, 2.00189], [-67.78439, 1.99931], [-67.7826, 2.00812], [-67.77589, 2.01342], [-67.77923, 2.02692], [-67.77532, 2.03529], [-67.7611, 2.03447], [-67.75736, 2.02968], [-67.75187, 2.03082], [-67.74845, 2.03582], [-67.7429, 2.03415], [-67.74175, 2.02823], [-67.73101, 2.02438], [-67.7311, 2.01543], [-67.72556, 2.00934], [-67.72039, 2.00951], [-67.71733, 2.01678], [-67.70844, 2.01509], [-67.70834, 2.01112], [-67.70002, 2.00866], [-67.69716, 2.00208], [-67.69033, 2.00052], [-67.6823, 2.00219], [-67.67629, 2.00825], [-67.66321, 1.99383], [-67.65636, 1.99185], [-67.64855, 1.99675], [-67.64873, 2.00132], [-67.64238, 2.0065], [-67.63631, 2.00744], [-67.63484, 2.01446], [-67.62663, 2.02081], [-67.62624, 2.02632], [-67.62197, 2.02731], [-67.62641, 2.03925], [-67.61803, 2.03656], [-67.61323, 2.04303], [-67.60908, 2.03912], [-67.60027, 2.04351], [-67.60237, 2.04771], [-67.59744, 2.05366], [-67.59802, 2.06496], [-67.59415, 2.06439], [-67.59175, 2.06925], [-67.59634, 2.07554], [-67.58936, 2.07624], [-67.584, 2.08419], [-67.58724, 2.08794], [-67.57869, 2.09287], [-67.57436, 2.10246], [-67.56668, 2.10373], [-67.56205, 2.11031], [-67.5594, 2.13347], [-67.55175, 2.1391], [-67.54996, 2.14684], [-67.54282, 2.15281], [-67.5324, 2.15225], [-67.52835, 2.16059], [-67.52533, 2.1587], [-67.52289, 2.16182], [-67.51538, 2.16177], [-67.51171, 2.16618], [-67.49628, 2.16423], [-67.49443, 2.1693], [-67.49138, 2.1685], [-67.48928, 2.17799], [-67.48162, 2.1759], [-67.47916, 2.17167], [-67.48216, 2.17059], [-67.47846, 2.16644], [-67.46561, 2.17425], [-67.45474, 2.16791], [-67.45003, 2.17117], [-67.45176, 2.17551], [-67.44704, 2.18084], [-67.44964, 2.18848], [-67.44257, 2.19774], [-67.44655, 2.20866], [-67.44579, 2.2171], [-67.44005, 2.21822], [-67.43335, 2.22994], [-67.42796, 2.23136], [-67.41508, 2.22461], [-67.41059, 2.22932], [-67.40167, 2.22696], [-67.39787, 2.23533], [-67.39331, 2.23155], [-67.38669, 2.23152], [-67.38655, 2.22274], [-67.37466, 2.22082], [-67.37144, 2.21747], [-67.37131, 2.21056], [-67.36606, 2.20548], [-67.37216, 2.19955], [-67.37349, 2.19039], [-67.36374, 2.18986], [-67.36042, 2.18509], [-67.36336, 2.16903], [-67.37034, 2.16023], [-67.37632, 2.15883], [-67.37301, 2.14647], [-67.36701, 2.1374], [-67.34643, 2.13509], [-67.34324, 2.1301], [-67.35276, 2.11817], [-67.36071, 2.11616], [-67.35656, 2.10975], [-67.35975, 2.09409], [-67.35587, 2.0929], [-67.35229, 2.08256], [-67.34954, 2.08368], [-67.34733, 2.07555], [-67.35496, 2.0616], [-67.35455, 2.05528], [-67.34681, 2.04638], [-67.34399, 2.03621], [-67.34748, 2.01061], [-67.34452, 2.0056], [-67.35236, 1.99967], [-67.34734, 1.98024], [-67.34243, 1.97786], [-67.33472, 1.97944], [-67.33514, 1.97253], [-67.32382, 1.95226], [-67.32691, 1.94571], [-67.32111, 1.93872], [-67.32256, 1.93552], [-67.31776, 1.92752], [-67.31199, 1.92551], [-67.31753, 1.92278], [-67.32024, 1.91209], [-67.31219, 1.90152], [-67.30709, 1.90314], [-67.29862, 1.88812], [-67.29402, 1.88877], [-67.28611, 1.8794], [-67.27503, 1.87639], [-67.2801, 1.87165], [-67.27809, 1.8621], [-67.27024, 1.86341], [-67.26463, 1.8602], [-67.26461, 1.85557], [-67.25894, 1.85482], [-67.23983, 1.8655], [-67.2345, 1.86126], [-67.2294, 1.86308], [-67.21659, 1.85906], [-67.21324, 1.86138], [-67.20642, 1.85649], [-67.19513, 1.85476], [-67.1927, 1.84877], [-67.18618, 1.84728], [-67.18434, 1.84164], [-67.17474, 1.84435], [-67.17105, 1.83155], [-67.16142, 1.8234], [-67.16137, 1.81573], [-67.15467, 1.81605], [-67.15225, 1.81247], [-67.15266, 1.80514], [-67.14061, 1.7962], [-67.13263, 1.7974], [-67.1353, 1.78629], [-67.12623, 1.77667], [-67.12587, 1.76882], [-67.13509, 1.76826], [-67.13978, 1.7603], [-67.13802, 1.74569], [-67.14108, 1.73895], [-67.13642, 1.73219], [-67.14091, 1.72999], [-67.1393, 1.72493], [-67.14241, 1.71338], [-67.14026, 1.7106], [-67.14303, 1.70786], [-67.1408, 1.6986], [-67.13234, 1.69356], [-67.12975, 1.687], [-67.13805, 1.66912], [-67.1345, 1.66178], [-67.13709, 1.6607], [-67.13495, 1.65143], [-67.13794, 1.64671], [-67.13331, 1.63267], [-67.13985, 1.6231], [-67.13981, 1.61166], [-67.14433, 1.60372], [-67.13872, 1.60595], [-67.13272, 1.59885], [-67.1213, 1.59659], [-67.103, 1.58017], [-67.10683, 1.57388], [-67.10468, 1.55885], [-67.10163, 1.55891], [-67.09851, 1.55224], [-67.10254, 1.54223], [-67.09967, 1.53236], [-67.10202, 1.52781], [-67.09935, 1.5229], [-67.10123, 1.50934], [-67.09688, 1.50965], [-67.09454, 1.50642], [-67.09665, 1.50057], [-67.09225, 1.49268], [-67.08992, 1.47651], [-67.08077, 1.47449], [-67.07723, 1.46934], [-67.07787, 1.45553], [-67.08435, 1.44819], [-67.083, 1.44078], [-67.08662, 1.43382], [-67.08571, 1.4262], [-67.08106, 1.42197], [-67.08693, 1.41446], [-67.08562, 1.41004], [-67.08129, 1.40841], [-67.08278, 1.40024], [-67.07851, 1.39413], [-67.08252, 1.39034], [-67.08167, 1.37747], [-67.08687, 1.37278], [-67.08629, 1.36819], [-67.07798, 1.36537], [-67.0888, 1.36012], [-67.08956, 1.3486], [-67.10059, 1.34593], [-67.11048, 1.33603], [-67.12782, 1.34138], [-67.13257, 1.35167], [-67.14301, 1.34317], [-67.15077, 1.34542], [-67.15595, 1.31925], [-67.14603, 1.31941], [-67.14815, 1.30672], [-67.13218, 1.28539], [-67.12696, 1.28361], [-67.1257, 1.27096], [-67.11525, 1.26885], [-67.09824, 1.25483], [-67.10207, 1.23783], [-67.09044, 1.22678], [-67.09172, 1.21309], [-67.08744, 1.20932], [-67.088, 1.20396], [-67.08067, 1.19835], [-67.08545, 1.19484], [-67.08521, 1.19138], [-67.09072, 1.1898], [-67.08505, 1.17778], [-67.0919, 1.17255], [-67.09058, 1.1656], [-67.05063, 1.13539], [-67.01822, 1.10587], [-67.02672, 1.10781], [-67.04521, 1.0898], [-67.05177, 1.0902], [-67.05873, 1.08486], [-67.07082, 1.05045], [-67.08515, 1.03986], [-67.08026, 1.03739], [-67.08226, 1.0344], [-67.09523, 1.02329], [-67.09848, 1.01482], [-67.10632, 1.01223], [-67.10906, 1.00567], [-67.11588, 1.00699], [-67.12145, 1.0037], [-67.13232, 1.01203], [-67.13315, 1.00574], [-67.13953, 1.00517], [-67.13741, 1.00112], [-67.14199, 0.99727], [-67.14195, 0.99876], [-67.15134, 0.99865], [-67.15289, 0.99451], [-67.15702, 0.99511], [-67.1556, 0.99182], [-67.15964, 0.98548], [-67.15664, 0.9754], [-67.17183, 0.97027], [-67.1811, 0.9616], [-67.19379, 0.95686], [-67.19518, 0.951], [-67.18018, 0.93608], [-67.18885, 0.93627], [-67.20245, 0.9233], [-67.22059, 0.91664], [-67.22434, 0.89941], [-67.24515, 0.88387], [-67.25634, 0.85251], [-67.2554, 0.84135], [-67.26096, 0.81413], [-67.25647, 0.80694], [-67.25513, 0.80653], [-67.24931, 0.80684], [-67.24597, 0.80284], [-67.24365, 0.78915], [-67.24895, 0.74656], [-67.24429, 0.73969], [-67.24091, 0.73957], [-67.24222, 0.72227], [-67.2351, 0.70754], [-67.23551, 0.6927], [-67.22684, 0.68563], [-67.22878, 0.67484], [-67.22271, 0.67109], [-67.22396, 0.66118], [-67.22844, 0.65458], [-67.24706, 0.64239], [-67.2574, 0.62381], [-67.25972, 0.59521], [-67.27247, 0.56399], [-67.26991, 0.54956], [-67.26219, 0.54258], [-67.26208, 0.53658], [-67.2695, 0.53114], [-67.28171, 0.53263], [-67.3077, 0.51804], [-67.30304, 0.49961], [-67.31563, 0.48363], [-67.32772, 0.48016], [-67.3376, 0.46869], [-67.34343, 0.42968], [-67.3351, 0.40314], [-67.3263, 0.39731], [-67.31756, 0.39916], [-67.3141, 0.39045], [-67.31427, 0.36967], [-67.32779, 0.33967], [-67.32244, 0.33817], [-67.31966, 0.33313], [-67.3199, 0.31603], [-67.33021, 0.30224], [-67.33051, 0.28066], [-67.34043, 0.259], [-67.34133, 0.23967], [-67.33537, 0.21352], [-67.34448, 0.19704], [-67.34465, 0.17295], [-67.34836, 0.16749], [-67.3445, 0.16075], [-67.34029, 0.16125], [-67.33888, 0.14754], [-67.32267, 0.11463], [-67.3392, 0.09805], [-67.34434, -0.32222], [-67.36234, -0.32191], [-67.37028, -0.31847], [-67.38043, -0.29667], [-67.38941, -0.3], [-67.40072, -0.29737], [-67.40388, -0.31032], [-67.41279, -0.31232], [-67.41559, -0.30922], [-67.41121, -0.28955], [-67.41683, -0.28627], [-67.43954, -0.29684], [-67.43483, -0.32118], [-67.43619, -0.33054], [-67.44353, -0.33884], [-67.45153, -0.34017], [-67.45641, -0.33648], [-67.46504, -0.31201], [-67.47093, -0.30514], [-67.47837, -0.31587], [-67.4767, -0.322], [-67.48489, -0.33406], [-67.48501, -0.35448], [-67.47861, -0.36412], [-67.48486, -0.38776], [-67.48098, -0.41243], [-67.48738, -0.41694], [-67.49629, -0.41259], [-67.50846, -0.41439], [-67.51946, -0.41075], [-67.51696, -0.40577], [-67.51899, -0.40023], [-67.53247, -0.4008], [-67.54805, -0.38869], [-67.55609, -0.38867], [-67.5629, -0.36711], [-67.57578, -0.36391], [-67.57998, -0.37481], [-67.56895, -0.38803], [-67.57031, -0.39166], [-67.5838, -0.39182], [-67.58541, -0.39373], [-67.58045, -0.39845], [-67.58909, -0.40264], [-67.59849, -0.39817], [-67.60725, -0.40803], [-67.61522, -0.40147], [-67.61885, -0.41325], [-67.62501, -0.40942], [-67.63296, -0.41032], [-67.63611, -0.41731], [-67.64724, -0.41892], [-67.65216, -0.42593], [-67.6564, -0.41801], [-67.66269, -0.42749], [-67.66096, -0.4357], [-67.67639, -0.43862], [-67.6838, -0.44512], [-67.68541, -0.45216], [-67.67689, -0.46822], [-67.68064, -0.47054], [-67.68336, -0.46224], [-67.68986, -0.46007], [-67.6919, -0.46726], [-67.69854, -0.4703], [-67.69086, -0.4764], [-67.70388, -0.48528], [-67.70033, -0.48974], [-67.68817, -0.48777], [-67.68399, -0.49227], [-67.68728, -0.49539], [-67.69126, -0.49268], [-67.69472, -0.4945], [-67.69673, -0.5106], [-67.70364, -0.51351], [-67.69709, -0.52233], [-67.69973, -0.52761], [-67.70522, -0.5301], [-67.70063, -0.52348], [-67.70901, -0.52468], [-67.71728, -0.51609], [-67.7223, -0.5291], [-67.7252, -0.53013], [-67.72763, -0.52443], [-67.73221, -0.53026], [-67.7389, -0.52138], [-67.74693, -0.52241], [-67.74686, -0.51629], [-67.75103, -0.51211], [-67.75781, -0.51289], [-67.76037, -0.51752], [-67.78039, -0.51332], [-67.7826, -0.52282], [-67.78623, -0.52119], [-67.79051, -0.52531], [-67.79399, -0.52341], [-67.80253, -0.53168], [-67.79936, -0.53516], [-67.79464, -0.53063], [-67.78664, -0.53219], [-67.78768, -0.54353], [-67.79631, -0.53705], [-67.79384, -0.54451], [-67.79597, -0.54971], [-67.80327, -0.54889], [-67.80716, -0.55187], [-67.80644, -0.55782], [-67.79843, -0.56149], [-67.80522, -0.56311], [-67.80983, -0.55974], [-67.81363, -0.56321], [-67.81767, -0.55914], [-67.82036, -0.56539], [-67.83331, -0.57033], [-67.82559, -0.56801], [-67.8238, -0.57263], [-67.83101, -0.57818], [-67.82623, -0.5855], [-67.82947, -0.59283], [-67.83722, -0.59079], [-67.84218, -0.60055], [-67.83369, -0.5999], [-67.83105, -0.60614], [-67.83288, -0.61168], [-67.84237, -0.61006], [-67.8405, -0.61579], [-67.84562, -0.61888], [-67.85371, -0.61156], [-67.85573, -0.61318], [-67.85219, -0.62167], [-67.85962, -0.62835], [-67.86441, -0.62133], [-67.86647, -0.62834], [-67.87156, -0.62357], [-67.88107, -0.63211], [-67.8871, -0.62843], [-67.8862, -0.63803], [-67.88938, -0.63706], [-67.89049, -0.64128], [-67.89876, -0.64396], [-67.89712, -0.65914], [-67.90324, -0.66356], [-67.90805, -0.65754], [-67.91609, -0.66215], [-67.91716, -0.66652], [-67.92526, -0.66832], [-67.92687, -0.68024], [-67.93463, -0.66589], [-67.94823, -0.66772], [-67.95116, -0.68151], [-67.95774, -0.67707], [-67.95997, -0.67957], [-67.95938, -0.68883], [-67.96742, -0.67852], [-67.97195, -0.67796], [-67.96848, -0.68353], [-67.96943, -0.68819], [-67.97194, -0.68881], [-67.97102, -0.68499], [-67.97366, -0.68351], [-67.9789, -0.68807], [-67.97843, -0.69766], [-67.98352, -0.69002], [-67.98694, -0.69653], [-67.98279, -0.70002], [-67.98588, -0.70352], [-67.98534, -0.71245], [-67.99309, -0.71012], [-67.99236, -0.71699], [-67.9974, -0.71754], [-67.99988, -0.71053], [-68.00254, -0.7175], [-68.00847, -0.7084], [-68.01279, -0.71381], [-68.01843, -0.71156], [-68.01904, -0.70812], [-68.01066, -0.69847], [-68.02554, -0.69727], [-68.03192, -0.70111], [-68.03302, -0.69526], [-68.02667, -0.69217], [-68.02698, -0.68895], [-68.03382, -0.69244], [-68.0414, -0.69164], [-68.04553, -0.69919], [-68.05147, -0.69484], [-68.05058, -0.69808], [-68.05746, -0.69882], [-68.0604, -0.70774], [-68.06505, -0.7071], [-68.06735, -0.7021], [-68.07469, -0.69819], [-68.07897, -0.70582], [-68.08312, -0.70737], [-68.0893, -0.7009], [-68.09369, -0.70291], [-68.0925, -0.69527], [-68.10767, -0.69568], [-68.10727, -0.68884], [-68.11128, -0.68949], [-68.11485, -0.68442], [-68.12204, -0.68563], [-68.12284, -0.68884], [-68.13124, -0.68538], [-68.13176, -0.69063], [-68.13797, -0.69186], [-68.13622, -0.6844], [-68.13921, -0.68282], [-68.15698, -0.69024], [-68.15797, -0.68684], [-68.15438, -0.68403], [-68.15797, -0.6792], [-68.16436, -0.68363], [-68.16036, -0.67493], [-68.16755, -0.67639], [-68.16951, -0.67051], [-68.17956, -0.676], [-68.1849, -0.66879], [-68.18894, -0.67741], [-68.1931, -0.67117], [-68.19589, -0.67398], [-68.20108, -0.66997], [-68.21047, -0.67166], [-68.21707, -0.6638], [-68.21781, -0.66994], [-68.22823, -0.66595], [-68.23422, -0.67479], [-68.23422, -0.67158], [-68.23943, -0.67564], [-68.24678, -0.6733], [-68.25361, -0.68173], [-68.2587, -0.679], [-68.25418, -0.67359], [-68.26176, -0.67399], [-68.26496, -0.66957], [-68.26536, -0.67319], [-68.26935, -0.67279], [-68.2663, -0.67815], [-68.27095, -0.68163], [-68.2715, -0.68729], [-68.27773, -0.68525], [-68.27933, -0.68043], [-68.28132, -0.68365], [-68.2932, -0.6871], [-68.29337, -0.69598], [-68.30408, -0.69973], [-68.30168, -0.70455], [-68.31446, -0.70013], [-68.31757, -0.70677], [-68.32549, -0.70636], [-68.32273, -0.70976], [-68.32416, -0.71333], [-68.32729, -0.70991], [-68.33082, -0.71581], [-68.33721, -0.71622], [-68.33362, -0.71782], [-68.34, -0.71863], [-68.3412, -0.72385], [-68.3436, -0.72184], [-68.35105, -0.7284], [-68.35757, -0.72506], [-68.35757, -0.72908], [-68.36094, -0.72799], [-68.36635, -0.73833], [-68.37394, -0.73672], [-68.37692, -0.74038], [-68.37861, -0.73652], [-68.3869, -0.74204], [-68.3899, -0.73847], [-68.39213, -0.74461], [-68.39926, -0.73772], [-68.40883, -0.74101], [-68.40735, -0.74577], [-68.41373, -0.74824], [-68.41705, -0.75562], [-68.42036, -0.7516], [-68.42838, -0.75777], [-68.42621, -0.76068], [-68.42849, -0.76591], [-68.43382, -0.76407], [-68.43222, -0.76125], [-68.4414, -0.76246], [-68.44139, -0.75961], [-68.44501, -0.76177], [-68.45178, -0.75723], [-68.45458, -0.76206], [-68.45857, -0.75724], [-68.46097, -0.76085], [-68.46456, -0.75764], [-68.4657, -0.76144], [-68.48053, -0.75804], [-68.48415, -0.76209], [-68.48501, -0.75618], [-68.49291, -0.75965], [-68.4985, -0.75523], [-68.50272, -0.76268], [-68.51407, -0.75805], [-68.51909, -0.76341], [-68.51766, -0.75644], [-68.52405, -0.75322], [-68.52737, -0.76152], [-68.53004, -0.75684], [-68.54481, -0.75041], [-68.54748, -0.75443], [-68.55239, -0.74921], [-68.55818, -0.75305], [-68.55758, -0.748], [-68.56677, -0.73916], [-68.572, -0.74408], [-68.57196, -0.74036], [-68.59031, -0.73017], [-68.59392, -0.72437], [-68.59394, -0.72973], [-68.59755, -0.73027], [-68.6039, -0.72027], [-68.61405, -0.72411], [-68.61429, -0.73089], [-68.61974, -0.73941], [-68.6348, -0.74695], [-68.6418, -0.75564], [-68.65322, -0.75512], [-68.65807, -0.76226], [-68.66804, -0.75937], [-68.67484, -0.76687], [-68.68512, -0.76339], [-68.69128, -0.76828], [-68.70508, -0.76922], [-68.7203, -0.76049], [-68.73351, -0.76971], [-68.75415, -0.76114], [-68.76169, -0.76261], [-68.7631, -0.75888], [-68.78105, -0.75758], [-69.1526, -0.95235], [-69.41772, -1.08572]]], [[[-67.34388, 0.17181], [-67.34219, 0.16249], [-67.34384, 0.16165], [-67.3475, 0.16796], [-67.34388, 0.17181]]], [[[-67.33131, 0.14367], [-67.33643, 0.1502], [-67.33353, 0.15005], [-67.33131, 0.14367]]], [[[-67.33484, 0.15124], [-67.33522, 0.15052], [-67.33537, 0.1512], [-67.33484, 0.15124]]], [[[-67.33505, 0.16815], [-67.33461, 0.16796], [-67.33489, 0.16784], [-67.33505, 0.16815]]], [[[-67.33253, 0.15324], [-67.33447, 0.15546], [-67.33468, 0.15755], [-67.33253, 0.15324]]], [[[-67.33225, 0.18632], [-67.33284, 0.16953], [-67.3354, 0.1689], [-67.33653, 0.18847], [-67.33084, 0.20457], [-67.32709, 0.20595], [-67.3254, 0.19935], [-67.33225, 0.18632]]], [[[-67.33371, 0.16581], [-67.33184, 0.16487], [-67.33315, 0.16243], [-67.33371, 0.16581]]], [[[-67.33214, 0.47374], [-67.33281, 0.47268], [-67.33206, 0.47432], [-67.33214, 0.47374]]], [[[-67.32723, 0.44614], [-67.33267, 0.46596], [-67.32604, 0.4729], [-67.32235, 0.46452], [-67.32723, 0.44614]]], [[[-67.32949, 0.24497], [-67.33099, 0.26239], [-67.32745, 0.26323], [-67.32949, 0.24497]]], [[[-67.33131, 0.4751], [-67.3316, 0.47379], [-67.33185, 0.47387], [-67.33131, 0.4751]]], [[[-67.33015, 0.13907], [-67.33215, 0.14051], [-67.33096, 0.14142], [-67.33015, 0.13907]]], [[[-67.3298, 0.20686], [-67.32911, 0.20664], [-67.32961, 0.20651], [-67.3298, 0.20686]]], [[[-67.33056, 0.16537], [-67.32771, 0.15865], [-67.33015, 0.15283], [-67.33056, 0.16537]]], [[[-67.3269, 0.29437], [-67.32668, 0.305], [-67.32168, 0.30716], [-67.3269, 0.29437]]], [[[-67.32761, 0.26667], [-67.32727, 0.26457], [-67.32986, 0.26486], [-67.32761, 0.26667]]], [[[-67.32477, 0.28965], [-67.32337, 0.29031], [-67.32477, 0.28896], [-67.32477, 0.28965]]], [[[-67.32571, 0.30703], [-67.32224, 0.3075], [-67.32615, 0.30569], [-67.32571, 0.30703]]], [[[-67.32505, 0.2843], [-67.32171, 0.2884], [-67.32643, 0.27664], [-67.32505, 0.2843]]], [[[-67.32243, 0.34302], [-67.32196, 0.34346], [-67.32152, 0.34318], [-67.32243, 0.34302]]], [[[-67.3233, 0.3423], [-67.32049, 0.34008], [-67.32465, 0.34171], [-67.3233, 0.3423]]], [[[-67.31699, 0.28734], [-67.31727, 0.29156], [-67.31605, 0.29275], [-67.31542, 0.29112], [-67.31699, 0.28734]]], [[[-67.3211, 0.42944], [-67.31278, 0.39955], [-67.32579, 0.40218], [-67.33373, 0.41043], [-67.33748, 0.42488], [-67.33448, 0.44539], [-67.3211, 0.42944]]], [[[-67.31558, 0.29384], [-67.31642, 0.29693], [-67.31611, 0.29709], [-67.31558, 0.29384]]], [[[-67.30947, 0.48366], [-67.31022, 0.48134], [-67.31372, 0.48022], [-67.31172, 0.48222], [-67.30947, 0.48366]]], [[[-67.26124, 0.58271], [-67.2603, 0.57989], [-67.26343, 0.57677], [-67.26124, 0.58271]]], [[[-67.25955, 0.54619], [-67.26843, 0.56088], [-67.26543, 0.57158], [-67.26337, 0.55894], [-67.25955, 0.54619]]], [[[-67.26009, 0.81447], [-67.25442, 0.80686], [-67.25711, 0.80813], [-67.26009, 0.81447]]], [[[-67.25924, 0.57708], [-67.25599, 0.58402], [-67.25699, 0.57964], [-67.25924, 0.57708]]], [[[-67.25542, 0.61266], [-67.25492, 0.61266], [-67.25524, 0.6111], [-67.25542, 0.61266]]], [[[-67.25221, 0.81913], [-67.24781, 0.83158], [-67.23711, 0.82782], [-67.23411, 0.81976], [-67.23558, 0.80994], [-67.24327, 0.80863], [-67.25046, 0.81332], [-67.25221, 0.81913]]], [[[-67.24341, 0.76285], [-67.24463, 0.76395], [-67.24379, 0.76495], [-67.24341, 0.76285]]], [[[-67.24616, 0.75741], [-67.24066, 0.74172], [-67.24373, 0.74181], [-67.24738, 0.75007], [-67.24616, 0.75741]]], [[[-67.24066, 0.75566], [-67.24373, 0.76013], [-67.24235, 0.76229], [-67.24069, 0.75851], [-67.24066, 0.75566]]], [[[-67.23921, 0.7834], [-67.24046, 0.77696], [-67.2404, 0.78403], [-67.23921, 0.7834]]], [[[-67.23955, 0.86921], [-67.24768, 0.86073], [-67.2438, 0.87352], [-67.23411, 0.88281], [-67.23955, 0.86921]]], [[[-67.23594, 0.71943], [-67.2365, 0.74009], [-67.23153, 0.73584], [-67.23216, 0.71283], [-67.23594, 0.71943]]], [[[-67.23049, 0.64349], [-67.23487, 0.64117], [-67.24012, 0.64167], [-67.23187, 0.64699], [-67.23049, 0.64349]]], [[[-67.23228, 0.73875], [-67.23519, 0.74272], [-67.23581, 0.75338], [-67.23031, 0.74647], [-67.23228, 0.73875]]], [[[-67.23106, 0.70989], [-67.22759, 0.70395], [-67.22775, 0.70067], [-67.23106, 0.70989]]], [[[-67.22865, 0.69197], [-67.23269, 0.69163], [-67.23269, 0.69638], [-67.23047, 0.69591], [-67.22865, 0.69197]]], [[[-67.22586, 0.67566], [-67.22605, 0.6745], [-67.22736, 0.67557], [-67.22586, 0.67566]]], [[[-67.22492, 0.67513], [-67.22349, 0.67566], [-67.22349, 0.67522], [-67.22492, 0.67513]]], [[[-67.22031, 0.9101], [-67.22128, 0.90663], [-67.22184, 0.9066], [-67.22031, 0.9101]]], [[[-67.21911, 0.65287], [-67.22467, 0.65012], [-67.21911, 0.65881], [-67.21898, 0.66894], [-67.21705, 0.658], [-67.21911, 0.65287]]], [[[-67.15417, 0.97965], [-67.15645, 0.98103], [-67.1557, 0.98237], [-67.15417, 0.97965]]], [[[-67.14945, 0.99844], [-67.14996, 0.99656], [-67.15055, 0.99835], [-67.14945, 0.99844]]]]}}, {"type": "Feature", "properties": {"nome": "Alto Sepatini", "etnia": "Apurinã", "fase": "Regularizada", "modalidade": "Tradicionalmente ocupada", "municipios": "Lábrea", "ha": 26095.6979, "uf": "AM"}, "geometry": {"type": "Polygon", "coordinates": [[[-66.19256, -8.05349], [-66.1992, -8.05802], [-66.20089, -8.05491], [-66.20716, -8.05725], [-66.2082, -8.05341], [-66.21765, -8.0491], [-66.22352, -8.05856], [-66.22088, -8.06047], [-66.22378, -8.05959], [-66.22933, -8.06773], [-66.23112, -8.06499], [-66.23392, -8.06814], [-66.23443, -8.06208], [-66.23887, -8.06304], [-66.241, -8.05977], [-66.2529, -8.06407], [-66.25257, -8.06827], [-66.25795, -8.06331], [-66.26321, -8.06523], [-66.27258, -8.06027], [-66.27377, -8.06342], [-66.28226, -8.05854], [-66.28461, -8.05408], [-66.28225, -8.04893], [-66.27736, -8.05], [-66.2812, -8.04289], [-66.28405, -8.04436], [-66.29049, -8.03955], [-66.29028, -8.04253], [-66.29282, -8.04127], [-66.29448, -8.04434], [-66.29465, -8.0405], [-66.29861, -8.042], [-66.30493, -8.03829], [-66.3086, -8.04376], [-66.31098, -8.04029], [-66.32123, -8.04353], [-66.32243, -8.04977], [-66.32572, -8.04781], [-66.32709, -8.05315], [-66.33641, -8.05288], [-66.33575, -8.05545], [-66.34139, -8.05884], [-66.34041, -8.07025], [-66.34938, -8.06914], [-66.347, -8.0748], [-66.35119, -8.07311], [-66.34972, -8.077], [-66.35233, -8.07701], [-66.35045, -8.079], [-66.35366, -8.08177], [-66.49582, -8.02621], [-66.49103, -8.01412], [-66.49534, -7.99788], [-66.49441, -7.99442], [-66.4157, -7.99001], [-66.28659, -7.94994], [-66.27515, -7.96312], [-66.26193, -7.96982], [-66.254, -7.96927], [-66.24957, -7.97349], [-66.25109, -7.98123], [-66.24436, -8.00155], [-66.23146, -8.01003], [-66.22052, -8.01152], [-66.21153, -8.01901], [-66.20087, -8.02244], [-66.19878, -8.04307], [-66.19256, -8.05349]]]}}, {"type": "Feature", "properties": {"nome": "Andirá-Marau", "etnia": "Sateré-Mawé", "fase": "Regularizada", "modalidade": "Tradicionalmente ocupada", "municipios": "Parintins,Maués,Barreirinha,Aveiro,Itaituba", "ha": 788528.383, "uf": "AM,PA"}, "geometry": {"type": "Polygon", "coordinates": [[[-57.17038, -3.93429], [-57.14992, -3.92703], [-57.15429, -3.92376], [-57.15367, -3.91814], [-57.16876, -3.91525], [-57.16449, -3.90778], [-57.16587, -3.90522], [-57.15437, -3.91163], [-57.15205, -3.91024], [-57.15505, -3.90713], [-57.15429, -3.89998], [-57.16518, -3.89121], [-57.16309, -3.88699], [-57.16135, -3.88937], [-57.15509, -3.88785], [-57.15707, -3.88437], [-57.15418, -3.8822], [-57.1601, -3.8763], [-57.15392, -3.87127], [-57.15507, -3.85871], [-57.17217, -3.8544], [-57.17556, -3.86368], [-57.17891, -3.85082], [-57.18445, -3.85092], [-57.18173, -3.8481], [-57.17796, -3.84929], [-57.18204, -3.84146], [-57.17942, -3.84329], [-57.17969, -3.83785], [-57.1874, -3.83219], [-57.18331, -3.82834], [-57.1893, -3.82949], [-57.19435, -3.81143], [-57.19701, -3.81371], [-57.19683, -3.80991], [-57.20071, -3.80806], [-57.19848, -3.80729], [-57.20304, -3.80647], [-57.20004, -3.80549], [-57.20161, -3.80146], [-57.2087, -3.79823], [-57.20631, -3.79385], [-57.21305, -3.79368], [-57.21954, -3.78554], [-57.2095, -3.79046], [-57.20546, -3.78863], [-57.21066, -3.78351], [-57.22533, -3.78594], [-57.22218, -3.78016], [-57.22823, -3.77571], [-57.22598, -3.77063], [-57.23077, -3.76537], [-57.23849, -3.769], [-57.239, -3.76022], [-57.24632, -3.75533], [-57.26078, -3.75224], [-57.26066, -3.74892], [-57.26277, -3.75131], [-57.26742, -3.7485], [-57.27141, -3.75429], [-57.27624, -3.75523], [-57.27481, -3.7463], [-57.27294, -3.74738], [-57.26978, -3.74682], [-57.27522, -3.74527], [-57.27342, -3.73569], [-57.2762, -3.72977], [-57.26804, -3.73302], [-57.27564, -3.72853], [-57.27292, -3.72522], [-57.27678, -3.7286], [-57.28125, -3.72566], [-57.28413, -3.71018], [-57.30307, -3.69643], [-57.32577, -3.66259], [-57.34134, -3.59152], [-57.26327, -3.57203], [-57.23016, -3.51379], [-57.23622, -3.50696], [-57.24677, -3.48254], [-57.25121, -3.44659], [-57.24595, -3.42361], [-57.19993, -3.34592], [-57.13194, -3.2795], [-57.133, -3.27589], [-57.12587, -3.26223], [-57.11152, -3.26035], [-57.10829, -3.26264], [-57.1049, -3.2528], [-57.06521, -3.20953], [-57.05716, -3.21286], [-56.95091, -3.18082], [-56.93896, -3.18099], [-56.92385, -3.17241], [-56.91335, -3.17327], [-56.90513, -3.16703], [-56.89076, -3.16745], [-56.87171, -3.15656], [-56.86364, -3.16022], [-56.8691, -3.15605], [-56.86439, -3.15007], [-56.8509, -3.15221], [-56.85108, -3.14999], [-56.84789, -3.15555], [-56.84996, -3.15929], [-56.84626, -3.15648], [-56.84345, -3.16976], [-56.84593, -3.17277], [-56.84311, -3.17687], [-56.84374, -3.18882], [-56.83565, -3.20319], [-56.82507, -3.20873], [-56.82091, -3.21646], [-56.81057, -3.22489], [-56.80297, -3.22473], [-56.80051, -3.22888], [-56.79384, -3.22781], [-56.79004, -3.23195], [-56.76872, -3.23461], [-56.73329, -3.32274], [-56.7329, -3.33421], [-56.71096, -3.35353], [-56.70767, -3.36792], [-56.63675, -3.37745], [-56.58143, -3.47493], [-56.57776, -3.49432], [-56.57962, -3.51457], [-56.57347, -3.51809], [-56.56281, -3.51507], [-56.55822, -3.50887], [-56.55313, -3.50912], [-56.54611, -3.51625], [-56.54308, -3.52909], [-56.53427, -3.53494], [-56.534, -3.53888], [-56.53919, -3.54434], [-56.53899, -3.55091], [-56.52674, -3.57884], [-56.52897, -3.58628], [-56.52696, -3.59933], [-56.52012, -3.60722], [-56.51911, -3.61988], [-56.50595, -3.62444], [-56.50084, -3.63175], [-56.51949, -3.68385], [-56.52617, -3.6942], [-56.54511, -3.70631], [-56.55023, -3.71484], [-56.55858, -3.71995], [-56.56148, -3.71793], [-56.55063, -3.80496], [-56.55034, -3.89412], [-56.56119, -3.89636], [-56.57698, -3.91153], [-56.58474, -3.91314], [-56.59314, -3.9203], [-56.60732, -3.92544], [-56.62313, -3.92464], [-56.62575, -3.92695], [-56.63817, -3.94394], [-56.63867, -3.95391], [-56.65166, -3.96572], [-56.65484, -3.97797], [-56.66292, -3.98323], [-56.66449, -3.99659], [-56.67164, -4.00965], [-56.67687, -4.03254], [-56.67537, -4.045], [-56.68189, -4.08747], [-56.68747, -4.09507], [-56.68873, -4.1077], [-56.69637, -4.11995], [-56.70611, -4.14835], [-56.70858, -4.17685], [-56.70575, -4.20347], [-56.70859, -4.21024], [-56.70518, -4.21171], [-56.70576, -4.2193], [-56.70288, -4.22333], [-56.70706, -4.2279], [-56.70724, -4.23361], [-56.70204, -4.24597], [-56.7082, -4.25002], [-56.71665, -4.24664], [-56.73929, -4.264], [-56.7462, -4.26287], [-56.7729, -4.27886], [-56.78568, -4.29882], [-56.7935, -4.3013], [-56.80283, -4.32085], [-56.81287, -4.32512], [-56.825, -4.33637], [-56.8286, -4.33451], [-56.82783, -4.33055], [-56.83651, -4.32966], [-56.84148, -4.32295], [-56.84671, -4.32249], [-56.85117, -4.32697], [-56.8546, -4.32545], [-56.85365, -4.31991], [-56.85692, -4.3169], [-56.86103, -4.31951], [-56.87761, -4.31725], [-56.88992, -4.3108], [-56.90195, -4.30916], [-56.90481, -4.30415], [-56.91548, -4.30554], [-56.91986, -4.29745], [-56.92938, -4.2937], [-56.93286, -4.28335], [-56.93725, -4.28315], [-56.94076, -4.2767], [-56.93861, -4.27265], [-56.94741, -4.2698], [-56.9503, -4.26268], [-56.95419, -4.26528], [-56.95644, -4.26148], [-56.96319, -4.26126], [-56.96782, -4.25702], [-56.97595, -4.26089], [-56.98337, -4.25386], [-56.98883, -4.25336], [-56.98981, -4.24992], [-57.00838, -4.24917], [-57.01454, -4.24394], [-57.02324, -4.24379], [-57.02546, -4.24112], [-57.0329, -4.2432], [-57.03966, -4.23814], [-57.05783, -4.24095], [-57.0606, -4.23533], [-57.0657, -4.23631], [-57.06753, -4.23347], [-57.08189, -4.2302], [-57.08914, -4.22496], [-57.09569, -4.21035], [-57.09874, -4.20985], [-57.09719, -4.2055], [-57.10194, -4.20298], [-57.09834, -4.19992], [-57.09615, -4.18958], [-57.10117, -4.18595], [-57.0995, -4.18268], [-57.10531, -4.17159], [-57.10303, -4.1677], [-57.10751, -4.16567], [-57.1074, -4.15849], [-57.11467, -4.14829], [-57.13652, -4.17344], [-57.15489, -4.17891], [-57.16976, -4.19679], [-57.19767, -4.20788], [-57.22333, -4.2141], [-57.27105, -4.19905], [-57.3058, -4.21469], [-57.28793, -4.15782], [-57.2736, -4.07576], [-57.26915, -3.95701], [-57.25818, -3.95505], [-57.23277, -3.93876], [-57.21469, -3.94085], [-57.20467, -3.93247], [-57.19471, -3.93011], [-57.19247, -3.92483], [-57.18125, -3.91771], [-57.17543, -3.91992], [-57.17038, -3.93429]]]}}, {"type": "Feature", "properties": {"nome": "Apipica", "etnia": "Múra", "fase": "Regularizada", "modalidade": "Tradicionalmente ocupada", "municipios": "Careiro da Várzea", "ha": 652.7562, "uf": "AM"}, "geometry": {"type": "MultiPolygon", "coordinates": [[[[-59.348, -3.34551], [-59.35396, -3.38391], [-59.36132, -3.38327], [-59.36403, -3.37666], [-59.36859, -3.37444], [-59.35793, -3.37344], [-59.35923, -3.36903], [-59.35527, -3.36719], [-59.35436, -3.36109], [-59.35885, -3.35919], [-59.35967, -3.35231], [-59.348, -3.34551]]], [[[-59.33225, -3.38105], [-59.33406, -3.36967], [-59.32951, -3.36351], [-59.33009, -3.35553], [-59.32836, -3.3518], [-59.32281, -3.35221], [-59.32474, -3.35808], [-59.32213, -3.37749], [-59.32633, -3.38368], [-59.33225, -3.38105]]]]}}, {"type": "Feature", "properties": {"nome": "Apurinã do Igarapé São João", "etnia": "Apurinã", "fase": "Regularizada", "modalidade": "Tradicionalmente ocupada", "municipios": "Tapauá", "ha": 18232.4221, "uf": "AM"}, "geometry": {"type": "Polygon", "coordinates": [[[-63.08797, -5.48674], [-63.07297, -5.50114], [-63.06941, -5.51273], [-63.07347, -5.53152], [-63.08071, -5.54213], [-63.07584, -5.55596], [-63.08358, -5.56796], [-63.08368, -5.5766], [-63.09018, -5.59154], [-63.10306, -5.60402], [-63.10312, -5.62103], [-63.10952, -5.62523], [-63.1122, -5.6425], [-63.11892, -5.64898], [-63.11487, -5.65686], [-63.1224, -5.65876], [-63.12491, -5.66622], [-63.12971, -5.66658], [-63.13282, -5.67142], [-63.14419, -5.6701], [-63.1443, -5.67789], [-63.15612, -5.66929], [-63.1728, -5.64299], [-63.1843, -5.63615], [-63.17998, -5.62195], [-63.18185, -5.61695], [-63.18749, -5.61489], [-63.18571, -5.59734], [-63.18864, -5.57971], [-63.2012, -5.55291], [-63.20228, -5.53891], [-63.1909, -5.52885], [-63.16586, -5.52404], [-63.1448, -5.53312], [-63.12318, -5.55394], [-63.11074, -5.55193], [-63.10373, -5.54402], [-63.10292, -5.53361], [-63.11347, -5.50376], [-63.13255, -5.48986], [-63.15816, -5.48177], [-63.16775, -5.47576], [-63.17293, -5.464], [-63.16904, -5.45227], [-63.1207, -5.46481], [-63.12512, -5.4742], [-63.12388, -5.48558], [-63.1134, -5.47623], [-63.09094, -5.48888], [-63.08797, -5.48674]]]}}, {"type": "Feature", "properties": {"nome": "Apurinã Igarapé Tauamirim", "etnia": "Apurinã", "fase": "Regularizada", "modalidade": "Tradicionalmente ocupada", "municipios": "Tapauá", "ha": 96456.5072, "uf": "AM"}, "geometry": {"type": "Polygon", "coordinates": [[[-63.13247, -5.67105], [-63.12971, -5.66658], [-63.12491, -5.66622], [-63.1224, -5.65876], [-63.11487, -5.65686], [-63.11892, -5.64898], [-63.1122, -5.6425], [-63.10952, -5.62523], [-63.10312, -5.62103], [-63.10306, -5.60402], [-63.09018, -5.59154], [-63.08368, -5.5766], [-63.08358, -5.56796], [-63.07584, -5.55596], [-63.08071, -5.54213], [-63.07347, -5.53152], [-63.07238, -5.52311], [-62.878, -5.45754], [-62.88868, -5.46413], [-62.90284, -5.47901], [-62.90284, -5.48921], [-62.91044, -5.50097], [-62.91113, -5.53066], [-62.92314, -5.54476], [-62.92341, -5.55531], [-62.93324, -5.5649], [-62.93314, -5.56698], [-62.86222, -5.57718], [-62.86292, -5.59048], [-62.8499, -5.60718], [-62.85064, -5.61558], [-62.86228, -5.62906], [-62.86303, -5.63587], [-62.86911, -5.64303], [-62.87415, -5.66924], [-62.89295, -5.67384], [-62.89336, -5.76107], [-62.90284, -5.77274], [-62.9063, -5.79056], [-62.9041, -5.80392], [-62.89943, -5.80828], [-62.90803, -5.82993], [-62.90186, -5.88856], [-62.90412, -5.89085], [-62.93026, -5.89389], [-62.94042, -5.88671], [-62.98619, -5.86687], [-63.03825, -5.86032], [-63.04291, -5.86268], [-63.06455, -5.8614], [-63.06923, -5.8543], [-63.06617, -5.84314], [-63.11043, -5.81561], [-63.12846, -5.80074], [-63.143, -5.79471], [-63.14419, -5.6701], [-63.13247, -5.67105]]]}}, {"type": "Feature", "properties": {"nome": "Apurinã Km 124 BR-317", "etnia": "Apurinã", "fase": "Regularizada", "modalidade": "Tradicionalmente ocupada", "municipios": "Boca do Acre e Lábrea", "ha": 42197.6055, "uf": "AM"}, "geometry": {"type": "Polygon", "coordinates": [[[-67.35931, -9.23702], [-67.28473, -9.2363], [-67.18604, -9.24096], [-67.17525, -9.26078], [-67.16668, -9.2594], [-67.15902, -9.26413], [-67.12736, -9.25523], [-67.1186, -9.2483], [-67.09604, -9.24643], [-67.07485, -9.25605], [-67.06866, -9.26241], [-67.06487, -9.26164], [-67.04955, -9.27796], [-67.04711, -9.28797], [-67.05421, -9.28649], [-67.05721, -9.29255], [-67.06649, -9.29487], [-67.07101, -9.30019], [-67.07933, -9.3251], [-67.0844, -9.33045], [-67.08403, -9.33528], [-67.08934, -9.34415], [-67.0952, -9.34757], [-67.09605, -9.35664], [-67.12836, -9.36031], [-67.14256, -9.36851], [-67.14717, -9.38977], [-67.23303, -9.37269], [-67.23954, -9.37818], [-67.26016, -9.3622], [-67.26924, -9.36142], [-67.29164, -9.35057], [-67.29946, -9.36208], [-67.33835, -9.35197], [-67.34488, -9.33795], [-67.36838, -9.34225], [-67.37536, -9.3314], [-67.36686, -9.31333], [-67.37928, -9.30761], [-67.38072, -9.30273], [-67.37336, -9.29139], [-67.36243, -9.30195], [-67.34588, -9.30647], [-67.34779, -9.29542], [-67.34371, -9.28293], [-67.34629, -9.27054], [-67.35545, -9.25896], [-67.35931, -9.23702]]]}}, {"type": "Feature", "properties": {"nome": "Arary", "etnia": "Múra", "fase": "Regularizada", "modalidade": "Tradicionalmente ocupada", "municipios": "Novo Aripuanã,Borba", "ha": 40548.572, "uf": "AM"}, "geometry": {"type": "Polygon", "coordinates": [[[-60.10817, -4.77386], [-60.11372, -4.74657], [-60.10664, -4.74035], [-60.0946, -4.7392], [-60.09284, -4.7329], [-60.09691, -4.72085], [-60.10267, -4.71706], [-60.10346, -4.69877], [-60.13274, -4.67397], [-60.12148, -4.66487], [-60.12091, -4.6567], [-60.12444, -4.65373], [-60.10448, -4.63308], [-60.09878, -4.63345], [-60.09673, -4.64542], [-60.08785, -4.64495], [-60.08839, -4.63765], [-60.07583, -4.64031], [-60.07214, -4.64689], [-60.07591, -4.65845], [-60.07203, -4.65109], [-60.06677, -4.65064], [-60.06489, -4.65392], [-60.05714, -4.64387], [-60.06615, -4.64241], [-60.06775, -4.63259], [-60.05486, -4.64126], [-60.05427, -4.62913], [-60.0423, -4.62966], [-60.04515, -4.62292], [-60.04125, -4.61383], [-60.03287, -4.61632], [-60.03059, -4.62245], [-60.02492, -4.61734], [-60.01506, -4.62609], [-60.01314, -4.63705], [-60.00026, -4.63851], [-59.99723, -4.65049], [-59.99844, -4.66094], [-59.99382, -4.66728], [-60.00035, -4.6688], [-59.99667, -4.68626], [-59.97837, -4.71434], [-59.97908, -4.71824], [-59.96811, -4.72172], [-59.96358, -4.72886], [-59.94989, -4.7271], [-59.948, -4.73942], [-59.91721, -4.80499], [-59.91682, -4.81296], [-59.92458, -4.82034], [-59.96061, -4.83683], [-59.99855, -4.86729], [-60.0531, -4.89645], [-60.04943, -4.88476], [-60.05078, -4.8783], [-60.05832, -4.86893], [-60.06666, -4.86455], [-60.06203, -4.86048], [-60.07096, -4.8546], [-60.06629, -4.85555], [-60.06295, -4.85039], [-60.06988, -4.83662], [-60.06566, -4.82515], [-60.11385, -4.79346], [-60.11118, -4.78882], [-60.11271, -4.77949], [-60.10817, -4.77386]]]}}, {"type": "Feature", "properties": {"nome": "Ariramba", "etnia": "Múra", "fase": "Regularizada", "modalidade": "Tradicionalmente ocupada", "municipios": "Manicoré", "ha": 10357.5323, "uf": "AM"}, "geometry": {"type": "MultiPolygon", "coordinates": [[[[-62.28116, -6.05652], [-62.22144, -6.07558], [-62.21758, -6.07373], [-62.2336, -6.10022], [-62.26181, -6.09327], [-62.26232, -6.10634], [-62.24977, -6.11758], [-62.27231, -6.18131], [-62.28116, -6.17736], [-62.28306, -6.16845], [-62.29356, -6.1714], [-62.29713, -6.16789], [-62.30457, -6.1678], [-62.31427, -6.17516], [-62.33784, -6.1606], [-62.34288, -6.14733], [-62.33668, -6.14074], [-62.3401, -6.1358], [-62.3393, -6.12775], [-62.3252, -6.12056], [-62.31805, -6.12157], [-62.3098, -6.1181], [-62.30845, -6.11184], [-62.31172, -6.10439], [-62.30346, -6.08443], [-62.30393, -6.06898], [-62.29726, -6.06598], [-62.29246, -6.05878], [-62.28116, -6.05652]]], [[[-62.19355, -6.15564], [-62.18386, -6.14031], [-62.18828, -6.11116], [-62.17582, -6.11101], [-62.17075, -6.15178], [-62.18196, -6.16369], [-62.18627, -6.15816], [-62.19355, -6.15564]]], [[[-62.18508, -6.19195], [-62.1934, -6.19606], [-62.19624, -6.19207], [-62.18957, -6.18763], [-62.18508, -6.19195]]]]}}, {"type": "Feature", "properties": {"nome": "Balaio", "etnia": "Tukano,Tariana,Desána", "fase": "Regularizada", "modalidade": "Tradicionalmente ocupada", "municipios": "São Gabriel da Cachoeira", "ha": 257281.4601, "uf": "AM"}, "geometry": {"type": "Polygon", "coordinates": [[[-66.45835, 0.69975], [-66.43856, 0.68515], [-66.42387, 0.67844], [-66.39812, 0.67668], [-66.38495, 0.67922], [-66.36453, 0.67277], [-66.30651, 0.64547], [-66.27679, 0.62481], [-66.27463, 0.62684], [-66.2612, 0.61467], [-66.25584, 0.61457], [-66.26685, 0.61037], [-66.2724, 0.5987], [-66.28169, 0.59113], [-66.29226, 0.57515], [-66.29154, 0.56528], [-66.32902, 0.53519], [-66.33438, 0.52218], [-66.34598, 0.51228], [-66.34338, 0.5024], [-66.35295, 0.50518], [-66.37547, 0.49847], [-66.38615, 0.50017], [-66.39559, 0.50735], [-66.40426, 0.52076], [-66.44596, 0.486], [-66.4601, 0.4794], [-66.46173, 0.46973], [-66.45901, 0.45309], [-66.47447, 0.43127], [-66.47347, 0.41557], [-66.47694, 0.39914], [-66.4664, 0.37201], [-66.46336, 0.35224], [-66.45791, 0.34439], [-66.45804, 0.32224], [-66.45304, 0.30328], [-66.45357, 0.27814], [-66.46244, 0.27027], [-66.45799, 0.26036], [-66.46791, 0.26311], [-66.46666, 0.27337], [-66.47596, 0.27453], [-66.47984, 0.26409], [-66.48138, 0.24127], [-66.50569, 0.23596], [-66.50135, 0.24382], [-66.49894, 0.27483], [-66.50951, 0.28588], [-66.52423, 0.28806], [-66.53921, 0.24918], [-66.53785, 0.24234], [-66.54102, 0.23582], [-66.55397, 0.2218], [-66.57964, 0.2046], [-66.58134, 0.18965], [-66.58618, 0.18249], [-66.58107, 0.17701], [-66.58297, 0.16479], [-66.59408, 0.1445], [-66.6387, 0.14823], [-66.64899, 0.15891], [-66.6558, 0.17725], [-66.66825, 0.18526], [-66.6714, 0.1498], [-66.6763, 0.1368], [-66.68329, 0.12691], [-66.69628, 0.1208], [-66.71239, 0.09827], [-66.7698, 0.13484], [-66.79692, 0.12692], [-66.79121, 0.1423], [-66.79527, 0.16008], [-66.82333, 0.16745], [-66.8536, 0.18494], [-66.85791, 0.19552], [-66.86059, 0.22131], [-66.91245, 0.37946], [-66.81744, 0.50784], [-66.81195, 0.52178], [-66.76181, 0.55192], [-66.75462, 0.57239], [-66.7683, 0.58993], [-66.77411, 0.5928], [-66.7697, 0.60023], [-66.76082, 0.5984], [-66.75627, 0.60181], [-66.74229, 0.59445], [-66.73588, 0.59492], [-66.73218, 0.58763], [-66.72684, 0.5877], [-66.71659, 0.57828], [-66.70362, 0.57409], [-66.69309, 0.58282], [-66.68378, 0.58562], [-66.67019, 0.60798], [-66.64665, 0.65996], [-66.61778, 0.67654], [-66.61322, 0.68245], [-66.60289, 0.68346], [-66.60263, 0.68791], [-66.59054, 0.68122], [-66.5456, 0.67415], [-66.53745, 0.6786], [-66.53296, 0.68817], [-66.51667, 0.69322], [-66.50257, 0.6865], [-66.46806, 0.70812], [-66.45946, 0.70659], [-66.45835, 0.69975]]]}}, {"type": "Feature", "properties": {"nome": "Banawá", "etnia": "Banawa", "fase": "Regularizada", "modalidade": "Tradicionalmente ocupada", "municipios": "Tapauá,Canutama,Lábrea", "ha": 192659.6666, "uf": "AM"}, "geometry": {"type": "Polygon", "coordinates": [[[-64.93035, -6.49942], [-64.91825, -6.49982], [-64.91544, -6.4974], [-64.86335, -6.50546], [-64.85614, -6.51234], [-64.82803, -6.50588], [-64.81956, -6.51125], [-64.80444, -6.50626], [-64.71677, -6.62313], [-64.70999, -6.63617], [-64.70762, -6.65162], [-64.68494, -6.67295], [-64.69943, -6.77375], [-64.6967, -6.77734], [-64.70267, -6.78184], [-64.70324, -6.78703], [-64.69985, -6.79813], [-64.69326, -6.79946], [-64.68977, -6.81301], [-64.69899, -6.82514], [-64.70804, -6.82285], [-64.72295, -6.82793], [-64.73422, -6.83984], [-64.76668, -6.84114], [-64.76826, -6.8384], [-64.7886, -6.84504], [-64.80173, -6.85943], [-64.80267, -6.87248], [-64.90997, -6.98617], [-65.07228, -7.12497], [-65.09863, -7.05227], [-65.09141, -7.04751], [-65.08622, -7.03781], [-65.08367, -7.04108], [-65.0815, -7.03703], [-65.06285, -7.02813], [-65.0608, -7.01642], [-65.0549, -7.01763], [-65.04609, -7.00755], [-65.0393, -7.0065], [-65.04065, -7.00284], [-65.032, -6.99466], [-65.03325, -6.9897], [-65.03076, -6.98971], [-65.03458, -6.98105], [-65.04178, -6.98372], [-65.04483, -6.97895], [-65.05079, -6.97912], [-65.05606, -6.97365], [-65.0638, -6.97571], [-65.07154, -6.96666], [-65.07722, -6.97286], [-65.08204, -6.97354], [-65.08124, -6.97069], [-65.08465, -6.96883], [-65.08467, -6.94826], [-65.08031, -6.94767], [-65.07659, -6.93829], [-65.06665, -6.93265], [-65.0682, -6.92561], [-65.07431, -6.92278], [-65.07084, -6.92205], [-65.07593, -6.91127], [-65.07768, -6.91274], [-65.08882, -6.90115], [-65.0951, -6.90053], [-65.09458, -6.89199], [-65.10056, -6.88893], [-65.10079, -6.88408], [-65.10528, -6.88316], [-65.09934, -6.87236], [-65.09458, -6.87316], [-65.09093, -6.866], [-65.09529, -6.86488], [-65.09634, -6.85001], [-65.10366, -6.84368], [-65.10367, -6.83506], [-65.11063, -6.82508], [-65.11245, -6.81506], [-65.10818, -6.80958], [-65.10835, -6.80262], [-65.09655, -6.79628], [-65.09274, -6.78791], [-65.08865, -6.78856], [-65.09305, -6.77025], [-65.08474, -6.76846], [-65.08536, -6.77289], [-65.09007, -6.77046], [-65.08671, -6.77384], [-65.08364, -6.77285], [-65.08269, -6.77081], [-65.08445, -6.76759], [-65.08841, -6.7674], [-65.08799, -6.7629], [-65.08618, -6.76625], [-65.08044, -6.76644], [-65.0787, -6.7635], [-65.0818, -6.75778], [-65.07646, -6.76197], [-65.07351, -6.75766], [-65.07481, -6.75174], [-65.06975, -6.75158], [-65.07149, -6.75768], [-65.06729, -6.75424], [-65.07285, -6.74311], [-65.07078, -6.74134], [-65.07277, -6.73551], [-65.06642, -6.72979], [-65.07376, -6.72053], [-65.0684, -6.7197], [-65.06576, -6.7231], [-65.06398, -6.71972], [-65.06622, -6.72231], [-65.07276, -6.70896], [-65.06695, -6.7106], [-65.0718, -6.70507], [-65.06585, -6.70059], [-65.05686, -6.70079], [-65.05622, -6.6853], [-65.06104, -6.68123], [-65.06789, -6.68475], [-65.06344, -6.67876], [-65.06771, -6.67656], [-65.05956, -6.67265], [-65.05885, -6.66603], [-65.05125, -6.66008], [-65.03628, -6.66061], [-65.03497, -6.65612], [-65.04165, -6.64543], [-65.03597, -6.64186], [-65.03642, -6.63769], [-65.04989, -6.64252], [-65.04271, -6.6249], [-65.03821, -6.63078], [-65.03349, -6.63025], [-65.03665, -6.62444], [-65.03484, -6.62156], [-65.02554, -6.62538], [-65.03138, -6.61649], [-65.02924, -6.61372], [-65.02129, -6.61603], [-65.02456, -6.61113], [-65.02928, -6.61053], [-65.02655, -6.60389], [-65.02042, -6.60534], [-65.01837, -6.59855], [-65.01649, -6.60305], [-65.01646, -6.59955], [-65.01075, -6.59903], [-65.01331, -6.60053], [-65.01114, -6.6022], [-65.00706, -6.59847], [-65.00809, -6.59441], [-65.01269, -6.59533], [-65.01162, -6.59016], [-65.01539, -6.5811], [-65.01815, -6.5799], [-65.02059, -6.58291], [-65.02326, -6.57427], [-65.01168, -6.57106], [-65.01687, -6.56625], [-65.01264, -6.56214], [-65.01786, -6.56381], [-65.00882, -6.55711], [-65.01472, -6.54815], [-65.01142, -6.54362], [-65.01235, -6.5316], [-65.00734, -6.53067], [-65.01064, -6.52373], [-65.00162, -6.52583], [-65.00087, -6.52058], [-64.99484, -6.51969], [-64.9952, -6.51425], [-64.98844, -6.51937], [-64.99109, -6.52216], [-64.9891, -6.52346], [-64.98297, -6.51939], [-64.9833, -6.50922], [-64.97938, -6.50537], [-64.97542, -6.51112], [-64.97415, -6.50786], [-64.9691, -6.50861], [-64.94661, -6.49224], [-64.93971, -6.49297], [-64.93035, -6.49942]]]}}, {"type": "Feature", "properties": {"nome": "Barreira da Missão", "etnia": "Kambéba,Kokama", "fase": "Regularizada", "modalidade": "Dominial Indígena", "municipios": "Tefé", "ha": 1772.4237, "uf": "AM"}, "geometry": {"type": "Polygon", "coordinates": [[[-64.62741, -3.44281], [-64.63805, -3.44359], [-64.65767, -3.42031], [-64.64922, -3.39937], [-64.63956, -3.38853], [-64.63125, -3.39585], [-64.61219, -3.40067], [-64.62741, -3.44281]]]}}, {"type": "Feature", "properties": {"nome": "Betania", "etnia": "Tikúna", "fase": "Regularizada", "modalidade": "Tradicionalmente ocupada", "municipios": "Tonantins,Santo Antônio do Içá,Amaturá", "ha": 122769.0265, "uf": "AM"}, "geometry": {"type": "MultiPolygon", "coordinates": [[[[-67.8773, -3.3105], [-67.9017, -3.27338], [-67.90111, -3.26988], [-67.89333, -3.26566], [-67.89612, -3.26008], [-67.88976, -3.25891], [-67.88937, -3.25443], [-67.89767, -3.25164], [-67.89681, -3.24731], [-67.9123, -3.23385], [-67.92789, -3.19581], [-67.90214, -3.19248], [-67.89799, -3.20296], [-67.89842, -3.21462], [-67.88869, -3.21325], [-67.86631, -3.22209], [-67.87862, -3.25105], [-67.83967, -3.24388], [-67.8199, -3.33338], [-67.86838, -3.34868], [-67.8773, -3.3105]]], [[[-68.27262, -3.0223], [-68.27214, -3.01455], [-68.25722, -2.99874], [-68.25643, -2.98589], [-68.2623, -2.97944], [-68.29386, -2.96569], [-68.31232, -2.9394], [-68.30418, -2.94142], [-68.28418, -2.95727], [-68.25577, -2.9503], [-68.23274, -2.97503], [-68.23006, -2.97257], [-68.23582, -2.96272], [-68.23588, -2.9436], [-68.23232, -2.93639], [-68.23122, -2.91023], [-68.22357, -2.89339], [-68.20888, -2.88376], [-68.19978, -2.87049], [-68.17138, -2.85607], [-68.1523, -2.8573], [-68.13873, -2.84926], [-68.12458, -2.85144], [-68.11929, -2.84582], [-68.11183, -2.84912], [-68.10277, -2.84575], [-68.09596, -2.85613], [-68.08817, -2.85811], [-68.07852, -2.86928], [-68.06259, -2.87127], [-68.05287, -2.869], [-68.04422, -2.86157], [-68.02924, -2.86243], [-68.02344, -2.85623], [-68.018, -2.85603], [-68.01392, -2.8501], [-67.99929, -2.84788], [-67.98901, -2.85156], [-67.98849, -2.8564], [-67.98387, -2.85393], [-67.97895, -2.8561], [-67.97438, -2.86562], [-67.96573, -2.86419], [-67.96655, -2.86692], [-67.95765, -2.86952], [-67.95471, -2.87574], [-67.94552, -2.87687], [-67.95029, -2.87712], [-67.9555, -2.88288], [-67.95523, -2.89961], [-67.94809, -2.90925], [-67.94784, -2.92185], [-67.9451, -2.92385], [-67.95499, -2.94127], [-67.94935, -2.95187], [-67.9519, -2.96121], [-67.93923, -2.97177], [-67.98325, -2.99667], [-67.9835, -3.00735], [-67.99072, -3.01798], [-67.99153, -3.02952], [-67.98608, -3.05001], [-67.98963, -3.05326], [-67.98832, -3.0582], [-68.00378, -3.07083], [-68.00875, -3.06894], [-68.01189, -3.07288], [-67.98864, -3.09994], [-67.98164, -3.11483], [-67.96652, -3.11469], [-67.97546, -3.1275], [-67.97366, -3.14385], [-67.97928, -3.1523], [-67.96687, -3.17159], [-67.981, -3.15179], [-67.99759, -3.15109], [-68.00419, -3.15602], [-68.00819, -3.16708], [-68.02548, -3.17587], [-68.03762, -3.17363], [-68.04177, -3.16621], [-68.04001, -3.16284], [-68.04689, -3.1743], [-68.05877, -3.17351], [-68.05599, -3.18018], [-68.06792, -3.17579], [-68.08131, -3.17718], [-68.08277, -3.18656], [-68.08697, -3.19138], [-68.10149, -3.20068], [-68.11342, -3.19906], [-68.11989, -3.21204], [-68.12996, -3.2156], [-68.1319, -3.225], [-68.12734, -3.23082], [-68.23413, -3.22678], [-68.22946, -3.21415], [-68.23545, -3.20648], [-68.24068, -3.1255], [-68.23172, -3.11726], [-68.23067, -3.10681], [-68.24082, -3.09999], [-68.24261, -3.08848], [-68.25314, -3.09058], [-68.26354, -3.08526], [-68.2709, -3.07244], [-68.27103, -3.06569], [-68.26533, -3.05511], [-68.25227, -3.04687], [-68.24373, -3.04848], [-68.23543, -3.0548], [-68.22002, -3.0535], [-68.21537, -3.04793], [-68.21965, -3.0425], [-68.22373, -3.04251], [-68.20814, -3.03437], [-68.2538, -3.0372], [-68.26519, -3.03198], [-68.27262, -3.0223]]]]}}, {"type": "Feature", "properties": {"nome": "Boca do Acre", "etnia": "Apurinã", "fase": "Regularizada", "modalidade": "Tradicionalmente ocupada", "municipios": "Boca do Acre,Lábrea", "ha": 26240.4231, "uf": "AM"}, "geometry": {"type": "Polygon", "coordinates": [[[-67.3057, -9.01088], [-67.21951, -9.03916], [-67.23798, -9.05564], [-67.23948, -9.06214], [-66.87524, -9.0571], [-66.8745, -9.05978], [-66.88366, -9.06079], [-66.89392, -9.06724], [-66.89767, -9.06495], [-66.90388, -9.06728], [-66.90566, -9.06347], [-66.91791, -9.06388], [-66.91871, -9.06687], [-66.91469, -9.06832], [-66.92651, -9.0709], [-66.92221, -9.07854], [-66.92572, -9.08247], [-66.91927, -9.09219], [-66.92022, -9.09579], [-66.91794, -9.09328], [-66.91847, -9.09694], [-66.91448, -9.09822], [-66.91588, -9.10286], [-67.24954, -9.10529], [-67.25727, -9.11391], [-67.27368, -9.12092], [-67.27928, -9.11244], [-67.28625, -9.11429], [-67.29234, -9.10996], [-67.2966, -9.09874], [-67.31234, -9.08865], [-67.31359, -9.08002], [-67.30918, -9.07064], [-67.31884, -9.05862], [-67.31991, -9.05204], [-67.31521, -9.04646], [-67.31869, -9.03796], [-67.33127, -9.03564], [-67.33448, -9.04735], [-67.33727, -9.04858], [-67.34207, -9.03956], [-67.35065, -9.03877], [-67.34555, -9.03081], [-67.34926, -9.02699], [-67.3057, -9.01088]]]}}, {"type": "Feature", "properties": {"nome": "Bom Intento", "etnia": "Tikúna", "fase": "Regularizada", "modalidade": "Tradicionalmente ocupada", "municipios": "Benjamin Constant", "ha": 1613.043, "uf": "AM"}, "geometry": {"type": "MultiPolygon", "coordinates": [[[[-69.984, -4.33344], [-70.00115, -4.35164], [-70.00651, -4.35922], [-70.00661, -4.37175], [-70.00925, -4.36595], [-70.0093, -4.37184], [-70.0204, -4.36992], [-70.02468, -4.35775], [-70.0144, -4.34212], [-70.01188, -4.33181], [-69.99836, -4.3281], [-69.99479, -4.32245], [-69.98638, -4.32216], [-69.984, -4.33344]]], [[[-69.98851, -4.34251], [-69.99965, -4.35342], [-70.0057, -4.36102], [-70.00046, -4.35127], [-69.98851, -4.34251]]]]}}, {"type": "Feature", "properties": {"nome": "Cacau do Tarauaca", "etnia": "Kulina Páno", "fase": "Regularizada", "modalidade": "Tradicionalmente ocupada", "municipios": "Envira", "ha": 28367.2948, "uf": "AM"}, "geometry": {"type": "Polygon", "coordinates": [[[-69.93446, -7.33658], [-69.92563, -7.32987], [-69.92482, -7.31312], [-69.91405, -7.31455], [-69.90912, -7.3115], [-69.91178, -7.32185], [-69.90464, -7.33505], [-69.89742, -7.3376], [-69.89453, -7.34241], [-69.87058, -7.34272], [-69.86281, -7.34619], [-69.85417, -7.36069], [-69.84867, -7.40361], [-69.83573, -7.42939], [-69.83517, -7.44902], [-69.82436, -7.45287], [-69.83316, -7.46367], [-69.84526, -7.46819], [-69.85307, -7.47759], [-69.85998, -7.49159], [-69.85455, -7.51171], [-69.85739, -7.52823], [-69.86489, -7.53636], [-69.87094, -7.53829], [-69.87629, -7.54613], [-69.88477, -7.54276], [-69.89317, -7.54543], [-69.90256, -7.53918], [-69.90578, -7.54464], [-69.92136, -7.53288], [-69.92834, -7.52059], [-69.94166, -7.51053], [-69.9416, -7.50142], [-69.94755, -7.49664], [-69.95598, -7.47918], [-69.97636, -7.46039], [-69.98511, -7.43666], [-69.9812, -7.40914], [-69.98486, -7.40066], [-69.97598, -7.38485], [-69.98317, -7.38186], [-69.98114, -7.37686], [-69.96642, -7.35886], [-69.9467, -7.3519], [-69.94838, -7.32776], [-69.95724, -7.31451], [-69.95589, -7.31077], [-69.94872, -7.3097], [-69.94065, -7.33222], [-69.93446, -7.33658]]]}}, {"type": "Feature", "properties": {"nome": "Caititu", "etnia": "Apurinã", "fase": "Regularizada", "modalidade": "Tradicionalmente ocupada", "municipios": "Lábrea", "ha": 308062.6156, "uf": "AM"}, "geometry": {"type": "Polygon", "coordinates": [[[-64.78116, -7.28189], [-64.7795, -7.31013], [-64.75752, -7.35139], [-64.75229, -7.4237], [-64.725, -7.44186], [-64.72503, -7.49799], [-64.70726, -7.49815], [-64.70718, -7.67099], [-64.56018, -7.66974], [-64.55771, -7.6745], [-64.55972, -7.69033], [-64.5559, -7.69666], [-64.55893, -7.69916], [-64.55113, -7.70667], [-64.5545, -7.71298], [-64.56832, -7.72313], [-64.56109, -7.73361], [-64.56155, -7.73933], [-64.5542, -7.75399], [-64.55435, -7.77637], [-64.56406, -7.79227], [-64.56092, -7.82531], [-64.57166, -7.84823], [-64.56717, -7.87846], [-64.57105, -7.89563], [-64.57693, -7.90341], [-64.57706, -7.9168], [-64.58928, -7.92479], [-64.59767, -7.93983], [-64.66737, -7.99757], [-64.66473, -8.01264], [-64.64458, -8.02348], [-64.6333, -8.03986], [-64.63696, -8.04474], [-64.63443, -8.05024], [-64.63744, -8.05672], [-64.63767, -8.07275], [-64.63325, -8.07709], [-64.63147, -8.09868], [-64.64078, -8.13118], [-64.63616, -8.14705], [-64.64067, -8.15775], [-64.64217, -8.17615], [-64.63576, -8.19868], [-64.63888, -8.21346], [-64.63413, -8.2219], [-64.63764, -8.26137], [-64.64918, -8.28576], [-64.66924, -8.29688], [-64.66208, -8.30638], [-64.63655, -8.32402], [-64.62798, -8.33875], [-64.62215, -8.35724], [-64.63977, -8.36884], [-64.76452, -8.29833], [-64.83269, -8.24572], [-64.89054, -8.21282], [-64.88755, -8.19902], [-64.8814, -8.19539], [-64.87007, -8.19507], [-64.86662, -8.18495], [-64.87958, -8.17396], [-64.88505, -8.16311], [-64.90044, -8.15184], [-64.90082, -8.1412], [-64.89684, -8.12927], [-64.89836, -8.1183], [-64.91709, -8.10224], [-64.93613, -8.09807], [-64.95493, -8.08468], [-64.95653, -8.08008], [-64.97499, -8.0732], [-64.97342, -8.01956], [-64.97072, -8.01503], [-64.9549, -8.00967], [-64.9906, -7.96466], [-64.97551, -7.96329], [-64.96071, -7.951], [-64.94207, -7.94346], [-64.95862, -7.93433], [-64.95086, -7.91841], [-64.96783, -7.89581], [-64.94396, -7.88683], [-64.95573, -7.87533], [-64.98242, -7.8701], [-64.99396, -7.86314], [-64.98367, -7.84821], [-64.98257, -7.83786], [-65.00642, -7.80844], [-65.0052, -7.79871], [-64.99018, -7.78021], [-64.96383, -7.79053], [-64.95406, -7.78637], [-64.93719, -7.78684], [-64.93736, -7.77651], [-64.92354, -7.76446], [-64.94301, -7.73642], [-64.93368, -7.73426], [-64.91814, -7.70755], [-64.90041, -7.70146], [-64.88655, -7.68983], [-64.88945, -7.68137], [-64.875, -7.68075], [-64.87046, -7.67089], [-64.87395, -7.66134], [-64.86237, -7.61998], [-64.8447, -7.61828], [-64.84154, -7.61129], [-64.85057, -7.59402], [-64.86122, -7.5847], [-64.85883, -7.58216], [-64.86146, -7.5721], [-64.88104, -7.5707], [-64.89113, -7.56263], [-64.88113, -7.54348], [-64.86169, -7.53147], [-64.86117, -7.52256], [-64.86723, -7.51865], [-64.8701, -7.51175], [-64.87432, -7.51113], [-64.87597, -7.50415], [-64.85247, -7.49081], [-64.86109, -7.48074], [-64.86738, -7.48382], [-64.86487, -7.47876], [-64.8679, -7.47675], [-64.88186, -7.47874], [-64.88396, -7.47643], [-64.88146, -7.4745], [-64.8856, -7.47345], [-64.88867, -7.46734], [-64.88678, -7.45856], [-64.89129, -7.45429], [-64.80104, -7.27499], [-64.793, -7.28062], [-64.78116, -7.28189]]]}}, {"type": "Feature", "properties": {"nome": "Cajuhiri Atravessado", "etnia": "Kambéba,Miránha,Tikúna", "fase": "Regularizada", "modalidade": "Tradicionalmente ocupada", "municipios": "Coari", "ha": 12455.7188, "uf": "AM"}, "geometry": {"type": "Polygon", "coordinates": [[[-63.40505, -3.91288], [-63.39522, -3.91928], [-63.39244, -3.91767], [-63.39787, -3.91498], [-63.39253, -3.91311], [-63.35734, -3.92924], [-63.31197, -3.92826], [-63.32447, -3.9314], [-63.31306, -3.98057], [-63.31878, -3.98422], [-63.33078, -3.98248], [-63.34712, -3.9929], [-63.33941, -4.00593], [-63.34364, -4.01078], [-63.3414, -4.01883], [-63.34971, -4.03282], [-63.36397, -4.0329], [-63.36257, -4.03638], [-63.35755, -4.03564], [-63.38091, -4.04687], [-63.39052, -4.06217], [-63.40396, -4.05488], [-63.41782, -4.06199], [-63.426, -4.07107], [-63.42135, -4.05443], [-63.41621, -4.05255], [-63.40908, -4.04241], [-63.41283, -4.04211], [-63.40688, -4.0223], [-63.40805, -4.01348], [-63.4161, -4.00249], [-63.41522, -3.99693], [-63.41882, -3.99509], [-63.41794, -3.98769], [-63.42447, -3.9702], [-63.41309, -3.95964], [-63.41225, -3.94912], [-63.40068, -3.94079], [-63.40692, -3.9372], [-63.41104, -3.92358], [-63.40972, -3.9157], [-63.40505, -3.91288]]]}}, {"type": "Feature", "properties": {"nome": "Camadeni", "etnia": "Jamamadí", "fase": "Regularizada", "modalidade": "Tradicionalmente ocupada", "municipios": "Pauini", "ha": 150930.5549, "uf": "AM"}, "geometry": {"type": "Polygon", "coordinates": [[[-66.82427, -7.31683], [-66.82058, -7.31693], [-66.82088, -7.32311], [-66.8246, -7.32608], [-66.8232, -7.33428], [-66.82607, -7.33815], [-66.82969, -7.33699], [-66.82794, -7.34313], [-66.83532, -7.3423], [-66.83398, -7.34467], [-66.83962, -7.35144], [-66.85274, -7.35414], [-66.85577, -7.3519], [-66.86346, -7.35923], [-66.87828, -7.35376], [-66.88584, -7.35744], [-66.89021, -7.35567], [-66.89323, -7.36005], [-66.90955, -7.35833], [-66.91201, -7.36376], [-66.91672, -7.36567], [-66.91623, -7.37001], [-66.92815, -7.36891], [-66.931, -7.37394], [-66.93369, -7.3707], [-66.93527, -7.37649], [-66.94455, -7.38139], [-66.94985, -7.38991], [-66.95407, -7.38862], [-66.96415, -7.39512], [-66.97011, -7.39234], [-66.97481, -7.40106], [-66.98513, -7.40963], [-66.99607, -7.40167], [-67.00723, -7.40221], [-67.01175, -7.3945], [-67.02786, -7.39446], [-67.0307, -7.4001], [-67.04068, -7.40072], [-67.0459, -7.40471], [-67.0514, -7.40359], [-67.05029, -7.40936], [-67.05643, -7.41441], [-67.06379, -7.4134], [-67.06929, -7.4179], [-67.08032, -7.41423], [-67.08511, -7.41675], [-67.09494, -7.40403], [-67.10867, -7.4014], [-67.11801, -7.38525], [-67.12136, -7.38426], [-67.12245, -7.37346], [-67.13543, -7.36973], [-67.13951, -7.36428], [-67.14728, -7.36543], [-67.1504, -7.36121], [-67.1529, -7.36793], [-67.16219, -7.36646], [-67.16771, -7.36356], [-67.16942, -7.35471], [-67.18373, -7.35092], [-67.19095, -7.33999], [-67.18965, -7.3355], [-67.19549, -7.31532], [-67.20462, -7.30018], [-67.2142, -7.29538], [-67.25508, -7.31363], [-67.26687, -7.30703], [-67.27777, -7.3114], [-67.30214, -7.34393], [-67.30145, -7.35925], [-67.3075, -7.36174], [-67.33311, -7.35197], [-67.34571, -7.35139], [-67.33661, -7.34416], [-67.33702, -7.33391], [-67.32999, -7.32535], [-67.32995, -7.31552], [-67.31994, -7.29154], [-67.33888, -7.26932], [-67.33696, -7.2573], [-67.3408, -7.24345], [-67.33809, -7.24027], [-67.34366, -7.22237], [-67.34042, -7.20413], [-67.34866, -7.18876], [-67.35046, -7.17706], [-67.34735, -7.177], [-67.3483, -7.1722], [-67.34475, -7.17068], [-67.34124, -7.16236], [-67.32624, -7.15631], [-67.3287, -7.15001], [-67.32384, -7.14971], [-67.32171, -7.14091], [-67.31765, -7.14133], [-67.31383, -7.134], [-67.30497, -7.12949], [-67.30236, -7.12606], [-67.30424, -7.12156], [-67.29942, -7.12004], [-67.29636, -7.12262], [-67.29422, -7.10947], [-67.27813, -7.10371], [-67.27473, -7.09351], [-67.26558, -7.09001], [-67.26723, -7.08542], [-67.26379, -7.0755], [-67.25858, -7.07826], [-67.25723, -7.07464], [-67.24022, -7.07699], [-67.24057, -7.07213], [-67.23554, -7.06768], [-67.21823, -7.06787], [-67.2069, -7.0586], [-67.17646, -7.05799], [-67.16776, -7.06465], [-67.15492, -7.04662], [-67.14671, -7.04944], [-67.14815, -7.05187], [-67.14531, -7.0545], [-67.14329, -7.05104], [-67.13928, -7.05297], [-67.13798, -7.04451], [-67.13313, -7.0394], [-67.13405, -7.03443], [-67.12718, -7.02456], [-67.11493, -7.02421], [-67.11362, -7.01359], [-67.11292, -7.01197], [-67.11269, -7.01581], [-67.10622, -7.01907], [-67.09493, -7.01496], [-67.10402, -7.01156], [-67.09417, -7.00324], [-67.09388, -7.00853], [-67.08858, -7.01323], [-67.08381, -7.01308], [-67.0761, -7.00648], [-67.07757, -7.01115], [-67.07161, -7.0084], [-67.06569, -7.01201], [-67.06849, -7.01383], [-67.06878, -7.02092], [-67.05858, -7.02081], [-67.06012, -7.02847], [-67.05842, -7.02548], [-67.05252, -7.02566], [-67.04904, -7.03103], [-67.05284, -7.03417], [-67.04221, -7.03409], [-67.04317, -7.03684], [-67.03143, -7.04683], [-67.03568, -7.04611], [-67.03984, -7.06181], [-67.03564, -7.06214], [-67.03756, -7.06514], [-67.02999, -7.09018], [-67.02731, -7.08765], [-67.01283, -7.09039], [-67.01159, -7.08749], [-67.00593, -7.08762], [-66.99871, -7.09275], [-66.99624, -7.11226], [-67.0021, -7.11918], [-67.00076, -7.122], [-67.00004, -7.11962], [-66.9901, -7.11976], [-66.9848, -7.12602], [-66.9787, -7.12557], [-66.97498, -7.1301], [-66.96993, -7.12824], [-66.96352, -7.13344], [-66.96497, -7.14466], [-66.96005, -7.14834], [-66.96075, -7.15805], [-66.95727, -7.1602], [-66.95746, -7.16484], [-66.95404, -7.16371], [-66.95314, -7.1676], [-66.95023, -7.16738], [-66.95022, -7.17429], [-66.94791, -7.17814], [-66.94601, -7.17637], [-66.94422, -7.18571], [-66.94119, -7.18768], [-66.95023, -7.20231], [-66.94889, -7.20513], [-66.95322, -7.20635], [-66.9445, -7.21473], [-66.95147, -7.21023], [-66.95913, -7.21397], [-66.95752, -7.21951], [-66.95308, -7.21942], [-66.95856, -7.2231], [-66.95765, -7.2263], [-66.95303, -7.22661], [-66.95341, -7.23118], [-66.94496, -7.22522], [-66.94296, -7.22976], [-66.94655, -7.23169], [-66.94665, -7.23663], [-66.93786, -7.24015], [-66.94928, -7.24184], [-66.94926, -7.24405], [-66.94388, -7.24369], [-66.93829, -7.25342], [-66.92794, -7.24947], [-66.92417, -7.25662], [-66.92037, -7.24952], [-66.91484, -7.25801], [-66.90788, -7.2529], [-66.90462, -7.26043], [-66.89373, -7.26166], [-66.89744, -7.26533], [-66.89247, -7.2649], [-66.89398, -7.26795], [-66.8849, -7.2648], [-66.88098, -7.26752], [-66.8907, -7.2732], [-66.88688, -7.27533], [-66.878, -7.27337], [-66.87264, -7.28334], [-66.86075, -7.27606], [-66.85914, -7.28578], [-66.85236, -7.29005], [-66.85504, -7.29994], [-66.85074, -7.30241], [-66.84544, -7.29723], [-66.84709, -7.30224], [-66.83779, -7.30268], [-66.8328, -7.31148], [-66.82783, -7.30834], [-66.82427, -7.31683]]]}}, {"type": "Feature", "properties": {"nome": "Camicua", "etnia": "Apurinã", "fase": "Regularizada", "modalidade": "Tradicionalmente ocupada", "municipios": "Boca do Acre", "ha": 58519.5999, "uf": "AM"}, "geometry": {"type": "Polygon", "coordinates": [[[-67.64294, -8.49086], [-67.63035, -8.48096], [-67.61998, -8.48421], [-67.61538, -8.48157], [-67.60867, -8.49446], [-67.60201, -8.4946], [-67.60521, -8.50697], [-67.60036, -8.51474], [-67.59498, -8.51318], [-67.58882, -8.52756], [-67.59104, -8.53631], [-67.58648, -8.54126], [-67.58295, -8.53869], [-67.58451, -8.53052], [-67.58222, -8.52868], [-67.57317, -8.53331], [-67.56794, -8.55401], [-67.5646, -8.55295], [-67.56526, -8.54886], [-67.55896, -8.54183], [-67.55124, -8.54498], [-67.54857, -8.55552], [-67.546, -8.555], [-67.54512, -8.54852], [-67.5395, -8.54628], [-67.52534, -8.56188], [-67.53488, -8.56838], [-67.53114, -8.57848], [-67.52151, -8.57767], [-67.51864, -8.56954], [-67.50794, -8.57732], [-67.4978, -8.57335], [-67.49848, -8.57903], [-67.48481, -8.59263], [-67.45266, -8.65165], [-67.44321, -8.65331], [-67.44871, -8.68404], [-67.4386, -8.69831], [-67.40177, -8.69765], [-67.39663, -8.69508], [-67.39481, -8.70438], [-67.38197, -8.71748], [-67.38358, -8.72657], [-67.38911, -8.72858], [-67.40206, -8.72328], [-67.40689, -8.72427], [-67.40588, -8.73765], [-67.42352, -8.74751], [-67.43221, -8.74496], [-67.44604, -8.74932], [-67.45132, -8.74251], [-67.46771, -8.74232], [-67.49704, -8.75304], [-67.50232, -8.74365], [-67.51821, -8.73898], [-67.53629, -8.74396], [-67.54327, -8.73751], [-67.56918, -8.73512], [-67.57763, -8.72598], [-67.59343, -8.72696], [-67.63093, -8.70026], [-67.63107, -8.6972], [-67.64005, -8.69216], [-67.65286, -8.69121], [-67.66224, -8.67951], [-67.66163, -8.67559], [-67.71254, -8.63893], [-67.72171, -8.62887], [-67.73074, -8.61054], [-67.72768, -8.56634], [-67.73387, -8.54323], [-67.7248, -8.5423], [-67.71275, -8.54599], [-67.71338, -8.53921], [-67.70709, -8.5387], [-67.69966, -8.54829], [-67.69262, -8.53803], [-67.68862, -8.54691], [-67.68406, -8.54848], [-67.68351, -8.54535], [-67.68738, -8.54426], [-67.67818, -8.54031], [-67.67772, -8.53755], [-67.68284, -8.53603], [-67.68263, -8.53191], [-67.6711, -8.53202], [-67.67051, -8.52826], [-67.66709, -8.53801], [-67.66293, -8.54089], [-67.66, -8.53335], [-67.66276, -8.52952], [-67.63743, -8.52104], [-67.64937, -8.50977], [-67.64759, -8.50763], [-67.64357, -8.51023], [-67.64178, -8.50656], [-67.64689, -8.50174], [-67.64321, -8.5001], [-67.64294, -8.49086]]]}}, {"type": "Feature", "properties": {"nome": "Capivara", "etnia": "Múra", "fase": "Delimitada", "modalidade": "Tradicionalmente ocupada", "municipios": "Autazes", "ha": 27496, "uf": "AM"}, "geometry": {"type": "Polygon", "coordinates": [[[-59.34815, -3.54202], [-59.32017, -3.55841], [-59.31985, -3.57833], [-59.31141, -3.59051], [-59.3216, -3.59836], [-59.34951, -3.58942], [-59.35687, -3.59514], [-59.36693, -3.62105], [-59.3635, -3.65198], [-59.37943, -3.69485], [-59.41939, -3.69843], [-59.42589, -3.69127], [-59.43311, -3.69059], [-59.43903, -3.69493], [-59.4463, -3.70758], [-59.47742, -3.72663], [-59.49595, -3.72755], [-59.51259, -3.73758], [-59.52951, -3.73418], [-59.53154, -3.76626], [-59.5346, -3.77172], [-59.53848, -3.77239], [-59.54451, -3.7602], [-59.55683, -3.76407], [-59.56099, -3.74564], [-59.55708, -3.7366], [-59.55954, -3.72692], [-59.55207, -3.72251], [-59.55127, -3.67714], [-59.53925, -3.67697], [-59.53782, -3.66921], [-59.5243, -3.65242], [-59.51031, -3.65186], [-59.50694, -3.66013], [-59.47723, -3.64291], [-59.47952, -3.63897], [-59.47566, -3.63069], [-59.47126, -3.62535], [-59.46441, -3.62325], [-59.46818, -3.61768], [-59.46619, -3.61291], [-59.46045, -3.61097], [-59.46804, -3.58519], [-59.43093, -3.57358], [-59.40559, -3.57115], [-59.36779, -3.55762], [-59.36185, -3.55494], [-59.35754, -3.54395], [-59.34815, -3.54202]]]}}, {"type": "Feature", "properties": {"nome": "Catipari/Mamoria", "etnia": "Apurinã", "fase": "Regularizada", "modalidade": "Tradicionalmente ocupada", "municipios": "Pauini", "ha": 115044.3509, "uf": "AM"}, "geometry": {"type": "Polygon", "coordinates": [[[-66.80876, -7.31427], [-66.80523, -7.32554], [-66.80263, -7.32463], [-66.80439, -7.32091], [-66.79615, -7.32019], [-66.78811, -7.32466], [-66.79645, -7.32448], [-66.79289, -7.32712], [-66.79483, -7.33172], [-66.78898, -7.33117], [-66.78995, -7.33852], [-66.78219, -7.34048], [-66.78828, -7.3456], [-66.77842, -7.34562], [-66.77724, -7.35038], [-66.76705, -7.34719], [-66.76438, -7.35288], [-66.76345, -7.3479], [-66.75693, -7.34621], [-66.75754, -7.3522], [-66.75361, -7.35029], [-66.75071, -7.35739], [-66.7449, -7.35818], [-66.74389, -7.3652], [-66.73582, -7.36603], [-66.73678, -7.37091], [-66.74211, -7.36932], [-66.73802, -7.37906], [-66.73229, -7.37063], [-66.72549, -7.37485], [-66.72446, -7.37129], [-66.72074, -7.37143], [-66.72155, -7.3801], [-66.71777, -7.37956], [-66.71797, -7.38251], [-66.71609, -7.37875], [-66.71743, -7.39557], [-66.70518, -7.38854], [-66.70922, -7.39706], [-66.71403, -7.39999], [-66.71257, -7.40415], [-66.70861, -7.40116], [-66.70069, -7.40314], [-66.70233, -7.40955], [-66.69165, -7.41685], [-66.68994, -7.41444], [-66.68957, -7.41934], [-66.68393, -7.41918], [-66.67981, -7.42358], [-66.68141, -7.42737], [-66.67009, -7.43288], [-66.67554, -7.4371], [-66.6738, -7.44715], [-66.66673, -7.44534], [-66.66593, -7.45049], [-66.65449, -7.45875], [-66.64585, -7.45493], [-66.63608, -7.46047], [-66.63415, -7.46944], [-66.63033, -7.46725], [-66.62645, -7.47131], [-66.6209, -7.47148], [-66.61561, -7.46733], [-66.61761, -7.47073], [-66.61242, -7.47523], [-66.61649, -7.47541], [-66.60938, -7.48479], [-66.61978, -7.48557], [-66.61329, -7.49196], [-66.60922, -7.48808], [-66.59835, -7.48729], [-66.60255, -7.48197], [-66.59312, -7.479], [-66.59352, -7.48447], [-66.58756, -7.48885], [-66.59785, -7.49085], [-66.59158, -7.49237], [-66.59277, -7.49831], [-66.58931, -7.50272], [-66.58838, -7.49922], [-66.58151, -7.50096], [-66.58573, -7.49218], [-66.58038, -7.49079], [-66.5789, -7.48724], [-66.57628, -7.48822], [-66.58067, -7.49404], [-66.57779, -7.49992], [-66.5747, -7.49503], [-66.56032, -7.49527], [-66.55776, -7.48868], [-66.54634, -7.48772], [-66.53809, -7.49922], [-66.53532, -7.49803], [-66.53556, -7.49297], [-66.53088, -7.49281], [-66.53382, -7.49763], [-66.52758, -7.49689], [-66.52862, -7.50031], [-66.52349, -7.50127], [-66.50914, -7.5012], [-66.50836, -7.50489], [-66.50189, -7.50581], [-66.50316, -7.50981], [-66.50003, -7.50947], [-66.49848, -7.51548], [-66.49487, -7.51458], [-66.49424, -7.51056], [-66.48668, -7.51662], [-66.48783, -7.52931], [-66.50489, -7.54119], [-66.51385, -7.53859], [-66.52689, -7.5422], [-66.54739, -7.53678], [-66.55943, -7.54237], [-66.63075, -7.61374], [-66.62705, -7.62396], [-66.61736, -7.6306], [-66.6137, -7.63914], [-66.61592, -7.64455], [-66.6308, -7.65008], [-66.63393, -7.65998], [-66.62903, -7.66626], [-66.6135, -7.67199], [-66.61122, -7.67944], [-66.61584, -7.683], [-66.62888, -7.67685], [-66.64078, -7.67687], [-66.66096, -7.70574], [-66.66633, -7.70596], [-66.67009, -7.70215], [-66.6698, -7.68196], [-66.67414, -7.65879], [-66.67921, -7.65524], [-66.68702, -7.656], [-66.69532, -7.66335], [-66.68799, -7.64263], [-66.6965, -7.63502], [-66.72016, -7.64011], [-66.74332, -7.62947], [-66.76742, -7.64054], [-66.7832, -7.62458], [-66.79566, -7.62625], [-66.78399, -7.61795], [-66.84863, -7.53703], [-66.86876, -7.59949], [-66.87517, -7.60149], [-66.87747, -7.60934], [-66.88488, -7.60865], [-66.89603, -7.61309], [-66.90636, -7.60058], [-66.9211, -7.59134], [-66.92812, -7.59125], [-66.93463, -7.58064], [-66.94364, -7.57893], [-66.95866, -7.56651], [-66.96308, -7.55574], [-66.97714, -7.54369], [-66.98303, -7.5426], [-66.99155, -7.54656], [-66.99767, -7.54175], [-66.99965, -7.51755], [-66.99539, -7.49855], [-67.00743, -7.4853], [-67.00048, -7.47876], [-66.99701, -7.46654], [-66.98614, -7.4524], [-66.98545, -7.4447], [-66.99133, -7.43061], [-66.98803, -7.40891], [-66.97569, -7.40124], [-66.96996, -7.39144], [-66.96459, -7.39428], [-66.95456, -7.38823], [-66.95075, -7.39021], [-66.945, -7.38141], [-66.9345, -7.37639], [-66.93379, -7.37075], [-66.9308, -7.37349], [-66.92754, -7.36851], [-66.91646, -7.37027], [-66.91438, -7.36576], [-66.91651, -7.3654], [-66.91156, -7.36355], [-66.90923, -7.3584], [-66.89291, -7.36004], [-66.89209, -7.35675], [-66.87772, -7.35402], [-66.86227, -7.35911], [-66.8554, -7.35197], [-66.85166, -7.35404], [-66.85092, -7.35172], [-66.83889, -7.35116], [-66.83347, -7.34452], [-66.83473, -7.34218], [-66.82699, -7.34259], [-66.82926, -7.33743], [-66.82557, -7.33804], [-66.8228, -7.33402], [-66.82382, -7.32637], [-66.82001, -7.32179], [-66.81106, -7.32053], [-66.80876, -7.31427]]]}}, {"type": "Feature", "properties": {"nome": "Coata-Laranjal", "etnia": "Mundurukú", "fase": "Regularizada", "modalidade": "Tradicionalmente ocupada", "municipios": "Borba", "ha": 1153210.1124, "uf": "AM"}, "geometry": {"type": "Polygon", "coordinates": [[[-58.88468, -3.90579], [-58.82268, -3.93174], [-58.82118, -3.93529], [-58.82429, -3.9454], [-58.82806, -3.94799], [-58.82615, -3.95458], [-58.82892, -3.97612], [-58.83179, -3.97406], [-58.82557, -3.98264], [-58.83196, -4.00723], [-58.83031, -4.00896], [-58.82769, -4.00644], [-58.82882, -4.0023], [-58.82048, -4.00957], [-58.82843, -4.01172], [-58.82688, -4.01478], [-58.81023, -4.02249], [-58.78737, -4.24997], [-58.78376, -4.25968], [-58.78903, -4.26837], [-58.80008, -4.25556], [-58.8156, -4.25915], [-58.82506, -4.27852], [-58.83255, -4.28481], [-58.85937, -4.2884], [-58.85345, -4.32447], [-58.85103, -4.33004], [-58.84258, -4.33298], [-58.8399, -4.3493], [-58.82809, -4.35555], [-58.82358, -4.3661], [-58.82562, -4.36771], [-58.73612, -4.48612], [-58.66822, -4.56145], [-58.63899, -4.62144], [-58.70156, -4.71399], [-58.63242, -4.74006], [-58.5993, -4.79694], [-58.60961, -4.83196], [-58.63955, -4.8949], [-58.72163, -4.95506], [-58.6846, -4.98466], [-58.68451, -5.01161], [-58.69458, -5.02675], [-58.73379, -5.04847], [-58.77437, -5.05483], [-58.78653, -5.091], [-58.81537, -5.12175], [-58.8862, -5.16585], [-58.90332, -5.16448], [-58.93135, -5.15291], [-58.93837, -5.1536], [-58.96602, -5.13397], [-58.97808, -5.13182], [-58.98687, -5.12641], [-59.00308, -5.13634], [-59.01976, -5.13983], [-59.0301, -5.14659], [-59.04035, -5.14445], [-59.04843, -5.15007], [-59.06889, -5.14864], [-59.07984, -5.15404], [-59.0859, -5.1535], [-59.1218, -5.17783], [-59.13295, -5.18214], [-59.14496, -5.18007], [-59.14965, -5.17624], [-59.15514, -5.16214], [-59.16337, -5.16215], [-59.1617, -5.15882], [-59.16752, -5.15857], [-59.17039, -5.15211], [-59.18448, -5.15363], [-59.18376, -5.15044], [-59.1895, -5.14889], [-59.19052, -5.15394], [-59.18414, -5.17268], [-59.19219, -5.19733], [-59.19439, -5.21895], [-59.20173, -5.23423], [-59.20475, -5.25609], [-59.21453, -5.26619], [-59.23155, -5.27425], [-59.23568, -5.30312], [-59.55845, -5.25083], [-59.55506, -5.23411], [-59.56052, -5.22691], [-59.55548, -5.2088], [-59.56604, -5.18959], [-59.56439, -5.17563], [-59.57344, -5.17407], [-59.57212, -5.14242], [-59.57522, -5.1316], [-59.59503, -5.13696], [-59.61276, -5.15442], [-59.65854, -5.03313], [-59.62312, -4.80795], [-59.64772, -4.80845], [-59.63421, -4.74147], [-59.62968, -4.73504], [-59.62399, -4.73334], [-59.62526, -4.70583], [-59.62113, -4.70162], [-59.62785, -4.69682], [-59.62594, -4.69343], [-59.62141, -4.69566], [-59.61794, -4.6934], [-59.62139, -4.68176], [-59.61688, -4.68343], [-59.6122, -4.67858], [-59.61031, -4.68719], [-59.60657, -4.68851], [-59.60427, -4.68443], [-59.59166, -4.69104], [-59.58772, -4.68249], [-59.57319, -4.67852], [-59.57816, -4.6733], [-59.57061, -4.66855], [-59.57399, -4.66244], [-59.57027, -4.65804], [-59.57592, -4.65553], [-59.57685, -4.65156], [-59.57106, -4.64938], [-59.56939, -4.65166], [-59.56938, -4.64518], [-59.56028, -4.6416], [-59.55926, -4.62409], [-59.55575, -4.62529], [-59.55369, -4.63339], [-59.54687, -4.63655], [-59.54227, -4.63679], [-59.53848, -4.63121], [-59.53204, -4.63338], [-59.53133, -4.62833], [-59.53832, -4.62674], [-59.53805, -4.62441], [-59.5307, -4.62507], [-59.52772, -4.61886], [-59.52321, -4.62719], [-59.51981, -4.62143], [-59.50982, -4.61927], [-59.51484, -4.61552], [-59.50848, -4.61052], [-59.51441, -4.59956], [-59.5101, -4.60016], [-59.5078, -4.59241], [-59.5021, -4.59706], [-59.49738, -4.58837], [-59.4886, -4.59462], [-59.47741, -4.59218], [-59.51236, -4.5186], [-59.51166, -4.49977], [-59.48354, -4.4792], [-59.48232, -4.38609], [-59.43506, -4.34218], [-59.27893, -4.08596], [-59.15417, -3.99666], [-59.11735, -4.06071], [-59.07004, -4.09672], [-59.04198, -4.0038], [-59.00231, -3.94301], [-58.99584, -3.94372], [-58.98729, -3.92388], [-58.96612, -3.91996], [-58.95579, -3.92107], [-58.93439, -3.91403], [-58.91614, -3.92342], [-58.88468, -3.90579]]]}}, {"type": "Feature", "properties": {"nome": "Cuia", "etnia": "Múra", "fase": "Regularizada", "modalidade": "Tradicionalmente ocupada", "municipios": "Autazes", "ha": 1322.3875, "uf": "AM"}, "geometry": {"type": "Polygon", "coordinates": [[[-59.18974, -3.5339], [-59.20863, -3.53974], [-59.22669, -3.52306], [-59.22113, -3.51807], [-59.22335, -3.51398], [-59.20989, -3.50037], [-59.20905, -3.48611], [-59.19308, -3.50251], [-59.19446, -3.51445], [-59.18974, -3.5339]]]}}, {"type": "Feature", "properties": {"nome": "Cuiu-Cuiu", "etnia": "Miránha", "fase": "Regularizada", "modalidade": "Tradicionalmente ocupada", "municipios": "Maraã", "ha": 36450.9765, "uf": "AM"}, "geometry": {"type": "Polygon", "coordinates": [[[-65.0674, -2.26477], [-65.0616, -2.27405], [-65.04314, -2.27903], [-65.02037, -2.27318], [-65.00934, -2.27779], [-65.0049, -2.30121], [-64.99781, -2.30497], [-64.98814, -2.32064], [-64.98174, -2.32131], [-64.96873, -2.31159], [-64.95171, -2.30994], [-64.93431, -2.30134], [-64.91666, -2.30238], [-64.91395, -2.32094], [-64.92162, -2.3358], [-64.92108, -2.35465], [-64.91268, -2.36779], [-64.90941, -2.36481], [-64.9045, -2.36881], [-64.87912, -2.40678], [-64.90652, -2.41723], [-64.92963, -2.40034], [-64.94797, -2.39414], [-64.94866, -2.39053], [-64.95713, -2.38637], [-64.9717, -2.38069], [-64.98002, -2.38736], [-64.99405, -2.40349], [-64.99957, -2.4156], [-64.99413, -2.44163], [-64.99945, -2.44503], [-65.01938, -2.43622], [-65.02499, -2.44689], [-65.02498, -2.45714], [-65.02027, -2.46807], [-65.02265, -2.47839], [-65.02977, -2.49554], [-65.03947, -2.49706], [-65.04033, -2.50009], [-65.02195, -2.53038], [-65.04958, -2.5051], [-65.06774, -2.46878], [-65.08393, -2.44705], [-65.09815, -2.41484], [-65.11727, -2.38751], [-65.13367, -2.34195], [-65.13158, -2.33096], [-65.122, -2.32262], [-65.12178, -2.31346], [-65.12699, -2.30768], [-65.10753, -2.30144], [-65.10406, -2.28982], [-65.09304, -2.2888], [-65.08409, -2.27772], [-65.06938, -2.2708], [-65.0674, -2.26477]]]}}, {"type": "Feature", "properties": {"nome": "Cunhã-Sapucaia", "etnia": "Múra", "fase": "Regularizada", "modalidade": "Tradicionalmente ocupada", "municipios": "Borba,Autazes", "ha": 471450.5393, "uf": "AM"}, "geometry": {"type": "Polygon", "coordinates": [[[-60.30755, -4.16542], [-60.30385, -4.16233], [-60.29339, -4.1659], [-60.26851, -4.16223], [-60.19551, -4.19727], [-60.09743, -4.20573], [-60.04928, -4.29224], [-59.97561, -4.3852], [-59.97562, -4.39265], [-59.97064, -4.39498], [-59.96862, -4.40951], [-59.96214, -4.41453], [-59.95367, -4.41003], [-59.94985, -4.41425], [-59.93905, -4.41428], [-59.94967, -4.42181], [-59.95192, -4.4344], [-59.95546, -4.43834], [-59.95793, -4.44952], [-59.9546, -4.46298], [-59.96649, -4.46764], [-59.96171, -4.47394], [-59.96494, -4.48551], [-59.95557, -4.48671], [-59.96099, -4.49535], [-59.95439, -4.48942], [-59.95062, -4.49539], [-59.95369, -4.50126], [-59.96604, -4.51002], [-59.96482, -4.50438], [-59.96775, -4.50108], [-59.97856, -4.50289], [-59.98436, -4.49932], [-59.98374, -4.50885], [-59.98679, -4.51332], [-59.9824, -4.51767], [-59.98246, -4.52232], [-59.99058, -4.52456], [-59.99453, -4.52317], [-59.99258, -4.52037], [-59.99786, -4.52598], [-59.99488, -4.52416], [-59.9831, -4.54074], [-59.99083, -4.54696], [-59.99788, -4.54417], [-59.9997, -4.55319], [-59.99566, -4.56406], [-60.01252, -4.5661], [-60.01617, -4.57714], [-60.02388, -4.57767], [-60.02804, -4.59418], [-60.01998, -4.59825], [-60.02398, -4.6157], [-60.03069, -4.62206], [-60.03344, -4.62052], [-60.03301, -4.61599], [-60.04425, -4.61319], [-60.04577, -4.62398], [-60.04271, -4.62937], [-60.05506, -4.62846], [-60.05545, -4.64082], [-60.06496, -4.63513], [-60.06645, -4.63081], [-60.06922, -4.63195], [-60.06718, -4.6421], [-60.05808, -4.64377], [-60.06515, -4.65389], [-60.0673, -4.64969], [-60.07271, -4.65069], [-60.07509, -4.65824], [-60.07722, -4.6556], [-60.07223, -4.64706], [-60.07664, -4.6394], [-60.09013, -4.63707], [-60.08872, -4.64484], [-60.09765, -4.64512], [-60.09617, -4.63797], [-60.10008, -4.63573], [-60.09959, -4.63235], [-60.10448, -4.6328], [-60.12519, -4.65288], [-60.12169, -4.65648], [-60.12204, -4.66516], [-60.13207, -4.66453], [-60.1383, -4.66881], [-60.14378, -4.66329], [-60.15427, -4.67251], [-60.1545, -4.6652], [-60.15936, -4.6622], [-60.16134, -4.6689], [-60.16739, -4.66929], [-60.16993, -4.66122], [-60.16262, -4.65652], [-60.16551, -4.65277], [-60.16783, -4.65674], [-60.17102, -4.65602], [-60.17128, -4.64955], [-60.17956, -4.65873], [-60.18393, -4.65768], [-60.18822, -4.64406], [-60.18535, -4.63853], [-60.18605, -4.62968], [-60.19445, -4.62745], [-60.20475, -4.60885], [-60.34729, -4.62826], [-60.45888, -4.68333], [-60.4824, -4.68978], [-60.48741, -4.69613], [-60.488, -4.68696], [-60.49341, -4.686], [-60.49691, -4.69488], [-60.49323, -4.71209], [-60.50317, -4.71032], [-60.51106, -4.69997], [-60.51986, -4.70274], [-60.5202, -4.70786], [-60.51023, -4.7164], [-60.518, -4.729], [-60.52106, -4.72846], [-60.52023, -4.72023], [-60.52326, -4.71389], [-60.5306, -4.70909], [-60.53692, -4.70894], [-60.54703, -4.71706], [-60.55956, -4.74619], [-60.58133, -4.75557], [-60.58725, -4.74871], [-60.59396, -4.74782], [-60.59554, -4.75465], [-60.58831, -4.76474], [-60.58885, -4.76863], [-60.59499, -4.779], [-60.61148, -4.78903], [-60.61374, -4.80235], [-60.62263, -4.80429], [-60.62657, -4.79151], [-60.65029, -4.80049], [-60.64934, -4.80375], [-60.63506, -4.80349], [-60.62971, -4.80706], [-60.61817, -4.82629], [-60.61903, -4.83138], [-60.6304, -4.82601], [-60.64134, -4.83472], [-60.64766, -4.82864], [-60.644, -4.81975], [-60.64549, -4.81669], [-60.65415, -4.81749], [-60.66358, -4.82503], [-60.67515, -4.81463], [-60.69069, -4.8138], [-60.69472, -4.81803], [-60.69038, -4.83058], [-60.71243, -4.84525], [-60.72048, -4.86185], [-60.72494, -4.86277], [-60.72757, -4.85974], [-60.72328, -4.85334], [-60.72626, -4.84794], [-60.73554, -4.84631], [-60.73906, -4.84951], [-60.74229, -4.87717], [-60.74935, -4.88434], [-60.75195, -4.89423], [-60.77086, -4.8881], [-60.79104, -4.89633], [-60.79201, -4.88316], [-60.79981, -4.89683], [-60.79978, -4.89346], [-60.80526, -4.89246], [-60.81177, -4.89542], [-60.80554, -4.89442], [-60.80724, -4.8991], [-60.81702, -4.89831], [-60.81821, -4.89521], [-60.82227, -4.90003], [-60.8215, -4.88992], [-60.82655, -4.88381], [-60.82393, -4.87845], [-60.82748, -4.87928], [-60.82823, -4.87671], [-60.81454, -4.86101], [-60.82158, -4.84873], [-60.81844, -4.84439], [-60.82502, -4.83965], [-60.82396, -4.83133], [-60.82847, -4.82836], [-60.82706, -4.8251], [-60.82992, -4.82548], [-60.83053, -4.82039], [-60.83445, -4.81992], [-60.84267, -4.82726], [-60.85137, -4.82179], [-60.85598, -4.82765], [-60.86108, -4.82363], [-60.86779, -4.82665], [-60.87737, -4.82344], [-60.87869, -4.81655], [-60.89053, -4.81499], [-60.91659, -4.78533], [-60.91293, -4.77837], [-60.91537, -4.76561], [-60.90926, -4.75121], [-60.90292, -4.74608], [-60.89455, -4.74645], [-60.88818, -4.75032], [-60.88704, -4.75977], [-60.8299, -4.63956], [-60.83774, -4.62889], [-60.83456, -4.61833], [-60.83963, -4.61008], [-60.84537, -4.60754], [-60.84816, -4.59922], [-60.83572, -4.58405], [-60.83596, -4.55675], [-60.83204, -4.55072], [-60.83238, -4.53578], [-60.82964, -4.53097], [-60.83331, -4.5292], [-60.83355, -4.5221], [-60.83859, -4.51517], [-60.83614, -4.50089], [-60.84185, -4.49658], [-60.84005, -4.48673], [-60.84625, -4.48126], [-60.84322, -4.46542], [-60.85116, -4.44724], [-60.85827, -4.43976], [-60.85981, -4.43052], [-60.83134, -4.42277], [-60.82086, -4.40631], [-60.82216, -4.40015], [-60.81419, -4.38478], [-60.81372, -4.37165], [-60.71903, -4.35644], [-60.58515, -4.28259], [-60.45168, -4.31394], [-60.43943, -4.29479], [-60.44588, -4.28331], [-60.4391, -4.26341], [-60.44138, -4.255], [-60.43873, -4.24054], [-60.43341, -4.22959], [-60.43985, -4.22052], [-60.43826, -4.20813], [-60.43355, -4.20734], [-60.42504, -4.2134], [-60.41442, -4.20947], [-60.40858, -4.20669], [-60.40648, -4.20018], [-60.4138, -4.19524], [-60.41301, -4.18875], [-60.4039, -4.18914], [-60.3993, -4.19406], [-60.39501, -4.19174], [-60.39461, -4.19458], [-60.39379, -4.19525], [-60.391, -4.18939], [-60.38823, -4.19082], [-60.38392, -4.18556], [-60.38102, -4.18826], [-60.38143, -4.18541], [-60.37681, -4.18307], [-60.37098, -4.19191], [-60.36438, -4.19349], [-60.36832, -4.19462], [-60.36882, -4.19711], [-60.36315, -4.19328], [-60.36646, -4.18492], [-60.36052, -4.18696], [-60.3568, -4.18217], [-60.35897, -4.19268], [-60.35322, -4.18864], [-60.35016, -4.19325], [-60.33893, -4.18888], [-60.32891, -4.19506], [-60.32579, -4.1943], [-60.32503, -4.18922], [-60.31785, -4.19821], [-60.30892, -4.19198], [-60.30819, -4.1866], [-60.30225, -4.18396], [-60.30076, -4.18733], [-60.29694, -4.18731], [-60.29836, -4.17347], [-60.30755, -4.16542]]]}}, {"type": "Feature", "properties": {"nome": "Deni", "etnia": "Dení", "fase": "Regularizada", "modalidade": "Tradicionalmente ocupada", "municipios": "Tapauá,Lábrea,Itamarati,Pauini", "ha": 1531303.499, "uf": "AM"}, "geometry": {"type": "Polygon", "coordinates": [[[-67.83251, -6.05097], [-67.72548, -6.11275], [-67.68671, -6.11252], [-67.61431, -6.25044], [-67.61348, -6.32359], [-67.60174, -6.34441], [-67.60365, -6.35273], [-67.6008, -6.36051], [-67.58107, -6.36815], [-67.57852, -6.37494], [-67.56935, -6.3827], [-67.56843, -6.38856], [-67.57507, -6.39881], [-67.56993, -6.4193], [-67.5771, -6.43545], [-67.53239, -6.49159], [-67.51824, -6.47959], [-67.50649, -6.47913], [-67.49196, -6.49146], [-67.47893, -6.5142], [-67.46515, -6.51267], [-67.45741, -6.50265], [-67.44718, -6.50076], [-67.43176, -6.51918], [-67.41951, -6.51548], [-67.41073, -6.50314], [-67.40373, -6.49944], [-67.39942, -6.49773], [-67.39547, -6.50051], [-67.39263, -6.49714], [-67.38257, -6.49563], [-67.35588, -6.58086], [-67.21393, -6.55502], [-67.20776, -6.55078], [-67.17188, -6.55067], [-67.16647, -6.55243], [-67.15878, -6.56845], [-67.14693, -6.5792], [-67.14515, -6.5865], [-67.14029, -6.5907], [-67.1325, -6.58691], [-67.10995, -6.58601], [-67.0814, -6.60889], [-67.06494, -6.6064], [-67.04139, -6.61298], [-67.02084, -6.61358], [-66.99635, -6.60722], [-66.98526, -6.59848], [-66.98033, -6.58479], [-66.96836, -6.57517], [-66.94317, -6.56644], [-66.93227, -6.55855], [-66.92974, -6.55247], [-66.92312, -6.5481], [-66.92566, -6.54314], [-66.92366, -6.53608], [-66.90015, -6.50637], [-66.89207, -6.50742], [-66.88871, -6.50194], [-66.87094, -6.50002], [-66.86014, -6.49184], [-66.84174, -6.49011], [-66.83362, -6.48257], [-66.8235, -6.48987], [-66.81815, -6.49078], [-66.81522, -6.48729], [-66.81299, -6.49104], [-66.80508, -6.49121], [-66.7871, -6.48127], [-66.7817, -6.48784], [-66.77611, -6.48698], [-66.78557, -6.49801], [-66.78506, -6.50505], [-66.7723, -6.49799], [-66.75565, -6.4986], [-66.75485, -6.50476], [-66.74813, -6.50184], [-66.7366, -6.50337], [-66.72458, -6.51265], [-66.71712, -6.50956], [-66.71198, -6.51689], [-66.70563, -6.51039], [-66.69977, -6.52506], [-66.69456, -6.52751], [-66.68736, -6.52749], [-66.68023, -6.52074], [-66.67035, -6.52031], [-66.66808, -6.52503], [-66.64795, -6.52708], [-66.64771, -6.534], [-66.63868, -6.54057], [-66.63962, -6.54337], [-66.63129, -6.53517], [-66.62518, -6.54463], [-66.62809, -6.54752], [-66.62672, -6.55006], [-66.61433, -6.55057], [-66.61289, -6.54527], [-66.61256, -6.55386], [-66.60992, -6.55251], [-66.60928, -6.55579], [-66.60283, -6.55683], [-66.59458, -6.55454], [-66.59123, -6.5604], [-66.59171, -6.56779], [-66.57889, -6.5717], [-66.57539, -6.56309], [-66.55653, -6.56542], [-66.55347, -6.56254], [-66.54935, -6.56584], [-66.54885, -6.56195], [-66.54156, -6.56682], [-66.54192, -6.5636], [-66.53698, -6.56622], [-66.53828, -6.56146], [-66.52401, -6.57838], [-66.51095, -6.5721], [-66.50934, -6.56659], [-66.50003, -6.57027], [-66.48052, -6.5706], [-66.47671, -6.56739], [-66.47495, -6.57062], [-66.46849, -6.56965], [-66.46982, -6.57809], [-66.46569, -6.5845], [-66.459, -6.58723], [-66.45911, -6.59197], [-66.45105, -6.58852], [-66.45453, -6.59938], [-66.44902, -6.6023], [-66.44885, -6.60758], [-66.43195, -6.59943], [-66.43927, -6.60794], [-66.43049, -6.607], [-66.42393, -6.61658], [-66.43762, -6.61975], [-66.42583, -6.62236], [-66.42564, -6.63071], [-66.41181, -6.62127], [-66.40594, -6.62493], [-66.40541, -6.63405], [-66.39802, -6.63752], [-66.38868, -6.63526], [-66.38726, -6.63007], [-66.38279, -6.63138], [-66.38015, -6.62009], [-66.37452, -6.62571], [-66.37129, -6.62122], [-66.36776, -6.62438], [-66.36187, -6.62115], [-66.36151, -6.62495], [-66.36034, -6.62071], [-66.35713, -6.6262], [-66.36419, -6.62617], [-66.36649, -6.6279], [-66.36737, -6.63244], [-66.36234, -6.62677], [-66.356, -6.62846], [-66.35518, -6.63229], [-66.36264, -6.63638], [-66.36429, -6.64678], [-66.36907, -6.64402], [-66.37451, -6.64699], [-66.37833, -6.63792], [-66.38229, -6.64186], [-66.3806, -6.6516], [-66.38677, -6.64236], [-66.39341, -6.64398], [-66.40093, -6.65235], [-66.40117, -6.65682], [-66.39225, -6.65756], [-66.39031, -6.66154], [-66.40641, -6.66346], [-66.41007, -6.67813], [-66.41967, -6.67895], [-66.42049, -6.69111], [-66.41596, -6.69672], [-66.4182, -6.70621], [-66.42295, -6.70634], [-66.42521, -6.70047], [-66.42771, -6.69849], [-66.43522, -6.70103], [-66.42646, -6.70013], [-66.42432, -6.70929], [-66.43199, -6.70627], [-66.43428, -6.7089], [-66.42787, -6.70856], [-66.42529, -6.71107], [-66.42861, -6.71264], [-66.42411, -6.71126], [-66.42392, -6.71555], [-66.44761, -6.72045], [-66.4482, -6.72545], [-66.45617, -6.7314], [-66.45833, -6.74194], [-66.46842, -6.74005], [-66.46246, -6.73593], [-66.46723, -6.72994], [-66.4605, -6.7293], [-66.47036, -6.72693], [-66.47592, -6.73812], [-66.48465, -6.73848], [-66.48497, -6.72573], [-66.48748, -6.72397], [-66.49435, -6.72982], [-66.49135, -6.73306], [-66.49874, -6.7401], [-66.50596, -6.72812], [-66.51204, -6.73301], [-66.51608, -6.72829], [-66.52184, -6.73579], [-66.531, -6.7326], [-66.52986, -6.74213], [-66.53312, -6.74099], [-66.53214, -6.74487], [-66.53987, -6.74781], [-66.55768, -6.78067], [-66.56126, -6.79432], [-66.57039, -6.79936], [-66.57608, -6.80822], [-66.57776, -6.81922], [-66.57531, -6.8338], [-66.58033, -6.83815], [-66.58071, -6.86655], [-66.56969, -6.87305], [-66.57421, -6.87779], [-66.57317, -6.91154], [-66.58911, -6.93211], [-66.602, -6.93495], [-66.61111, -6.94227], [-66.61628, -6.96488], [-66.6245, -6.97004], [-66.63131, -6.9821], [-66.65603, -6.98396], [-66.67834, -6.97978], [-66.68404, -6.98344], [-66.69214, -7.00902], [-66.72183, -7.01466], [-66.7313, -7.0199], [-66.72775, -7.02673], [-66.73379, -7.05525], [-66.7298, -7.07136], [-66.73653, -7.07869], [-66.73136, -7.0823], [-66.7155, -7.08449], [-66.70659, -7.09047], [-66.70368, -7.10906], [-66.72366, -7.10763], [-66.7308, -7.10227], [-66.75192, -7.10179], [-66.77877, -7.1122], [-66.82266, -7.16189], [-66.82824, -7.16477], [-66.83312, -7.16325], [-66.83807, -7.15467], [-66.84344, -7.158], [-66.85006, -7.15572], [-66.85852, -7.15934], [-66.87486, -7.15587], [-66.88312, -7.16491], [-66.89091, -7.16577], [-66.90366, -7.14806], [-66.92187, -7.13829], [-66.92452, -7.13239], [-66.93983, -7.12372], [-66.95148, -7.13069], [-66.95668, -7.14929], [-66.95948, -7.15059], [-66.96425, -7.14475], [-66.96291, -7.13292], [-66.96481, -7.13459], [-66.96974, -7.128], [-66.97496, -7.12983], [-66.99255, -7.11821], [-67.0007, -7.12213], [-67.00168, -7.11892], [-66.99591, -7.11205], [-66.99851, -7.09234], [-67.00627, -7.08748], [-67.01308, -7.09005], [-67.02763, -7.08758], [-67.02981, -7.09052], [-67.03701, -7.06484], [-67.03479, -7.06357], [-67.04002, -7.06031], [-67.03546, -7.04586], [-67.03139, -7.04701], [-67.04243, -7.03385], [-67.05266, -7.03374], [-67.04923, -7.03039], [-67.05366, -7.02501], [-67.06004, -7.02803], [-67.05802, -7.02062], [-67.06877, -7.02019], [-67.06682, -7.00998], [-67.07268, -7.00776], [-67.0774, -7.01029], [-67.07686, -7.00544], [-67.08844, -7.0127], [-67.09486, -7.002], [-67.10459, -7.01129], [-67.09614, -7.01507], [-67.10704, -7.01857], [-67.11313, -7.0111], [-67.11539, -7.02375], [-67.1277, -7.02433], [-67.13439, -7.03424], [-67.13412, -7.04074], [-67.13866, -7.0453], [-67.13995, -7.05277], [-67.14377, -7.05104], [-67.14601, -7.0541], [-67.14696, -7.04981], [-67.15518, -7.04718], [-67.16728, -7.06447], [-67.17612, -7.05819], [-67.20744, -7.05877], [-67.21964, -7.06804], [-67.23692, -7.06942], [-67.24045, -7.07216], [-67.23978, -7.07725], [-67.2561, -7.07442], [-67.25859, -7.07763], [-67.2631, -7.07474], [-67.26525, -7.08973], [-67.2739, -7.09356], [-67.27832, -7.1037], [-67.29334, -7.10942], [-67.29561, -7.1225], [-67.30348, -7.12167], [-67.30281, -7.12676], [-67.31401, -7.13475], [-67.31694, -7.14141], [-67.32115, -7.14234], [-67.32159, -7.14904], [-67.32748, -7.14918], [-67.32557, -7.15643], [-67.34063, -7.16227], [-67.34974, -7.17694], [-67.34781, -7.18934], [-67.34042, -7.20413], [-67.34366, -7.22237], [-67.33809, -7.24027], [-67.3408, -7.24345], [-67.33696, -7.2573], [-67.33888, -7.26932], [-67.3432, -7.26976], [-67.35033, -7.27882], [-67.4017, -7.28999], [-67.41647, -7.28427], [-67.43758, -7.28782], [-67.449, -7.28461], [-67.45684, -7.27789], [-67.4733, -7.28462], [-67.48905, -7.2968], [-67.4991, -7.29675], [-67.51026, -7.30192], [-67.50956, -7.28877], [-67.51769, -7.28882], [-67.55442, -7.27479], [-67.55956, -7.2723], [-67.56752, -7.2569], [-67.57329, -7.25748], [-67.58071, -7.25216], [-67.58566, -7.25393], [-67.59469, -7.24841], [-67.59869, -7.23987], [-67.59548, -7.23242], [-67.59593, -7.21994], [-67.60943, -7.20106], [-67.60405, -7.18784], [-67.59051, -7.17294], [-67.59051, -7.16668], [-67.6113, -7.15905], [-67.62099, -7.16359], [-67.62829, -7.17216], [-67.63486, -7.14811], [-67.62877, -7.1378], [-67.63471, -7.13731], [-67.64916, -7.12305], [-67.66437, -7.11608], [-67.674, -7.10049], [-67.68044, -7.0962], [-67.71125, -7.08739], [-67.72149, -7.07821], [-67.73462, -7.07699], [-67.74248, -7.07964], [-67.75516, -7.07623], [-67.76635, -7.08039], [-67.79647, -7.06856], [-67.8484, -7.07357], [-67.86117, -7.07941], [-67.87562, -7.07884], [-67.88972, -7.073], [-67.90423, -7.07438], [-67.91132, -7.07144], [-67.93987, -7.04351], [-67.9675, -7.03913], [-67.97735, -7.04339], [-67.99253, -7.04455], [-68.0286, -7.06098], [-68.05301, -7.06447], [-68.06672, -7.07134], [-68.08469, -7.08831], [-68.09707, -7.09169], [-68.10711, -7.11944], [-68.13109, -7.1306], [-68.52867, -7.21502], [-68.67373, -7.08887], [-68.49209, -6.98543], [-68.44516, -6.91347], [-68.42542, -6.90641], [-68.41701, -6.89969], [-68.41582, -6.88559], [-68.43128, -6.88184], [-68.43212, -6.87421], [-68.4383, -6.8713], [-68.4393, -6.86667], [-68.42479, -6.85705], [-68.41954, -6.8568], [-68.41694, -6.84927], [-68.41099, -6.84616], [-68.40558, -6.83018], [-68.38906, -6.83412], [-68.36199, -6.82615], [-68.36008, -6.82267], [-68.34347, -6.81705], [-68.34018, -6.81245], [-68.32573, -6.81072], [-68.31967, -6.79841], [-68.30204, -6.78907], [-68.29165, -6.76954], [-68.2871, -6.76442], [-68.28183, -6.76393], [-68.27809, -6.75524], [-68.26741, -6.74859], [-68.26962, -6.73979], [-68.26412, -6.7307], [-68.25388, -6.72529], [-68.24537, -6.72536], [-68.24344, -6.71933], [-68.23666, -6.71772], [-68.24086, -6.71496], [-68.23581, -6.70724], [-68.23727, -6.69524], [-68.2423, -6.68872], [-68.23488, -6.67682], [-68.23904, -6.66624], [-68.28075, -6.66619], [-68.27946, -6.64766], [-68.27471, -6.64663], [-68.27369, -6.64138], [-68.27117, -6.64528], [-68.27104, -6.63836], [-68.26526, -6.63988], [-68.26383, -6.63631], [-68.25694, -6.63596], [-68.25699, -6.63005], [-68.25258, -6.63115], [-68.24925, -6.63735], [-68.2416, -6.63581], [-68.23747, -6.63899], [-68.23656, -6.62386], [-68.2389, -6.62162], [-68.22539, -6.62117], [-68.22615, -6.62474], [-68.22187, -6.62999], [-68.22061, -6.57641], [-68.13278, -6.53962], [-68.02922, -6.39974], [-67.95255, -6.30724], [-67.93338, -6.3028], [-67.93171, -6.28228], [-67.92024, -6.26972], [-67.90355, -6.26257], [-67.89614, -6.25589], [-67.89619, -6.24665], [-67.90265, -6.2427], [-67.90751, -6.23075], [-67.90469, -6.22127], [-67.8979, -6.21023], [-67.88598, -6.20203], [-67.88387, -6.19599], [-67.87729, -6.19947], [-67.87193, -6.19746], [-67.86684, -6.17093], [-67.8523, -6.14563], [-67.8529, -6.1355], [-67.86898, -6.10014], [-67.84642, -6.0851], [-67.84081, -6.07275], [-67.84145, -6.05738], [-67.83251, -6.05097]]]}}, {"type": "Feature", "properties": {"nome": "Diahui", "etnia": "Diahói", "fase": "Regularizada", "modalidade": "Tradicionalmente ocupada", "municipios": "Humaitá", "ha": 47354.603, "uf": "AM"}, "geometry": {"type": "Polygon", "coordinates": [[[-62.16384, -7.81168], [-62.1638, -7.90481], [-62.16402, -8.17626], [-62.166, -8.16805], [-62.17266, -8.16596], [-62.17763, -8.15401], [-62.17404, -8.13267], [-62.17966, -8.12726], [-62.20263, -8.1195], [-62.21251, -8.11029], [-62.2143, -8.10462], [-62.22238, -8.10177], [-62.23634, -8.07756], [-62.23739, -8.06687], [-62.25012, -8.06429], [-62.25654, -8.0677], [-62.26553, -8.0641], [-62.26987, -8.06738], [-62.2709, -8.07803], [-62.2792, -8.0817], [-62.28255, -8.08725], [-62.29505, -8.08139], [-62.29893, -8.0837], [-62.30905, -8.08022], [-62.3165, -8.08498], [-62.32509, -8.08022], [-62.32805, -8.08784], [-62.33997, -8.08979], [-62.35185, -8.08011], [-62.36146, -8.07809], [-62.35796, -8.06945], [-62.36161, -8.06989], [-62.36285, -8.06648], [-62.35826, -8.06339], [-62.36893, -8.0625], [-62.36518, -8.05863], [-62.3675, -8.05439], [-62.36514, -8.05204], [-62.37409, -8.04937], [-62.38049, -8.05359], [-62.38125, -8.04731], [-62.37927, -8.04155], [-62.3754, -8.04071], [-62.37186, -8.04465], [-62.36616, -8.03875], [-62.34672, -8.03245], [-62.32982, -8.03562], [-62.28961, -8.03059], [-62.27567, -8.01897], [-62.27833, -8.01501], [-62.27365, -8.00957], [-62.26384, -8.00844], [-62.25585, -7.9939], [-62.26408, -7.98457], [-62.26775, -7.96775], [-62.27489, -7.96539], [-62.27658, -7.95592], [-62.28777, -7.94831], [-62.2898, -7.92049], [-62.29314, -7.91193], [-62.29095, -7.90324], [-62.30773, -7.89087], [-62.30465, -7.88435], [-62.31273, -7.86666], [-62.30743, -7.84905], [-62.29622, -7.83791], [-62.29973, -7.81692], [-62.28653, -7.8188], [-62.219, -7.85777], [-62.19475, -7.77008], [-62.1667, -7.77696], [-62.16384, -7.81168]]]}}, {"type": "Feature", "properties": {"nome": "Espírito Santo", "etnia": "Kokama", "fase": "Regularizada", "modalidade": "Tradicionalmente ocupada", "municipios": "Jutaí", "ha": 33849.0871, "uf": "AM"}, "geometry": {"type": "MultiPolygon", "coordinates": [[[[-67.06423, -2.65459], [-67.05096, -2.71094], [-67.03888, -2.73585], [-67.02693, -2.75334], [-67.00037, -2.78101], [-67.00095, -2.78582], [-67.00774, -2.78658], [-67.00554, -2.79392], [-66.99291, -2.79693], [-66.97948, -2.7877], [-66.96906, -2.78827], [-66.96719, -2.79525], [-66.9772, -2.82281], [-67.00587, -2.85203], [-67.02539, -2.86172], [-67.04651, -2.85857], [-67.05402, -2.85293], [-67.0594, -2.84532], [-67.05521, -2.83999], [-67.05668, -2.83416], [-67.06552, -2.82211], [-67.07182, -2.81877], [-67.06833, -2.81324], [-67.07192, -2.80947], [-67.09169, -2.8143], [-67.08983, -2.82938], [-67.10457, -2.82831], [-67.1157, -2.82272], [-67.12069, -2.82575], [-67.11918, -2.83579], [-67.12667, -2.84209], [-67.13221, -2.841], [-67.13755, -2.8349], [-67.15253, -2.84003], [-67.16919, -2.82582], [-67.17094, -2.81979], [-67.17805, -2.81796], [-67.19036, -2.70291], [-67.18673, -2.69456], [-67.1382, -2.67722], [-67.11956, -2.6783], [-67.10988, -2.67288], [-67.09549, -2.67909], [-67.10131, -2.63226], [-67.06423, -2.65459]]], [[[-67.10032, -2.62576], [-67.08676, -2.63342], [-67.07956, -2.64296], [-67.09366, -2.63505], [-67.10032, -2.62576]]], [[[-67.07778, -2.62958], [-67.07288, -2.63955], [-67.07766, -2.63353], [-67.08167, -2.63096], [-67.07054, -2.64697], [-67.07984, -2.64026], [-67.09522, -2.6212], [-67.07778, -2.62958]]]]}}, {"type": "Feature", "properties": {"nome": "Estrela da Paz", "etnia": "Tikúna", "fase": "Regularizada", "modalidade": "Tradicionalmente ocupada", "municipios": "Jutaí", "ha": 12876.4893, "uf": "AM"}, "geometry": {"type": "Polygon", "coordinates": [[[-66.81732, -2.77295], [-66.82097, -2.77391], [-66.8167, -2.77458], [-66.81839, -2.77765], [-66.81257, -2.78243], [-66.81447, -2.78676], [-66.81222, -2.789], [-66.8196, -2.80618], [-66.81484, -2.80813], [-66.81378, -2.81695], [-66.81074, -2.81525], [-66.80931, -2.82529], [-66.81382, -2.83442], [-66.81053, -2.84451], [-66.82427, -2.86699], [-66.83451, -2.91834], [-66.89994, -2.90163], [-66.90688, -2.88845], [-66.90127, -2.88412], [-66.89669, -2.87163], [-66.9048, -2.86549], [-66.90878, -2.85443], [-66.92085, -2.84538], [-66.92726, -2.84466], [-66.92174, -2.83483], [-66.87289, -2.80426], [-66.84806, -2.77889], [-66.81622, -2.76483], [-66.81732, -2.77295]]]}}, {"type": "Feature", "properties": {"nome": "Évare I", "etnia": "Tikúna", "fase": "Regularizada", "modalidade": "Tradicionalmente ocupada", "municipios": "Santo Antônio do Içá,São Paulo de Olivença,Tabatinga", "ha": 548177.5963, "uf": "AM"}, "geometry": {"type": "Polygon", "coordinates": [[[-69.49944, -3.26872], [-69.49545, -3.26608], [-69.49401, -3.2697], [-69.49185, -3.26383], [-69.48658, -3.26497], [-69.48355, -3.25943], [-69.47831, -3.26356], [-69.47667, -3.25363], [-69.47104, -3.25808], [-69.46376, -3.25128], [-69.45881, -3.25928], [-69.4565, -3.25242], [-69.45069, -3.25724], [-69.4489, -3.2513], [-69.4406, -3.25376], [-69.44218, -3.24923], [-69.43979, -3.24577], [-69.4357, -3.24936], [-69.43638, -3.24346], [-69.41642, -3.24632], [-69.41503, -3.2437], [-69.41944, -3.24012], [-69.41222, -3.24332], [-69.41007, -3.23783], [-69.40294, -3.24077], [-69.39973, -3.23774], [-69.39853, -3.24224], [-69.39489, -3.236], [-69.39106, -3.23985], [-69.38668, -3.23619], [-69.38736, -3.24182], [-69.37825, -3.23704], [-69.37352, -3.23814], [-69.37572, -3.24249], [-69.36785, -3.23923], [-69.3621, -3.24431], [-69.36236, -3.24], [-69.35534, -3.24172], [-69.34896, -3.23236], [-69.34666, -3.23599], [-69.34279, -3.2311], [-69.3437, -3.23587], [-69.33589, -3.23581], [-69.33595, -3.24134], [-69.32929, -3.24556], [-69.33544, -3.24572], [-69.33514, -3.2479], [-69.32863, -3.24765], [-69.32867, -3.25275], [-69.32374, -3.25324], [-69.32254, -3.24974], [-69.32226, -3.25505], [-69.31623, -3.25384], [-69.31557, -3.25806], [-69.31427, -3.25361], [-69.3104, -3.25423], [-69.31237, -3.2509], [-69.3061, -3.25284], [-69.29644, -3.24611], [-69.29404, -3.2477], [-69.29369, -3.24464], [-69.29244, -3.2498], [-69.28876, -3.24621], [-69.28897, -3.24994], [-69.28496, -3.2518], [-69.28351, -3.24881], [-69.2868, -3.24429], [-69.2758, -3.25238], [-69.27071, -3.25249], [-69.26744, -3.24648], [-69.26282, -3.25296], [-69.25837, -3.24879], [-69.25515, -3.25415], [-69.25544, -3.24867], [-69.24763, -3.24817], [-69.23941, -3.2369], [-69.23759, -3.24133], [-69.23074, -3.23872], [-69.22787, -3.24199], [-69.22607, -3.23875], [-69.22826, -3.23688], [-69.22358, -3.23758], [-69.21983, -3.23356], [-69.2124, -3.23742], [-69.21194, -3.23345], [-69.20548, -3.23033], [-69.20202, -3.23272], [-69.20491, -3.22765], [-69.20052, -3.22849], [-69.19824, -3.23306], [-69.20088, -3.24094], [-69.20703, -3.24128], [-69.21386, -3.25067], [-69.21359, -3.2813], [-69.22607, -3.30167], [-69.20943, -3.33759], [-69.2065, -3.35568], [-69.17246, -3.36712], [-69.1678, -3.38052], [-69.1529, -3.3931], [-69.15261, -3.41856], [-69.14602, -3.42256], [-69.13953, -3.43974], [-69.17282, -3.4519], [-69.1999, -3.45779], [-69.21552, -3.45763], [-69.22693, -3.43904], [-69.23579, -3.44311], [-69.31462, -3.44851], [-69.33616, -3.46639], [-69.36584, -3.50226], [-69.40178, -3.53396], [-69.37609, -3.57651], [-69.37109, -3.5794], [-69.37245, -3.61848], [-69.42822, -3.66021], [-69.44208, -3.68857], [-69.4444, -3.70293], [-69.43326, -3.73324], [-69.41783, -3.7517], [-69.42465, -3.79947], [-69.41763, -3.80849], [-69.40211, -3.81915], [-69.39806, -3.82826], [-69.39954, -3.91273], [-69.42111, -3.97877], [-69.4312, -3.9964], [-69.5296, -4.04822], [-69.5406, -4.07883], [-69.5425, -4.11455], [-69.53987, -4.12382], [-69.52628, -4.14243], [-69.52037, -4.14612], [-69.50051, -4.14834], [-69.47331, -4.12939], [-69.43213, -4.10794], [-69.41222, -4.10266], [-69.40077, -4.10903], [-69.39013, -4.1463], [-69.41058, -4.1593], [-69.46385, -4.17439], [-69.47103, -4.18029], [-69.49763, -4.2311], [-69.5034, -4.22648], [-69.51827, -4.23228], [-69.54314, -4.2734], [-69.53685, -4.28085], [-69.56896, -4.30471], [-69.58032, -4.30615], [-69.59807, -4.30321], [-69.63852, -4.30871], [-69.67017, -4.32345], [-69.80072, -4.29629], [-69.8121, -4.28868], [-69.82696, -4.28889], [-69.85133, -4.26008], [-69.85162, -4.25082], [-69.84248, -4.23933], [-69.83856, -4.21927], [-69.84889, -4.20936], [-69.87659, -4.16759], [-69.89497, -4.13404], [-69.88816, -4.11859], [-69.9039, -4.10487], [-69.90791, -4.09381], [-69.79955, -3.48443], [-69.79642, -3.48225], [-69.79859, -3.47966], [-69.79608, -3.47667], [-69.7941, -3.47849], [-69.79518, -3.47388], [-69.79123, -3.473], [-69.79205, -3.47763], [-69.78971, -3.47166], [-69.78158, -3.47067], [-69.78176, -3.46678], [-69.78451, -3.46708], [-69.7795, -3.46537], [-69.78024, -3.46216], [-69.77519, -3.46481], [-69.76657, -3.46168], [-69.76741, -3.45481], [-69.76464, -3.45566], [-69.76257, -3.44624], [-69.75862, -3.4462], [-69.75937, -3.44355], [-69.75486, -3.4411], [-69.75556, -3.43687], [-69.75228, -3.43829], [-69.75328, -3.43309], [-69.7438, -3.42991], [-69.74763, -3.42649], [-69.74251, -3.4235], [-69.74484, -3.42103], [-69.74255, -3.40825], [-69.739, -3.40546], [-69.73361, -3.40365], [-69.73245, -3.407], [-69.73178, -3.40419], [-69.7316, -3.40705], [-69.73472, -3.40859], [-69.7313, -3.41127], [-69.72968, -3.4079], [-69.72588, -3.41175], [-69.72608, -3.40721], [-69.71861, -3.40679], [-69.71837, -3.39937], [-69.71047, -3.39786], [-69.71119, -3.39554], [-69.70614, -3.39274], [-69.70846, -3.39008], [-69.7027, -3.38534], [-69.69293, -3.39169], [-69.69189, -3.38717], [-69.69014, -3.39444], [-69.68445, -3.38832], [-69.6825, -3.39289], [-69.68078, -3.39013], [-69.67283, -3.39013], [-69.67242, -3.38453], [-69.66179, -3.37993], [-69.66193, -3.37255], [-69.64936, -3.36663], [-69.64766, -3.36357], [-69.64992, -3.36229], [-69.64212, -3.36141], [-69.63799, -3.35289], [-69.63544, -3.35633], [-69.63249, -3.34631], [-69.62915, -3.34685], [-69.63139, -3.3444], [-69.62811, -3.34638], [-69.62603, -3.34343], [-69.62948, -3.34049], [-69.62135, -3.33362], [-69.61709, -3.33653], [-69.61426, -3.33043], [-69.61502, -3.32258], [-69.61806, -3.3215], [-69.6157, -3.31945], [-69.60787, -3.32004], [-69.60872, -3.31645], [-69.60413, -3.32078], [-69.60334, -3.31621], [-69.59578, -3.32001], [-69.59609, -3.31546], [-69.58874, -3.31397], [-69.58772, -3.30874], [-69.57954, -3.31308], [-69.57766, -3.30942], [-69.57152, -3.30932], [-69.57476, -3.30623], [-69.57017, -3.29969], [-69.56739, -3.302], [-69.56235, -3.29567], [-69.55494, -3.29398], [-69.55031, -3.29879], [-69.54939, -3.29384], [-69.54302, -3.29623], [-69.53329, -3.29024], [-69.52936, -3.29521], [-69.52954, -3.29126], [-69.52384, -3.29123], [-69.52023, -3.28493], [-69.52414, -3.27848], [-69.51955, -3.2814], [-69.51889, -3.27258], [-69.5142, -3.26938], [-69.50908, -3.27179], [-69.50844, -3.26304], [-69.50287, -3.26281], [-69.49944, -3.26872]]]}}, {"type": "Feature", "properties": {"nome": "Évare II", "etnia": "Tikúna", "fase": "Regularizada", "modalidade": "Tradicionalmente ocupada", "municipios": "São Paulo de Olivença", "ha": 176205.7183, "uf": "AM"}, "geometry": {"type": "Polygon", "coordinates": [[[-69.09349, -3.47621], [-69.05655, -3.47393], [-69.04681, -3.47777], [-69.04433, -3.5112], [-69.1089, -3.64113], [-69.13794, -3.65874], [-69.12218, -3.69686], [-69.1234, -3.71262], [-69.12639, -3.71725], [-69.14298, -3.7219], [-69.15545, -3.73075], [-69.17198, -3.76088], [-69.16904, -3.78391], [-69.18723, -3.81363], [-69.19191, -3.83334], [-69.22316, -3.85714], [-69.2248, -3.98985], [-69.22183, -3.99249], [-69.22128, -4.09049], [-69.23637, -4.10236], [-69.259, -4.15095], [-69.28669, -4.14655], [-69.31164, -4.15405], [-69.32218, -4.14455], [-69.36492, -4.13785], [-69.36833, -4.11233], [-69.37901, -4.10116], [-69.39164, -4.09554], [-69.42951, -4.09501], [-69.46448, -4.11286], [-69.47378, -4.11198], [-69.48439, -4.10103], [-69.47449, -4.08842], [-69.47543, -4.08068], [-69.48401, -4.07768], [-69.49782, -4.08686], [-69.5053, -4.07767], [-69.48936, -4.04513], [-69.46806, -4.02923], [-69.43601, -4.01707], [-69.37606, -3.98119], [-69.35879, -3.97648], [-69.34989, -3.96964], [-69.34596, -3.9615], [-69.34648, -3.95388], [-69.36139, -3.92812], [-69.38361, -3.90525], [-69.38413, -3.88291], [-69.37627, -3.85164], [-69.38173, -3.79461], [-69.38984, -3.777], [-69.4105, -3.74992], [-69.42036, -3.72865], [-69.41428, -3.71061], [-69.41784, -3.68809], [-69.40966, -3.66058], [-69.38245, -3.64324], [-69.35151, -3.61217], [-69.34213, -3.59647], [-69.34547, -3.57721], [-69.31898, -3.57724], [-69.32486, -3.54051], [-69.32271, -3.53481], [-69.30857, -3.52273], [-69.28926, -3.5131], [-69.25565, -3.51769], [-69.20666, -3.51579], [-69.15069, -3.48334], [-69.14405, -3.48195], [-69.13044, -3.48687], [-69.12099, -3.48068], [-69.10488, -3.48247], [-69.09349, -3.47621]]]}}, {"type": "Feature", "properties": {"nome": "Fortaleza do Castanho", "etnia": "Múra", "fase": "Regularizada", "modalidade": "Tradicionalmente ocupada", "municipios": "Manaquiri", "ha": 2756.1622, "uf": "AM"}, "geometry": {"type": "Polygon", "coordinates": [[[-60.50894, -3.71983], [-60.49537, -3.76254], [-60.51499, -3.78414], [-60.52386, -3.77378], [-60.53748, -3.77329], [-60.54164, -3.76098], [-60.55099, -3.75637], [-60.55468, -3.7443], [-60.56257, -3.75216], [-60.56654, -3.74845], [-60.55934, -3.74211], [-60.56417, -3.73663], [-60.56277, -3.73248], [-60.54827, -3.72734], [-60.54391, -3.73422], [-60.54535, -3.73679], [-60.53942, -3.73785], [-60.52294, -3.7303], [-60.52419, -3.73853], [-60.52136, -3.73198], [-60.51751, -3.733], [-60.5189, -3.73036], [-60.50919, -3.72638], [-60.50894, -3.71983]]]}}, {"type": "Feature", "properties": {"nome": "Fortaleza do Patauá", "etnia": "Apurinã", "fase": "Regularizada", "modalidade": "Tradicionalmente ocupada", "municipios": "Manacapuru", "ha": 743.5829, "uf": "AM"}, "geometry": {"type": "Polygon", "coordinates": [[[-60.73232, -3.13569], [-60.72233, -3.15431], [-60.7239, -3.15794], [-60.73774, -3.16035], [-60.74804, -3.15352], [-60.74904, -3.14804], [-60.75824, -3.13715], [-60.74945, -3.13317], [-60.74341, -3.13574], [-60.73816, -3.13122], [-60.73232, -3.13569]]]}}, {"type": "Feature", "properties": {"nome": "Gavião", "etnia": "Múra", "fase": "Regularizada", "modalidade": "Tradicionalmente ocupada", "municipios": "Careiro da Várzea", "ha": 8611.8548, "uf": "AM"}, "geometry": {"type": "Polygon", "coordinates": [[[-59.48133, -3.36798], [-59.47891, -3.37637], [-59.47505, -3.37635], [-59.46844, -3.38544], [-59.46363, -3.38643], [-59.45425, -3.40154], [-59.44547, -3.40223], [-59.43339, -3.41455], [-59.43648, -3.42047], [-59.43306, -3.426], [-59.44203, -3.43316], [-59.43775, -3.44734], [-59.44229, -3.4571], [-59.47583, -3.4783], [-59.48228, -3.47687], [-59.47834, -3.47307], [-59.47983, -3.47126], [-59.49173, -3.48002], [-59.53658, -3.41825], [-59.49232, -3.37163], [-59.48133, -3.36798]]]}}, {"type": "Feature", "properties": {"nome": "Guajahã", "etnia": "Apurinã", "fase": "Regularizada", "modalidade": "Tradicionalmente ocupada", "municipios": "Pauini", "ha": 5036.8446, "uf": "AM"}, "geometry": {"type": "Polygon", "coordinates": [[[-66.83558, -7.67742], [-66.82948, -7.6752], [-66.84544, -7.70795], [-66.81683, -7.73252], [-66.82626, -7.74614], [-66.82604, -7.76265], [-66.83374, -7.76944], [-66.84036, -7.76721], [-66.84247, -7.76441], [-66.83857, -7.75423], [-66.86696, -7.77413], [-66.86726, -7.76202], [-66.87409, -7.75464], [-66.88788, -7.74901], [-66.89592, -7.73657], [-66.88996, -7.73122], [-66.88337, -7.69897], [-66.86971, -7.70072], [-66.85839, -7.6956], [-66.85261, -7.68953], [-66.84583, -7.67195], [-66.83558, -7.67742]]]}}, {"type": "Feature", "properties": {"nome": "Hi Merimã", "etnia": "Himarimã", "fase": "Regularizada", "modalidade": "Tradicionalmente ocupada", "municipios": "Tapauá,Lábrea", "ha": 677840.3204, "uf": "AM"}, "geometry": {"type": "Polygon", "coordinates": [[[-65.71422, -6.59236], [-65.7287, -6.60851], [-65.69091, -6.59419], [-65.68611, -6.60252], [-65.67501, -6.60847], [-65.65737, -6.60054], [-65.64474, -6.61763], [-65.62016, -6.61267], [-65.6033, -6.61629], [-65.59936, -6.60962], [-65.58487, -6.60776], [-65.56411, -6.6164], [-65.55543, -6.60547], [-65.53734, -6.60326], [-65.533, -6.60686], [-65.52833, -6.60495], [-65.5275, -6.60789], [-65.52236, -6.60239], [-65.50488, -6.61187], [-65.49978, -6.62058], [-65.49928, -6.61479], [-65.49202, -6.61189], [-65.48691, -6.61862], [-65.48215, -6.61941], [-65.48189, -6.62432], [-65.47738, -6.62771], [-65.47134, -6.62782], [-65.46938, -6.61885], [-65.45933, -6.61147], [-65.45505, -6.61191], [-65.44501, -6.61919], [-65.44368, -6.62784], [-65.44266, -6.62441], [-65.44041, -6.62591], [-65.43395, -6.63327], [-65.43546, -6.63559], [-65.42683, -6.63767], [-65.42328, -6.64248], [-65.41934, -6.63939], [-65.40864, -6.64644], [-65.4086, -6.64242], [-65.39596, -6.64404], [-65.39641, -6.63978], [-65.38474, -6.63088], [-65.37692, -6.63653], [-65.37223, -6.63526], [-65.3678, -6.6447], [-65.36485, -6.63665], [-65.36124, -6.63713], [-65.3573, -6.62997], [-65.34848, -6.63068], [-65.34414, -6.62137], [-65.33467, -6.62094], [-65.3327, -6.6118], [-65.32322, -6.61583], [-65.32676, -6.60873], [-65.31774, -6.60031], [-65.32174, -6.6012], [-65.31994, -6.59183], [-65.32227, -6.58753], [-65.32072, -6.58572], [-65.32014, -6.5892], [-65.31629, -6.58637], [-65.32352, -6.58155], [-65.31707, -6.58031], [-65.31312, -6.57292], [-65.3085, -6.57789], [-65.30144, -6.57276], [-65.29606, -6.57319], [-65.29249, -6.58073], [-65.28697, -6.57729], [-65.28103, -6.59016], [-65.27922, -6.58583], [-65.27304, -6.58455], [-65.26765, -6.59691], [-65.26193, -6.59865], [-65.26557, -6.59446], [-65.26282, -6.59233], [-65.25927, -6.59726], [-65.2591, -6.60601], [-65.25296, -6.59818], [-65.24631, -6.60168], [-65.2404, -6.59664], [-65.24183, -6.60147], [-65.23843, -6.60706], [-65.23742, -6.60265], [-65.22923, -6.59623], [-65.23099, -6.60447], [-65.22482, -6.60395], [-65.21648, -6.61299], [-65.21368, -6.60865], [-65.21561, -6.60744], [-65.21216, -6.60778], [-65.20979, -6.60303], [-65.20277, -6.60248], [-65.20285, -6.5997], [-65.19893, -6.60185], [-65.197, -6.59884], [-65.19307, -6.60393], [-65.18192, -6.60565], [-65.18128, -6.60302], [-65.1704, -6.60966], [-65.16599, -6.60749], [-65.15888, -6.61017], [-65.15909, -6.61342], [-65.15044, -6.61542], [-65.15028, -6.61258], [-65.14044, -6.60892], [-65.13198, -6.60814], [-65.12767, -6.61196], [-65.12178, -6.60791], [-65.12198, -6.61029], [-65.11969, -6.60376], [-65.11287, -6.6017], [-65.11069, -6.60749], [-65.1027, -6.60237], [-65.0993, -6.60656], [-65.09372, -6.60597], [-65.08866, -6.59833], [-65.09597, -6.59585], [-65.08978, -6.58962], [-65.09077, -6.58706], [-65.08484, -6.58632], [-65.08419, -6.58074], [-65.0742, -6.58335], [-65.06886, -6.57783], [-65.06258, -6.57811], [-65.06368, -6.57517], [-65.05958, -6.57521], [-65.05752, -6.57138], [-65.05572, -6.57324], [-65.05745, -6.56912], [-65.05049, -6.56777], [-65.05215, -6.56378], [-65.04737, -6.56527], [-65.04576, -6.56282], [-65.04331, -6.56644], [-65.04012, -6.5621], [-65.03881, -6.56451], [-65.03498, -6.55917], [-65.03054, -6.56043], [-65.02921, -6.55807], [-65.01828, -6.55988], [-65.01755, -6.56496], [-65.01337, -6.56263], [-65.01752, -6.5668], [-65.0128, -6.57033], [-65.02352, -6.57345], [-65.02604, -6.5755], [-65.02622, -6.577], [-65.02445, -6.57519], [-65.02095, -6.5777], [-65.01993, -6.588], [-65.01717, -6.58756], [-65.01988, -6.58656], [-65.01672, -6.58105], [-65.01238, -6.59047], [-65.0133, -6.59559], [-65.00791, -6.59726], [-65.01884, -6.59784], [-65.02055, -6.60461], [-65.0247, -6.60209], [-65.02749, -6.6039], [-65.03, -6.61077], [-65.02202, -6.61564], [-65.02988, -6.61335], [-65.0319, -6.61743], [-65.02618, -6.62496], [-65.03599, -6.62117], [-65.03725, -6.63013], [-65.04341, -6.62432], [-65.05099, -6.64245], [-65.04915, -6.64404], [-65.04147, -6.63797], [-65.03763, -6.63891], [-65.0427, -6.64544], [-65.036, -6.65672], [-65.05221, -6.65977], [-65.06242, -6.66755], [-65.05999, -6.66816], [-65.06057, -6.67226], [-65.06879, -6.67623], [-65.06445, -6.67857], [-65.06764, -6.68547], [-65.0622, -6.6824], [-65.05754, -6.6836], [-65.05958, -6.69172], [-65.05729, -6.69954], [-65.06573, -6.69979], [-65.07265, -6.70413], [-65.07357, -6.70949], [-65.06929, -6.7191], [-65.07458, -6.72112], [-65.06775, -6.72997], [-65.07356, -6.7352], [-65.07162, -6.74097], [-65.07924, -6.74824], [-65.07462, -6.74935], [-65.07291, -6.74458], [-65.07011, -6.74957], [-65.07594, -6.75167], [-65.0761, -6.76103], [-65.08282, -6.75732], [-65.07958, -6.76431], [-65.0854, -6.76566], [-65.08804, -6.76159], [-65.08955, -6.76759], [-65.0938, -6.7696], [-65.08926, -6.78791], [-65.09367, -6.78753], [-65.09811, -6.79625], [-65.09854, -6.79359], [-65.11291, -6.7959], [-65.11615, -6.8016], [-65.12009, -6.79642], [-65.12479, -6.79943], [-65.12525, -6.80622], [-65.13229, -6.80487], [-65.13075, -6.80907], [-65.1366, -6.80705], [-65.14306, -6.8094], [-65.13863, -6.8135], [-65.13877, -6.81777], [-65.15401, -6.81537], [-65.16406, -6.82318], [-65.16778, -6.83584], [-65.16125, -6.85468], [-65.1653, -6.8547], [-65.16721, -6.86446], [-65.17258, -6.86635], [-65.17215, -6.87087], [-65.1749, -6.86967], [-65.17228, -6.87468], [-65.17638, -6.87478], [-65.17526, -6.87951], [-65.17821, -6.88145], [-65.18169, -6.87904], [-65.18457, -6.8911], [-65.19211, -6.89575], [-65.19156, -6.90184], [-65.19433, -6.9013], [-65.20058, -6.90908], [-65.20212, -6.90424], [-65.20739, -6.90846], [-65.20914, -6.91496], [-65.20386, -6.91499], [-65.20766, -6.9204], [-65.21245, -6.91343], [-65.22037, -6.91962], [-65.22337, -6.93015], [-65.23333, -6.93493], [-65.24195, -6.93392], [-65.24257, -6.93703], [-65.24415, -6.93477], [-65.25728, -6.93533], [-65.25932, -6.93845], [-65.25642, -6.93943], [-65.26083, -6.94513], [-65.25902, -6.9469], [-65.26841, -6.94953], [-65.2743, -6.94628], [-65.26921, -6.93763], [-65.27423, -6.93353], [-65.27265, -6.92971], [-65.27528, -6.9261], [-65.27549, -6.92894], [-65.28009, -6.92925], [-65.27822, -6.93622], [-65.28375, -6.94692], [-65.29454, -6.93646], [-65.30206, -6.93758], [-65.30301, -6.94587], [-65.30579, -6.94555], [-65.30994, -6.94197], [-65.30782, -6.93473], [-65.31261, -6.94865], [-65.32283, -6.94832], [-65.33121, -6.95471], [-65.33912, -6.9496], [-65.35095, -6.95065], [-65.35369, -6.94573], [-65.36295, -6.94861], [-65.36906, -6.93797], [-65.37283, -6.93985], [-65.38948, -6.93657], [-65.3906, -6.9396], [-65.39702, -6.93448], [-65.40587, -6.93966], [-65.41484, -6.93456], [-65.42395, -6.9375], [-65.42699, -6.94701], [-65.43833, -6.95847], [-65.45669, -6.96538], [-65.45959, -6.96966], [-65.46131, -6.96598], [-65.4714, -6.96303], [-65.47612, -6.95381], [-65.49983, -6.952], [-65.50226, -6.9599], [-65.50662, -6.95614], [-65.51806, -6.9631], [-65.53342, -6.96441], [-65.5517, -6.94752], [-65.56531, -6.95368], [-65.58008, -6.94652], [-65.58611, -6.94919], [-65.5994, -6.94491], [-65.61141, -6.95607], [-65.6146, -6.96407], [-65.62332, -6.96856], [-65.62541, -6.97632], [-65.64002, -6.97777], [-65.65201, -6.9915], [-65.67091, -7.01878], [-65.6769, -7.03347], [-65.67522, -7.03868], [-65.68152, -7.04668], [-65.68818, -7.04879], [-65.695, -7.05726], [-65.70841, -7.06301], [-65.71669, -7.06202], [-65.72855, -7.0665], [-65.73412, -7.06447], [-65.73829, -7.06853], [-65.76418, -7.07588], [-65.76744, -7.08425], [-65.78566, -7.09558], [-65.7882, -7.10843], [-65.78411, -7.13122], [-65.79245, -7.14229], [-65.79164, -7.1606], [-65.77449, -7.18446], [-65.86071, -7.17071], [-65.85662, -7.18502], [-65.83622, -7.19388], [-65.82902, -7.20151], [-65.8108, -7.23595], [-65.811, -7.24153], [-65.82157, -7.2532], [-65.82368, -7.26685], [-65.8337, -7.27218], [-65.81584, -7.29386], [-65.81734, -7.32113], [-65.80681, -7.32262], [-65.79562, -7.33063], [-65.78036, -7.32394], [-65.76391, -7.34254], [-65.75508, -7.34458], [-65.74866, -7.354], [-65.74452, -7.3565], [-65.73636, -7.35328], [-65.71715, -7.36742], [-65.70829, -7.36791], [-65.70712, -7.36384], [-65.7011, -7.36449], [-65.70162, -7.36139], [-65.69282, -7.35393], [-65.68663, -7.35704], [-65.67401, -7.35644], [-65.66868, -7.36301], [-65.66482, -7.36143], [-65.66556, -7.3641], [-65.66162, -7.36416], [-65.66147, -7.36756], [-65.65892, -7.36555], [-65.6518, -7.36973], [-65.63631, -7.36983], [-65.62966, -7.37562], [-65.61013, -7.37717], [-65.59866, -7.38755], [-65.59046, -7.38049], [-65.58887, -7.38811], [-65.58331, -7.38606], [-65.57836, -7.39856], [-65.57309, -7.40039], [-65.56659, -7.41597], [-65.5664, -7.42067], [-65.57202, -7.42557], [-65.57919, -7.42544], [-65.58246, -7.43514], [-65.58629, -7.4327], [-65.5914, -7.43737], [-65.60479, -7.43763], [-65.60841, -7.4394], [-65.61252, -7.44913], [-65.62229, -7.44857], [-65.63134, -7.45649], [-65.64517, -7.45346], [-65.64938, -7.45921], [-65.6523, -7.45522], [-65.66071, -7.45994], [-65.68943, -7.45272], [-65.70495, -7.45585], [-65.7236, -7.45061], [-65.74291, -7.44001], [-65.75807, -7.44834], [-65.76884, -7.44463], [-65.77832, -7.44735], [-65.78431, -7.45308], [-65.78836, -7.45096], [-65.79988, -7.46186], [-65.81916, -7.46038], [-65.8208, -7.45612], [-65.82262, -7.46017], [-65.84183, -7.46547], [-65.84828, -7.46045], [-65.85379, -7.46185], [-65.86058, -7.45869], [-65.86156, -7.45304], [-65.87031, -7.45403], [-65.87719, -7.44459], [-65.87816, -7.44919], [-65.88138, -7.44765], [-65.88649, -7.45191], [-65.88785, -7.44724], [-65.89279, -7.44622], [-65.91257, -7.45154], [-65.91945, -7.44303], [-65.92035, -7.4342], [-65.92533, -7.43415], [-65.93543, -7.42365], [-65.94483, -7.42017], [-65.94973, -7.42081], [-65.96177, -7.43655], [-65.98386, -7.42909], [-65.99058, -7.43234], [-66.00089, -7.43111], [-66.01323, -7.439], [-66.0258, -7.43977], [-66.03111, -7.43573], [-66.03532, -7.43665], [-66.0513, -7.42494], [-66.0614, -7.42477], [-66.06887, -7.41839], [-66.09615, -7.41571], [-66.11278, -7.4107], [-66.11874, -7.40563], [-66.12831, -7.40661], [-66.13426, -7.40258], [-66.14723, -7.37887], [-66.15791, -7.37465], [-66.17276, -7.37678], [-66.17595, -7.36215], [-66.20338, -7.30485], [-66.20594, -7.30779], [-66.21496, -7.30538], [-66.22548, -7.28795], [-66.23413, -7.28654], [-66.24273, -7.25901], [-66.25329, -7.24799], [-66.25907, -7.24642], [-66.27349, -7.21716], [-66.2714, -7.20845], [-66.27519, -7.19339], [-66.27453, -7.17456], [-66.26691, -7.15768], [-66.26257, -7.15436], [-66.25377, -7.1592], [-66.24416, -7.15746], [-66.22849, -7.16258], [-66.21356, -7.15421], [-66.21508, -7.14927], [-66.2108, -7.14625], [-66.21564, -7.14179], [-66.21669, -7.11912], [-66.22532, -7.1087], [-66.22568, -7.10536], [-66.2196, -7.10274], [-66.22362, -7.09897], [-66.22256, -7.08333], [-66.22926, -7.07594], [-66.23096, -7.0774], [-66.23475, -7.07021], [-66.23581, -7.057], [-66.239, -7.05512], [-66.23743, -7.0512], [-66.23547, -7.05223], [-66.23521, -7.04021], [-66.24199, -7.03277], [-66.24376, -7.03449], [-66.24205, -7.02747], [-66.24578, -7.02161], [-66.23353, -7.0123], [-66.23181, -7.00416], [-66.22471, -7.00067], [-66.2299, -6.99874], [-66.22446, -6.99105], [-66.22633, -6.98879], [-66.22315, -6.98726], [-66.2235, -6.98308], [-66.21881, -6.97861], [-66.2086, -6.97745], [-66.21014, -6.97262], [-66.20071, -6.96187], [-66.20302, -6.94645], [-66.18906, -6.93728], [-66.19267, -6.9329], [-66.19129, -6.92501], [-66.19648, -6.91727], [-66.19515, -6.90699], [-66.19926, -6.90404], [-66.19737, -6.89653], [-66.20433, -6.8866], [-66.19936, -6.87838], [-66.2022, -6.87265], [-66.19994, -6.87398], [-66.19898, -6.87004], [-66.19138, -6.86746], [-66.17244, -6.86724], [-66.1712, -6.87158], [-66.16848, -6.8692], [-66.15874, -6.87656], [-66.15505, -6.87477], [-66.15707, -6.87127], [-66.14586, -6.87204], [-66.14998, -6.86695], [-66.14898, -6.86124], [-66.14474, -6.85977], [-66.13689, -6.86222], [-66.12919, -6.86956], [-66.12657, -6.86462], [-66.12961, -6.86325], [-66.12281, -6.86202], [-66.11835, -6.85683], [-66.11357, -6.85792], [-66.10676, -6.84678], [-66.09862, -6.84301], [-66.09348, -6.82656], [-66.08403, -6.82198], [-66.083, -6.82493], [-66.08037, -6.82246], [-66.06905, -6.82265], [-66.0676, -6.81746], [-66.06363, -6.82175], [-66.05466, -6.81547], [-66.05252, -6.8198], [-66.04471, -6.81682], [-66.03522, -6.80533], [-66.03616, -6.80096], [-66.03224, -6.80299], [-66.03114, -6.79675], [-66.02123, -6.79168], [-66.0182, -6.78655], [-66.02201, -6.78359], [-66.01697, -6.78042], [-66.0151, -6.78724], [-66.00581, -6.78475], [-66.00417, -6.77532], [-66.00212, -6.77948], [-65.99655, -6.7736], [-65.99148, -6.76109], [-65.99826, -6.74979], [-65.99327, -6.74781], [-65.98935, -6.73864], [-65.98275, -6.73633], [-65.97898, -6.7399], [-65.97769, -6.73281], [-65.9725, -6.73112], [-65.96952, -6.73458], [-65.96011, -6.72973], [-65.96185, -6.72429], [-65.95849, -6.72484], [-65.95959, -6.72066], [-65.95456, -6.71669], [-65.95595, -6.70757], [-65.94827, -6.69677], [-65.94323, -6.6974], [-65.94529, -6.6919], [-65.93761, -6.68149], [-65.93795, -6.67584], [-65.93309, -6.674], [-65.93286, -6.66908], [-65.92355, -6.66803], [-65.91502, -6.65718], [-65.91209, -6.65765], [-65.91275, -6.66068], [-65.90461, -6.65706], [-65.90657, -6.65339], [-65.90012, -6.65883], [-65.89959, -6.65403], [-65.89278, -6.65578], [-65.88716, -6.64585], [-65.88096, -6.64471], [-65.88353, -6.64159], [-65.88255, -6.63523], [-65.87385, -6.64074], [-65.87036, -6.63898], [-65.86534, -6.62253], [-65.84408, -6.62282], [-65.84269, -6.61469], [-65.83153, -6.61081], [-65.83349, -6.60701], [-65.82745, -6.60663], [-65.82593, -6.60368], [-65.82942, -6.60373], [-65.81948, -6.59971], [-65.81737, -6.595], [-65.81354, -6.59846], [-65.81341, -6.595], [-65.80725, -6.59191], [-65.80751, -6.58924], [-65.81391, -6.58876], [-65.81328, -6.58141], [-65.79375, -6.5908], [-65.77611, -6.59413], [-65.76981, -6.59217], [-65.75054, -6.57597], [-65.73509, -6.57375], [-65.72548, -6.57875], [-65.71422, -6.59236]]]}}, {"type": "Feature", "properties": {"nome": "Igarapé Capana", "etnia": "Jamamadí", "fase": "Regularizada", "modalidade": "Tradicionalmente ocupada", "municipios": "Boca do Acre", "ha": 122555.6647, "uf": "AM"}, "geometry": {"type": "Polygon", "coordinates": [[[-68.00551, -8.6922], [-67.99614, -8.69976], [-67.9816, -8.68355], [-67.961, -8.69063], [-67.95662, -8.7137], [-67.96812, -8.73793], [-67.90217, -8.81386], [-67.88701, -8.81701], [-67.90064, -8.84539], [-67.92945, -8.86758], [-67.92494, -8.88321], [-67.91365, -8.88806], [-67.91641, -8.88971], [-67.91439, -8.89346], [-67.90769, -8.8984], [-67.91391, -8.90698], [-67.90858, -8.91369], [-67.91907, -8.91823], [-67.91742, -8.92714], [-67.92557, -8.9373], [-67.98542, -8.93449], [-68.01659, -8.94351], [-68.04585, -8.94461], [-68.06759, -8.94101], [-68.07633, -8.93657], [-68.07614, -8.9495], [-68.17475, -8.96453], [-68.17937, -9.00262], [-68.22032, -9.0149], [-68.2548, -9.00207], [-68.25076, -9.03574], [-68.26633, -9.0396], [-68.2961, -9.02593], [-68.31623, -9.03442], [-68.31179, -9.04939], [-68.33496, -9.05859], [-68.32399, -8.99691], [-68.33818, -8.99919], [-68.36376, -8.99749], [-68.37548, -9.00186], [-68.3888, -8.99772], [-68.39357, -8.99271], [-68.39791, -8.96942], [-68.42682, -8.95337], [-68.43612, -8.9351], [-68.34251, -8.87217], [-68.33369, -8.88041], [-68.32297, -8.87471], [-68.3041, -8.8567], [-68.30072, -8.8316], [-68.27046, -8.78734], [-68.26525, -8.77405], [-68.25524, -8.77035], [-68.24384, -8.75623], [-68.23475, -8.75293], [-68.23082, -8.74366], [-68.22455, -8.74354], [-68.21882, -8.73723], [-68.21108, -8.73798], [-68.20383, -8.73401], [-68.20176, -8.72394], [-68.20485, -8.71164], [-68.20035, -8.70961], [-68.20191, -8.70819], [-68.12238, -8.71825], [-68.1186, -8.70954], [-68.10309, -8.70847], [-68.09382, -8.7112], [-68.08134, -8.72418], [-68.0613, -8.72358], [-68.03755, -8.70672], [-68.01605, -8.6729], [-68.00754, -8.6816], [-68.00551, -8.6922]]]}}, {"type": "Feature", "properties": {"nome": "Igarapé Grande", "etnia": "Kambéba", "fase": "Regularizada", "modalidade": "Tradicionalmente ocupada", "municipios": "Alvarães", "ha": 1539.6777, "uf": "AM"}, "geometry": {"type": "Polygon", "coordinates": [[[-64.86373, -3.20131], [-64.86041, -3.20283], [-64.85892, -3.21446], [-64.85976, -3.24239], [-64.89179, -3.23785], [-64.89333, -3.22427], [-64.88449, -3.22064], [-64.86373, -3.20131]]]}}, {"type": "Feature", "properties": {"nome": "Ilha do Camaleão", "etnia": "Tikúna", "fase": "Regularizada", "modalidade": "Tradicionalmente ocupada", "municipios": "Anamã", "ha": 236.78, "uf": "AM"}, "geometry": {"type": "Polygon", "coordinates": [[[-61.50879, -3.67873], [-61.51131, -3.67619], [-61.50698, -3.67147], [-61.48395, -3.66745], [-61.50879, -3.67873]]]}}, {"type": "Feature", "properties": {"nome": "Inauini/Teuini", "etnia": "Jamamadí", "fase": "Regularizada", "modalidade": "Tradicionalmente ocupada", "municipios": "Boca do Acre,Pauini", "ha": 468996.3, "uf": "AM"}, "geometry": {"type": "Polygon", "coordinates": [[[-67.58594, -8.21703], [-67.58931, -8.21333], [-67.59401, -8.21457], [-67.60952, -8.23289], [-67.61881, -8.23603], [-67.62618, -8.24983], [-67.62761, -8.23936], [-67.63263, -8.23382], [-67.64495, -8.23763], [-67.66317, -8.23732], [-67.67843, -8.22336], [-67.68432, -8.22346], [-67.69262, -8.23108], [-67.70875, -8.21563], [-67.72088, -8.21196], [-67.73807, -8.2141], [-68.02075, -8.08649], [-68.02523, -8.08904], [-68.04012, -8.0855], [-68.05061, -8.0784], [-68.0659, -8.07616], [-68.07479, -8.08762], [-68.09016, -8.06486], [-68.10298, -8.06264], [-68.16514, -8.12457], [-68.16959, -8.1279], [-68.17374, -8.12669], [-68.17354, -8.13117], [-68.17734, -8.13225], [-68.17927, -8.12445], [-68.18446, -8.12149], [-68.19541, -8.12963], [-68.19506, -8.13635], [-68.19978, -8.14463], [-68.22981, -8.17185], [-68.22918, -8.18336], [-68.2348, -8.19401], [-68.23257, -8.2105], [-68.27839, -8.16229], [-68.2761, -8.15882], [-68.28291, -8.14497], [-68.26905, -8.13018], [-68.27408, -8.11176], [-68.28434, -8.10195], [-68.287, -8.08693], [-68.29831, -8.09191], [-68.29997, -8.08764], [-68.29629, -8.07394], [-68.34465, -8.00566], [-68.3706, -7.99767], [-68.37555, -7.9918], [-68.39494, -7.98275], [-68.40761, -7.97966], [-68.42913, -7.98647], [-68.43886, -7.97926], [-68.4537, -7.97877], [-68.47472, -7.9611], [-68.48387, -7.95894], [-68.49177, -7.96316], [-68.49179, -7.97853], [-68.50147, -7.9831], [-68.51016, -7.98318], [-68.51176, -7.99643], [-68.52553, -8.00015], [-68.53483, -8.03985], [-68.54816, -8.0417], [-68.56641, -8.03523], [-68.57941, -8.03741], [-68.594, -8.02044], [-68.6049, -8.02126], [-68.62296, -8.01318], [-68.63064, -8.01352], [-68.63877, -8.00713], [-68.66076, -8.00962], [-68.68151, -7.98848], [-68.69741, -7.9808], [-68.7055, -7.98268], [-68.7173, -7.97782], [-68.72672, -7.98491], [-68.81219, -7.96887], [-68.79653, -7.86283], [-68.79091, -7.85455], [-68.77878, -7.84688], [-68.77088, -7.83323], [-68.78209, -7.81891], [-68.77648, -7.78658], [-68.76032, -7.75389], [-68.73231, -7.72127], [-68.70337, -7.70668], [-68.69438, -7.70921], [-68.67487, -7.70573], [-68.66695, -7.70055], [-68.66266, -7.70273], [-68.65134, -7.69995], [-68.64, -7.69299], [-68.63891, -7.6882], [-68.63301, -7.68816], [-68.61015, -7.65763], [-68.60827, -7.63705], [-68.61354, -7.6268], [-68.6109, -7.62061], [-68.61304, -7.6159], [-68.61914, -7.61369], [-68.61357, -7.60736], [-68.59576, -7.60442], [-68.57557, -7.60894], [-68.56328, -7.62431], [-68.54148, -7.64161], [-68.52166, -7.64142], [-68.52709, -7.65], [-68.52276, -7.65131], [-68.5176, -7.65892], [-68.50893, -7.66403], [-68.50036, -7.66298], [-68.49293, -7.65774], [-68.47635, -7.63448], [-68.457, -7.62586], [-68.44975, -7.60408], [-68.44146, -7.59284], [-68.44067, -7.58514], [-68.43222, -7.59274], [-68.41498, -7.60082], [-68.40608, -7.61481], [-68.39328, -7.62076], [-68.39057, -7.62675], [-68.3774, -7.62957], [-68.37529, -7.6341], [-68.36932, -7.63556], [-68.36939, -7.63857], [-68.35829, -7.6381], [-68.34465, -7.68311], [-68.31518, -7.6866], [-68.29299, -7.70132], [-68.27338, -7.70774], [-68.2648, -7.70602], [-68.24886, -7.71221], [-68.24469, -7.71761], [-68.23355, -7.7564], [-68.22884, -7.75913], [-68.2209, -7.75352], [-68.19022, -7.80913], [-68.18102, -7.79524], [-68.14509, -7.78571], [-68.12572, -7.79842], [-68.11557, -7.80113], [-68.10595, -7.79138], [-68.08442, -7.78652], [-68.0734, -7.76277], [-68.06426, -7.75513], [-68.04999, -7.75468], [-68.05143, -7.76176], [-68.04663, -7.79444], [-68.03621, -7.80467], [-68.03613, -7.8133], [-68.0157, -7.84238], [-68.00906, -7.84581], [-68.00551, -7.85222], [-67.99594, -7.85422], [-67.98819, -7.8622], [-67.95993, -7.85292], [-67.95305, -7.84776], [-67.94407, -7.849], [-67.89268, -7.87325], [-67.87306, -7.87774], [-67.8706, -7.88586], [-67.85884, -7.89109], [-67.84982, -7.9005], [-67.83413, -7.90025], [-67.81732, -7.89313], [-67.81253, -7.89525], [-67.79929, -7.88652], [-67.77495, -7.88161], [-67.75348, -7.90227], [-67.75132, -7.9093], [-67.73496, -7.91806], [-67.73113, -7.92617], [-67.71008, -7.94045], [-67.7047, -7.95242], [-67.69807, -7.94977], [-67.69258, -7.95397], [-67.6892, -7.9525], [-67.68063, -7.96708], [-67.67114, -7.97338], [-67.65201, -7.96936], [-67.63934, -7.97694], [-67.63351, -7.97241], [-67.6295, -7.97762], [-67.62285, -7.97684], [-67.62136, -7.97346], [-67.60982, -7.97951], [-67.60167, -7.97975], [-67.58513, -7.97151], [-67.58037, -7.96294], [-67.56598, -7.95664], [-67.56519, -7.95181], [-67.55762, -7.94994], [-67.55661, -7.97673], [-67.56945, -7.99972], [-67.57737, -8.03244], [-67.56985, -8.03913], [-67.56356, -8.03896], [-67.56555, -8.04429], [-67.56164, -8.05119], [-67.54657, -8.05959], [-67.54617, -8.06396], [-67.56467, -8.07408], [-67.57235, -8.07063], [-67.57929, -8.07785], [-67.57164, -8.09468], [-67.55027, -8.11367], [-67.58594, -8.21703]]]}}, {"type": "Feature", "properties": {"nome": "Ipixuna", "etnia": "Diahói", "fase": "Regularizada", "modalidade": "Tradicionalmente ocupada", "municipios": "Humaitá", "ha": 215362.1079, "uf": "AM"}, "geometry": {"type": "Polygon", "coordinates": [[[-62.01778, -6.38757], [-62.01151, -6.3989], [-62.00361, -6.3967], [-62.00353, -6.40168], [-61.98887, -6.40908], [-61.98934, -6.41667], [-61.96162, -6.46429], [-61.9047, -6.464], [-61.90439, -6.52753], [-61.94457, -6.54365], [-61.99961, -6.70864], [-62.03294, -6.75907], [-62.02257, -6.82391], [-62.10691, -6.98636], [-62.17358, -6.98717], [-62.28576, -7.09233], [-62.31735, -7.16312], [-62.34139, -7.18485], [-62.34871, -7.18691], [-62.35342, -7.19416], [-62.36872, -7.19311], [-62.38287, -7.20545], [-62.38659, -7.21305], [-62.39319, -7.21191], [-62.40292, -7.20376], [-62.40233, -7.1963], [-62.39821, -7.19187], [-62.40219, -7.18476], [-62.39694, -7.18041], [-62.39859, -7.17699], [-62.39539, -7.16799], [-62.39959, -7.15322], [-62.40408, -7.15142], [-62.40378, -7.14697], [-62.39857, -7.14453], [-62.40112, -7.13959], [-62.41055, -7.14075], [-62.41437, -7.15832], [-62.42163, -7.1601], [-62.43635, -7.15118], [-62.44291, -7.14255], [-62.45064, -7.14126], [-62.4599, -7.13141], [-62.46643, -7.13001], [-62.46709, -7.12695], [-62.47893, -7.12344], [-62.48946, -7.12839], [-62.48934, -7.10223], [-62.42967, -7.027], [-62.36465, -7.0219], [-62.3595, -6.96969], [-62.34624, -6.94959], [-62.3268, -6.92853], [-62.31061, -6.84728], [-62.3041, -6.83086], [-62.27525, -6.78362], [-62.27075, -6.76773], [-62.23413, -6.76237], [-62.21569, -6.55236], [-62.2021, -6.51482], [-62.17113, -6.47071], [-62.16868, -6.45571], [-62.14573, -6.44363], [-62.12534, -6.4387], [-62.12275, -6.42425], [-62.11137, -6.42539], [-62.103, -6.43331], [-62.09736, -6.43246], [-62.08225, -6.41241], [-62.07394, -6.40757], [-62.06474, -6.41005], [-62.02608, -6.40891], [-62.03054, -6.40403], [-62.02227, -6.40344], [-62.02147, -6.40102], [-62.02649, -6.3997], [-62.02098, -6.39786], [-62.02233, -6.40706], [-62.02013, -6.39989], [-62.01683, -6.40068], [-62.01939, -6.39811], [-62.01593, -6.39638], [-62.01878, -6.3962], [-62.01587, -6.39309], [-62.01778, -6.38757]]]}}, {"type": "Feature", "properties": {"nome": "Itaitinga", "etnia": "Múra", "fase": "Regularizada", "modalidade": "Tradicionalmente ocupada", "municipios": "Autazes", "ha": 135.8842, "uf": "AM"}, "geometry": {"type": "Polygon", "coordinates": [[[-59.2018, -3.5548], [-59.19752, -3.5561], [-59.18739, -3.56953], [-59.19163, -3.5734], [-59.20039, -3.56096], [-59.207, -3.55953], [-59.2018, -3.5548]]]}}, {"type": "Feature", "properties": {"nome": "Jaquiri", "etnia": "Kambéba", "fase": "Regularizada", "modalidade": "Tradicionalmente ocupada", "municipios": "Uarini", "ha": 1819.9825, "uf": "AM"}, "geometry": {"type": "Polygon", "coordinates": [[[-64.85278, -3.07222], [-64.8515, -3.10424], [-64.87256, -3.09473], [-64.88777, -3.09733], [-64.8936, -3.09097], [-64.89511, -3.08723], [-64.87694, -3.06111], [-64.85278, -3.07222]]]}}, {"type": "Feature", "properties": {"nome": "Jarawara/Jamamadi/Kanamati", "etnia": "Jamamadí e Kanamarí e Yaminawa", "fase": "Regularizada", "modalidade": "Tradicionalmente ocupada", "municipios": "Lábrea e Tapauá", "ha": 390233.0536, "uf": "AM"}, "geometry": {"type": "Polygon", "coordinates": [[[-65.09832, -6.79456], [-65.10108, -6.79968], [-65.10835, -6.80262], [-65.1124, -6.82024], [-65.11023, -6.81943], [-65.11063, -6.82508], [-65.10367, -6.83506], [-65.10349, -6.84401], [-65.09634, -6.85001], [-65.09529, -6.86488], [-65.09093, -6.866], [-65.09458, -6.87316], [-65.09934, -6.87236], [-65.10528, -6.88316], [-65.10079, -6.88408], [-65.10056, -6.88893], [-65.09458, -6.89199], [-65.0951, -6.90053], [-65.08882, -6.90115], [-65.07768, -6.91274], [-65.07593, -6.91127], [-65.07084, -6.92205], [-65.07431, -6.92278], [-65.0682, -6.92561], [-65.06665, -6.93265], [-65.07659, -6.93829], [-65.08031, -6.94767], [-65.08467, -6.94826], [-65.08465, -6.96883], [-65.08124, -6.97069], [-65.08204, -6.97354], [-65.07722, -6.97286], [-65.07154, -6.96666], [-65.0638, -6.97571], [-65.05606, -6.97365], [-65.05079, -6.97912], [-65.04483, -6.97895], [-65.04178, -6.98372], [-65.03458, -6.98105], [-65.03076, -6.98971], [-65.03325, -6.9897], [-65.032, -6.99466], [-65.04065, -7.00284], [-65.0393, -7.0065], [-65.04609, -7.00755], [-65.0549, -7.01763], [-65.0608, -7.01642], [-65.06285, -7.02813], [-65.0815, -7.03703], [-65.08367, -7.04108], [-65.08622, -7.03781], [-65.09141, -7.04751], [-65.09863, -7.05227], [-65.07228, -7.12497], [-65.06635, -7.131], [-65.04988, -7.13561], [-65.02746, -7.14992], [-65.00853, -7.14702], [-64.99097, -7.13552], [-64.97509, -7.13809], [-64.97028, -7.14183], [-64.95856, -7.13684], [-64.95606, -7.13226], [-64.94271, -7.13473], [-64.92964, -7.13198], [-64.92584, -7.12835], [-64.91698, -7.12965], [-64.90889, -7.12476], [-64.90367, -7.1263], [-64.89971, -7.13874], [-64.92223, -7.15452], [-64.9275, -7.1613], [-64.92908, -7.17013], [-64.93711, -7.17601], [-64.93739, -7.18022], [-64.94941, -7.1802], [-64.96823, -7.18765], [-64.97577, -7.19877], [-64.98167, -7.20185], [-64.98615, -7.21555], [-64.99187, -7.22066], [-64.99921, -7.21818], [-65.02052, -7.22021], [-65.02328, -7.22307], [-65.0249, -7.22079], [-65.03568, -7.22738], [-65.03777, -7.2332], [-65.03558, -7.23814], [-65.04001, -7.2425], [-65.0651, -7.23703], [-65.07263, -7.24279], [-65.07752, -7.2426], [-65.09687, -7.23173], [-65.1113, -7.24074], [-65.11481, -7.25807], [-65.09409, -7.27865], [-65.09597, -7.28213], [-65.10249, -7.28169], [-65.10671, -7.28708], [-65.0955, -7.31202], [-65.10326, -7.3252], [-65.11269, -7.32137], [-65.12273, -7.29564], [-65.13168, -7.28835], [-65.14217, -7.28744], [-65.14948, -7.29235], [-65.15879, -7.29055], [-65.16298, -7.29411], [-65.17296, -7.32131], [-65.16914, -7.33116], [-65.17575, -7.3286], [-65.18588, -7.33107], [-65.20199, -7.32398], [-65.21724, -7.32479], [-65.22914, -7.33795], [-65.23293, -7.34714], [-65.23155, -7.36499], [-65.23473, -7.36429], [-65.24557, -7.37301], [-65.26488, -7.36753], [-65.27453, -7.37515], [-65.27958, -7.38691], [-65.2866, -7.3841], [-65.29553, -7.38902], [-65.30498, -7.40068], [-65.30674, -7.40939], [-65.32426, -7.41177], [-65.32147, -7.4081], [-65.33273, -7.39375], [-65.34964, -7.39123], [-65.34964, -7.39503], [-65.35375, -7.39717], [-65.35169, -7.39949], [-65.35776, -7.40276], [-65.35988, -7.39974], [-65.36018, -7.40613], [-65.37056, -7.40945], [-65.36925, -7.41343], [-65.37212, -7.41546], [-65.37181, -7.41263], [-65.37449, -7.41321], [-65.37815, -7.42127], [-65.38101, -7.42244], [-65.38199, -7.41891], [-65.3833, -7.42354], [-65.38504, -7.42107], [-65.38408, -7.42593], [-65.3944, -7.41791], [-65.40256, -7.41796], [-65.40206, -7.41496], [-65.40397, -7.4165], [-65.40435, -7.41271], [-65.40762, -7.41209], [-65.40622, -7.42479], [-65.4087, -7.42999], [-65.40609, -7.43278], [-65.41921, -7.45475], [-65.41673, -7.45811], [-65.42443, -7.45834], [-65.42507, -7.46319], [-65.43254, -7.45861], [-65.43286, -7.46363], [-65.43666, -7.46484], [-65.44963, -7.45372], [-65.44795, -7.44941], [-65.4525, -7.44894], [-65.45049, -7.4468], [-65.45359, -7.44436], [-65.457, -7.44339], [-65.45891, -7.44624], [-65.45932, -7.44312], [-65.46615, -7.44821], [-65.47116, -7.44435], [-65.473, -7.44872], [-65.48108, -7.43951], [-65.4921, -7.43372], [-65.49354, -7.43765], [-65.50222, -7.43681], [-65.50537, -7.43939], [-65.50655, -7.43517], [-65.51489, -7.43437], [-65.51387, -7.43081], [-65.52255, -7.42769], [-65.52203, -7.42381], [-65.52648, -7.42164], [-65.53042, -7.43537], [-65.53298, -7.43163], [-65.54676, -7.43528], [-65.55662, -7.42499], [-65.56012, -7.42612], [-65.56653, -7.41985], [-65.57309, -7.40039], [-65.57836, -7.39856], [-65.58331, -7.38606], [-65.58887, -7.38811], [-65.59046, -7.38049], [-65.59866, -7.38755], [-65.61013, -7.37717], [-65.62966, -7.37562], [-65.63631, -7.36983], [-65.6518, -7.36973], [-65.65892, -7.36555], [-65.66147, -7.36756], [-65.66162, -7.36416], [-65.66556, -7.3641], [-65.66482, -7.36143], [-65.66868, -7.36301], [-65.67401, -7.35644], [-65.68663, -7.35704], [-65.69282, -7.35393], [-65.70162, -7.36139], [-65.7011, -7.36449], [-65.70712, -7.36384], [-65.70829, -7.36791], [-65.71715, -7.36742], [-65.73636, -7.35328], [-65.74452, -7.3565], [-65.74866, -7.354], [-65.75508, -7.34458], [-65.76391, -7.34254], [-65.78036, -7.32394], [-65.79562, -7.33063], [-65.80681, -7.32262], [-65.81822, -7.32012], [-65.81584, -7.29386], [-65.8337, -7.27218], [-65.82363, -7.26675], [-65.82154, -7.25313], [-65.811, -7.24153], [-65.8108, -7.23595], [-65.82902, -7.20151], [-65.83622, -7.19388], [-65.85662, -7.18502], [-65.86071, -7.17071], [-65.77449, -7.18446], [-65.79164, -7.1606], [-65.79245, -7.14229], [-65.78411, -7.13122], [-65.7882, -7.10843], [-65.78566, -7.09558], [-65.76744, -7.08425], [-65.76418, -7.07588], [-65.73829, -7.06853], [-65.73412, -7.06447], [-65.72855, -7.0665], [-65.71669, -7.06202], [-65.70841, -7.06301], [-65.695, -7.05726], [-65.68818, -7.04879], [-65.68152, -7.04668], [-65.67522, -7.03868], [-65.6769, -7.03347], [-65.67091, -7.01878], [-65.65201, -6.9915], [-65.64002, -6.97777], [-65.62541, -6.97632], [-65.62332, -6.96856], [-65.6146, -6.96407], [-65.61141, -6.95607], [-65.5994, -6.94491], [-65.58611, -6.94919], [-65.58008, -6.94652], [-65.56531, -6.95368], [-65.5517, -6.94752], [-65.53342, -6.96441], [-65.51806, -6.9631], [-65.50662, -6.95614], [-65.50226, -6.9599], [-65.49983, -6.952], [-65.47612, -6.95381], [-65.4714, -6.96303], [-65.46131, -6.96598], [-65.45959, -6.96966], [-65.45669, -6.96538], [-65.43833, -6.95847], [-65.42699, -6.94701], [-65.42395, -6.9375], [-65.41484, -6.93456], [-65.40587, -6.93966], [-65.39702, -6.93448], [-65.3906, -6.9396], [-65.38948, -6.93657], [-65.37283, -6.93985], [-65.36906, -6.93797], [-65.36295, -6.94861], [-65.35369, -6.94573], [-65.35095, -6.95065], [-65.33912, -6.9496], [-65.33121, -6.95471], [-65.32286, -6.94833], [-65.31261, -6.94865], [-65.30782, -6.93473], [-65.30994, -6.94197], [-65.30579, -6.94555], [-65.30301, -6.94587], [-65.30206, -6.93758], [-65.29548, -6.9364], [-65.28308, -6.94672], [-65.27822, -6.93622], [-65.28009, -6.92925], [-65.27549, -6.92894], [-65.27592, -6.9259], [-65.27265, -6.92971], [-65.27423, -6.93353], [-65.26921, -6.93763], [-65.27379, -6.94166], [-65.274, -6.94711], [-65.26098, -6.94845], [-65.25728, -6.93533], [-65.24415, -6.93477], [-65.24257, -6.93703], [-65.24195, -6.93392], [-65.23014, -6.93366], [-65.2226, -6.92947], [-65.22037, -6.91962], [-65.21245, -6.91343], [-65.20927, -6.92029], [-65.20694, -6.9198], [-65.20386, -6.91499], [-65.20925, -6.91411], [-65.20461, -6.90562], [-65.20175, -6.90445], [-65.20058, -6.90908], [-65.19433, -6.9013], [-65.19156, -6.90184], [-65.19211, -6.89575], [-65.18457, -6.8911], [-65.18169, -6.87904], [-65.17821, -6.88145], [-65.17526, -6.87951], [-65.17638, -6.87478], [-65.17228, -6.87468], [-65.1749, -6.86967], [-65.17215, -6.87087], [-65.17258, -6.86635], [-65.16721, -6.86446], [-65.1653, -6.8547], [-65.16125, -6.85468], [-65.16778, -6.83584], [-65.1637, -6.82379], [-65.15307, -6.81591], [-65.13811, -6.81855], [-65.13737, -6.81475], [-65.14162, -6.80983], [-65.13694, -6.80782], [-65.13017, -6.81004], [-65.13229, -6.80576], [-65.12475, -6.80715], [-65.12396, -6.79999], [-65.12047, -6.7974], [-65.11606, -6.80236], [-65.11359, -6.79716], [-65.09832, -6.79456]]]}}, {"type": "Feature", "properties": {"nome": "Jatuarana", "etnia": "Apurinã", "fase": "Regularizada", "modalidade": "Tradicionalmente ocupada", "municipios": "Manacapuru", "ha": 5251.7956, "uf": "AM"}, "geometry": {"type": "Polygon", "coordinates": [[[-60.87639, -3.07659], [-60.88353, -3.11433], [-60.88949, -3.1219], [-60.89678, -3.12579], [-60.89551, -3.11914], [-60.89866, -3.1212], [-60.90131, -3.11839], [-60.89903, -3.12781], [-60.90411, -3.12737], [-60.90687, -3.12165], [-60.90806, -3.12504], [-60.90503, -3.12794], [-60.90904, -3.1302], [-60.92181, -3.12309], [-60.91674, -3.12033], [-60.91695, -3.11679], [-60.92061, -3.11847], [-60.91869, -3.11245], [-60.92038, -3.11449], [-60.93495, -3.10688], [-60.93507, -3.10359], [-60.94581, -3.10476], [-60.95091, -3.0953], [-60.94404, -3.07576], [-60.94367, -3.0573], [-60.93461, -3.03908], [-60.87639, -3.07659]]]}}, {"type": "Feature", "properties": {"nome": "Jauary", "etnia": "Múra", "fase": "Delimitada", "modalidade": "Tradicionalmente ocupada", "municipios": "Autazes", "ha": 24831, "uf": "AM"}, "geometry": {"type": "Polygon", "coordinates": [[[-59.02925, -3.33063], [-59.02495, -3.33678], [-59.0211, -3.33527], [-59.01374, -3.33843], [-58.99464, -3.35579], [-58.98478, -3.3561], [-58.96227, -3.37998], [-58.9456, -3.3895], [-58.92659, -3.3847], [-58.90698, -3.37398], [-58.90075, -3.38031], [-58.91302, -3.38373], [-58.94021, -3.40726], [-58.96205, -3.41692], [-58.98826, -3.40499], [-59.00655, -3.40296], [-59.00772, -3.4079], [-59.00161, -3.41946], [-59.00289, -3.42616], [-59.03175, -3.4447], [-59.06667, -3.48767], [-59.08442, -3.47302], [-59.09102, -3.47189], [-59.1, -3.47713], [-59.1067, -3.49039], [-59.11116, -3.48712], [-59.12047, -3.48944], [-59.12596, -3.49548], [-59.13142, -3.49409], [-59.14117, -3.49757], [-59.1418, -3.47671], [-59.14533, -3.47578], [-59.14913, -3.48239], [-59.16805, -3.48011], [-59.16966, -3.48261], [-59.16815, -3.47802], [-59.17551, -3.47139], [-59.18283, -3.46973], [-59.18631, -3.4593], [-59.18004, -3.44676], [-59.18472, -3.4415], [-59.18131, -3.43887], [-59.18451, -3.4374], [-59.17618, -3.42626], [-59.18157, -3.42863], [-59.18094, -3.41879], [-59.1822, -3.42174], [-59.18337, -3.41812], [-59.1876, -3.41876], [-59.18971, -3.41177], [-59.18173, -3.40789], [-59.18333, -3.40226], [-59.18012, -3.39786], [-59.18007, -3.40174], [-59.17616, -3.40151], [-59.1684, -3.40913], [-59.16464, -3.40295], [-59.14584, -3.39588], [-59.14153, -3.39849], [-59.13813, -3.38949], [-59.13165, -3.38796], [-59.13348, -3.37909], [-59.12626, -3.37208], [-59.11198, -3.37725], [-59.09926, -3.36642], [-59.09392, -3.36681], [-59.0873, -3.37695], [-59.07925, -3.3815], [-59.06247, -3.3848], [-59.03764, -3.36421], [-59.03623, -3.35092], [-59.03412, -3.34745], [-59.03224, -3.35027], [-59.03137, -3.34633], [-59.03439, -3.34605], [-59.03053, -3.34034], [-59.03666, -3.33954], [-59.03665, -3.33557], [-59.03172, -3.33571], [-59.02925, -3.33063]]]}}, {"type": "Feature", "properties": {"nome": "Juma", "etnia": "Juma", "fase": "Regularizada", "modalidade": "Tradicionalmente ocupada", "municipios": "Canutama", "ha": 38351.1496, "uf": "AM"}, "geometry": {"type": "Polygon", "coordinates": [[[-64.03449, -7.27047], [-64.02536, -7.27958], [-63.99909, -7.28057], [-63.99337, -7.27974], [-63.98309, -7.26335], [-63.97765, -7.26435], [-63.97397, -7.26791], [-63.96781, -7.28834], [-63.91087, -7.33336], [-63.90358, -7.33549], [-63.8851, -7.33677], [-63.85032, -7.30997], [-63.83803, -7.32277], [-63.8488, -7.33182], [-63.84273, -7.34078], [-63.84125, -7.35508], [-63.84456, -7.37911], [-63.85285, -7.38907], [-63.85091, -7.39353], [-63.85322, -7.40296], [-63.84626, -7.41417], [-63.84682, -7.42146], [-63.85411, -7.42643], [-63.88558, -7.43383], [-63.89475, -7.43919], [-63.89559, -7.4339], [-64.01604, -7.43273], [-64.04429, -7.41752], [-64.0669, -7.41064], [-64.06931, -7.39752], [-64.06585, -7.39659], [-64.07501, -7.38899], [-64.07255, -7.38457], [-64.07937, -7.3752], [-64.08317, -7.37223], [-64.0832, -7.37618], [-64.08528, -7.37514], [-64.08392, -7.37025], [-64.07875, -7.36795], [-64.08256, -7.36538], [-64.08154, -7.36239], [-64.075, -7.35693], [-64.07607, -7.35125], [-64.08051, -7.35071], [-64.07583, -7.34556], [-64.0786, -7.34353], [-64.07238, -7.34066], [-64.07788, -7.33633], [-64.08172, -7.33711], [-64.07713, -7.33152], [-64.07748, -7.32549], [-64.08053, -7.32227], [-64.08344, -7.32372], [-64.08175, -7.31564], [-64.08774, -7.31443], [-64.08496, -7.31384], [-64.08427, -7.30686], [-64.08279, -7.30991], [-64.07843, -7.30414], [-64.07978, -7.2966], [-64.07733, -7.29433], [-64.08042, -7.29479], [-64.07784, -7.2867], [-64.08259, -7.27653], [-64.09516, -7.27114], [-64.09883, -7.26188], [-64.08876, -7.2696], [-64.06917, -7.26964], [-64.06185, -7.26183], [-64.05763, -7.2467], [-64.03343, -7.24008], [-64.01003, -7.22723], [-64.00786, -7.23321], [-64.01035, -7.24147], [-64.03284, -7.25678], [-64.03449, -7.27047]]]}}, {"type": "Feature", "properties": {"nome": "Kanamari do Rio Juruá", "etnia": "Kanamarí", "fase": "Regularizada", "modalidade": "Tradicionalmente ocupada", "municipios": "Itamarati,Pauini,Eirunepé", "ha": 596433.64, "uf": "AM"}, "geometry": {"type": "Polygon", "coordinates": [[[-69.70325, -7.03735], [-69.70322, -7.03331], [-69.70948, -7.02801], [-69.71308, -7.02955], [-69.70659, -7.0215], [-69.71014, -7.01734], [-69.70916, -7.01064], [-69.71232, -7.01238], [-69.71125, -7.01603], [-69.71567, -7.01288], [-69.71783, -7.01942], [-69.71775, -7.01024], [-69.7232, -7.00986], [-69.72251, -7.00516], [-69.7258, -7.00226], [-69.71787, -6.99153], [-69.72069, -6.97691], [-69.72576, -6.97062], [-69.7237, -6.95993], [-69.71467, -6.9573], [-69.71065, -6.94662], [-69.71172, -6.89137], [-69.72402, -6.88139], [-69.71975, -6.86742], [-69.71336, -6.86159], [-69.71469, -6.84907], [-69.72071, -6.84466], [-69.72595, -6.82629], [-69.72357, -6.82296], [-69.71592, -6.82503], [-69.71438, -6.8207], [-69.71671, -6.80567], [-69.72378, -6.79715], [-69.72268, -6.79122], [-69.73521, -6.77829], [-69.73252, -6.76708], [-69.73685, -6.76129], [-69.72977, -6.76468], [-69.7287, -6.77247], [-69.72506, -6.76751], [-69.71449, -6.76653], [-69.67266, -6.68371], [-69.67203, -6.6719], [-69.65969, -6.66142], [-69.64741, -6.66191], [-69.64466, -6.65651], [-69.64, -6.65634], [-69.6414, -6.65211], [-69.63791, -6.64937], [-69.64211, -6.64638], [-69.63726, -6.64652], [-69.61931, -6.63569], [-69.61983, -6.63285], [-69.61677, -6.63541], [-69.61444, -6.63236], [-69.60891, -6.64026], [-69.59948, -6.64258], [-69.59404, -6.63703], [-69.59071, -6.63833], [-69.58956, -6.63154], [-69.5852, -6.63003], [-69.58475, -6.633], [-69.58033, -6.63362], [-69.57763, -6.62987], [-69.56283, -6.62707], [-69.54565, -6.61433], [-69.53692, -6.61482], [-69.52344, -6.6263], [-69.51427, -6.61722], [-69.50193, -6.62254], [-69.48743, -6.61562], [-69.46431, -6.61221], [-69.45914, -6.6069], [-69.4505, -6.60994], [-69.44768, -6.61211], [-69.45151, -6.6168], [-69.44648, -6.62652], [-69.39474, -6.64791], [-69.33943, -6.68705], [-69.33619, -6.69544], [-69.32889, -6.69803], [-69.32565, -6.70263], [-69.3265, -6.71433], [-69.31897, -6.74016], [-69.33496, -6.74846], [-69.33766, -6.75438], [-69.34401, -6.75732], [-69.32929, -6.84439], [-69.21531, -6.82244], [-69.15999, -6.84431], [-69.13951, -6.8016], [-69.06832, -6.82497], [-69.06062, -6.81896], [-69.05015, -6.79356], [-69.03353, -6.77434], [-69.02414, -6.74029], [-69.01028, -6.73156], [-68.99954, -6.73638], [-68.9695, -6.72513], [-68.96084, -6.72907], [-68.95593, -6.72712], [-68.94851, -6.73463], [-68.93549, -6.73892], [-68.92141, -6.73488], [-68.91222, -6.7405], [-68.89513, -6.73396], [-68.8838, -6.7392], [-68.8588, -6.73603], [-68.86084, -6.7328], [-68.85062, -6.72329], [-68.84885, -6.72649], [-68.83813, -6.7233], [-68.83393, -6.7283], [-68.82309, -6.72722], [-68.82439, -6.7297], [-68.82068, -6.73231], [-68.80917, -6.73047], [-68.80725, -6.72584], [-68.80077, -6.73141], [-68.79712, -6.72925], [-68.79751, -6.7314], [-68.79004, -6.73222], [-68.78856, -6.72942], [-68.78383, -6.72948], [-68.78399, -6.73207], [-68.77693, -6.7308], [-68.77442, -6.73737], [-68.76491, -6.73952], [-68.76179, -6.73595], [-68.75848, -6.74248], [-68.75245, -6.74249], [-68.74926, -6.73621], [-68.74419, -6.73818], [-68.73943, -6.73572], [-68.73913, -6.73022], [-68.73022, -6.73215], [-68.72819, -6.73608], [-68.72214, -6.71687], [-68.7185, -6.71436], [-68.71903, -6.7187], [-68.71501, -6.71819], [-68.71386, -6.72113], [-68.71257, -6.71725], [-68.7097, -6.71758], [-68.7132, -6.71442], [-68.71118, -6.71136], [-68.69988, -6.70769], [-68.70218, -6.70066], [-68.69572, -6.69462], [-68.69171, -6.69577], [-68.69422, -6.69105], [-68.68871, -6.68847], [-68.6946, -6.67879], [-68.68459, -6.673], [-68.67691, -6.67416], [-68.67564, -6.66916], [-68.67256, -6.66942], [-68.67134, -6.68049], [-68.66054, -6.67652], [-68.65925, -6.67996], [-68.65476, -6.67838], [-68.65216, -6.6817], [-68.64401, -6.6819], [-68.64359, -6.68659], [-68.63792, -6.69098], [-68.63152, -6.68687], [-68.62469, -6.6892], [-68.61871, -6.68592], [-68.61681, -6.68932], [-68.60989, -6.68034], [-68.60362, -6.68152], [-68.6023, -6.67531], [-68.59529, -6.67656], [-68.59522, -6.6805], [-68.59156, -6.68137], [-68.58646, -6.67847], [-68.58767, -6.6755], [-68.58408, -6.67746], [-68.5841, -6.66963], [-68.57928, -6.67284], [-68.57613, -6.67068], [-68.57626, -6.67301], [-68.56587, -6.67045], [-68.56322, -6.66629], [-68.55851, -6.66915], [-68.55666, -6.66013], [-68.55207, -6.66695], [-68.54956, -6.66282], [-68.54404, -6.66463], [-68.54221, -6.66011], [-68.54074, -6.66423], [-68.53603, -6.66499], [-68.53632, -6.66078], [-68.53307, -6.65883], [-68.52769, -6.66051], [-68.52903, -6.66434], [-68.52557, -6.66222], [-68.52463, -6.66724], [-68.52113, -6.66602], [-68.52156, -6.66941], [-68.5183, -6.66796], [-68.51878, -6.67113], [-68.5169, -6.66623], [-68.51061, -6.66684], [-68.51304, -6.66909], [-68.50943, -6.67039], [-68.50012, -6.6632], [-68.49461, -6.66343], [-68.49614, -6.66561], [-68.49417, -6.66442], [-68.48977, -6.66993], [-68.48642, -6.66647], [-68.48984, -6.66555], [-68.48465, -6.66305], [-68.48407, -6.66852], [-68.47574, -6.66603], [-68.4775, -6.67578], [-68.47261, -6.67914], [-68.46846, -6.67778], [-68.46802, -6.67322], [-68.4595, -6.67769], [-68.45364, -6.6756], [-68.45338, -6.68165], [-68.44813, -6.67751], [-68.44664, -6.68235], [-68.4433, -6.67671], [-68.44137, -6.68048], [-68.43795, -6.67441], [-68.43287, -6.67513], [-68.43223, -6.67015], [-68.42623, -6.67049], [-68.42768, -6.67471], [-68.42247, -6.67159], [-68.4217, -6.67633], [-68.41778, -6.67503], [-68.41673, -6.67784], [-68.40891, -6.67454], [-68.41092, -6.67726], [-68.40742, -6.68107], [-68.4062, -6.67708], [-68.40173, -6.67632], [-68.4025, -6.6715], [-68.39497, -6.66667], [-68.39283, -6.66945], [-68.39125, -6.66667], [-68.38799, -6.66752], [-68.3887, -6.66509], [-68.38445, -6.66817], [-68.38374, -6.66521], [-68.37538, -6.6651], [-68.3764, -6.66118], [-68.37165, -6.65963], [-68.37383, -6.66453], [-68.36541, -6.66222], [-68.36313, -6.66971], [-68.36059, -6.66747], [-68.35706, -6.66918], [-68.34945, -6.66256], [-68.3483, -6.66552], [-68.34121, -6.65918], [-68.34104, -6.66242], [-68.33773, -6.66122], [-68.33842, -6.65792], [-68.33517, -6.65916], [-68.33662, -6.65578], [-68.33164, -6.65291], [-68.32683, -6.65315], [-68.32333, -6.65839], [-68.3231, -6.65436], [-68.31928, -6.65414], [-68.31783, -6.65894], [-68.31274, -6.65059], [-68.31004, -6.65343], [-68.30699, -6.64975], [-68.30625, -6.65316], [-68.30413, -6.64811], [-68.30266, -6.65194], [-68.29364, -6.65152], [-68.29257, -6.64859], [-68.29033, -6.65423], [-68.28052, -6.65066], [-68.28075, -6.66619], [-68.24097, -6.66624], [-68.23511, -6.67456], [-68.24231, -6.68873], [-68.23727, -6.69524], [-68.23581, -6.70724], [-68.24086, -6.71496], [-68.23666, -6.71772], [-68.24367, -6.71953], [-68.24537, -6.72536], [-68.25388, -6.72529], [-68.26413, -6.7307], [-68.26962, -6.73979], [-68.26741, -6.74859], [-68.27809, -6.75524], [-68.28183, -6.76393], [-68.2871, -6.76442], [-68.29165, -6.76954], [-68.30204, -6.78907], [-68.31967, -6.79841], [-68.32574, -6.81072], [-68.34137, -6.81295], [-68.34348, -6.81705], [-68.36008, -6.82267], [-68.36293, -6.82653], [-68.38906, -6.83412], [-68.40558, -6.83018], [-68.41099, -6.84616], [-68.41694, -6.84927], [-68.41954, -6.8568], [-68.42479, -6.85705], [-68.4395, -6.86649], [-68.4383, -6.8713], [-68.43187, -6.87436], [-68.43128, -6.88184], [-68.41582, -6.88559], [-68.41598, -6.89762], [-68.42542, -6.90641], [-68.44516, -6.91347], [-68.49209, -6.98543], [-68.77064, -7.14367], [-69.1058, -7.00655], [-69.14983, -7.05828], [-69.15393, -7.05953], [-69.15041, -7.05386], [-69.17206, -7.0458], [-69.18172, -7.03215], [-69.19091, -7.03313], [-69.19398, -7.02907], [-69.19754, -7.0318], [-69.21196, -7.03074], [-69.23309, -7.03832], [-69.25336, -7.02959], [-69.25857, -7.02963], [-69.26493, -7.03469], [-69.27975, -7.02828], [-69.30199, -7.03678], [-69.3102, -7.04437], [-69.33194, -7.04472], [-69.35855, -7.05246], [-69.37173, -7.07664], [-69.38052, -7.08098], [-69.38394, -7.08772], [-69.39417, -7.08965], [-69.40015, -7.09622], [-69.40362, -7.09402], [-69.51268, -7.18257], [-69.66144, -7.19064], [-69.66746, -7.18371], [-69.66549, -7.18173], [-69.66939, -7.17929], [-69.6676, -7.17729], [-69.67271, -7.16534], [-69.67848, -7.16195], [-69.67336, -7.15342], [-69.6772, -7.15258], [-69.67373, -7.13918], [-69.67651, -7.13769], [-69.67803, -7.14195], [-69.67901, -7.13639], [-69.68252, -7.13682], [-69.67653, -7.13092], [-69.67976, -7.12716], [-69.67501, -7.12235], [-69.68381, -7.11597], [-69.68315, -7.10932], [-69.69419, -7.09982], [-69.69212, -7.09545], [-69.6987, -7.09393], [-69.69749, -7.08753], [-69.69386, -7.08606], [-69.69645, -7.08445], [-69.69367, -7.08189], [-69.69621, -7.07492], [-69.69208, -7.07118], [-69.69376, -7.06525], [-69.69785, -7.06604], [-69.7001, -7.05983], [-69.69426, -7.05827], [-69.69338, -7.05604], [-69.69955, -7.05208], [-69.69526, -7.05127], [-69.70383, -7.04907], [-69.70543, -7.04483], [-69.70971, -7.04798], [-69.70964, -7.04178], [-69.70325, -7.03735]]]}}, {"type": "Feature", "properties": {"nome": "Kaxarari", "etnia": "Kaxarari", "fase": "Regularizada", "modalidade": "Tradicionalmente ocupada", "municipios": "Lábrea,Porto Velho", "ha": 145889.9849, "uf": "AM,RO"}, "geometry": {"type": "Polygon", "coordinates": [[[-66.14577, -9.15951], [-66.12921, -9.1739], [-66.14086, -9.19963], [-66.13231, -9.20858], [-66.14075, -9.22199], [-66.12313, -9.25734], [-66.11315, -9.26559], [-66.10781, -9.26622], [-66.12917, -9.43188], [-66.11026, -9.44695], [-66.10337, -9.45778], [-66.09841, -9.50514], [-66.10202, -9.51598], [-66.11578, -9.51423], [-66.12114, -9.52356], [-66.12345, -9.51924], [-66.13443, -9.52447], [-66.138, -9.52203], [-66.13739, -9.52614], [-66.14217, -9.52987], [-66.1472, -9.527], [-66.15106, -9.52997], [-66.15616, -9.5283], [-66.15976, -9.53415], [-66.16814, -9.53474], [-66.17087, -9.53182], [-66.17562, -9.53707], [-66.18534, -9.5304], [-66.18772, -9.53233], [-66.19288, -9.5299], [-66.1921, -9.53186], [-66.19758, -9.53362], [-66.20763, -9.52972], [-66.21108, -9.53976], [-66.20969, -9.55021], [-66.22047, -9.55815], [-66.37245, -9.57872], [-66.43575, -9.56515], [-66.44498, -9.54158], [-66.45635, -9.53168], [-66.45804, -9.52228], [-66.47671, -9.50872], [-66.50448, -9.51469], [-66.51942, -9.50588], [-66.5277, -9.48779], [-66.52734, -9.4705], [-66.53497, -9.46405], [-66.53839, -9.45455], [-66.52772, -9.44606], [-66.52456, -9.43764], [-66.52463, -9.42688], [-66.53041, -9.41147], [-66.52114, -9.39991], [-66.51934, -9.40181], [-66.51191, -9.39469], [-66.50366, -9.37282], [-66.49603, -9.37961], [-66.48283, -9.37864], [-66.4759, -9.37678], [-66.46484, -9.36418], [-66.46356, -9.3458], [-66.45815, -9.33018], [-66.44569, -9.31474], [-66.44529, -9.29649], [-66.43924, -9.29073], [-66.43918, -9.27819], [-66.43115, -9.26027], [-66.41967, -9.27078], [-66.42079, -9.27362], [-66.41161, -9.27333], [-66.40674, -9.27668], [-66.4019, -9.27126], [-66.4001, -9.27428], [-66.39172, -9.27524], [-66.384, -9.27125], [-66.37768, -9.2726], [-66.37324, -9.26762], [-66.3681, -9.26804], [-66.36598, -9.26373], [-66.36119, -9.26427], [-66.36008, -9.25935], [-66.35552, -9.25883], [-66.3506, -9.25232], [-66.34177, -9.25561], [-66.32781, -9.25375], [-66.32681, -9.25129], [-66.31994, -9.25413], [-66.31444, -9.24892], [-66.30335, -9.24853], [-66.30268, -9.24495], [-66.28925, -9.24301], [-66.28132, -9.2354], [-66.269, -9.23511], [-66.26408, -9.22883], [-66.25509, -9.22704], [-66.24929, -9.22149], [-66.24968, -9.21304], [-66.23783, -9.20659], [-66.23534, -9.20052], [-66.2177, -9.18931], [-66.20739, -9.18873], [-66.18228, -9.16905], [-66.17361, -9.16904], [-66.16576, -9.16396], [-66.15298, -9.16436], [-66.14577, -9.15951]]]}}, {"type": "Feature", "properties": {"nome": "Kulina do Medio Jurua", "etnia": "Kulina Páno", "fase": "Regularizada", "modalidade": "Tradicionalmente ocupada", "municipios": "Envira,Ipixuna,Eirunepé,Tarauacá", "ha": 730142.9969, "uf": "AM,AC"}, "geometry": {"type": "Polygon", "coordinates": [[[-70.17096, -7.04429], [-70.15812, -7.04492], [-70.16047, -7.03973], [-70.15426, -7.0315], [-70.14861, -7.03221], [-70.14663, -7.0381], [-70.14264, -7.03281], [-70.13658, -7.03285], [-70.11718, -7.01992], [-70.11334, -7.0218], [-70.10867, -7.01943], [-70.10764, -7.01438], [-70.09979, -7.01203], [-70.094, -7.00257], [-70.09012, -7.00149], [-70.08933, -7.01947], [-70.09426, -7.02986], [-70.08941, -7.0394], [-70.09038, -7.05811], [-70.08435, -7.06222], [-70.08051, -7.07316], [-70.0737, -7.0796], [-70.07277, -7.09052], [-70.06541, -7.09715], [-70.05008, -7.10153], [-70.04255, -7.11065], [-70.04288, -7.11657], [-70.03016, -7.12192], [-70.0189, -7.13141], [-70.01537, -7.14242], [-70.01819, -7.15021], [-70.01707, -7.16253], [-70.14963, -7.30381], [-70.26701, -7.39208], [-70.43368, -7.50156], [-70.61332, -7.54227], [-70.59216, -7.57437], [-70.59458, -7.60013], [-70.59097, -7.60972], [-70.58239, -7.61933], [-70.57615, -7.63554], [-70.55961, -7.64486], [-70.54836, -7.65909], [-70.55135, -7.66945], [-70.56067, -7.67595], [-70.55799, -7.68831], [-70.56841, -7.70134], [-70.56393, -7.70627], [-70.56371, -7.71212], [-70.57056, -7.71616], [-70.57056, -7.72191], [-70.57538, -7.72542], [-70.58976, -7.72262], [-70.60056, -7.7273], [-70.61358, -7.72249], [-70.63244, -7.72379], [-70.68581, -7.78206], [-70.72541, -7.8099], [-70.70496, -7.79145], [-70.69991, -7.77023], [-70.71274, -7.75507], [-70.71424, -7.74508], [-70.72092, -7.73548], [-70.72885, -7.73474], [-70.73362, -7.74753], [-70.73926, -7.74682], [-70.73888, -7.7561], [-70.74532, -7.75496], [-70.74576, -7.74925], [-70.7572, -7.75446], [-70.75471, -7.75695], [-70.75924, -7.76194], [-70.76221, -7.75927], [-70.77326, -7.76309], [-70.77603, -7.77181], [-70.78893, -7.76743], [-70.80317, -7.75089], [-70.80156, -7.74676], [-70.80494, -7.74472], [-70.80535, -7.73365], [-70.80782, -7.7322], [-70.80538, -7.72834], [-70.80992, -7.72782], [-70.8106, -7.71562], [-70.815, -7.71231], [-70.81791, -7.71362], [-70.83707, -7.68832], [-70.83933, -7.67478], [-70.85083, -7.66344], [-70.84995, -7.65739], [-70.87021, -7.64338], [-70.8771, -7.63303], [-70.97098, -7.6592], [-70.90409, -7.50395], [-70.79368, -7.38991], [-70.78738, -7.37461], [-70.77105, -7.3615], [-70.77404, -7.34828], [-70.76624, -7.34084], [-70.76702, -7.32378], [-70.77392, -7.30872], [-70.76805, -7.29736], [-70.76938, -7.28696], [-70.76335, -7.27632], [-70.76541, -7.26156], [-70.76311, -7.25535], [-70.74957, -7.25194], [-70.75192, -7.24729], [-70.74955, -7.24542], [-70.75634, -7.22448], [-70.76042, -7.22174], [-70.76152, -7.21249], [-70.75122, -7.19881], [-70.75653, -7.19841], [-70.758, -7.18975], [-70.75568, -7.18646], [-70.76145, -7.18273], [-70.75917, -7.16938], [-70.76633, -7.16606], [-70.76685, -7.15795], [-70.77175, -7.16018], [-70.77474, -7.15827], [-70.77301, -7.13003], [-70.87018, -7.12694], [-70.90953, -7.16962], [-71.01443, -7.203], [-71.00886, -7.18504], [-71.01779, -7.17084], [-71.00204, -7.15749], [-71.01013, -7.15415], [-71.01897, -7.1571], [-71.04015, -7.15708], [-71.04922, -7.15121], [-71.06708, -7.17433], [-71.075, -7.17545], [-71.18789, -7.25815], [-71.19943, -7.25304], [-71.20891, -7.23981], [-71.20771, -7.20258], [-71.19683, -7.18624], [-71.19226, -7.17222], [-71.19874, -7.16718], [-71.20645, -7.14838], [-71.20419, -7.14128], [-71.19968, -7.14082], [-71.19966, -7.13725], [-71.19322, -7.1315], [-71.19647, -7.1217], [-71.18961, -7.12071], [-71.19478, -7.11567], [-71.19223, -7.10981], [-71.19515, -7.10368], [-71.1933, -7.09508], [-71.19764, -7.08336], [-71.19718, -7.0743], [-71.20389, -7.0693], [-71.20133, -7.06024], [-71.21192, -7.05987], [-71.21951, -7.05288], [-71.21869, -7.04951], [-71.22232, -7.04898], [-71.22179, -7.04161], [-71.21394, -7.03435], [-71.21816, -7.02673], [-71.21459, -7.0157], [-71.20377, -7.01361], [-71.20499, -7.00435], [-71.19815, -6.99969], [-71.19683, -6.98973], [-71.18165, -6.98864], [-71.18385, -6.98157], [-71.17907, -6.95889], [-71.1735, -6.95904], [-71.17349, -6.95549], [-71.16817, -6.95249], [-71.16693, -6.95651], [-71.15441, -6.95522], [-71.15028, -6.9588], [-71.14865, -6.95202], [-71.13986, -6.94933], [-71.13799, -6.92948], [-71.13425, -6.92559], [-71.1167, -6.92131], [-71.11145, -6.91367], [-71.10601, -6.91644], [-71.09415, -6.90487], [-71.08811, -6.90468], [-71.07972, -6.91184], [-71.07406, -6.91083], [-71.07631, -6.89713], [-71.05983, -6.89951], [-71.05911, -6.89259], [-71.0369, -6.88972], [-71.03212, -6.88242], [-71.02112, -6.88567], [-71.02001, -6.88892], [-71.00911, -6.88748], [-70.99857, -6.88176], [-70.99499, -6.85975], [-70.98605, -6.85861], [-70.9819, -6.85109], [-70.96973, -6.85089], [-70.96567, -6.83102], [-70.95712, -6.81888], [-70.94658, -6.81862], [-70.93335, -6.83072], [-70.92781, -6.83074], [-70.92463, -6.82728], [-70.91636, -6.82725], [-70.89779, -6.80862], [-70.87879, -6.8176], [-70.85915, -6.82003], [-70.84942, -6.81894], [-70.8213, -6.79691], [-70.81464, -6.79518], [-70.80449, -6.79927], [-70.79959, -6.81119], [-70.74865, -6.80068], [-70.72954, -6.80999], [-70.73396, -6.82909], [-70.69017, -6.88847], [-70.62164, -6.91075], [-70.61885, -6.89846], [-70.62192, -6.89215], [-70.61875, -6.8798], [-70.59322, -6.8671], [-70.58332, -6.86519], [-70.57672, -6.85738], [-70.52654, -6.84482], [-70.48814, -6.92479], [-70.45055, -6.9079], [-70.38834, -6.89114], [-70.32682, -6.82908], [-70.30174, -6.82769], [-70.26642, -6.83771], [-70.25783, -6.85095], [-70.24145, -6.85239], [-70.23318, -6.87547], [-70.22502, -6.87413], [-70.22073, -6.87702], [-70.21689, -6.88361], [-70.22186, -6.88538], [-70.22387, -6.89323], [-70.2207, -6.90398], [-70.22368, -6.91208], [-70.21454, -6.92251], [-70.23237, -6.96587], [-70.22727, -6.97099], [-70.22283, -6.98393], [-70.23478, -7.03251], [-70.25705, -7.04302], [-70.24187, -7.05509], [-70.23465, -7.05495], [-70.23282, -7.0496], [-70.22044, -7.05864], [-70.22474, -7.0478], [-70.22189, -7.04657], [-70.21791, -7.04791], [-70.2164, -7.05248], [-70.20528, -7.04692], [-70.19783, -7.04732], [-70.19692, -7.05081], [-70.19372, -7.04923], [-70.18882, -7.05252], [-70.18252, -7.04736], [-70.17324, -7.0484], [-70.17096, -7.04429]]]}}, {"type": "Feature", "properties": {"nome": "Kumaru do Lago Ualá", "etnia": "Kulina Páno", "fase": "Regularizada", "modalidade": "Tradicionalmente ocupada", "municipios": "Juruá", "ha": 80035.8819, "uf": "AM"}, "geometry": {"type": "Polygon", "coordinates": [[[-65.75471, -2.73498], [-65.73245, -2.75437], [-65.73145, -2.77129], [-65.74141, -2.79241], [-65.7287, -2.80121], [-65.72538, -2.80889], [-65.72833, -2.81421], [-65.73794, -2.81713], [-65.74253, -2.83054], [-65.72453, -2.85516], [-65.71738, -2.86029], [-65.71247, -2.87711], [-65.69368, -2.89711], [-65.70191, -2.93254], [-65.68457, -2.95627], [-65.68502, -2.97448], [-65.68245, -2.9802], [-65.6836, -2.99134], [-65.6873, -2.99592], [-65.6735, -3.02104], [-65.75041, -3.1747], [-65.83589, -3.13943], [-65.84427, -3.12726], [-65.84207, -3.10658], [-65.84585, -3.09805], [-65.85944, -3.10161], [-65.89205, -3.0916], [-65.89237, -3.06971], [-65.88718, -3.05766], [-65.89974, -3.04114], [-65.90019, -3.02098], [-65.90307, -3.01562], [-65.89775, -3.00301], [-65.90688, -2.98618], [-65.89027, -2.98293], [-65.87642, -2.97116], [-65.87272, -2.95628], [-65.88878, -2.94088], [-65.88974, -2.93455], [-65.88489, -2.92768], [-65.86127, -2.92469], [-65.85607, -2.91834], [-65.85574, -2.9106], [-65.85886, -2.90492], [-65.86404, -2.90289], [-65.87947, -2.90072], [-65.89255, -2.9034], [-65.90134, -2.91178], [-65.90237, -2.92676], [-65.90815, -2.92937], [-65.91666, -2.92183], [-65.92035, -2.90166], [-65.91744, -2.89174], [-65.91117, -2.88702], [-65.90501, -2.88718], [-65.88958, -2.89655], [-65.88368, -2.89606], [-65.87849, -2.89144], [-65.87041, -2.87125], [-65.88259, -2.84388], [-65.87932, -2.83596], [-65.87275, -2.83584], [-65.86697, -2.84005], [-65.86342, -2.85704], [-65.85878, -2.86013], [-65.84109, -2.85781], [-65.83073, -2.84827], [-65.83046, -2.83967], [-65.83534, -2.83202], [-65.84909, -2.82593], [-65.86256, -2.80762], [-65.87806, -2.80002], [-65.88018, -2.7915], [-65.87338, -2.78037], [-65.86591, -2.78235], [-65.84477, -2.79847], [-65.83713, -2.79898], [-65.82737, -2.78818], [-65.83044, -2.76619], [-65.81715, -2.76027], [-65.79578, -2.78586], [-65.7865, -2.78813], [-65.78034, -2.77611], [-65.78682, -2.75224], [-65.78568, -2.74669], [-65.77075, -2.74031], [-65.7659, -2.73366], [-65.75471, -2.73498]]]}}, {"type": "Feature", "properties": {"nome": "Lago Aiapua", "etnia": "Múra", "fase": "Regularizada", "modalidade": "Tradicionalmente ocupada", "municipios": "Anori,Beruri", "ha": 24866.0856, "uf": "AM"}, "geometry": {"type": "Polygon", "coordinates": [[[-62.12326, -4.28288], [-62.11931, -4.30203], [-62.11053, -4.31148], [-62.1118, -4.31407], [-62.11737, -4.3138], [-62.11817, -4.31744], [-62.10782, -4.31984], [-62.10435, -4.32367], [-62.11265, -4.32808], [-62.11296, -4.33113], [-62.09498, -4.3295], [-62.09312, -4.33254], [-62.09607, -4.33938], [-62.08959, -4.34358], [-62.08524, -4.33481], [-62.07454, -4.33356], [-62.06984, -4.34193], [-62.06329, -4.3403], [-62.06447, -4.34644], [-62.05721, -4.35716], [-62.06251, -4.35886], [-62.05942, -4.37043], [-62.06762, -4.37945], [-62.06884, -4.38746], [-62.07948, -4.39972], [-62.08381, -4.39968], [-62.08216, -4.4032], [-62.07467, -4.39627], [-62.07066, -4.39719], [-62.07216, -4.40189], [-62.06909, -4.40615], [-62.075, -4.41316], [-62.07796, -4.40852], [-62.0802, -4.41195], [-62.07683, -4.4151], [-62.07816, -4.41889], [-62.08324, -4.41917], [-62.07909, -4.42352], [-62.07968, -4.42958], [-62.08192, -4.42652], [-62.08554, -4.43405], [-62.1002, -4.43886], [-62.1015, -4.4368], [-62.1047, -4.44052], [-62.10992, -4.4407], [-62.11436, -4.43615], [-62.11671, -4.43836], [-62.11219, -4.4396], [-62.11204, -4.4437], [-62.11441, -4.43995], [-62.11916, -4.4424], [-62.11839, -4.43925], [-62.12478, -4.43625], [-62.11998, -4.44234], [-62.09683, -4.45612], [-62.09905, -4.45671], [-62.09673, -4.45872], [-62.09118, -4.45294], [-62.09183, -4.45729], [-62.09787, -4.45972], [-62.10342, -4.45749], [-62.09915, -4.46219], [-62.10548, -4.46213], [-62.10022, -4.46439], [-62.10662, -4.46836], [-62.11619, -4.47007], [-62.12574, -4.46448], [-62.12775, -4.46889], [-62.13097, -4.46497], [-62.13457, -4.47402], [-62.13723, -4.47194], [-62.13912, -4.4741], [-62.1737, -4.44239], [-62.17646, -4.43601], [-62.20889, -4.43362], [-62.21374, -4.43648], [-62.20968, -4.43284], [-62.2114, -4.42611], [-62.21756, -4.42315], [-62.2261, -4.4277], [-62.21789, -4.42217], [-62.22089, -4.41983], [-62.22514, -4.42193], [-62.22318, -4.41797], [-62.22723, -4.41997], [-62.22462, -4.41664], [-62.22725, -4.41179], [-62.21355, -4.42243], [-62.20698, -4.42184], [-62.20724, -4.41756], [-62.2144, -4.41577], [-62.21447, -4.40297], [-62.2087, -4.38972], [-62.19651, -4.3852], [-62.20087, -4.36945], [-62.21012, -4.36379], [-62.21153, -4.35052], [-62.2007, -4.33638], [-62.18408, -4.33204], [-62.19068, -4.32283], [-62.20157, -4.31991], [-62.20088, -4.31463], [-62.20967, -4.30553], [-62.14165, -4.28417], [-62.12792, -4.28672], [-62.12326, -4.28288]]]}}, {"type": "Feature", "properties": {"nome": "Lago Capanã", "etnia": "Múra", "fase": "Regularizada", "modalidade": "Tradicionalmente ocupada", "municipios": "Manicoré", "ha": 6321.5954, "uf": "AM"}, "geometry": {"type": "MultiPolygon", "coordinates": [[[[-61.99082, -6.04678], [-61.99137, -6.05828], [-61.98514, -6.06053], [-61.99349, -6.06834], [-62.00172, -6.07021], [-62.00612, -6.04688], [-62.00397, -6.04202], [-61.99872, -6.03927], [-61.99082, -6.04678]]], [[[-62.17766, -6.00035], [-62.16795, -6.00383], [-62.18568, -6.02755], [-62.17333, -6.04713], [-62.17288, -6.05415], [-62.17816, -6.06787], [-62.22095, -6.07522], [-62.2798, -6.05629], [-62.28679, -6.05904], [-62.2895, -6.05711], [-62.25517, -6.04501], [-62.24583, -6.03124], [-62.21765, -6.00615], [-62.19819, -6.00214], [-62.18857, -6.00641], [-62.17766, -6.00035]]]]}}, {"type": "Feature", "properties": {"nome": "Lago do Beruri", "etnia": "Tikúna", "fase": "Regularizada", "modalidade": "Tradicionalmente ocupada", "municipios": "Beruri", "ha": 4080.369, "uf": "AM"}, "geometry": {"type": "Polygon", "coordinates": [[[-61.27334, -3.78239], [-61.25984, -3.79651], [-61.25608, -3.79156], [-61.24494, -3.79007], [-61.23378, -3.80068], [-61.22774, -3.7952], [-61.22339, -3.79543], [-61.21946, -3.80445], [-61.23031, -3.80808], [-61.23471, -3.81774], [-61.24622, -3.82439], [-61.25743, -3.82584], [-61.26903, -3.83189], [-61.30355, -3.83608], [-61.30736, -3.81973], [-61.30961, -3.82203], [-61.31621, -3.81942], [-61.31393, -3.80884], [-61.31941, -3.79904], [-61.30509, -3.7941], [-61.30357, -3.80096], [-61.29761, -3.79003], [-61.29909, -3.78747], [-61.29419, -3.7848], [-61.28968, -3.77402], [-61.28254, -3.76747], [-61.27808, -3.76918], [-61.27334, -3.78239]]]}}, {"type": "Feature", "properties": {"nome": "Lago do Limão", "etnia": "Múra", "fase": "Declarada", "modalidade": "Tradicionalmente ocupada", "municipios": "Borba", "ha": 8210, "uf": "AM"}, "geometry": {"type": "Polygon", "coordinates": [[[-59.88757, -4.23009], [-59.88428, -4.23001], [-59.88368, -4.23796], [-59.89175, -4.24573], [-59.89, -4.26737], [-59.89404, -4.26957], [-59.89423, -4.2755], [-59.88637, -4.30422], [-59.87852, -4.31012], [-59.87764, -4.31869], [-59.86894, -4.3269], [-59.91564, -4.32871], [-59.93382, -4.30746], [-59.94187, -4.30771], [-59.94805, -4.30031], [-59.94948, -4.29699], [-59.94495, -4.28682], [-59.97562, -4.27641], [-59.97487, -4.24852], [-59.9656, -4.25724], [-59.94005, -4.2505], [-59.9372, -4.2406], [-59.94489, -4.22457], [-59.9266, -4.2111], [-59.88484, -4.2278], [-59.88757, -4.23009]]]}}, {"type": "Feature", "properties": {"nome": "Lago Jauari", "etnia": "Múra", "fase": "Regularizada", "modalidade": "Tradicionalmente ocupada", "municipios": "Manicoré", "ha": 12023.0844, "uf": "AM"}, "geometry": {"type": "Polygon", "coordinates": [[[-61.96364, -6.14493], [-61.94804, -6.14376], [-61.93992, -6.14719], [-61.94314, -6.16333], [-61.93771, -6.16589], [-61.93629, -6.1726], [-61.93222, -6.1746], [-61.92886, -6.18189], [-61.93036, -6.18729], [-61.92619, -6.18902], [-61.92125, -6.18559], [-61.91942, -6.18528], [-61.92962, -6.19368], [-61.93379, -6.20368], [-61.92886, -6.2096], [-61.8959, -6.22935], [-61.88843, -6.23796], [-61.89041, -6.24778], [-61.92015, -6.24446], [-61.96499, -6.24645], [-62.03164, -6.23653], [-62.03319, -6.23005], [-62.02385, -6.22632], [-62.02804, -6.21151], [-62.02653, -6.19962], [-62.02334, -6.19635], [-62.0277, -6.17443], [-62.03295, -6.1699], [-61.9673, -6.14236], [-61.96364, -6.14493]]]}}, {"type": "Feature", "properties": {"nome": "Lauro Sodré", "etnia": "Tikúna", "fase": "Regularizada", "modalidade": "Tradicionalmente ocupada", "municipios": "Benjamin Constant", "ha": 9478.6216, "uf": "AM"}, "geometry": {"type": "Polygon", "coordinates": [[[-69.8858, -4.44656], [-69.8481, -4.53458], [-69.92838, -4.57017], [-69.9285, -4.56391], [-69.93688, -4.54928], [-69.9316, -4.52829], [-69.93544, -4.50297], [-69.89645, -4.50209], [-69.93458, -4.44606], [-69.94197, -4.40959], [-69.93958, -4.399], [-69.92829, -4.40378], [-69.91422, -4.40505], [-69.9161, -4.41564], [-69.91308, -4.42302], [-69.90774, -4.42666], [-69.90192, -4.43869], [-69.8858, -4.44656]]]}}, {"type": "Feature", "properties": {"nome": "Macarrão", "etnia": "Tikúna", "fase": "Regularizada", "modalidade": "Tradicionalmente ocupada", "municipios": "Jutaí", "ha": 44267.9081, "uf": "AM"}, "geometry": {"type": "Polygon", "coordinates": [[[-67.06036, -2.8301], [-67.05624, -2.83975], [-67.06013, -2.84635], [-67.04677, -2.85943], [-67.0239, -2.86244], [-67.00649, -2.85358], [-67.00752, -2.86354], [-67.00204, -2.87658], [-67.00443, -2.87977], [-67.00938, -2.8797], [-67.00956, -2.88308], [-67.00509, -2.88108], [-67.0106, -2.88963], [-67.00355, -2.91195], [-67.00556, -2.91656], [-67.01727, -2.9229], [-67.01842, -2.92829], [-67.01655, -2.93665], [-67.0069, -2.95086], [-67.00782, -2.95406], [-67.01881, -2.95626], [-67.02776, -2.9455], [-67.03899, -2.94334], [-67.04627, -2.95241], [-67.04136, -2.96588], [-67.06019, -2.96427], [-67.07036, -2.96866], [-67.06507, -2.97123], [-67.07252, -2.97437], [-67.08619, -2.97392], [-67.0948, -2.98089], [-67.10093, -2.97903], [-67.10764, -2.97095], [-67.11494, -2.97237], [-67.12904, -2.98645], [-67.12865, -2.99001], [-67.13624, -2.99923], [-67.14623, -2.99112], [-67.15671, -2.99083], [-67.17627, -2.99979], [-67.18159, -2.998], [-67.18579, -2.99953], [-67.17957, -3.00089], [-67.18372, -3.00089], [-67.18499, -3.00496], [-67.19307, -3.00146], [-67.19446, -3.00897], [-67.18739, -3.00966], [-67.18784, -3.02149], [-67.19936, -3.02018], [-67.20107, -3.02324], [-67.19832, -3.02269], [-67.21034, -3.0363], [-67.23253, -3.0343], [-67.23079, -3.02431], [-67.25209, -3.02011], [-67.25177, -3.01563], [-67.2567, -3.01311], [-67.26259, -3.00234], [-67.27721, -2.99944], [-67.27609, -2.98598], [-67.20353, -2.8503], [-67.20746, -2.84243], [-67.20435, -2.84074], [-67.20452, -2.83488], [-67.2002, -2.83256], [-67.19118, -2.83555], [-67.18877, -2.81624], [-67.18342, -2.81504], [-67.17145, -2.82062], [-67.16935, -2.82734], [-67.1519, -2.8418], [-67.13927, -2.83569], [-67.13209, -2.84268], [-67.12482, -2.8426], [-67.11808, -2.83663], [-67.11956, -2.82712], [-67.11693, -2.82431], [-67.10606, -2.82955], [-67.08932, -2.83071], [-67.09143, -2.81545], [-67.07498, -2.81052], [-67.06982, -2.81177], [-67.0733, -2.81681], [-67.07183, -2.82073], [-67.06036, -2.8301]]]}}, {"type": "Feature", "properties": {"nome": "Mapari", "etnia": "Kaixana", "fase": "Regularizada", "modalidade": "Tradicionalmente ocupada", "municipios": "Fonte Boa,Japurá,Tonantins", "ha": 157246.227, "uf": "AM"}, "geometry": {"type": "Polygon", "coordinates": [[[-67.41033, -2.12587], [-67.4056, -2.12551], [-67.4055, -2.10687], [-67.39744, -2.11293], [-67.39726, -2.10311], [-67.38986, -2.10581], [-67.3918, -2.10173], [-67.38609, -2.10232], [-67.39302, -2.09524], [-67.3847, -2.09181], [-67.3846, -2.0857], [-67.37822, -2.08973], [-67.37193, -2.0883], [-67.3673, -2.09288], [-67.36476, -2.08911], [-67.35695, -2.09033], [-67.35449, -2.07466], [-67.34834, -2.07976], [-67.3478, -2.07399], [-67.34253, -2.07937], [-67.33894, -2.07545], [-67.33814, -2.06932], [-67.34392, -2.06529], [-67.33324, -2.06535], [-67.33414, -2.0698], [-67.32933, -2.06782], [-67.32555, -2.07199], [-67.32308, -2.07013], [-67.32308, -2.05828], [-67.31763, -2.066], [-67.31177, -2.06471], [-67.31687, -2.05801], [-67.31354, -2.05512], [-67.3064, -2.05721], [-67.31006, -2.04868], [-67.30039, -2.04308], [-67.30208, -2.03783], [-67.29695, -2.04416], [-67.29282, -2.04127], [-67.28977, -2.0438], [-67.28237, -2.03374], [-67.27444, -2.03393], [-67.27317, -2.03838], [-67.26775, -2.03979], [-67.26203, -2.03078], [-67.26051, -2.0383], [-67.25713, -2.03819], [-67.25321, -2.03539], [-67.25575, -2.0308], [-67.24973, -2.03254], [-67.24382, -2.02859], [-67.24283, -2.01712], [-67.23843, -2.01871], [-67.23022, -2.01325], [-67.22613, -2.01452], [-67.22628, -2.00704], [-67.21772, -2.00883], [-67.21502, -2.01261], [-67.21508, -2.00504], [-67.22023, -2.00069], [-67.21701, -1.99712], [-67.20945, -1.99712], [-67.21052, -1.9921], [-67.20477, -1.99353], [-67.20181, -1.99821], [-67.19854, -1.99362], [-67.19893, -2.00007], [-67.19149, -1.9988], [-67.18892, -2.00215], [-67.18332, -2.00127], [-67.18454, -1.99261], [-67.1777, -2.00163], [-67.17115, -2.00248], [-67.16793, -2.00687], [-67.1634, -2.00382], [-67.16342, -1.99442], [-67.15657, -1.99011], [-67.14671, -1.98842], [-67.14411, -1.99597], [-67.14053, -1.99753], [-67.13217, -1.99292], [-67.13332, -1.98557], [-67.131, -1.98459], [-67.12684, -1.99059], [-67.13147, -1.99732], [-67.12842, -2.00053], [-67.11933, -1.99191], [-67.12147, -1.98665], [-67.09894, -1.98893], [-67.09767, -1.98341], [-67.09349, -1.98115], [-67.0777, -1.99027], [-67.08123, -1.98155], [-67.07677, -1.97603], [-67.06571, -1.97309], [-67.0535, -1.98068], [-67.05055, -1.9671], [-67.04458, -1.96229], [-67.03258, -1.95898], [-67.02952, -1.96852], [-67.02142, -1.96031], [-67.02128, -1.95343], [-67.00765, -1.95667], [-67.00001, -1.94691], [-67.00066, -1.94224], [-66.99127, -1.9271], [-66.98896, -1.9174], [-66.9925, -1.91878], [-67.00095, -1.91377], [-67.00753, -1.91894], [-67.01001, -1.91685], [-67.00795, -1.91103], [-66.99874, -1.90806], [-66.9992, -1.90311], [-66.99719, -1.90408], [-66.99321, -1.8938], [-66.9858, -1.88614], [-66.97251, -1.88668], [-66.96397, -1.89283], [-66.95782, -1.90451], [-66.94427, -1.90846], [-66.9434, -1.9191], [-66.94776, -1.92381], [-66.94752, -1.933], [-66.94277, -1.94917], [-66.94438, -1.9667], [-66.93837, -1.98738], [-66.91076, -2.01263], [-66.9179, -2.03265], [-66.92384, -2.03537], [-66.92315, -2.04286], [-66.91879, -2.04857], [-66.92415, -2.05559], [-66.9331, -2.05512], [-66.94002, -2.05946], [-66.95672, -2.05501], [-66.95587, -2.06594], [-66.96577, -2.07673], [-66.96291, -2.08741], [-66.9705, -2.09719], [-66.96899, -2.10687], [-66.97366, -2.12129], [-66.98445, -2.13231], [-67.05332, -2.23238], [-67.0772, -2.27332], [-67.11326, -2.28209], [-67.11456, -2.27711], [-67.12312, -2.27308], [-67.13252, -2.27443], [-67.13484, -2.28032], [-67.21325, -2.32128], [-67.23909, -2.30759], [-67.24992, -2.30658], [-67.25253, -2.30299], [-67.25906, -2.30588], [-67.26229, -2.30411], [-67.26788, -2.3089], [-67.27357, -2.30538], [-67.27357, -2.29508], [-67.26363, -2.28308], [-67.25369, -2.28104], [-67.24903, -2.27118], [-67.24192, -2.26523], [-67.2409, -2.2428], [-67.24667, -2.23643], [-67.26311, -2.23418], [-67.2807, -2.2393], [-67.28206, -2.22506], [-67.28697, -2.2198], [-67.29425, -2.22271], [-67.31286, -2.22167], [-67.55079, -2.25141], [-67.56171, -2.28659], [-67.60474, -2.30163], [-67.63843, -2.32379], [-67.64694, -2.34332], [-67.68183, -2.30967], [-67.68452, -2.30528], [-67.68297, -2.30189], [-67.67961, -2.30028], [-67.67679, -2.30343], [-67.6751, -2.29775], [-67.66984, -2.30067], [-67.65943, -2.29462], [-67.65967, -2.28646], [-67.65676, -2.28425], [-67.65896, -2.27637], [-67.65229, -2.27844], [-67.65658, -2.27177], [-67.65228, -2.26977], [-67.65182, -2.26252], [-67.64657, -2.26178], [-67.63991, -2.25103], [-67.6319, -2.24853], [-67.62739, -2.25137], [-67.62483, -2.24642], [-67.61788, -2.24723], [-67.62141, -2.24167], [-67.61078, -2.23731], [-67.60343, -2.24037], [-67.60567, -2.23369], [-67.60382, -2.22815], [-67.59845, -2.23518], [-67.59776, -2.22838], [-67.59333, -2.23047], [-67.59135, -2.23642], [-67.58416, -2.23571], [-67.58205, -2.23033], [-67.57657, -2.23241], [-67.57801, -2.22201], [-67.57199, -2.22563], [-67.5656, -2.21189], [-67.55901, -2.21475], [-67.55404, -2.20554], [-67.54744, -2.20434], [-67.54702, -2.19568], [-67.54155, -2.20172], [-67.53905, -2.19667], [-67.54171, -2.19243], [-67.53519, -2.19712], [-67.53269, -2.18663], [-67.52421, -2.18493], [-67.52513, -2.19039], [-67.52118, -2.19525], [-67.52033, -2.18357], [-67.5162, -2.18187], [-67.51999, -2.17924], [-67.50836, -2.1783], [-67.51056, -2.17495], [-67.50647, -2.17588], [-67.50596, -2.17178], [-67.50172, -2.1733], [-67.49794, -2.18158], [-67.49408, -2.17408], [-67.49507, -2.16798], [-67.48638, -2.16314], [-67.48567, -2.15939], [-67.48035, -2.15868], [-67.478, -2.15098], [-67.47005, -2.15216], [-67.46888, -2.15563], [-67.4648, -2.15114], [-67.45828, -2.15728], [-67.45773, -2.1486], [-67.46207, -2.14552], [-67.45519, -2.13905], [-67.44751, -2.13815], [-67.45179, -2.13256], [-67.44175, -2.13287], [-67.43838, -2.13961], [-67.43506, -2.13637], [-67.43056, -2.13746], [-67.43037, -2.13226], [-67.43539, -2.13239], [-67.43161, -2.12538], [-67.42367, -2.12838], [-67.42152, -2.13256], [-67.41638, -2.12461], [-67.41179, -2.1263], [-67.41553, -2.12053], [-67.40958, -2.12177], [-67.41033, -2.12587]]]}}, {"type": "Feature", "properties": {"nome": "Maraã Urubaxi", "etnia": "Makú,Kanamarí", "fase": "Regularizada", "modalidade": "Tradicionalmente ocupada", "municipios": "Maraã,Santa Isabel do Rio Negro", "ha": 94405.0733, "uf": "AM"}, "geometry": {"type": "Polygon", "coordinates": [[[-65.69187, -1.70669], [-65.70201, -1.69958], [-65.61136, -1.51789], [-65.46035, -1.50835], [-65.45323, -1.50468], [-65.44445, -1.50702], [-65.43481, -1.49867], [-65.42838, -1.50197], [-65.41798, -1.49806], [-65.4068, -1.50148], [-65.40307, -1.49595], [-65.39348, -1.49248], [-65.36812, -1.49769], [-65.36074, -1.49228], [-65.35078, -1.49192], [-65.34496, -1.49541], [-65.34685, -1.49813], [-65.34334, -1.50141], [-65.34308, -1.49706], [-65.33565, -1.49867], [-65.33492, -1.50669], [-65.3259, -1.50356], [-65.32342, -1.50776], [-65.29931, -1.50864], [-65.2992, -1.51187], [-65.30342, -1.51363], [-65.29838, -1.51631], [-65.30419, -1.51852], [-65.29878, -1.52522], [-65.29984, -1.5332], [-65.30837, -1.5397], [-65.30769, -1.54565], [-65.31166, -1.54693], [-65.30949, -1.55022], [-65.32606, -1.56502], [-65.32473, -1.57844], [-65.33368, -1.58773], [-65.33117, -1.59045], [-65.33422, -1.59541], [-65.33795, -1.59432], [-65.3461, -1.6004], [-65.34772, -1.60368], [-65.34399, -1.60786], [-65.34455, -1.61244], [-65.34708, -1.61552], [-65.35154, -1.61307], [-65.35359, -1.61941], [-65.35729, -1.62044], [-65.35235, -1.64146], [-65.37563, -1.66116], [-65.37903, -1.67528], [-65.38414, -1.67828], [-65.38213, -1.69289], [-65.62216, -1.81364], [-65.62773, -1.81537], [-65.63084, -1.81162], [-65.62695, -1.80447], [-65.63056, -1.80575], [-65.63172, -1.79408], [-65.64572, -1.77626], [-65.64947, -1.74539], [-65.65369, -1.739], [-65.6773, -1.72327], [-65.69187, -1.70669]]]}}, {"type": "Feature", "properties": {"nome": "Maraitá", "etnia": "Tikúna", "fase": "Regularizada", "modalidade": "Tradicionalmente ocupada", "municipios": "Amaturá", "ha": 53038.0644, "uf": "AM"}, "geometry": {"type": "MultiPolygon", "coordinates": [[[[-68.28304, -3.29697], [-68.28492, -3.31117], [-68.27671, -3.33277], [-68.30359, -3.33723], [-68.31547, -3.33248], [-68.33025, -3.33175], [-68.32335, -3.32323], [-68.32077, -3.26857], [-68.31468, -3.26167], [-68.30658, -3.26012], [-68.29704, -3.26634], [-68.28862, -3.2777], [-68.28304, -3.29697]]], [[[-68.28614, -3.10291], [-68.27767, -3.10651], [-68.27596, -3.11422], [-68.26496, -3.11336], [-68.26014, -3.12183], [-68.25317, -3.1266], [-68.24066, -3.12625], [-68.23559, -3.20573], [-68.23029, -3.21107], [-68.22988, -3.21915], [-68.27838, -3.30685], [-68.28168, -3.28454], [-68.29349, -3.26467], [-68.30823, -3.25686], [-68.3219, -3.25838], [-68.32908, -3.26756], [-68.32609, -3.31223], [-68.3445, -3.32227], [-68.35607, -3.33652], [-68.36828, -3.34281], [-68.393, -3.33913], [-68.47954, -3.20824], [-68.46797, -3.17977], [-68.46035, -3.18184], [-68.45716, -3.15855], [-68.45376, -3.16177], [-68.44141, -3.15803], [-68.43366, -3.1591], [-68.43021, -3.15722], [-68.43199, -3.15217], [-68.42871, -3.14883], [-68.42424, -3.16148], [-68.41582, -3.16661], [-68.42054, -3.14054], [-68.41776, -3.13765], [-68.40887, -3.13887], [-68.41176, -3.13309], [-68.41911, -3.12987], [-68.41947, -3.09536], [-68.41296, -3.08602], [-68.4043, -3.0814], [-68.39613, -3.08293], [-68.38509, -3.1054], [-68.38129, -3.10692], [-68.37374, -3.09556], [-68.38117, -3.08696], [-68.37681, -3.08742], [-68.37295, -3.09369], [-68.36372, -3.09419], [-68.35553, -3.10438], [-68.35127, -3.10002], [-68.35433, -3.09796], [-68.35313, -3.0888], [-68.34655, -3.09785], [-68.33733, -3.09252], [-68.32825, -3.09711], [-68.31308, -3.09825], [-68.28462, -3.07823], [-68.27857, -3.08441], [-68.29034, -3.08861], [-68.28614, -3.10291]]], [[[-68.32467, -3.31421], [-68.33035, -3.32719], [-68.35094, -3.33551], [-68.34516, -3.32476], [-68.32467, -3.31421]]]]}}, {"type": "Feature", "properties": {"nome": "Marajai", "etnia": "Matsés", "fase": "Regularizada", "modalidade": "Tradicionalmente ocupada", "municipios": "Alvarães", "ha": 1196.3486, "uf": "AM"}, "geometry": {"type": "Polygon", "coordinates": [[[-64.83405, -3.17202], [-64.8054, -3.21357], [-64.81176, -3.21378], [-64.81361, -3.2102], [-64.82375, -3.20737], [-64.82464, -3.20379], [-64.82709, -3.20662], [-64.84652, -3.21017], [-64.84635, -3.19868], [-64.8487, -3.19774], [-64.83405, -3.17202]]]}}, {"type": "Feature", "properties": {"nome": "Lago do Marinheiro", "etnia": "Múra", "fase": "Regularizada", "modalidade": "Tradicionalmente ocupada", "municipios": "Careiro", "ha": 3586.2907, "uf": "AM"}, "geometry": {"type": "Polygon", "coordinates": [[[-59.97222, -3.5867], [-59.97137, -3.60632], [-59.9672, -3.61467], [-60.01666, -3.63985], [-60.01664, -3.62255], [-60.02917, -3.60665], [-60.02914, -3.59775], [-60.02177, -3.59375], [-60.02501, -3.59453], [-60.02356, -3.59055], [-60.01124, -3.58722], [-59.99977, -3.56397], [-59.98739, -3.55449], [-59.98163, -3.55839], [-59.98087, -3.57218], [-59.97222, -3.5867]]]}}, {"type": "Feature", "properties": {"nome": "Matintin", "etnia": "Tikúna", "fase": "Regularizada", "modalidade": "Tradicionalmente ocupada", "municipios": "Tonantins,Santo Antônio do Içá", "ha": 21760.7012, "uf": "AM"}, "geometry": {"type": "MultiPolygon", "coordinates": [[[[-68.44473, -2.89176], [-68.43731, -2.92996], [-68.43244, -2.93954], [-68.42479, -2.94614], [-68.42298, -2.9555], [-68.428, -2.97323], [-68.43424, -2.98047], [-68.42898, -2.98174], [-68.42785, -2.9856], [-68.44637, -2.99553], [-68.45609, -2.97587], [-68.46414, -2.98288], [-68.46173, -2.98847], [-68.46628, -2.99012], [-68.46905, -2.99681], [-68.4806, -2.99584], [-68.48052, -2.98554], [-68.49104, -2.98686], [-68.49548, -2.97723], [-68.50204, -2.97576], [-68.49724, -2.97331], [-68.50535, -2.96578], [-68.50403, -2.9584], [-68.51911, -2.94804], [-68.52692, -2.93319], [-68.51464, -2.90874], [-68.49966, -2.91777], [-68.47354, -2.91464], [-68.46394, -2.90273], [-68.46019, -2.88339], [-68.45644, -2.87923], [-68.44473, -2.89176]]], [[[-68.47761, -2.78216], [-68.44353, -2.78128], [-68.43268, -2.78675], [-68.41109, -2.78748], [-68.40891, -2.80758], [-68.4203, -2.83956], [-68.41082, -2.86653], [-68.39729, -2.8797], [-68.39512, -2.89063], [-68.43127, -2.91651], [-68.43933, -2.88604], [-68.45423, -2.87582], [-68.46181, -2.8776], [-68.46871, -2.89875], [-68.48226, -2.91049], [-68.49811, -2.9082], [-68.52159, -2.89309], [-68.51713, -2.88272], [-68.52427, -2.86737], [-68.49909, -2.85184], [-68.50267, -2.84332], [-68.5003, -2.82956], [-68.51065, -2.81535], [-68.51094, -2.81011], [-68.49321, -2.79778], [-68.48477, -2.78596], [-68.47761, -2.78216]]]]}}, {"type": "Feature", "properties": {"nome": "Mawetek", "etnia": "Kanamarí", "fase": "Regularizada", "modalidade": "Tradicionalmente ocupada", "municipios": "Jutaí,Eirunepé", "ha": 115492.878, "uf": "AM"}, "geometry": {"type": "Polygon", "coordinates": [[[-69.99145, -6.71311], [-70.0007, -6.7013], [-70.00662, -6.70194], [-70.02582, -6.69155], [-70.04927, -6.70586], [-70.05606, -6.70622], [-70.06205, -6.6948], [-70.07126, -6.69359], [-70.06747, -6.69158], [-70.06807, -6.68829], [-70.07488, -6.68592], [-70.08301, -6.69322], [-70.08339, -6.6999], [-70.08577, -6.69258], [-70.09542, -6.68723], [-70.09819, -6.6777], [-70.10185, -6.68277], [-70.11562, -6.67746], [-70.11371, -6.67177], [-70.11713, -6.6652], [-70.1716, -6.65336], [-70.35788, -6.67683], [-70.4089, -6.71927], [-70.51328, -6.75058], [-70.52017, -6.75499], [-70.52905, -6.75514], [-70.53574, -6.76438], [-70.53189, -6.77322], [-70.53581, -6.77392], [-70.5441, -6.76367], [-70.55231, -6.75905], [-70.56482, -6.76386], [-70.57786, -6.75071], [-70.58991, -6.74864], [-70.59806, -6.72296], [-70.59448, -6.71474], [-70.60382, -6.7096], [-70.63023, -6.64497], [-70.63147, -6.62665], [-70.62631, -6.61823], [-70.41393, -6.57223], [-70.37675, -6.56824], [-70.37056, -6.56391], [-70.35008, -6.56275], [-70.34392, -6.56556], [-70.33564, -6.57691], [-70.32439, -6.57934], [-70.31918, -6.58424], [-70.30742, -6.58308], [-70.29956, -6.5796], [-70.28182, -6.55894], [-70.26382, -6.5476], [-70.26231, -6.5438], [-70.21462, -6.51423], [-70.19904, -6.51256], [-70.18686, -6.49921], [-70.13523, -6.50537], [-70.12428, -6.50284], [-70.12011, -6.49885], [-70.11133, -6.50004], [-70.10267, -6.49426], [-70.07335, -6.49965], [-70.05857, -6.48518], [-70.0399, -6.47781], [-70.03771, -6.47217], [-70.02586, -6.46407], [-70.02539, -6.47233], [-70.01903, -6.48258], [-70.01778, -6.49546], [-70.01033, -6.49934], [-70.01181, -6.50561], [-70.00585, -6.52277], [-70.00748, -6.52849], [-69.99323, -6.54023], [-69.99865, -6.54718], [-69.999, -6.5587], [-69.9968, -6.56677], [-69.99323, -6.56598], [-69.99618, -6.5755], [-69.9928, -6.57988], [-69.9991, -6.58692], [-69.99718, -6.59353], [-70.00066, -6.59407], [-70.00302, -6.60551], [-69.98883, -6.6209], [-69.98359, -6.64928], [-69.97192, -6.66777], [-69.97223, -6.67475], [-69.9787, -6.68582], [-69.96934, -6.6946], [-69.95563, -6.71609], [-69.95964, -6.71739], [-69.96959, -6.70921], [-69.99145, -6.71311]]]}}, {"type": "Feature", "properties": {"nome": "Médio Rio Negro I", "etnia": "Tukano,Makú,Tariana,Baré,Baniwa", "fase": "Regularizada", "modalidade": "Tradicionalmente ocupada", "municipios": "Japurá,Santa Isabel do Rio Negro,São Gabriel da Cachoeira", "ha": 1776138.9968, "uf": "AM"}, "geometry": {"type": "MultiPolygon", "coordinates": [[[[-68.62311, -1.25073], [-68.62555, -1.25414], [-68.63115, -1.25272], [-68.63138, -1.25685], [-68.63624, -1.253], [-68.63838, -1.25668], [-68.64489, -1.25705], [-68.64763, -1.25515], [-68.64392, -1.25227], [-68.64742, -1.25183], [-68.65093, -1.24553], [-68.65334, -1.24617], [-68.65386, -1.25446], [-68.65682, -1.2483], [-68.66731, -1.24092], [-68.67066, -1.24501], [-68.6782, -1.24645], [-68.67282, -1.2388], [-68.68075, -1.23754], [-68.67903, -1.23124], [-68.68647, -1.22543], [-68.69452, -1.2371], [-68.69852, -1.2336], [-68.70169, -1.23641], [-68.70245, -1.22916], [-68.71224, -1.23443], [-68.71096, -1.24186], [-68.71809, -1.2485], [-68.71705, -1.25184], [-68.71317, -1.25219], [-68.71706, -1.25523], [-68.71782, -1.26111], [-68.72583, -1.25422], [-68.73439, -1.25808], [-68.73092, -1.25], [-68.73534, -1.25238], [-68.73749, -1.2471], [-68.74164, -1.24909], [-68.74347, -1.24565], [-68.73893, -1.2439], [-68.74317, -1.23848], [-68.74634, -1.24547], [-68.7469, -1.24099], [-68.75657, -1.23379], [-68.75088, -1.22917], [-68.75738, -1.23086], [-68.76366, -1.22515], [-68.76776, -1.22615], [-68.76684, -1.21895], [-68.77031, -1.22248], [-68.77954, -1.22272], [-68.78034, -1.21645], [-68.77749, -1.21947], [-68.7759, -1.21686], [-68.78062, -1.20919], [-68.7879, -1.2125], [-68.79559, -1.2115], [-68.7985, -1.20786], [-68.80348, -1.21117], [-68.80207, -1.20448], [-68.81542, -1.20644], [-68.81619, -1.2037], [-68.82525, -1.20163], [-68.82835, -1.20698], [-68.83041, -1.19964], [-68.83324, -1.20463], [-68.84266, -1.19688], [-68.84926, -1.20202], [-68.8536, -1.19706], [-68.85719, -1.20174], [-68.86142, -1.19525], [-68.86205, -1.19905], [-68.8641, -1.20156], [-68.86329, -1.19792], [-68.86881, -1.20042], [-68.87168, -1.19746], [-68.87499, -1.2011], [-68.87608, -1.19575], [-68.87891, -1.19804], [-68.88371, -1.19572], [-68.88655, -1.19765], [-68.88398, -1.20219], [-68.8879, -1.20494], [-68.89428, -1.20081], [-68.89818, -1.20531], [-68.90192, -1.20479], [-68.89911, -1.20904], [-68.90218, -1.21056], [-68.90497, -1.20992], [-68.90477, -1.20629], [-68.90877, -1.20965], [-68.90759, -1.20596], [-68.91453, -1.2074], [-68.91858, -1.202], [-68.91841, -1.20909], [-68.92048, -1.20525], [-68.92667, -1.21184], [-68.92509, -1.20667], [-68.93193, -1.20408], [-68.93492, -1.20631], [-68.93361, -1.20387], [-68.9403, -1.20237], [-68.93654, -1.20154], [-68.93822, -1.19743], [-68.94336, -1.19934], [-68.94146, -1.19644], [-68.95338, -1.18842], [-68.95802, -1.18801], [-68.95766, -1.19059], [-68.96161, -1.19159], [-68.96034, -1.19427], [-68.96349, -1.19045], [-68.96926, -1.19798], [-68.97345, -1.19739], [-68.97268, -1.19253], [-68.9809, -1.19229], [-68.98361, -1.1835], [-68.99057, -1.18849], [-68.99248, -1.18678], [-68.9896, -1.18481], [-68.99237, -1.18308], [-68.99359, -1.18626], [-68.99571, -1.18358], [-68.99933, -1.18753], [-68.99971, -1.18359], [-69.00293, -1.18632], [-69.0047, -1.18399], [-69.01, -1.18764], [-69.01097, -1.18262], [-69.01472, -1.18682], [-69.01436, -1.18376], [-69.01873, -1.18396], [-69.02099, -1.17788], [-69.02471, -1.17752], [-69.02676, -1.18179], [-69.03163, -1.18106], [-69.03424, -1.18868], [-69.03929, -1.18616], [-69.04334, -1.17868], [-69.04617, -1.18288], [-69.04763, -1.18005], [-69.04922, -1.18227], [-69.05465, -1.17996], [-69.05214, -1.17697], [-69.05476, -1.17776], [-69.05607, -1.17612], [-69.05288, -1.17523], [-69.05582, -1.17282], [-69.06, -1.1765], [-69.0581, -1.16996], [-69.06117, -1.17146], [-69.06662, -1.16203], [-69.07005, -1.16283], [-69.06895, -1.15602], [-69.07383, -1.15661], [-69.07594, -1.14871], [-69.08133, -1.14387], [-69.07675, -1.13928], [-69.08387, -1.1334], [-69.08051, -1.12826], [-69.08841, -1.11218], [-69.08567, -1.11157], [-69.08611, -1.10436], [-69.08867, -1.1051], [-69.08764, -1.09633], [-69.09487, -1.08418], [-69.09302, -1.07828], [-69.10083, -1.07937], [-69.09898, -1.07747], [-69.10616, -1.07283], [-69.10351, -1.07205], [-69.10534, -1.06878], [-69.10789, -1.06986], [-69.10944, -1.06541], [-69.11753, -1.06269], [-69.11986, -1.05811], [-69.11802, -1.05531], [-69.12851, -1.04684], [-69.13317, -1.0318], [-69.137, -1.03372], [-69.13682, -1.00665], [-69.13866, -1.00105], [-69.14006, -1.00187], [-69.14211, -1.00194], [-69.1383, -0.98508], [-69.14384, -0.97925], [-69.14192, -0.97541], [-69.14764, -0.96181], [-69.15187, -0.96146], [-69.15276, -0.95193], [-68.77372, -0.75317], [-68.76594, -0.75378], [-68.76549, -0.75829], [-68.75514, -0.75608], [-68.74269, -0.76459], [-68.73272, -0.76401], [-68.72926, -0.75837], [-68.72082, -0.75556], [-68.71158, -0.76426], [-68.70815, -0.76202], [-68.7047, -0.7646], [-68.70126, -0.76147], [-68.69566, -0.76394], [-68.68706, -0.75768], [-68.68289, -0.76189], [-68.67653, -0.76216], [-68.67532, -0.75607], [-68.66134, -0.75834], [-68.65416, -0.75663], [-68.64807, -0.74987], [-68.63811, -0.75069], [-68.63116, -0.74154], [-68.62902, -0.74326], [-68.62621, -0.73945], [-68.62222, -0.74016], [-68.6228, -0.73731], [-68.61609, -0.73404], [-68.60956, -0.72527], [-68.61076, -0.72042], [-68.60403, -0.715], [-68.59936, -0.71542], [-68.59486, -0.72482], [-68.58919, -0.72457], [-68.59029, -0.71975], [-68.57692, -0.7312], [-68.5765, -0.72695], [-68.56759, -0.7355], [-68.56892, -0.73933], [-68.56493, -0.73864], [-68.56252, -0.73374], [-68.55693, -0.74327], [-68.55332, -0.74403], [-68.5541, -0.74753], [-68.54719, -0.74504], [-68.54434, -0.75111], [-68.53956, -0.74461], [-68.53904, -0.7486], [-68.52516, -0.75289], [-68.52471, -0.75644], [-68.51876, -0.74668], [-68.5139, -0.75254], [-68.51584, -0.75857], [-68.51083, -0.75164], [-68.50313, -0.75786], [-68.49672, -0.75733], [-68.49379, -0.75004], [-68.4879, -0.75177], [-68.48838, -0.75502], [-68.48541, -0.75159], [-68.48067, -0.75178], [-68.48051, -0.75733], [-68.4731, -0.75309], [-68.46151, -0.75652], [-68.45963, -0.75144], [-68.45777, -0.75609], [-68.45548, -0.75221], [-68.45042, -0.75717], [-68.44784, -0.75133], [-68.44632, -0.75471], [-68.44321, -0.7524], [-68.44268, -0.75623], [-68.43936, -0.7532], [-68.43757, -0.75703], [-68.42959, -0.75616], [-68.43056, -0.75994], [-68.42578, -0.76147], [-68.42209, -0.75526], [-68.42396, -0.75287], [-68.41604, -0.74707], [-68.41392, -0.75063], [-68.4097, -0.74142], [-68.40339, -0.73978], [-68.40422, -0.73518], [-68.39602, -0.73283], [-68.3945, -0.73532], [-68.3891, -0.73454], [-68.39142, -0.73778], [-68.38937, -0.73981], [-68.38601, -0.7333], [-68.38171, -0.73731], [-68.37442, -0.73212], [-68.37208, -0.73519], [-68.3695, -0.73061], [-68.36852, -0.73366], [-68.36488, -0.73168], [-68.3616, -0.73399], [-68.3609, -0.73009], [-68.35693, -0.72874], [-68.35814, -0.72269], [-68.35381, -0.72359], [-68.35276, -0.71867], [-68.3485, -0.72175], [-68.34656, -0.71739], [-68.34383, -0.72141], [-68.34169, -0.7169], [-68.33626, -0.71768], [-68.33446, -0.71134], [-68.33091, -0.71397], [-68.33268, -0.70968], [-68.32564, -0.71016], [-68.32376, -0.70378], [-68.31901, -0.70318], [-68.32042, -0.70778], [-68.32275, -0.70643], [-68.3218, -0.70819], [-68.31972, -0.70776], [-68.31827, -0.70315], [-68.32201, -0.70069], [-68.31472, -0.7019], [-68.31142, -0.69547], [-68.30508, -0.7007], [-68.30339, -0.69613], [-68.29891, -0.69881], [-68.29766, -0.69096], [-68.30371, -0.68632], [-68.2948, -0.69275], [-68.28847, -0.68964], [-68.28798, -0.68284], [-68.28379, -0.68599], [-68.28976, -0.68103], [-68.27725, -0.67882], [-68.27622, -0.67552], [-68.27482, -0.68043], [-68.26775, -0.68385], [-68.2644, -0.67964], [-68.26735, -0.67508], [-68.26204, -0.6713], [-68.26552, -0.6667], [-68.26186, -0.66848], [-68.25948, -0.66523], [-68.25746, -0.67042], [-68.25369, -0.66833], [-68.25675, -0.67327], [-68.24943, -0.67648], [-68.24237, -0.66787], [-68.23773, -0.67139], [-68.23264, -0.66662], [-68.23085, -0.67], [-68.22511, -0.66159], [-68.21496, -0.66526], [-68.21564, -0.66033], [-68.21198, -0.65938], [-68.2109, -0.66733], [-68.19605, -0.66551], [-68.19332, -0.66916], [-68.1886, -0.66585], [-68.18695, -0.67247], [-68.18123, -0.67252], [-68.18264, -0.67734], [-68.1866, -0.67511], [-68.18377, -0.67792], [-68.18203, -0.67749], [-68.18056, -0.67377], [-68.18194, -0.6635], [-68.17665, -0.67101], [-68.16885, -0.66538], [-68.16362, -0.67223], [-68.1582, -0.66926], [-68.1562, -0.67372], [-68.1534, -0.67159], [-68.1486, -0.67165], [-68.15466, -0.6736], [-68.15177, -0.67872], [-68.15593, -0.68188], [-68.15497, -0.68434], [-68.14006, -0.67895], [-68.13446, -0.67989], [-68.13757, -0.68517], [-68.12981, -0.68704], [-68.12731, -0.68095], [-68.12266, -0.68415], [-68.11199, -0.67972], [-68.11147, -0.68456], [-68.10429, -0.68533], [-68.10556, -0.69166], [-68.09139, -0.69015], [-68.0929, -0.69747], [-68.09068, -0.69926], [-68.0869, -0.69607], [-68.08226, -0.70314], [-68.07415, -0.69365], [-68.0695, -0.69407], [-68.06374, -0.69841], [-68.06308, -0.70269], [-68.05999, -0.70253], [-68.05592, -0.70017], [-68.0575, -0.69605], [-68.0534, -0.69229], [-68.05035, -0.69338], [-68.04793, -0.6899], [-68.04448, -0.69413], [-68.04818, -0.6954], [-68.04623, -0.69662], [-68.04212, -0.69203], [-68.04062, -0.68609], [-68.03281, -0.68812], [-68.03065, -0.68325], [-68.02636, -0.68304], [-68.02754, -0.68765], [-68.03207, -0.68911], [-68.03146, -0.69219], [-68.03683, -0.69449], [-68.03119, -0.6924], [-68.02845, -0.69667], [-68.02411, -0.69246], [-68.02007, -0.69476], [-68.00903, -0.69303], [-68.01968, -0.7066], [-68.01031, -0.70942], [-68.00686, -0.70417], [-68.00335, -0.71042], [-67.99858, -0.70686], [-67.99844, -0.71205], [-67.99067, -0.7119], [-67.98845, -0.7094], [-67.99067, -0.70547], [-67.98399, -0.70842], [-67.98298, -0.69671], [-67.97977, -0.69641], [-67.98035, -0.69252], [-67.98541, -0.69196], [-67.98204, -0.68469], [-67.97776, -0.69137], [-67.97652, -0.68247], [-67.97134, -0.67905], [-67.96835, -0.68332], [-67.9652, -0.67598], [-67.95683, -0.68336], [-67.95909, -0.67503], [-67.95552, -0.67243], [-67.95016, -0.67574], [-67.94878, -0.66329], [-67.93301, -0.66179], [-67.92907, -0.67489], [-67.92688, -0.67485], [-67.92454, -0.66175], [-67.91658, -0.66082], [-67.90746, -0.6513], [-67.90323, -0.65883], [-67.89607, -0.65471], [-67.89564, -0.64406], [-67.88343, -0.63818], [-67.88402, -0.62899], [-67.87862, -0.63271], [-67.86932, -0.62494], [-67.86318, -0.62942], [-67.86149, -0.62281], [-67.85587, -0.62987], [-67.84985, -0.62283], [-67.85096, -0.61275], [-67.84444, -0.61954], [-67.83703, -0.61727], [-67.83797, -0.61076], [-67.82959, -0.61209], [-67.82699, -0.60675], [-67.83045, -0.59985], [-67.8378, -0.59984], [-67.83353, -0.59122], [-67.82737, -0.5959], [-67.82562, -0.58893], [-67.82277, -0.58846], [-67.82651, -0.5803], [-67.82446, -0.57457], [-67.82321, -0.57674], [-67.82012, -0.57395], [-67.82338, -0.5699], [-67.81603, -0.57304], [-67.81955, -0.56987], [-67.81409, -0.56145], [-67.80994, -0.56494], [-67.80639, -0.56097], [-67.80316, -0.56528], [-67.79546, -0.56424], [-67.79655, -0.55973], [-67.80342, -0.55893], [-67.80402, -0.55347], [-67.79715, -0.55114], [-67.79172, -0.55548], [-67.78985, -0.54307], [-67.79409, -0.53988], [-67.78401, -0.54461], [-67.78328, -0.53377], [-67.7858, -0.53166], [-67.792, -0.53178], [-67.79561, -0.53552], [-67.79778, -0.53349], [-67.7906, -0.52595], [-67.77805, -0.5243], [-67.77656, -0.51556], [-67.76068, -0.52015], [-67.75283, -0.51423], [-67.74475, -0.51626], [-67.74356, -0.52497], [-67.73452, -0.52435], [-67.72949, -0.53286], [-67.72488, -0.52726], [-67.72247, -0.53166], [-67.71815, -0.5317], [-67.71357, -0.51829], [-67.71009, -0.52386], [-67.71229, -0.52396], [-67.71322, -0.52441], [-67.71358, -0.52484], [-67.70536, -0.52784], [-67.69896, -0.52575], [-67.69749, -0.52885], [-67.70286, -0.52849], [-67.6972, -0.53088], [-67.69335, -0.52319], [-67.69987, -0.51691], [-67.69236, -0.51335], [-67.69172, -0.49754], [-67.6822, -0.49884], [-67.67928, -0.49598], [-67.68481, -0.49038], [-67.69954, -0.48971], [-67.69815, -0.48446], [-67.68878, -0.48186], [-67.68773, -0.47586], [-67.68387, -0.47413], [-67.68298, -0.4734], [-67.68248, -0.4724], [-67.6883, -0.47546], [-67.69415, -0.47176], [-67.68707, -0.46965], [-67.68525, -0.462], [-67.68038, -0.46428], [-67.67706, -0.47403], [-67.67256, -0.47021], [-67.68185, -0.45542], [-67.67974, -0.4476], [-67.6741, -0.44334], [-67.65599, -0.43966], [-67.65921, -0.4307], [-67.65335, -0.42249], [-67.64914, -0.42903], [-67.64195, -0.42193], [-67.63427, -0.42577], [-67.62828, -0.41331], [-67.62154, -0.41331], [-67.6167, -0.41799], [-67.6125, -0.4156], [-67.61351, -0.42026], [-67.61278, -0.42372], [-67.61605, -0.42523], [-67.61364, -0.42518], [-67.61254, -0.4235], [-67.61127, -0.41254], [-67.61258, -0.40711], [-67.60248, -0.41141], [-67.59401, -0.40269], [-67.58958, -0.40534], [-67.59142, -0.40618], [-67.58421, -0.40727], [-67.57698, -0.39542], [-67.57115, -0.40489], [-67.56716, -0.40525], [-67.56454, -0.39244], [-67.57434, -0.37877], [-67.5693, -0.36884], [-67.5654, -0.37035], [-67.56163, -0.37841], [-67.55731, -0.37736], [-67.55513, -0.39362], [-67.55932, -0.40178], [-67.55456, -0.40512], [-67.5511, -0.4138], [-67.54059, -0.41726], [-67.53546, -0.42601], [-67.528, -0.42425], [-67.5137, -0.42981], [-67.50647, -0.42537], [-67.48705, -0.42358], [-67.48606, -0.40711], [-67.49194, -0.39008], [-67.48357, -0.37769], [-67.48899, -0.35548], [-67.48336, -0.3503], [-67.4871, -0.34781], [-67.48889, -0.33497], [-67.4868, -0.33401], [-67.49013, -0.33168], [-67.48576, -0.3302], [-67.47743, -0.31122], [-67.4722, -0.31449], [-67.46297, -0.33941], [-67.45449, -0.34423], [-67.44495, -0.34027], [-67.44073, -0.33196], [-67.44375, -0.29869], [-67.42311, -0.29077], [-67.41769, -0.29526], [-67.42174, -0.31218], [-67.41989, -0.31616], [-67.40949, -0.31565], [-67.40579, -0.30252], [-67.3959, -0.30475], [-67.38652, -0.3015], [-67.37915, -0.32012], [-67.37264, -0.3247], [-67.34456, -0.32389], [-67.33953, 0.0919], [-67.3324, 0.09082], [-67.32183, 0.06829], [-67.31496, 0.06202], [-67.30915, 0.06133], [-67.30375, 0.05059], [-67.29311, 0.04647], [-67.28841, 0.03556], [-67.28428, 0.03642], [-67.27961, 0.02833], [-67.25803, 0.01906], [-67.24716, -0.01046], [-67.23236, -0.0139], [-67.22007, -0.01235], [-67.21497, -0.01625], [-67.20534, -0.01178], [-67.20197, -0.01638], [-67.19509, -0.01621], [-67.19329, -0.02151], [-67.1868, -0.02064], [-67.17718, -0.03025], [-67.17997, -0.03773], [-67.17788, -0.04718], [-67.15732, -0.0539], [-67.15234, -0.06221], [-67.154, -0.07286], [-67.1498, -0.08198], [-67.15027, -0.08229], [-67.15114, -0.09094], [-67.14333, -0.09625], [-67.14786, -0.10371], [-67.14337, -0.1113], [-67.13622, -0.1146], [-67.13224, -0.12171], [-67.12616, -0.12172], [-67.12317, -0.12901], [-67.11932, -0.12832], [-67.10153, -0.13729], [-67.0993, -0.13376], [-67.0955, -0.135], [-67.09224, -0.14296], [-67.08828, -0.14475], [-67.09059, -0.15108], [-67.08154, -0.15927], [-67.07454, -0.15871], [-67.06812, -0.1537], [-67.06475, -0.15757], [-67.05632, -0.15842], [-67.04833, -0.16623], [-67.03244, -0.17071], [-67.03094, -0.17371], [-67.03434, -0.17609], [-67.03573, -0.18351], [-67.02916, -0.18668], [-67.02943, -0.19217], [-67.02381, -0.19737], [-67.01737, -0.19747], [-67.0137, -0.19185], [-67.00322, -0.1988], [-66.9848, -0.19496], [-66.95183, -0.17514], [-66.9451, -0.17633], [-66.94445, -0.16769], [-66.93882, -0.17024], [-66.93768, -0.16745], [-66.92249, -0.1668], [-66.90341, -0.17526], [-66.89451, -0.16664], [-66.86899, -0.183], [-66.863, -0.18413], [-66.85082, -0.18026], [-66.8415, -0.18694], [-66.79853, -0.20134], [-66.78308, -0.20962], [-66.76057, -0.22768], [-66.7593, -0.22747], [-66.7556, -0.22381], [-66.73454, -0.23237], [-66.71501, -0.24796], [-66.71245, -0.25566], [-66.7052, -0.25818], [-66.69545, -0.27509], [-66.68599, -0.28142], [-66.67777, -0.29283], [-66.66266, -0.30283], [-66.63297, -0.33675], [-66.58804, -0.35591], [-66.58096, -0.35526], [-66.56252, -0.36172], [-66.55057, -0.36141], [-66.49582, -0.37818], [-66.47551, -0.37922], [-66.43811, -0.38975], [-66.42909, -0.40227], [-66.40371, -0.4242], [-66.39311, -0.4264], [-66.38718, -0.42035], [-66.37326, -0.41943], [-66.3506, -0.42805], [-66.34333, -0.42765], [-66.32392, -0.41919], [-66.31693, -0.41179], [-66.29612, -0.40438], [-66.2887, -0.39213], [-66.26619, -0.39386], [-66.25574, -0.38978], [-66.22427, -0.36881], [-66.21956, -0.35114], [-66.19499, -0.32014], [-66.17346, -0.30877], [-66.14459, -0.31561], [-66.12081, -0.31614], [-66.06678, -0.33148], [-66.02717, -0.33714], [-66.01116, -0.33263], [-65.9926, -0.33504], [-65.99829, -0.3383], [-65.9919, -0.3357], [-65.98947, -0.33313], [-65.99087, -0.34034], [-65.98932, -0.34055], [-65.98749, -0.32913], [-65.96729, -0.33439], [-65.93953, -0.33236], [-65.93485, -0.32386], [-65.92045, -0.32097], [-65.91567, -0.31637], [-65.90627, -0.31719], [-65.89267, -0.31282], [-65.87737, -0.30523], [-65.86994, -0.29471], [-65.85744, -0.26163], [-65.8495, -0.25607], [-65.83832, -0.2541], [-65.80838, -0.25356], [-65.78889, -0.26007], [-65.77345, -0.28037], [-65.76184, -0.28229], [-65.75336, -0.30314], [-65.74511, -0.31426], [-65.72032, -0.32642], [-65.70363, -0.32186], [-65.69891, -0.31251], [-65.69481, -0.31139], [-65.68567, -0.32124], [-65.67997, -0.32435], [-65.69009, -0.32298], [-65.69363, -0.3253], [-65.69157, -0.32728], [-65.69023, -0.32403], [-65.6859, -0.32393], [-65.6676, -0.33217], [-65.65515, -0.33185], [-65.612, -0.34072], [-65.60386, -0.33752], [-65.57304, -0.34318], [-65.5629, -0.34161], [-65.55416, -0.33413], [-65.5426, -0.33148], [-65.54561, -0.33377], [-65.54599, -0.33528], [-65.54128, -0.33252], [-65.53651, -0.32279], [-65.52296, -0.31296], [-65.51861, -0.30762], [-65.51039, -0.30675], [-65.50221, -0.31256], [-65.49287, -0.31293], [-65.48464, -0.30615], [-65.46364, -0.32482], [-65.45613, -0.33742], [-65.44839, -0.34387], [-65.45972, -0.36273], [-65.44655, -0.39469], [-65.45869, -0.40582], [-65.45451, -0.41418], [-65.45589, -0.41771], [-65.46274, -0.42372], [-65.46492, -0.43062], [-65.47379, -0.43646], [-65.47217, -0.44791], [-65.475, -0.4538], [-65.47172, -0.45853], [-65.74286, -0.416], [-65.79439, -0.44992], [-65.87548, -0.41401], [-65.95117, -0.45203], [-66.27666, -0.47809], [-66.34461, -0.57109], [-66.36711, -0.58166], [-66.37523, -0.57701], [-66.37685, -0.5582], [-66.38744, -0.54395], [-66.39444, -0.52634], [-66.39453, -0.51882], [-66.38996, -0.5122], [-66.39069, -0.49756], [-66.39632, -0.4882], [-66.40034, -0.48676], [-66.40308, -0.47247], [-66.41206, -0.47126], [-66.42061, -0.4638], [-66.41951, -0.45743], [-66.4162, -0.45557], [-66.41765, -0.44734], [-66.4146, -0.4451], [-66.4176, -0.44181], [-66.42079, -0.44672], [-66.43445, -0.44905], [-66.46029, -0.46432], [-66.46516, -0.46434], [-66.49449, -0.48615], [-66.53204, -0.49913], [-66.53888, -0.50544], [-66.54481, -0.52023], [-66.57521, -0.52785], [-66.58479, -0.53622], [-66.58713, -0.54406], [-66.59621, -0.55446], [-66.67284, -0.61851], [-66.70118, -0.62727], [-66.70485, -0.62602], [-66.71154, -0.63212], [-66.71305, -0.63892], [-66.72633, -0.64928], [-66.73529, -0.64913], [-66.76414, -0.65938], [-66.77228, -0.67242], [-66.78979, -0.683], [-66.81473, -0.68512], [-66.81794, -0.68303], [-66.83799, -0.69226], [-66.84234, -0.70346], [-66.83661, -0.73408], [-66.80584, -0.75868], [-66.80521, -0.7638], [-66.80894, -0.7683], [-66.83667, -0.77508], [-66.85591, -0.78933], [-66.86481, -0.78447], [-66.88618, -0.78224], [-66.91915, -0.80541], [-66.94125, -0.80958], [-66.94903, -0.81433], [-66.96254, -0.81569], [-66.97321, -0.80486], [-66.97978, -0.8039], [-67.01142, -0.82336], [-67.01816, -0.82269], [-67.01944, -0.81816], [-67.00956, -0.80298], [-67.00742, -0.79391], [-67.01454, -0.76475], [-67.02948, -0.76078], [-67.0487, -0.76946], [-67.05528, -0.75786], [-67.0804, -0.73669], [-67.08422, -0.71471], [-67.09991, -0.73102], [-67.11045, -0.73118], [-67.11157, -0.72603], [-67.10426, -0.71482], [-67.10648, -0.7097], [-67.11354, -0.70579], [-67.11846, -0.70619], [-67.12121, -0.7104], [-67.11981, -0.72234], [-67.12427, -0.73166], [-67.15064, -0.73883], [-67.167, -0.75474], [-67.17253, -0.75361], [-67.169, -0.74613], [-67.17142, -0.74201], [-67.18245, -0.7405], [-67.17526, -0.74282], [-67.18068, -0.74561], [-67.18561, -0.73758], [-67.19347, -0.73559], [-67.20376, -0.73962], [-67.20708, -0.74609], [-67.20446, -0.76142], [-67.20999, -0.76502], [-67.21376, -0.75971], [-67.21252, -0.7467], [-67.22819, -0.73889], [-67.23244, -0.7333], [-67.23004, -0.71648], [-67.23341, -0.7071], [-67.25819, -0.69972], [-67.25979, -0.68531], [-67.27824, -0.68478], [-67.28586, -0.69252], [-67.28485, -0.70627], [-67.29585, -0.69931], [-67.304, -0.70404], [-67.30462, -0.7095], [-67.29895, -0.71946], [-67.30418, -0.72839], [-67.34412, -0.74492], [-67.35037, -0.74156], [-67.35717, -0.7286], [-67.36884, -0.72854], [-67.37508, -0.73617], [-67.37659, -0.75306], [-67.38895, -0.76468], [-67.39956, -0.76568], [-67.43888, -0.75379], [-67.45145, -0.75657], [-67.4554, -0.76166], [-67.4536, -0.76765], [-67.43299, -0.76817], [-67.42613, -0.77506], [-67.42455, -0.78434], [-67.431, -0.79222], [-67.42937, -0.80549], [-67.43214, -0.81087], [-67.43764, -0.80997], [-67.44275, -0.79719], [-67.45461, -0.79661], [-67.45983, -0.79073], [-67.46541, -0.79248], [-67.47484, -0.78901], [-67.47628, -0.79173], [-67.47594, -0.79843], [-67.47596, -0.79186], [-67.46937, -0.7941], [-67.4684, -0.79186], [-67.46577, -0.7962], [-67.47087, -0.80342], [-67.48262, -0.80292], [-67.48854, -0.80688], [-67.48791, -0.81301], [-67.47936, -0.82434], [-67.48346, -0.83413], [-67.49217, -0.83074], [-67.49798, -0.80751], [-67.50724, -0.80246], [-67.51285, -0.80629], [-67.51699, -0.81578], [-67.52735, -0.82069], [-67.53368, -0.83058], [-67.552, -0.82521], [-67.56253, -0.83891], [-67.56907, -0.83828], [-67.57644, -0.83], [-67.59117, -0.83821], [-67.59086, -0.84378], [-67.58607, -0.84294], [-67.58265, -0.83749], [-67.57737, -0.84038], [-67.58834, -0.85002], [-67.58838, -0.8663], [-67.592, -0.87198], [-67.59673, -0.87279], [-67.60598, -0.85965], [-67.62071, -0.85865], [-67.62475, -0.88496], [-67.61909, -0.89544], [-67.63109, -0.89507], [-67.63826, -0.90347], [-67.63657, -0.91215], [-67.62638, -0.92303], [-67.62827, -0.92956], [-67.64085, -0.92239], [-67.65183, -0.92125], [-67.65869, -0.90514], [-67.66313, -0.90298], [-67.66491, -0.90409], [-67.66803, -0.90276], [-67.67146, -0.90328], [-67.66629, -0.90447], [-67.66793, -0.90418], [-67.66935, -0.90739], [-67.66368, -0.90644], [-67.66527, -0.91441], [-67.6851, -0.92137], [-67.68947, -0.92686], [-67.68803, -0.93434], [-67.68582, -0.93391], [-67.68886, -0.93675], [-67.69139, -0.93465], [-67.68954, -0.93213], [-67.69176, -0.93431], [-67.69055, -0.93686], [-67.68667, -0.93719], [-67.68465, -0.9327], [-67.68805, -0.92933], [-67.68029, -0.92582], [-67.67374, -0.92968], [-67.6822, -0.94177], [-67.68524, -0.95829], [-67.68333, -0.97028], [-67.6957, -0.96569], [-67.70232, -0.97856], [-67.71527, -0.97348], [-67.71905, -0.97529], [-67.72296, -0.98721], [-67.74428, -0.99739], [-67.74322, -1.0042], [-67.72821, -1.01559], [-67.72829, -1.02172], [-67.73288, -1.02673], [-67.74058, -1.02678], [-67.74585, -1.01844], [-67.75197, -1.01506], [-67.76744, -1.01687], [-67.76848, -1.02491], [-67.75767, -1.03715], [-67.76304, -1.04893], [-67.76257, -1.06413], [-67.78772, -1.0648], [-67.79604, -1.05732], [-67.80544, -1.05892], [-67.80616, -1.06498], [-67.79914, -1.07823], [-67.80507, -1.08629], [-67.81327, -1.09004], [-67.81653, -1.10021], [-67.81475, -1.10146], [-67.81265, -1.09509], [-67.80975, -1.09483], [-67.80299, -1.113], [-67.80456, -1.11757], [-67.81229, -1.1171], [-67.81355, -1.12012], [-67.8106, -1.12276], [-67.8146, -1.1307], [-67.81158, -1.14209], [-67.81572, -1.14136], [-67.81722, -1.13229], [-67.82285, -1.13128], [-67.82632, -1.13669], [-67.82769, -1.1526], [-67.83115, -1.15173], [-67.82961, -1.14429], [-67.83929, -1.13851], [-67.84154, -1.14102], [-67.83684, -1.14799], [-67.83843, -1.15213], [-67.8488, -1.15754], [-67.85664, -1.15227], [-67.86579, -1.16307], [-67.86822, -1.16114], [-67.86371, -1.15756], [-67.86238, -1.14206], [-67.87883, -1.14049], [-67.87786, -1.14968], [-67.8811, -1.15294], [-67.89369, -1.14434], [-67.89343, -1.15713], [-67.90921, -1.15222], [-67.91288, -1.1574], [-67.91436, -1.17039], [-67.91997, -1.16432], [-67.92442, -1.16492], [-67.92022, -1.18127], [-67.92492, -1.18823], [-67.9372, -1.18454], [-67.9421, -1.18614], [-67.94557, -1.19263], [-67.948, -1.18274], [-67.95744, -1.18067], [-67.96096, -1.18607], [-67.95909, -1.19997], [-67.96637, -1.20089], [-67.97042, -1.20484], [-67.98067, -1.199], [-67.98616, -1.19973], [-67.98308, -1.21114], [-67.98941, -1.21576], [-68.00102, -1.19919], [-68.00434, -1.20757], [-68.01636, -1.20404], [-68.0191, -1.20713], [-68.015, -1.21456], [-68.02398, -1.22187], [-68.03639, -1.22473], [-68.03557, -1.22993], [-68.02657, -1.23484], [-68.03194, -1.23956], [-68.03689, -1.23878], [-68.04019, -1.23041], [-68.05147, -1.23976], [-68.06294, -1.22874], [-68.06668, -1.22884], [-68.07579, -1.24091], [-68.07125, -1.25452], [-68.07268, -1.25927], [-68.07671, -1.25857], [-68.0806, -1.24961], [-68.09167, -1.25741], [-68.08861, -1.27119], [-68.10347, -1.27889], [-68.10367, -1.29342], [-68.10966, -1.29081], [-68.10993, -1.28319], [-68.11877, -1.27136], [-68.1161, -1.28075], [-68.12418, -1.28783], [-68.11906, -1.29436], [-68.12068, -1.29934], [-68.1253, -1.2949], [-68.12473, -1.28695], [-68.1314, -1.28902], [-68.13762, -1.28529], [-68.13667, -1.27969], [-68.14111, -1.28195], [-68.1477, -1.27962], [-68.14943, -1.29022], [-68.16634, -1.28581], [-68.17051, -1.29387], [-68.16443, -1.29762], [-68.16788, -1.30347], [-68.17718, -1.30738], [-68.18211, -1.30571], [-68.18631, -1.31194], [-68.19707, -1.31232], [-68.20063, -1.30171], [-68.20663, -1.30625], [-68.21152, -1.2997], [-68.22514, -1.30125], [-68.22675, -1.3112], [-68.22155, -1.32237], [-68.22262, -1.32663], [-68.22741, -1.32681], [-68.23028, -1.31722], [-68.24147, -1.31342], [-68.23425, -1.33565], [-68.23872, -1.33854], [-68.24652, -1.33537], [-68.25, -1.3415], [-68.25805, -1.34521], [-68.26086, -1.34165], [-68.2546, -1.33976], [-68.25282, -1.33601], [-68.26441, -1.3305], [-68.26871, -1.33183], [-68.26555, -1.33713], [-68.26718, -1.33948], [-68.2743, -1.33375], [-68.2816, -1.33523], [-68.28623, -1.32786], [-68.29407, -1.33708], [-68.30258, -1.33106], [-68.31408, -1.33251], [-68.31427, -1.32259], [-68.32056, -1.32037], [-68.32388, -1.32474], [-68.31991, -1.33854], [-68.32646, -1.34447], [-68.33474, -1.33702], [-68.33885, -1.34177], [-68.34705, -1.34193], [-68.3481, -1.34966], [-68.35175, -1.35114], [-68.35409, -1.34396], [-68.35808, -1.34251], [-68.37137, -1.35777], [-68.37808, -1.36112], [-68.37999, -1.35722], [-68.37543, -1.35648], [-68.37387, -1.35273], [-68.38035, -1.34387], [-68.38316, -1.3418], [-68.39664, -1.34435], [-68.3961, -1.33634], [-68.40055, -1.33428], [-68.40113, -1.34126], [-68.40808, -1.34626], [-68.40769, -1.35153], [-68.40336, -1.35469], [-68.40547, -1.35903], [-68.41215, -1.36176], [-68.41983, -1.35758], [-68.42315, -1.3639], [-68.4292, -1.36628], [-68.4301, -1.35828], [-68.43588, -1.35531], [-68.43486, -1.36546], [-68.44158, -1.36812], [-68.44838, -1.36546], [-68.44526, -1.36043], [-68.44944, -1.35326], [-68.45132, -1.3519], [-68.45159, -1.35471], [-68.4587, -1.34955], [-68.46307, -1.35151], [-68.46391, -1.34519], [-68.47269, -1.34281], [-68.47058, -1.34039], [-68.46371, -1.34125], [-68.46742, -1.33489], [-68.46527, -1.3311], [-68.45911, -1.33188], [-68.4632, -1.32801], [-68.46063, -1.32241], [-68.46242, -1.32128], [-68.46656, -1.32772], [-68.46777, -1.32351], [-68.47121, -1.32479], [-68.47414, -1.3141], [-68.4821, -1.31285], [-68.48418, -1.30732], [-68.48878, -1.30912], [-68.48566, -1.30529], [-68.4912, -1.30276], [-68.48504, -1.29936], [-68.49035, -1.29975], [-68.48809, -1.29388], [-68.50004, -1.28884], [-68.49645, -1.28533], [-68.49805, -1.28283], [-68.51052, -1.28274], [-68.51435, -1.27423], [-68.51675, -1.2757], [-68.5143, -1.27991], [-68.5216, -1.28147], [-68.52067, -1.27751], [-68.52739, -1.26772], [-68.53036, -1.26895], [-68.53125, -1.27805], [-68.53686, -1.27951], [-68.54203, -1.2764], [-68.54092, -1.27047], [-68.54518, -1.27523], [-68.54746, -1.26702], [-68.55211, -1.26996], [-68.55577, -1.26677], [-68.55927, -1.27223], [-68.56175, -1.27082], [-68.56512, -1.27422], [-68.56568, -1.26408], [-68.56229, -1.26661], [-68.56514, -1.26347], [-68.57381, -1.26771], [-68.58024, -1.26608], [-68.57983, -1.27346], [-68.58863, -1.27177], [-68.59155, -1.26559], [-68.59531, -1.27083], [-68.59347, -1.26287], [-68.5994, -1.26569], [-68.59827, -1.26001], [-68.60302, -1.26032], [-68.60455, -1.25408], [-68.61365, -1.25395], [-68.61517, -1.25939], [-68.62228, -1.24869], [-68.62486, -1.24831], [-68.62311, -1.25073]]], [[[-65.92502, -0.30892], [-65.92387, -0.30666], [-65.92001, -0.30868], [-65.92502, -0.30892]]], [[[-65.91222, -0.30821], [-65.91664, -0.3079], [-65.90857, -0.30674], [-65.91222, -0.30821]]], [[[-66.44658, -0.38476], [-66.46695, -0.38091], [-66.47735, -0.37597], [-66.46228, -0.37752], [-66.44658, -0.38476]]], [[[-66.31509, -0.37463], [-66.30943, -0.37205], [-66.30023, -0.37548], [-66.31073, -0.37641], [-66.31509, -0.37463]]], [[[-66.39782, -0.4085], [-66.4456, -0.37436], [-66.3741, -0.35893], [-66.35526, -0.36206], [-66.31158, -0.38009], [-66.29175, -0.38184], [-66.31629, -0.39096], [-66.33464, -0.40706], [-66.35639, -0.4088], [-66.39782, -0.4085]]], [[[-67.05483, -0.15484], [-67.05512, -0.15329], [-67.05403, -0.15466], [-67.05483, -0.15484]]], [[[-67.13221, -0.10959], [-67.13338, -0.10925], [-67.13222, -0.10929], [-67.13221, -0.10959]]], [[[-67.0, -0.19406], [-67.00089, -0.19292], [-67.0, -0.19271], [-67.0, -0.19406]]], [[[-67.02214, -0.17355], [-67.02316, -0.17341], [-67.02195, -0.17299], [-67.02214, -0.17355]]], [[[-66.26697, -0.38616], [-66.26765, -0.38473], [-66.2649, -0.38467], [-66.26697, -0.38616]]], [[[-66.25945, -0.3831], [-66.26114, -0.38562], [-66.26422, -0.38431], [-66.26202, -0.38196], [-66.25945, -0.3831]]], [[[-66.2708, -0.37707], [-66.2733, -0.37816], [-66.27642, -0.37608], [-66.27301, -0.37391], [-66.2708, -0.37707]]], [[[-66.29522, -0.3988], [-66.29505, -0.39559], [-66.29321, -0.39447], [-66.29522, -0.3988]]], [[[-66.49245, -0.37239], [-66.5057, -0.3675], [-66.48935, -0.37198], [-66.49245, -0.37239]]], [[[-66.34327, -0.42538], [-66.34897, -0.42426], [-66.34049, -0.42243], [-66.34327, -0.42538]]], [[[-66.25049, -0.35853], [-66.25993, -0.37218], [-66.26643, -0.37402], [-66.26071, -0.36237], [-66.25049, -0.35853]]], [[[-66.24823, -0.36744], [-66.25098, -0.3745], [-66.25442, -0.37427], [-66.24823, -0.36744]]], [[[-66.73248, -0.22481], [-66.75409, -0.21419], [-66.7616, -0.20658], [-66.7422, -0.21407], [-66.73248, -0.22481]]], [[[-66.60985, -0.3306], [-66.61624, -0.32365], [-66.60491, -0.32383], [-66.59333, -0.33579], [-66.60985, -0.3306]]], [[[-66.63252, -0.32742], [-66.63821, -0.32505], [-66.64182, -0.3179], [-66.63719, -0.32435], [-66.63252, -0.32742]]], [[[-66.73527, -0.21284], [-66.7378, -0.21114], [-66.73927, -0.20848], [-66.73631, -0.21055], [-66.73527, -0.21284]]], [[[-66.70585, -0.2483], [-66.70867, -0.24889], [-66.71017, -0.24664], [-66.70774, -0.24653], [-66.70585, -0.2483]]], [[[-66.74716, -0.22544], [-66.75136, -0.22126], [-66.74559, -0.22527], [-66.74716, -0.22544]]], [[[-66.73138, -0.22004], [-66.72833, -0.22089], [-66.72645, -0.22294], [-66.72954, -0.22281], [-66.73138, -0.22004]]], [[[-66.7249, -0.23714], [-66.72113, -0.24075], [-66.72646, -0.23695], [-66.7249, -0.23714]]], [[[-66.72633, -0.22638], [-66.72505, -0.22973], [-66.73005, -0.22452], [-66.72633, -0.22638]]], [[[-66.69943, -0.26029], [-66.697, -0.2638], [-66.70014, -0.26024], [-66.69943, -0.26029]]], [[[-66.69688, -0.25896], [-66.70426, -0.25264], [-66.7055, -0.25241], [-66.69931, -0.25318], [-66.69688, -0.25896]]], [[[-66.62717, -0.33866], [-66.63117, -0.33607], [-66.63136, -0.33495], [-66.62717, -0.33866]]], [[[-66.57864, -0.34544], [-66.5778, -0.34849], [-66.58247, -0.3455], [-66.57864, -0.34544]]], [[[-66.69516, -0.26778], [-66.69256, -0.27353], [-66.69102, -0.2761], [-66.69651, -0.27126], [-66.69516, -0.26778]]], [[[-66.55567, -0.34949], [-66.56562, -0.34811], [-66.56842, -0.34594], [-66.55567, -0.34949]]], [[[-66.95593, -0.17019], [-66.96074, -0.17291], [-66.95479, -0.16773], [-66.95593, -0.17019]]], [[[-66.91863, -0.16677], [-66.90287, -0.17034], [-66.90195, -0.17262], [-66.91863, -0.16677]]], [[[-66.88765, -0.14835], [-66.8971, -0.14524], [-66.90567, -0.14012], [-66.89537, -0.13947], [-66.88765, -0.14835]]], [[[-66.86693, -0.17318], [-66.87367, -0.16457], [-66.85319, -0.17228], [-66.86215, -0.1738], [-66.86693, -0.17318]]], [[[-66.90767, -0.1641], [-66.9112, -0.15969], [-66.90804, -0.15965], [-66.89848, -0.16547], [-66.9028, -0.16312], [-66.90767, -0.1641]]], [[[-66.92191, -0.16065], [-66.93304, -0.15819], [-66.93212, -0.15607], [-66.91712, -0.15404], [-66.91493, -0.14793], [-66.90977, -0.14627], [-66.87615, -0.15915], [-66.8753, -0.16253], [-66.87638, -0.16598], [-66.88169, -0.16626], [-66.9121, -0.15522], [-66.92191, -0.16065]]], [[[-66.98272, -0.18907], [-66.97929, -0.19046], [-66.98416, -0.19172], [-66.98272, -0.18907]]], [[[-66.75914, -0.21849], [-66.7527, -0.22318], [-66.75679, -0.22324], [-66.76013, -0.22729], [-66.76935, -0.21968], [-66.75914, -0.21849]]], [[[-66.85835, -0.17969], [-66.86281, -0.1818], [-66.86702, -0.1808], [-66.86468, -0.17977], [-66.85835, -0.17969]]], [[[-66.90084, -0.16663], [-66.90588, -0.16722], [-66.90643, -0.16561], [-66.90379, -0.16436], [-66.90084, -0.16663]]], [[[-66.87268, -0.17217], [-66.87897, -0.17057], [-66.88132, -0.16698], [-66.87517, -0.16753], [-66.87268, -0.17217]]], [[[-66.06052, -0.32949], [-66.05315, -0.3296], [-66.05097, -0.33029], [-66.06052, -0.32949]]], [[[-66.07933, -0.31324], [-66.08846, -0.3129], [-66.09134, -0.31082], [-66.07933, -0.31324]]], [[[-66.00227, -0.32315], [-65.99657, -0.32616], [-66.00302, -0.32778], [-66.02154, -0.32257], [-66.00227, -0.32315]]], [[[-66.22398, -0.35377], [-66.22513, -0.36562], [-66.23062, -0.36792], [-66.22398, -0.35377]]], [[[-66.23785, -0.36319], [-66.23673, -0.35234], [-66.22977, -0.34865], [-66.23466, -0.36285], [-66.23785, -0.36319]]], [[[-66.07372, -0.30549], [-66.06347, -0.3099], [-66.07914, -0.30615], [-66.07372, -0.30549]]], [[[-66.07708, -0.27739], [-66.06062, -0.29685], [-66.08414, -0.28955], [-66.11129, -0.2874], [-66.1044, -0.28011], [-66.09084, -0.27663], [-66.07708, -0.27739]]], [[[-67.02185, -0.17596], [-67.02386, -0.18187], [-67.02548, -0.17591], [-67.02344, -0.17866], [-67.02185, -0.17596]]], [[[-67.06299, -0.15515], [-67.0661, -0.15189], [-67.06024, -0.15498], [-67.06299, -0.15515]]], [[[-66.08509, -0.31491], [-66.08415, -0.31339], [-66.08222, -0.31424], [-66.08509, -0.31491]]], [[[-66.1042, -0.27561], [-66.09549, -0.27599], [-66.10693, -0.27911], [-66.1042, -0.27561]]], [[[-66.05126, -0.30833], [-66.04775, -0.30974], [-66.04556, -0.31114], [-66.05192, -0.31058], [-66.05126, -0.30833]]], [[[-66.03813, -0.30259], [-66.03412, -0.30316], [-66.0309, -0.30403], [-66.03696, -0.30431], [-66.03813, -0.30259]]], [[[-67.16374, -0.04623], [-67.16807, -0.04604], [-67.17015, -0.04399], [-67.16631, -0.0426], [-67.16374, -0.04623]]], [[[-67.06996, -0.14179], [-67.06807, -0.1446], [-67.07254, -0.14135], [-67.06996, -0.14179]]], [[[-67.14498, -0.07169], [-67.1399, -0.08124], [-67.14371, -0.07993], [-67.14498, -0.07169]]], [[[-67.2298, -0.00278], [-67.23514, -0.0025], [-67.22988, -0.00218], [-67.2298, -0.00278]]], [[[-67.13271, -0.09173], [-67.13462, -0.08764], [-67.13398, -0.08625], [-67.13271, -0.09173]]], [[[-67.14726, -0.07552], [-67.1484, -0.07316], [-67.14794, -0.07106], [-67.14773, -0.07178], [-67.14726, -0.07552]]], [[[-67.14051, -0.10997], [-67.13685, -0.11004], [-67.13554, -0.11237], [-67.13973, -0.11273], [-67.14051, -0.10997]]], [[[-67.14179, -0.08388], [-67.14367, -0.09012], [-67.14742, -0.08607], [-67.14636, -0.08215], [-67.14179, -0.08388]]], [[[-67.1433, -0.10457], [-67.14207, -0.10157], [-67.14071, -0.10198], [-67.1433, -0.10457]]], [[[-67.13777, -0.09566], [-67.13894, -0.09471], [-67.13851, -0.0942], [-67.13777, -0.09566]]], [[[-67.02796, -0.1658], [-67.02822, -0.16391], [-67.02712, -0.16448], [-67.02796, -0.1658]]], [[[-67.14107, -0.10683], [-67.14014, -0.10383], [-67.13933, -0.10578], [-67.14107, -0.10683]]], [[[-67.02893, -0.18241], [-67.02608, -0.18279], [-67.02654, -0.18576], [-67.02792, -0.18502], [-67.02893, -0.18241]]], [[[-67.01837, -0.18652], [-67.02038, -0.18529], [-67.01698, -0.18528], [-67.01837, -0.18652]]], [[[-67.04992, -0.15868], [-67.05008, -0.15476], [-67.04797, -0.15919], [-67.04992, -0.15868]]], [[[-67.03455, -0.16182], [-67.03613, -0.16003], [-67.03411, -0.1606], [-67.03455, -0.16182]]], [[[-67.23305, -0.00696], [-67.23042, -0.00522], [-67.22682, -0.00704], [-67.23094, -0.00914], [-67.23305, -0.00696]]], [[[-67.22613, -0.00845], [-67.21965, -0.00864], [-67.21959, -0.00969], [-67.22613, -0.00845]]], [[[-67.13024, -0.07569], [-67.1309, -0.07796], [-67.13157, -0.07463], [-67.13024, -0.07569]]], [[[-67.24128, -0.00124], [-67.24714, 0.00575], [-67.24014, -0.00151], [-67.24128, -0.00124]]], [[[-67.12849, -0.09429], [-67.12991, -0.08995], [-67.12706, -0.08947], [-67.12849, -0.09429]]], [[[-67.14846, -0.07791], [-67.14999, -0.07586], [-67.14955, -0.07461], [-67.1487, -0.07527], [-67.14846, -0.07791]]], [[[-67.14962, -0.0847], [-67.15024, -0.08751], [-67.14991, -0.08394], [-67.14962, -0.0847]]], [[[-67.14737, -0.08729], [-67.14497, -0.08968], [-67.14476, -0.09058], [-67.14762, -0.08984], [-67.14737, -0.08729]]], [[[-67.02601, -0.18888], [-67.02559, -0.18775], [-67.02524, -0.18879], [-67.02601, -0.18888]]], [[[-67.00405, -0.1968], [-67.00316, -0.19599], [-67.00235, -0.19669], [-67.00405, -0.1968]]], [[[-67.12451, -0.12205], [-67.12418, -0.11889], [-67.12285, -0.11984], [-67.12451, -0.12205]]], [[[-67.01796, -0.19439], [-67.02064, -0.19414], [-67.0179, -0.19429], [-67.01796, -0.19439]]], [[[-67.1721, -0.02225], [-67.17415, -0.02517], [-67.17415, -0.02247], [-67.1721, -0.02225]]], [[[-67.16792, -0.0263], [-67.16644, -0.02267], [-67.1661, -0.02728], [-67.16792, -0.0263]]], [[[-67.17343, -0.04379], [-67.17097, -0.04592], [-67.17341, -0.04602], [-67.17343, -0.04379]]], [[[-67.15831, -0.03594], [-67.15763, -0.03276], [-67.15602, -0.03629], [-67.15831, -0.03594]]], [[[-67.13582, -0.09552], [-67.13484, -0.09588], [-67.13553, -0.09688], [-67.13582, -0.09552]]], [[[-67.14015, -0.09024], [-67.14161, -0.09266], [-67.14214, -0.09062], [-67.14015, -0.09024]]], [[[-67.03103, -0.18259], [-67.03151, -0.18125], [-67.0306, -0.181], [-67.03103, -0.18259]]], [[[-67.1403, -0.09385], [-67.14123, -0.09273], [-67.14017, -0.09269], [-67.1403, -0.09385]]], [[[-67.0868, -0.13969], [-67.08507, -0.13872], [-67.08508, -0.13942], [-67.0868, -0.13969]]], [[[-67.03237, -0.18169], [-67.03298, -0.1803], [-67.03178, -0.18087], [-67.03237, -0.18169]]], [[[-67.01535, -0.18863], [-67.01428, -0.18636], [-67.01318, -0.18841], [-67.01535, -0.18863]]], [[[-67.06461, -0.15444], [-67.06517, -0.1552], [-67.06569, -0.15469], [-67.06461, -0.15444]]], [[[-67.16817, -0.03289], [-67.16993, -0.03155], [-67.16857, -0.03103], [-67.16817, -0.03289]]], [[[-67.18807, -0.01467], [-67.18887, -0.01374], [-67.18681, -0.01455], [-67.18807, -0.01467]]], [[[-67.17177, -0.04813], [-67.17025, -0.04883], [-67.1703, -0.04903], [-67.17177, -0.04813]]], [[[-67.1615, -0.04817], [-67.1632, -0.04757], [-67.16174, -0.04717], [-67.1615, -0.04817]]], [[[-67.21075, -0.00326], [-67.21172, -0.0044], [-67.21276, -0.0037], [-67.21075, -0.00326]]], [[[-67.19656, -0.00838], [-67.19569, -0.00773], [-67.19471, -0.00882], [-67.19656, -0.00838]]], [[[-67.14559, -0.07113], [-67.14583, -0.07263], [-67.14638, -0.07292], [-67.14559, -0.07113]]], [[[-67.19174, -0.01918], [-67.1924, -0.02056], [-67.19291, -0.02058], [-67.19174, -0.01918]]], [[[-65.48022, -0.28533], [-65.46658, -0.29654], [-65.49027, -0.29778], [-65.49599, -0.28872], [-65.51321, -0.28954], [-65.52443, -0.29436], [-65.53636, -0.29424], [-65.54251, -0.2909], [-65.53777, -0.28395], [-65.53031, -0.28063], [-65.52147, -0.2796], [-65.51323, -0.28373], [-65.49948, -0.28051], [-65.49504, -0.28336], [-65.48987, -0.28059], [-65.48022, -0.28533]]], [[[-65.47322, -0.28692], [-65.46755, -0.28856], [-65.46617, -0.29028], [-65.47322, -0.28692]]], [[[-65.4611, -0.29194], [-65.46223, -0.28971], [-65.46084, -0.28779], [-65.45903, -0.2901], [-65.4611, -0.29194]]], [[[-65.48934, -0.30197], [-65.49231, -0.30308], [-65.49306, -0.30128], [-65.48934, -0.30197]]], [[[-65.51439, -0.29998], [-65.52342, -0.29922], [-65.50629, -0.29363], [-65.49486, -0.29966], [-65.50229, -0.30546], [-65.5076, -0.30315], [-65.50666, -0.29926], [-65.50788, -0.29704], [-65.51439, -0.29998]]], [[[-65.46348, -0.28946], [-65.48605, -0.2789], [-65.48683, -0.27532], [-65.47315, -0.27626], [-65.46205, -0.28716], [-65.46348, -0.28946]]], [[[-65.73429, -0.2923], [-65.69674, -0.30178], [-65.72566, -0.3001], [-65.73429, -0.2923]]], [[[-65.68931, -0.31306], [-65.66046, -0.32232], [-65.65618, -0.32509], [-65.6625, -0.32271], [-65.65949, -0.32532], [-65.64022, -0.33304], [-65.66841, -0.33069], [-65.68717, -0.31884], [-65.68931, -0.31306]]], [[[-65.59725, -0.31615], [-65.57928, -0.32203], [-65.56534, -0.32067], [-65.55813, -0.32231], [-65.56822, -0.32179], [-65.5889, -0.32801], [-65.57706, -0.32605], [-65.58006, -0.32873], [-65.60571, -0.3323], [-65.61854, -0.32275], [-65.59967, -0.31622], [-65.59892, -0.32076], [-65.59725, -0.31615]]], [[[-65.60497, -0.29003], [-65.58799, -0.29129], [-65.5718, -0.29713], [-65.55179, -0.29625], [-65.56706, -0.306], [-65.57999, -0.30962], [-65.63648, -0.30135], [-65.62589, -0.29296], [-65.60497, -0.29003]]], [[[-65.74942, -0.26484], [-65.74128, -0.26939], [-65.73809, -0.27737], [-65.74942, -0.26484]]], [[[-65.74459, -0.28713], [-65.73656, -0.29301], [-65.73406, -0.29667], [-65.74459, -0.28713]]], [[[-65.5444, -0.3226], [-65.56064, -0.33083], [-65.57754, -0.33141], [-65.57129, -0.32486], [-65.55655, -0.32673], [-65.5444, -0.3226]]], [[[-65.55331, -0.31589], [-65.53709, -0.29958], [-65.52008, -0.30201], [-65.52355, -0.30356], [-65.53508, -0.31419], [-65.55843, -0.31672], [-65.54897, -0.31083], [-65.5534, -0.3139], [-65.55331, -0.31589]]], [[[-65.67321, -0.28648], [-65.66225, -0.28557], [-65.65283, -0.29275], [-65.68843, -0.29347], [-65.67321, -0.28648]]], [[[-65.63781, -0.32821], [-65.63982, -0.3238], [-65.6277, -0.324], [-65.61429, -0.3327], [-65.63781, -0.32821]]], [[[-65.54545, -0.31812], [-65.54871, -0.31924], [-65.55137, -0.31862], [-65.54545, -0.31812]]], [[[-65.56539, -0.31751], [-65.55864, -0.31393], [-65.56037, -0.31543], [-65.55759, -0.31377], [-65.56029, -0.31685], [-65.56539, -0.31751]]], [[[-65.7177, -0.28886], [-65.71638, -0.28647], [-65.71119, -0.29043], [-65.7177, -0.28886]]], [[[-65.65935, -0.31984], [-65.66395, -0.31825], [-65.65827, -0.31982], [-65.65935, -0.31984]]], [[[-65.58525, -0.31392], [-65.59276, -0.31232], [-65.59488, -0.31094], [-65.58525, -0.31392]]], [[[-65.75071, -0.26623], [-65.74765, -0.27298], [-65.74472, -0.27502], [-65.75188, -0.2736], [-65.75071, -0.26623]]], [[[-65.64356, -0.32732], [-65.64937, -0.3254], [-65.65024, -0.32423], [-65.64821, -0.32402], [-65.64356, -0.32732]]], [[[-65.55825, -0.32343], [-65.55379, -0.3195], [-65.54997, -0.32108], [-65.55595, -0.3242], [-65.55825, -0.32343]]], [[[-65.53718, -0.28167], [-65.54253, -0.28577], [-65.54116, -0.28321], [-65.53718, -0.28167]]], [[[-65.52486, -0.31347], [-65.52723, -0.31317], [-65.52298, -0.31108], [-65.52486, -0.31347]]], [[[-65.51233, -0.29961], [-65.50828, -0.29746], [-65.50712, -0.29929], [-65.5081, -0.30062], [-65.51233, -0.29961]]], [[[-67.0, -0.19269], [-66.9978, -0.19291], [-67.0, -0.19407], [-67.0, -0.19269]]], [[[-66.87242, -0.15951], [-66.86944, -0.16084], [-66.87157, -0.16251], [-66.87242, -0.15951]]], [[[-66.76315, -0.20769], [-66.76622, -0.205], [-66.76192, -0.206], [-66.76315, -0.20769]]], [[[-66.86682, -0.16219], [-66.86355, -0.16382], [-66.86286, -0.16676], [-66.86542, -0.16535], [-66.86682, -0.16219]]], [[[-66.97871, -0.18821], [-66.97617, -0.18444], [-66.97366, -0.18426], [-66.97871, -0.18821]]], [[[-66.94838, -0.17198], [-66.94906, -0.1738], [-66.95174, -0.17283], [-66.94838, -0.17198]]], [[[-67.27222, 0.04858], [-67.26835, 0.04928], [-67.26863, 0.04373], [-67.27079, 0.0432], [-67.27222, 0.04858]]], [[[-67.32225, 0.11001], [-67.30377, 0.09432], [-67.29959, 0.08476], [-67.29059, 0.08062], [-67.28413, 0.08341], [-67.28074, 0.07667], [-67.27254, 0.07221], [-67.26979, 0.06418], [-67.28089, 0.04121], [-67.28402, 0.04047], [-67.28907, 0.05025], [-67.31824, 0.07201], [-67.3253, 0.09137], [-67.33578, 0.09852], [-67.32225, 0.11001]]], [[[-67.26999, 0.0405], [-67.2679, 0.04135], [-67.26942, 0.03803], [-67.26999, 0.0405]]], [[[-67.31388, 0.11453], [-67.31071, 0.11569], [-67.31027, 0.11229], [-67.31388, 0.11453]]], [[[-67.2811, 0.08746], [-67.28885, 0.0891], [-67.29011, 0.09213], [-67.2811, 0.08746]]], [[[-67.27728, 0.0378], [-67.27231, 0.03863], [-67.27259, 0.03347], [-67.27728, 0.0378]]], [[[-67.29091, 0.09269], [-67.29863, 0.09759], [-67.30089, 0.10189], [-67.29535, 0.09865], [-67.29091, 0.09269]]], [[[-65.7704, -0.27988], [-65.78377, -0.26051], [-65.79472, -0.25305], [-65.77874, -0.25248], [-65.77317, -0.25587], [-65.76462, -0.27973], [-65.7704, -0.27988]]], [[[-65.93894, -0.32883], [-65.95166, -0.32786], [-65.9504, -0.3216], [-65.93852, -0.32264], [-65.93894, -0.32883]]], [[[-65.97766, -0.30945], [-65.94961, -0.30434], [-65.9483, -0.30831], [-65.96184, -0.32042], [-65.98252, -0.31342], [-65.97766, -0.30945]]], [[[-65.88707, -0.29913], [-65.89187, -0.30447], [-65.89772, -0.30417], [-65.88707, -0.29913]]], [[[-65.86634, -0.27272], [-65.86619, -0.26658], [-65.86412, -0.26481], [-65.86634, -0.27272]]], [[[-65.93101, -0.29967], [-65.92297, -0.30116], [-65.92206, -0.30214], [-65.93101, -0.29967]]], [[[-65.92547, -0.29612], [-65.92056, -0.3007], [-65.92825, -0.29672], [-65.92547, -0.29612]]], [[[-65.94231, -0.30464], [-65.93434, -0.30386], [-65.93149, -0.30379], [-65.94231, -0.30464]]], [[[-65.93543, -0.31433], [-65.93197, -0.31391], [-65.92734, -0.31457], [-65.93275, -0.31597], [-65.93543, -0.31433]]], [[[-65.96787, -0.33349], [-65.96844, -0.33059], [-65.96356, -0.33222], [-65.96787, -0.33349]]], [[[-65.95284, -0.32731], [-65.9637, -0.32874], [-65.95169, -0.32603], [-65.95284, -0.32731]]], [[[-65.92547, -0.31208], [-65.92595, -0.31036], [-65.92191, -0.31175], [-65.92547, -0.31208]]], [[[-65.91406, -0.3056], [-65.91702, -0.30748], [-65.9206, -0.30604], [-65.91968, -0.30521], [-65.91406, -0.3056]]], [[[-65.93628, -0.31176], [-65.93629, -0.31009], [-65.93292, -0.31041], [-65.93628, -0.31176]]], [[[-65.93857, -0.31587], [-65.93495, -0.31679], [-65.93895, -0.31757], [-65.93857, -0.31587]]], [[[-65.96649, -0.32578], [-65.96545, -0.32788], [-65.96749, -0.32657], [-65.96649, -0.32578]]], [[[-65.98332, -0.31291], [-65.98388, -0.31562], [-65.98444, -0.31414], [-65.98332, -0.31291]]], [[[-65.9735, -0.31915], [-65.97544, -0.32083], [-65.97799, -0.31922], [-65.97712, -0.31825], [-65.9735, -0.31915]]], [[[-65.47327, -0.30651], [-65.47473, -0.29973], [-65.44727, -0.30434], [-65.46026, -0.30976], [-65.47327, -0.30651]]], [[[-65.93331, -0.30142], [-65.93014, -0.30237], [-65.93364, -0.30195], [-65.93331, -0.30142]]], [[[-67.3334, 0.09543], [-67.33586, 0.09593], [-67.33729, 0.09602], [-67.3334, 0.09543]]], [[[-67.29702, 0.05324], [-67.29549, 0.05368], [-67.29569, 0.05243], [-67.29702, 0.05324]]], [[[-67.30106, 0.05186], [-67.30089, 0.05272], [-67.30062, 0.05174], [-67.30106, 0.05186]]], [[[-67.29122, 0.04612], [-67.29009, 0.04752], [-67.29025, 0.04577], [-67.29122, 0.04612]]], [[[-67.28659, 0.03683], [-67.28752, 0.03757], [-67.28602, 0.03749], [-67.28659, 0.03683]]], [[[-67.28147, 0.03715], [-67.28107, 0.03771], [-67.28118, 0.03662], [-67.28147, 0.03715]]], [[[-67.27077, 0.02866], [-67.2734, 0.02996], [-67.27281, 0.03097], [-67.27077, 0.02866]]], [[[-67.25034, 0.02203], [-67.25162, 0.02102], [-67.25255, 0.0222], [-67.25034, 0.02203]]], [[[-66.98425, -0.18926], [-66.98598, -0.19143], [-66.98814, -0.19158], [-66.98425, -0.18926]]], [[[-66.98627, -0.19269], [-66.98773, -0.19456], [-66.98871, -0.19409], [-66.98627, -0.19269]]], [[[-66.98503, -0.19295], [-66.98447, -0.19457], [-66.98537, -0.19426], [-66.98503, -0.19295]]], [[[-66.96837, -0.17847], [-66.96967, -0.17737], [-66.96832, -0.17727], [-66.96837, -0.17847]]], [[[-66.95893, -0.17592], [-66.95665, -0.1756], [-66.9577, -0.17742], [-66.95893, -0.17592]]], [[[-66.96098, -0.17656], [-66.95989, -0.17689], [-66.9609, -0.1773], [-66.96098, -0.17656]]], [[[-66.95627, -0.16332], [-66.95674, -0.16467], [-66.95715, -0.16418], [-66.95627, -0.16332]]], [[[-66.95234, -0.16812], [-66.95401, -0.16806], [-66.95237, -0.16676], [-66.95234, -0.16812]]], [[[-66.95035, -0.16936], [-66.94882, -0.16948], [-66.94893, -0.1704], [-66.95035, -0.16936]]], [[[-66.92399, -0.14894], [-66.92398, -0.15065], [-66.9252, -0.14969], [-66.92399, -0.14894]]], [[[-66.92765, -0.1611], [-66.92748, -0.16243], [-66.92839, -0.16157], [-66.92765, -0.1611]]], [[[-66.92928, -0.16443], [-66.93066, -0.16347], [-66.92839, -0.16386], [-66.92928, -0.16443]]], [[[-66.9349, -0.16172], [-66.93334, -0.1631], [-66.93519, -0.16189], [-66.9349, -0.16172]]], [[[-66.93847, -0.16529], [-66.93793, -0.16396], [-66.93766, -0.1643], [-66.93847, -0.16529]]], [[[-66.93726, -0.1631], [-66.93879, -0.16288], [-66.93743, -0.16246], [-66.93726, -0.1631]]], [[[-66.85752, -0.17887], [-66.85826, -0.17852], [-66.85693, -0.17796], [-66.85752, -0.17887]]], [[[-66.8527, -0.17644], [-66.85391, -0.17723], [-66.85394, -0.17685], [-66.8527, -0.17644]]], [[[-66.85168, -0.17718], [-66.85037, -0.17696], [-66.84974, -0.17771], [-66.85168, -0.17718]]], [[[-66.85267, -0.1802], [-66.85192, -0.17965], [-66.85189, -0.17981], [-66.85267, -0.1802]]], [[[-66.84005, -0.18562], [-66.83948, -0.18412], [-66.8381, -0.18508], [-66.84005, -0.18562]]], [[[-66.70074, -0.25788], [-66.70018, -0.25738], [-66.69887, -0.25837], [-66.70074, -0.25788]]], [[[-66.70247, -0.25829], [-66.70027, -0.25987], [-66.70047, -0.26081], [-66.70109, -0.26081], [-66.70247, -0.25829]]], [[[-66.69909, -0.2634], [-66.69702, -0.26431], [-66.6969, -0.2648], [-66.69766, -0.26529], [-66.69909, -0.2634]]], [[[-65.98372, -0.30903], [-65.98441, -0.31086], [-65.98693, -0.31096], [-65.98372, -0.30903]]], [[[-65.98227, -0.31722], [-65.98318, -0.31828], [-65.98321, -0.31751], [-65.98227, -0.31722]]], [[[-65.97951, -0.31571], [-65.97904, -0.3165], [-65.98008, -0.31658], [-65.97951, -0.31571]]], [[[-65.97894, -0.31722], [-65.97963, -0.31781], [-65.97983, -0.31746], [-65.97894, -0.31722]]], [[[-65.97978, -0.32885], [-65.97724, -0.32949], [-65.98104, -0.32946], [-65.97978, -0.32885]]], [[[-65.95452, -0.33129], [-65.95536, -0.33025], [-65.95309, -0.3304], [-65.95452, -0.33129]]], [[[-65.95403, -0.33272], [-65.95299, -0.3319], [-65.95267, -0.33247], [-65.95403, -0.33272]]], [[[-65.95216, -0.33215], [-65.95142, -0.33082], [-65.95058, -0.33124], [-65.95216, -0.33215]]], [[[-65.94417, -0.32988], [-65.94422, -0.3307], [-65.94452, -0.33042], [-65.94417, -0.32988]]], [[[-65.94018, -0.33067], [-65.94107, -0.3306], [-65.93996, -0.33042], [-65.94018, -0.33067]]], [[[-65.9484, -0.31024], [-65.94507, -0.31044], [-65.94821, -0.31081], [-65.9484, -0.31024]]], [[[-65.94722, -0.30778], [-65.94696, -0.30701], [-65.94634, -0.30788], [-65.94722, -0.30778]]], [[[-65.9299, -0.30705], [-65.9267, -0.30597], [-65.92542, -0.30626], [-65.9299, -0.30705]]], [[[-65.9407, -0.3139], [-65.94097, -0.31331], [-65.94038, -0.31356], [-65.9407, -0.3139]]], [[[-65.93138, -0.31883], [-65.93234, -0.31858], [-65.93148, -0.31846], [-65.93138, -0.31883]]], [[[-65.92953, -0.30779], [-65.93008, -0.30836], [-65.93045, -0.30818], [-65.92953, -0.30779]]], [[[-65.92658, -0.30784], [-65.92783, -0.3086], [-65.92833, -0.30826], [-65.92658, -0.30784]]], [[[-65.92411, -0.31881], [-65.92367, -0.31927], [-65.92468, -0.3192], [-65.92411, -0.31881]]], [[[-65.92254, -0.31812], [-65.92438, -0.31868], [-65.92244, -0.31792], [-65.92254, -0.31812]]], [[[-65.93873, -0.29867], [-65.9406, -0.29916], [-65.94048, -0.29865], [-65.93873, -0.29867]]], [[[-65.93769, -0.29934], [-65.93666, -0.2984], [-65.93643, -0.29857], [-65.93769, -0.29934]]], [[[-65.93651, -0.30003], [-65.93436, -0.2988], [-65.93335, -0.29916], [-65.93651, -0.30003]]], [[[-65.94415, -0.30333], [-65.94417, -0.30385], [-65.94499, -0.30355], [-65.94415, -0.30333]]], [[[-65.93224, -0.29958], [-65.93192, -0.29993], [-65.93269, -0.29985], [-65.93224, -0.29958]]], [[[-65.91689, -0.31067], [-65.91657, -0.31003], [-65.91623, -0.31033], [-65.91689, -0.31067]]], [[[-65.91512, -0.31336], [-65.91566, -0.31292], [-65.91514, -0.31277], [-65.91512, -0.31336]]], [[[-65.91182, -0.31324], [-65.91418, -0.31299], [-65.91206, -0.31242], [-65.91182, -0.31324]]], [[[-65.91354, -0.30552], [-65.91307, -0.30634], [-65.91369, -0.30602], [-65.91354, -0.30552]]], [[[-65.89461, -0.30742], [-65.89698, -0.30747], [-65.89319, -0.30722], [-65.89461, -0.30742]]], [[[-65.89272, -0.29567], [-65.89341, -0.2984], [-65.89489, -0.29783], [-65.89272, -0.29567]]], [[[-65.88458, -0.29268], [-65.88584, -0.29579], [-65.88668, -0.29623], [-65.88458, -0.29268]]], [[[-65.80218, -0.23985], [-65.78788, -0.24547], [-65.80366, -0.24212], [-65.80218, -0.23985]]], [[[-65.74053, -0.27786], [-65.7388, -0.27767], [-65.73935, -0.27946], [-65.74053, -0.27786]]], [[[-65.74346, -0.28076], [-65.74102, -0.28157], [-65.74383, -0.28093], [-65.74346, -0.28076]]], [[[-65.71874, -0.28978], [-65.71962, -0.28952], [-65.7197, -0.28919], [-65.71874, -0.28978]]], [[[-65.52127, -0.30336], [-65.5231, -0.30486], [-65.52335, -0.30489], [-65.52127, -0.30336]]], [[[-65.51172, -0.30184], [-65.51235, -0.30101], [-65.51143, -0.30161], [-65.51172, -0.30184]]], [[[-65.51534, -0.30571], [-65.51741, -0.30662], [-65.51766, -0.30644], [-65.51534, -0.30571]]], [[[-65.51572, -0.30486], [-65.5174, -0.30579], [-65.51788, -0.30583], [-65.51572, -0.30486]]], [[[-65.51586, -0.29422], [-65.51305, -0.29438], [-65.51618, -0.29483], [-65.51586, -0.29422]]], [[[-65.52406, -0.30931], [-65.52343, -0.30869], [-65.52326, -0.30887], [-65.52406, -0.30931]]], [[[-65.56025, -0.29542], [-65.56521, -0.29655], [-65.56627, -0.29621], [-65.5646, -0.29542], [-65.56025, -0.29542]]], [[[-65.99538, -0.31481], [-65.99388, -0.31445], [-65.99341, -0.31462], [-65.99538, -0.31481]]], [[[-66.95637, -0.16154], [-66.95529, -0.16242], [-66.95643, -0.16235], [-66.95637, -0.16154]]], [[[-66.94705, -0.16294], [-66.9488, -0.1629], [-66.94703, -0.16265], [-66.94705, -0.16294]]], [[[-66.9537, -0.16536], [-66.9553, -0.16583], [-66.95382, -0.16486], [-66.9537, -0.16536]]], [[[-66.95707, -0.1654], [-66.95795, -0.16611], [-66.95803, -0.16592], [-66.95707, -0.1654]]], [[[-66.95349, -0.17363], [-66.95326, -0.17482], [-66.95378, -0.17413], [-66.95349, -0.17363]]], [[[-66.96933, -0.18311], [-66.97025, -0.1833], [-66.96956, -0.18261], [-66.96933, -0.18311]]], [[[-67.13407, -0.11408], [-67.13532, -0.11404], [-67.13538, -0.11354], [-67.13407, -0.11408]]], [[[-67.14134, -0.10956], [-67.14211, -0.10922], [-67.14155, -0.10928], [-67.14134, -0.10956]]], [[[-67.13838, -0.10658], [-67.13884, -0.10718], [-67.13898, -0.10691], [-67.13838, -0.10658]]], [[[-67.17038, -0.0409], [-67.17172, -0.04094], [-67.17163, -0.0403], [-67.17038, -0.0409]]], [[[-67.29, 0.086], [-67.29081, 0.08674], [-67.28958, 0.0863], [-67.29, 0.086]]], [[[-67.31429, 0.11028], [-67.31712, 0.11153], [-67.31729, 0.11324], [-67.31429, 0.11028]]], [[[-67.30941, 0.10488], [-67.31039, 0.10469], [-67.31037, 0.10551], [-67.30941, 0.10488]]], [[[-66.7661, -0.2015], [-66.76271, -0.20364], [-66.7681, -0.20164], [-66.7661, -0.2015]]], [[[-66.76296, -0.21467], [-66.76574, -0.21454], [-66.76577, -0.21384], [-66.76296, -0.21467]]], [[[-66.74649, -0.21101], [-66.74618, -0.21242], [-66.74776, -0.21134], [-66.74649, -0.21101]]], [[[-66.75182, -0.20511], [-66.75174, -0.20595], [-66.75268, -0.20492], [-66.75182, -0.20511]]], [[[-65.47931, -0.27168], [-65.45987, -0.27706], [-65.45202, -0.27679], [-65.45752, -0.2889], [-65.46244, -0.27968], [-65.47931, -0.27168]]]]}}, {"type": "Feature", "properties": {"nome": "Médio Rio Negro II", "etnia": "Tukano,Makú,Tariana,Desána,Baré,Baniwa", "fase": "Regularizada", "modalidade": "Tradicionalmente ocupada", "municipios": "Santa Isabel do Rio Negro,São Gabriel da Cachoeira", "ha": 316194.989, "uf": "AM"}, "geometry": {"type": "Polygon", "coordinates": [[[-66.00129, -0.23733], [-65.99953, -0.23356], [-66.00318, -0.22363], [-65.99799, -0.20924], [-65.98482, -0.19552], [-65.98087, -0.18543], [-65.83471, -0.14483], [-65.7629, -0.16722], [-65.58836, -0.24678], [-65.43838, -0.15725], [-65.43476, -0.16799], [-65.42872, -0.16843], [-65.41178, -0.18302], [-65.41131, -0.18962], [-65.41535, -0.19171], [-65.40857, -0.20514], [-65.40434, -0.2069], [-65.40858, -0.21235], [-65.40376, -0.21206], [-65.4066, -0.21621], [-65.41125, -0.21485], [-65.41563, -0.2371], [-65.42394, -0.24659], [-65.41813, -0.25661], [-65.42223, -0.26628], [-65.42088, -0.27096], [-65.42484, -0.27208], [-65.4227, -0.27635], [-65.42652, -0.27624], [-65.42887, -0.2797], [-65.42484, -0.28023], [-65.43118, -0.28431], [-65.43198, -0.2891], [-65.4286, -0.28959], [-65.42994, -0.29306], [-65.4259, -0.29117], [-65.42712, -0.29385], [-65.45784, -0.29329], [-65.4518, -0.27623], [-65.47917, -0.27022], [-65.51051, -0.27704], [-65.52519, -0.27282], [-65.54015, -0.2753], [-65.57199, -0.28809], [-65.58797, -0.28492], [-65.59842, -0.28716], [-65.60639, -0.28181], [-65.62554, -0.28893], [-65.63663, -0.28726], [-65.65092, -0.29206], [-65.66081, -0.28468], [-65.66893, -0.28324], [-65.69755, -0.29579], [-65.71482, -0.28618], [-65.73723, -0.2805], [-65.73564, -0.27523], [-65.742, -0.26318], [-65.747, -0.26066], [-65.75217, -0.24909], [-65.75222, -0.24049], [-65.76519, -0.23015], [-65.79327, -0.22632], [-65.81373, -0.23157], [-65.81877, -0.22383], [-65.83112, -0.22123], [-65.84258, -0.22221], [-65.87637, -0.24446], [-65.89006, -0.26128], [-65.8961, -0.28742], [-65.90134, -0.29991], [-65.90582, -0.30182], [-65.91802, -0.30126], [-65.92599, -0.29442], [-65.94654, -0.2997], [-65.9795, -0.30281], [-65.99043, -0.3102], [-66.01119, -0.31271], [-66.01919, -0.30539], [-66.05024, -0.29524], [-66.07549, -0.27096], [-66.10061, -0.27132], [-66.1102, -0.27379], [-66.12563, -0.28754], [-66.13935, -0.29409], [-66.15351, -0.28962], [-66.15921, -0.28408], [-66.1755, -0.2811], [-66.19442, -0.28365], [-66.20457, -0.28995], [-66.21359, -0.30016], [-66.21701, -0.31101], [-66.23213, -0.32286], [-66.24466, -0.34087], [-66.24686, -0.35325], [-66.26269, -0.36081], [-66.26957, -0.37356], [-66.27493, -0.36931], [-66.28199, -0.37444], [-66.29963, -0.36783], [-66.32133, -0.36667], [-66.34592, -0.35397], [-66.35291, -0.34702], [-66.36539, -0.34554], [-66.38345, -0.34959], [-66.3954, -0.35697], [-66.43095, -0.35969], [-66.4581, -0.36728], [-66.52317, -0.35763], [-66.56016, -0.34253], [-66.59355, -0.33451], [-66.6042, -0.32311], [-66.61626, -0.32204], [-66.63612, -0.30713], [-66.66563, -0.28017], [-66.68578, -0.25505], [-66.7208, -0.23255], [-66.72568, -0.2205], [-66.73815, -0.20744], [-66.74876, -0.20697], [-66.7664, -0.19748], [-66.78404, -0.19785], [-66.80443, -0.18513], [-66.82856, -0.1791], [-66.86668, -0.15467], [-66.87176, -0.14809], [-66.8691, -0.14438], [-66.85348, -0.14637], [-66.84889, -0.14182], [-66.84034, -0.11968], [-66.84419, -0.11336], [-66.83319, -0.10414], [-66.83287, -0.09418], [-66.81466, -0.0723], [-66.77629, 0.0002], [-66.61375, -0.00042], [-66.37895, -0.04481], [-66.28623, -0.07023], [-66.28164, -0.08433], [-66.2697, -0.0962], [-66.2541, -0.10345], [-66.24001, -0.10325], [-66.22565, -0.09718], [-66.21817, -0.09904], [-66.21093, -0.08673], [-66.20046, -0.0843], [-66.19331, -0.07341], [-66.17419, -0.06202], [-66.15576, -0.06135], [-66.13698, -0.05558], [-66.13483, -0.06012], [-66.14048, -0.07226], [-66.13599, -0.08138], [-66.13328, -0.08131], [-66.13052, -0.06712], [-66.12255, -0.06607], [-66.10462, -0.07435], [-66.09355, -0.07432], [-66.08221, -0.08378], [-66.09392, -0.10193], [-66.11472, -0.113], [-66.12029, -0.11913], [-66.10337, -0.13433], [-66.1005, -0.13416], [-66.09371, -0.12297], [-66.07734, -0.12579], [-66.08327, -0.13098], [-66.08305, -0.15182], [-66.09094, -0.15289], [-66.0999, -0.16245], [-66.09587, -0.16602], [-66.0918, -0.15882], [-66.0868, -0.15872], [-66.08161, -0.17095], [-66.07462, -0.17552], [-66.05857, -0.19835], [-66.04667, -0.24694], [-66.04168, -0.24976], [-66.03568, -0.24029], [-66.0291, -0.23645], [-66.01552, -0.24435], [-66.00129, -0.23733]]]}}, {"type": "Feature", "properties": {"nome": "Meria", "etnia": "Miránha", "fase": "Regularizada", "modalidade": "Tradicionalmente ocupada", "municipios": "Alvarães", "ha": 585.4932, "uf": "AM"}, "geometry": {"type": "Polygon", "coordinates": [[[-64.85977, -3.20196], [-64.84941, -3.20634], [-64.84712, -3.20582], [-64.8467, -3.20584], [-64.8474, -3.24287], [-64.85984, -3.24268], [-64.85977, -3.20196]]]}}, {"type": "Feature", "properties": {"nome": "Miguel/Josefa", "etnia": "Múra", "fase": "Regularizada", "modalidade": "Tradicionalmente ocupada", "municipios": "Autazes", "ha": 1628.8091, "uf": "AM"}, "geometry": {"type": "Polygon", "coordinates": [[[-59.14532, -3.78736], [-59.1302, -3.7932], [-59.12695, -3.80074], [-59.13535, -3.81931], [-59.15104, -3.82807], [-59.15153, -3.83268], [-59.17107, -3.81456], [-59.17618, -3.79771], [-59.16556, -3.7933], [-59.15416, -3.79355], [-59.15425, -3.78944], [-59.14398, -3.79066], [-59.14532, -3.78736]]]}}, {"type": "Feature", "properties": {"nome": "Miratu", "etnia": "Miránha", "fase": "Regularizada", "modalidade": "Tradicionalmente ocupada", "municipios": "Uarini", "ha": 13198.788, "uf": "AM"}, "geometry": {"type": "Polygon", "coordinates": [[[-65.27754, -2.97806], [-65.2131, -2.97918], [-65.19727, -2.98723], [-65.16948, -2.98862], [-65.16171, -2.99251], [-65.16178, -2.99811], [-65.15735, -3.00226], [-65.16559, -3.00851], [-65.16691, -3.01786], [-65.1774, -3.03441], [-65.18216, -3.0364], [-65.18753, -3.04954], [-65.19149, -3.05112], [-65.19485, -3.04315], [-65.19943, -3.04242], [-65.20259, -3.0509], [-65.19766, -3.06108], [-65.21099, -3.06446], [-65.2103, -3.07446], [-65.22222, -3.07667], [-65.24477, -3.07336], [-65.27087, -3.08585], [-65.30893, -3.06835], [-65.29698, -3.00446], [-65.28643, -2.99973], [-65.27754, -2.97806]]]}}, {"type": "Feature", "properties": {"nome": "Murutinga/Tracaja", "etnia": "Múra", "fase": "Declarada", "modalidade": "Tradicionalmente ocupada", "municipios": "Autazes", "ha": 13286, "uf": "AM"}, "geometry": {"type": "Polygon", "coordinates": [[[-59.21531, -3.28484], [-59.19507, -3.29468], [-59.19262, -3.2911], [-59.1897, -3.2948], [-59.1897, -3.29149], [-59.18279, -3.2905], [-59.17712, -3.29408], [-59.18107, -3.29706], [-59.17682, -3.30427], [-59.17094, -3.30366], [-59.16949, -3.30013], [-59.16654, -3.30207], [-59.17374, -3.30741], [-59.16752, -3.30414], [-59.16302, -3.31294], [-59.1544, -3.31908], [-59.14409, -3.3201], [-59.14593, -3.32118], [-59.13857, -3.32241], [-59.13835, -3.32512], [-59.11713, -3.32106], [-59.11146, -3.32617], [-59.11688, -3.32957], [-59.11581, -3.3317], [-59.12029, -3.33125], [-59.11871, -3.33626], [-59.12163, -3.33189], [-59.12291, -3.33624], [-59.12619, -3.33448], [-59.12796, -3.33711], [-59.12485, -3.33842], [-59.12459, -3.33569], [-59.12403, -3.34037], [-59.12988, -3.33715], [-59.13798, -3.34121], [-59.13826, -3.3502], [-59.1428, -3.35285], [-59.16511, -3.34537], [-59.17865, -3.34652], [-59.18434, -3.35352], [-59.20149, -3.34579], [-59.21044, -3.35213], [-59.22303, -3.34892], [-59.23235, -3.35264], [-59.23192, -3.36408], [-59.22801, -3.3646], [-59.23018, -3.3677], [-59.23535, -3.36015], [-59.2346, -3.36865], [-59.24066, -3.36871], [-59.24002, -3.37223], [-59.24388, -3.37535], [-59.24223, -3.3703], [-59.24813, -3.37394], [-59.23888, -3.37957], [-59.23919, -3.37595], [-59.23492, -3.37556], [-59.2309, -3.37942], [-59.23604, -3.37813], [-59.24416, -3.38309], [-59.2193, -3.39497], [-59.22577, -3.41122], [-59.21886, -3.41461], [-59.21621, -3.42573], [-59.23236, -3.45461], [-59.23149, -3.45873], [-59.22337, -3.46349], [-59.23928, -3.4724], [-59.23813, -3.48546], [-59.24994, -3.48461], [-59.25486, -3.48935], [-59.26265, -3.48743], [-59.26545, -3.49199], [-59.27083, -3.49338], [-59.27851, -3.48245], [-59.2636, -3.43949], [-59.27407, -3.42251], [-59.26573, -3.41202], [-59.26055, -3.41253], [-59.25699, -3.4029], [-59.25722, -3.39459], [-59.25984, -3.39283], [-59.26421, -3.39622], [-59.2603, -3.39191], [-59.27161, -3.38496], [-59.27302, -3.38044], [-59.27043, -3.38035], [-59.26649, -3.37776], [-59.2732, -3.37501], [-59.27045, -3.37022], [-59.26284, -3.37895], [-59.25741, -3.37616], [-59.25758, -3.37312], [-59.25899, -3.37593], [-59.26321, -3.37067], [-59.26001, -3.37333], [-59.25201, -3.36792], [-59.24845, -3.35817], [-59.25086, -3.35135], [-59.25225, -3.35137], [-59.25385, -3.35916], [-59.25534, -3.35552], [-59.25121, -3.34817], [-59.25456, -3.34643], [-59.25333, -3.34332], [-59.24974, -3.34612], [-59.2482, -3.33926], [-59.24774, -3.35794], [-59.24371, -3.35444], [-59.24691, -3.35344], [-59.24602, -3.34628], [-59.23652, -3.34929], [-59.25447, -3.33233], [-59.25787, -3.31038], [-59.2469, -3.30427], [-59.2441, -3.29412], [-59.22289, -3.29427], [-59.21531, -3.28484]]]}}, {"type": "Feature", "properties": {"nome": "Natal/Felicidade", "etnia": "Múra", "fase": "Regularizada", "modalidade": "Tradicionalmente ocupada", "municipios": "Autazes", "ha": 313.3411, "uf": "AM"}, "geometry": {"type": "Polygon", "coordinates": [[[-59.19814, -3.55609], [-59.19893, -3.5587], [-59.20232, -3.55633], [-59.20952, -3.56473], [-59.22697, -3.56891], [-59.23168, -3.58386], [-59.23586, -3.5814], [-59.23007, -3.56289], [-59.20349, -3.55555], [-59.19814, -3.55609]]]}}, {"type": "Feature", "properties": {"nome": "Nhamundá/Mapuera", "etnia": "Hixkaryána,Wai Wai", "fase": "Regularizada", "modalidade": "Tradicionalmente ocupada", "municipios": "Nhamundá,Urucará,Oriximiná,Faro", "ha": 1049520.0002, "uf": "AM,PA"}, "geometry": {"type": "Polygon", "coordinates": [[[-57.98939, -0.10271], [-57.96582, -0.09488], [-57.96822, -0.10703], [-57.95646, -0.11174], [-57.94237, -0.13771], [-57.94286, -0.15404], [-57.94815, -0.15597], [-57.94552, -0.1693], [-57.94975, -0.17617], [-57.94302, -0.18393], [-57.94034, -0.19312], [-57.9429, -0.19781], [-57.93801, -0.22507], [-57.92912, -0.22824], [-57.92321, -0.22383], [-57.90946, -0.23583], [-57.7839, -0.3675], [-57.79501, -0.3775], [-57.63501, -0.74861], [-57.66473, -0.87333], [-57.67265, -0.87455], [-57.67419, -0.87012], [-57.6792, -0.87056], [-57.68635, -0.88047], [-57.69317, -0.8811], [-57.70071, -0.89537], [-57.72391, -0.90916], [-57.76992, -0.91686], [-57.79007, -0.9112], [-57.80486, -0.93052], [-57.81317, -0.92269], [-57.81739, -0.93991], [-57.82921, -0.95734], [-57.83316, -0.97779], [-57.83137, -0.98995], [-57.84231, -1.01658], [-57.8399, -1.02859], [-57.8418, -1.03791], [-57.83408, -1.04617], [-57.83756, -1.0574], [-57.83378, -1.06644], [-57.81862, -1.07375], [-57.81012, -1.08504], [-57.80543, -1.08645], [-57.80496, -1.09264], [-57.79937, -1.09873], [-57.78611, -1.10488], [-57.78887, -1.10746], [-57.78442, -1.11746], [-57.78606, -1.12009], [-57.78118, -1.12462], [-57.78229, -1.13288], [-57.77581, -1.14207], [-57.78014, -1.14516], [-57.77691, -1.1548], [-57.7822, -1.1689], [-57.77737, -1.17051], [-57.7724, -1.18046], [-57.77697, -1.18498], [-57.77117, -1.18878], [-57.76829, -1.20326], [-57.76398, -1.20742], [-57.76738, -1.21529], [-57.76397, -1.21785], [-57.76459, -1.22844], [-57.76166, -1.23246], [-57.75828, -1.22972], [-57.75539, -1.23662], [-57.86993, -1.3241], [-57.8646, -1.33174], [-57.87084, -1.33801], [-57.87267, -1.35599], [-57.86562, -1.36077], [-57.86459, -1.37493], [-57.85815, -1.3873], [-57.86924, -1.39009], [-57.86683, -1.39995], [-57.87967, -1.41786], [-57.87846, -1.42425], [-57.88596, -1.43366], [-57.9033, -1.42594], [-57.91258, -1.42972], [-57.91448, -1.43725], [-57.91069, -1.4417], [-57.91069, -1.44908], [-57.90711, -1.44732], [-57.90351, -1.45015], [-57.90337, -1.44725], [-57.89714, -1.45191], [-57.88953, -1.45099], [-57.88999, -1.46342], [-57.91716, -1.4839], [-57.93075, -1.48647], [-57.94325, -1.49415], [-57.9647, -1.48933], [-57.98402, -1.49106], [-58.00273, -1.48515], [-58.01307, -1.48991], [-58.02484, -1.48599], [-58.04196, -1.4906], [-58.05713, -1.48964], [-58.10089, -1.49991], [-58.11385, -1.4987], [-58.1211, -1.49465], [-58.14135, -1.49699], [-58.15346, -1.49322], [-58.16452, -1.47459], [-58.16997, -1.45418], [-58.18929, -1.44192], [-58.21773, -1.43264], [-58.22895, -1.41836], [-58.23149, -1.40726], [-58.24683, -1.39845], [-58.25148, -1.38666], [-58.2478, -1.37089], [-58.25054, -1.36408], [-58.27057, -1.35501], [-58.37974, -1.28473], [-58.48724, -1.15084], [-58.4953, -1.15445], [-58.62346, -0.86433], [-58.66972, -0.85557], [-58.67534, -0.84945], [-58.67556, -0.8386], [-58.68105, -0.83585], [-58.68156, -0.83033], [-58.69152, -0.81636], [-58.69249, -0.80674], [-58.68882, -0.79764], [-58.6947, -0.78834], [-58.70121, -0.75901], [-58.71541, -0.74276], [-58.70919, -0.73694], [-58.65779, -0.71822], [-58.47379, -0.71235], [-58.47009, -0.70676], [-58.47337, -0.70611], [-58.46946, -0.70285], [-58.47273, -0.69973], [-58.46916, -0.69942], [-58.46436, -0.68421], [-58.45274, -0.67083], [-58.44818, -0.6581], [-58.44084, -0.64952], [-58.43896, -0.63651], [-58.43527, -0.63357], [-58.431, -0.6364], [-58.42797, -0.63195], [-58.42219, -0.63757], [-58.42414, -0.62729], [-58.41148, -0.61472], [-58.40915, -0.60429], [-58.39201, -0.59873], [-58.38611, -0.60157], [-58.37711, -0.5994], [-58.3698, -0.58887], [-58.36666, -0.57167], [-58.34323, -0.56639], [-58.33203, -0.5575], [-58.32404, -0.5346], [-58.33302, -0.50783], [-58.3104, -0.482], [-58.27558, -0.45069], [-58.25613, -0.42467], [-58.24943, -0.42399], [-58.25001, -0.40472], [-58.24728, -0.3977], [-58.24346, -0.39495], [-58.23899, -0.39887], [-58.23312, -0.39604], [-58.21557, -0.28861], [-58.22806, -0.28662], [-58.21669, -0.21528], [-58.16724, -0.05194], [-58.10862, -0.00334], [-58.02196, -0.01833], [-58.03873, -0.08813], [-58.01455, -0.09698], [-58.00873, -0.09536], [-57.99872, -0.09818], [-57.99529, -0.09572], [-57.98933, -0.09816], [-57.98939, -0.10271]]]}}, {"type": "Feature", "properties": {"nome": "Nova Esperança do Rio Jandiatuba", "etnia": "Tikúna", "fase": "Regularizada", "modalidade": "Tradicionalmente ocupada", "municipios": "São Paulo de Olivença,Amaturá", "ha": 20003.928, "uf": "AM"}, "geometry": {"type": "Polygon", "coordinates": [[[-68.84961, -3.48537], [-68.81976, -3.5019], [-68.79662, -3.50426], [-68.78462, -3.5193], [-68.71367, -3.56405], [-68.68634, -3.56662], [-68.64309, -3.58792], [-68.6324, -3.60173], [-68.61597, -3.64737], [-68.6128, -3.66015], [-68.61762, -3.67767], [-68.6405, -3.67182], [-68.65955, -3.65945], [-68.67356, -3.64367], [-68.68878, -3.63513], [-68.70855, -3.63997], [-68.74857, -3.6031], [-68.7515, -3.59083], [-68.76209, -3.58644], [-68.77197, -3.57517], [-68.78019, -3.57307], [-68.78665, -3.57819], [-68.83499, -3.55942], [-68.84654, -3.55906], [-68.8445, -3.53918], [-68.86301, -3.53857], [-68.85946, -3.52269], [-68.86831, -3.51462], [-68.85764, -3.5011], [-68.8745, -3.49904], [-68.86865, -3.49224], [-68.87401, -3.48374], [-68.86289, -3.48501], [-68.86109, -3.476], [-68.85363, -3.47926], [-68.84961, -3.48537]]]}}, {"type": "Feature", "properties": {"nome": "Nove de Janeiro", "etnia": "Diahói", "fase": "Regularizada", "modalidade": "Tradicionalmente ocupada", "municipios": "Humaitá", "ha": 228777.0999, "uf": "AM"}, "geometry": {"type": "Polygon", "coordinates": [[[-62.47824, -7.12379], [-62.46331, -7.1292], [-62.45064, -7.14126], [-62.44291, -7.14255], [-62.43635, -7.15118], [-62.42163, -7.1601], [-62.41437, -7.15832], [-62.41055, -7.14075], [-62.40112, -7.13959], [-62.39857, -7.14453], [-62.40378, -7.14697], [-62.40408, -7.15142], [-62.39959, -7.15322], [-62.39539, -7.16799], [-62.39859, -7.17699], [-62.39694, -7.18041], [-62.40219, -7.18476], [-62.39821, -7.19187], [-62.40233, -7.1963], [-62.40292, -7.20376], [-62.39319, -7.21191], [-62.38659, -7.21305], [-62.38287, -7.20545], [-62.36924, -7.19337], [-62.35443, -7.19468], [-62.34871, -7.18691], [-62.34334, -7.18577], [-62.33498, -7.24269], [-62.36579, -7.28788], [-62.36674, -7.3738], [-62.38274, -7.39498], [-62.3783, -7.40205], [-62.37951, -7.41296], [-62.3761, -7.42352], [-62.37883, -7.4301], [-62.36816, -7.43519], [-62.3578, -7.43026], [-62.35761, -7.44414], [-62.36053, -7.44631], [-62.36724, -7.44315], [-62.36226, -7.45149], [-62.3805, -7.46079], [-62.37835, -7.4627], [-62.38366, -7.47494], [-62.38928, -7.47303], [-62.38937, -7.46964], [-62.39452, -7.47225], [-62.39643, -7.46529], [-62.39713, -7.46753], [-62.40396, -7.46709], [-62.40061, -7.47299], [-62.40575, -7.47487], [-62.40163, -7.47807], [-62.40572, -7.48828], [-62.40371, -7.49293], [-62.40092, -7.48745], [-62.39401, -7.49286], [-62.3963, -7.48402], [-62.39179, -7.48199], [-62.39264, -7.49184], [-62.38811, -7.50003], [-62.39347, -7.50462], [-62.3895, -7.51401], [-62.39197, -7.5181], [-62.38248, -7.53112], [-62.38089, -7.54068], [-62.38707, -7.5551], [-62.38157, -7.57583], [-62.37522, -7.58636], [-62.40367, -7.64732], [-62.4018, -7.73496], [-62.41887, -7.75965], [-62.4334, -7.75414], [-62.45884, -7.72649], [-62.49817, -7.71062], [-62.52692, -7.69459], [-62.52374, -7.68608], [-62.52994, -7.67955], [-62.52756, -7.66903], [-62.53213, -7.65617], [-62.52966, -7.65126], [-62.53519, -7.64723], [-62.54219, -7.64787], [-62.54162, -7.63629], [-62.54502, -7.62872], [-62.57265, -7.62309], [-62.5749, -7.61922], [-62.58662, -7.62309], [-62.5906, -7.61908], [-62.59384, -7.62498], [-62.58945, -7.63083], [-62.5939, -7.63572], [-62.59525, -7.64496], [-62.63162, -7.62408], [-62.66685, -7.60888], [-62.68291, -7.596], [-62.74452, -7.57313], [-62.80926, -7.54259], [-62.85559, -7.54197], [-62.86017, -7.53985], [-62.8611, -7.5175], [-62.86548, -7.50485], [-62.87906, -7.48723], [-62.89081, -7.4792], [-62.89579, -7.47975], [-62.89995, -7.4747], [-62.91287, -7.47566], [-62.9172, -7.47115], [-62.94205, -7.4682], [-62.94523, -7.4591], [-62.9416, -7.45147], [-62.90787, -7.41997], [-62.88385, -7.40441], [-62.87137, -7.38881], [-62.86587, -7.37649], [-62.85136, -7.36476], [-62.8506, -7.3592], [-62.83969, -7.34678], [-62.80319, -7.35778], [-62.79829, -7.36387], [-62.79718, -7.3744], [-62.78664, -7.37515], [-62.78123, -7.38091], [-62.77566, -7.38131], [-62.75523, -7.36909], [-62.74809, -7.35057], [-62.72725, -7.33099], [-62.72222, -7.32234], [-62.70509, -7.32155], [-62.68492, -7.31478], [-62.67483, -7.29491], [-62.66878, -7.28966], [-62.66219, -7.2913], [-62.64743, -7.30686], [-62.62387, -7.31679], [-62.62262, -7.28139], [-62.61208, -7.2619], [-62.59638, -7.24649], [-62.57729, -7.23816], [-62.5683, -7.2305], [-62.56737, -7.22525], [-62.57646, -7.19949], [-62.57358, -7.18926], [-62.56318, -7.18405], [-62.5232, -7.18806], [-62.52007, -7.18262], [-62.52154, -7.1636], [-62.51488, -7.14506], [-62.5033, -7.1331], [-62.47824, -7.12379]]]}}, {"type": "Feature", "properties": {"nome": "Padre", "etnia": "Múra", "fase": "Regularizada", "modalidade": "Tradicionalmente ocupada", "municipios": "Autazes", "ha": 797.511, "uf": "AM"}, "geometry": {"type": "Polygon", "coordinates": [[[-59.18763, -3.72536], [-59.17987, -3.73029], [-59.17041, -3.73059], [-59.17412, -3.76505], [-59.19295, -3.7503], [-59.19262, -3.74611], [-59.19917, -3.74327], [-59.1913, -3.73154], [-59.19301, -3.72666], [-59.18763, -3.72536]]]}}, {"type": "Feature", "properties": {"nome": "Paracuhuba", "etnia": "Múra", "fase": "Regularizada", "modalidade": "Tradicionalmente ocupada", "municipios": "Autazes", "ha": 927.5376, "uf": "AM"}, "geometry": {"type": "Polygon", "coordinates": [[[-59.0789, -3.54112], [-59.05307, -3.54612], [-59.05246, -3.56083], [-59.05586, -3.56446], [-59.08807, -3.5614], [-59.09483, -3.54428], [-59.0789, -3.54112]]]}}, {"type": "Feature", "properties": {"nome": "Paraná do Arauató", "etnia": "Múra", "fase": "Regularizada", "modalidade": "Tradicionalmente ocupada", "municipios": "Itacoatiara", "ha": 5915.445, "uf": "AM"}, "geometry": {"type": "Polygon", "coordinates": [[[-58.6872, -3.17566], [-58.68094, -3.17769], [-58.67549, -3.18961], [-58.66976, -3.18467], [-58.66631, -3.18622], [-58.66701, -3.19761], [-58.66209, -3.19806], [-58.65995, -3.2075], [-58.65674, -3.20965], [-58.64704, -3.20273], [-58.63907, -3.20272], [-58.63378, -3.19682], [-58.62685, -3.19597], [-58.62282, -3.19031], [-58.61583, -3.19657], [-58.60509, -3.22132], [-58.60377, -3.2404], [-58.63652, -3.24361], [-58.64126, -3.23637], [-58.66014, -3.25246], [-58.66616, -3.2358], [-58.67528, -3.23956], [-58.68357, -3.2368], [-58.68838, -3.23944], [-58.69184, -3.23082], [-58.70277, -3.22824], [-58.70287, -3.22018], [-58.70948, -3.21378], [-58.7014, -3.19331], [-58.6872, -3.17566]]]}}, {"type": "Feature", "properties": {"nome": "Parana do Boa Boa", "etnia": "Makú", "fase": "Regularizada", "modalidade": "Tradicionalmente ocupada", "municipios": "Japurá,Santa Isabel do Rio Negro", "ha": 240545.8478, "uf": "AM"}, "geometry": {"type": "Polygon", "coordinates": [[[-67.4577, -1.59453], [-67.42118, -1.58967], [-67.41174, -1.59563], [-67.39602, -1.59101], [-67.39036, -1.59414], [-67.36618, -1.57739], [-67.35766, -1.56618], [-67.35433, -1.55468], [-67.34975, -1.55616], [-67.3241, -1.536], [-67.31376, -1.53537], [-67.30676, -1.52376], [-67.29149, -1.52392], [-67.28031, -1.52009], [-67.28162, -1.50963], [-67.28037, -1.51259], [-67.27279, -1.51205], [-67.26776, -1.52072], [-67.25922, -1.51383], [-67.25012, -1.5182], [-67.2503, -1.51251], [-67.23475, -1.51744], [-67.22238, -1.51044], [-67.21893, -1.51402], [-67.21085, -1.5069], [-67.19706, -1.50114], [-67.19434, -1.49629], [-67.18074, -1.49484], [-67.17025, -1.49935], [-67.16237, -1.49701], [-67.16084, -1.49349], [-67.15461, -1.4942], [-67.15417, -1.49117], [-67.14692, -1.49214], [-67.13809, -1.48373], [-67.13992, -1.47934], [-67.12609, -1.45809], [-67.12774, -1.47376], [-67.11861, -1.47614], [-67.11819, -1.47246], [-67.1132, -1.47222], [-67.11472, -1.46648], [-67.11065, -1.45878], [-67.10186, -1.46398], [-67.08962, -1.46334], [-67.0813, -1.46884], [-67.08148, -1.46469], [-67.07649, -1.46167], [-67.07424, -1.46775], [-67.06904, -1.46747], [-67.06697, -1.47532], [-67.06301, -1.46768], [-67.05826, -1.47003], [-67.05941, -1.47351], [-67.04443, -1.47947], [-67.03188, -1.47387], [-67.02446, -1.48006], [-67.01592, -1.47792], [-67.00912, -1.48023], [-67.00553, -1.47462], [-67.00197, -1.47435], [-67.00089, -1.46681], [-66.99062, -1.46868], [-66.98629, -1.45896], [-66.98165, -1.45871], [-66.98045, -1.46211], [-66.97549, -1.46189], [-66.97356, -1.4587], [-66.96221, -1.45978], [-66.95881, -1.46162], [-66.95981, -1.46647], [-66.94946, -1.46078], [-66.94259, -1.46157], [-66.93809, -1.47071], [-66.94661, -1.47532], [-66.93833, -1.48511], [-66.93326, -1.48559], [-66.93114, -1.47984], [-66.92542, -1.48381], [-66.91861, -1.48029], [-66.91215, -1.4842], [-66.91146, -1.48792], [-66.90296, -1.47951], [-66.90212, -1.4848], [-66.8981, -1.48392], [-66.89655, -1.48661], [-66.89607, -1.49315], [-66.88507, -1.48702], [-66.8809, -1.48952], [-66.87833, -1.49442], [-66.8872, -1.50986], [-66.87886, -1.5228], [-66.88559, -1.53182], [-66.87035, -1.5465], [-66.87304, -1.5589], [-66.81019, -1.64088], [-66.80341, -1.67317], [-66.78805, -1.68341], [-66.7815, -1.70282], [-66.78117, -1.72723], [-66.78841, -1.73772], [-66.80246, -1.73904], [-66.80744, -1.74552], [-66.80966, -1.73984], [-66.81692, -1.74041], [-66.81887, -1.73541], [-66.82699, -1.73413], [-66.82943, -1.73863], [-66.82171, -1.73907], [-66.84346, -1.75121], [-66.86869, -1.75231], [-66.86619, -1.75355], [-66.87487, -1.75153], [-66.87661, -1.75285], [-66.87277, -1.75465], [-66.88017, -1.75587], [-66.88387, -1.7602], [-66.88512, -1.77269], [-66.89892, -1.77272], [-66.91642, -1.7903], [-66.92786, -1.79246], [-66.92959, -1.7985], [-66.92279, -1.80678], [-66.92343, -1.81431], [-66.95183, -1.81847], [-66.96687, -1.82386], [-66.97111, -1.82859], [-66.96926, -1.8362], [-66.97241, -1.84282], [-66.98845, -1.85443], [-67.00843, -1.86115], [-67.11439, -1.88294], [-67.14824, -1.86973], [-67.17515, -1.84946], [-67.18524, -1.84774], [-67.19834, -1.85246], [-67.21835, -1.84867], [-67.29399, -1.81484], [-67.31712, -1.79989], [-67.35286, -1.78433], [-67.39146, -1.77406], [-67.41461, -1.77451], [-67.4163, -1.76824], [-67.42187, -1.76388], [-67.44955, -1.7615], [-67.45325, -1.75686], [-67.48087, -1.75696], [-67.47174, -1.75266], [-67.48527, -1.74812], [-67.48186, -1.74489], [-67.4878, -1.73759], [-67.49728, -1.73647], [-67.49319, -1.73551], [-67.47529, -1.63732], [-67.47617, -1.61879], [-67.47225, -1.61], [-67.47233, -1.59893], [-67.46166, -1.59265], [-67.4577, -1.59453]]]}}, {"type": "Feature", "properties": {"nome": "Parana do Paricá", "etnia": "Kanamarí", "fase": "Regularizada", "modalidade": "Tradicionalmente ocupada", "municipios": "Maraã", "ha": 7866.32, "uf": "AM"}, "geometry": {"type": "Polygon", "coordinates": [[[-65.83436, -1.82929], [-65.83237, -1.84222], [-65.8207, -1.83536], [-65.80626, -1.83433], [-65.79888, -1.83921], [-65.78849, -1.83951], [-65.79509, -1.88972], [-65.81555, -1.90439], [-65.83625, -1.90991], [-65.84117, -1.91831], [-65.86224, -1.93611], [-65.87112, -1.93073], [-65.87706, -1.91964], [-65.88637, -1.87968], [-65.8792, -1.87225], [-65.86206, -1.86827], [-65.85829, -1.86457], [-65.86534, -1.85554], [-65.86978, -1.83689], [-65.85296, -1.83549], [-65.83817, -1.82501], [-65.83436, -1.82929]]]}}, {"type": "Feature", "properties": {"nome": "Patauá", "etnia": "Múra", "fase": "Regularizada", "modalidade": "Tradicionalmente ocupada", "municipios": "Autazes", "ha": 615.885, "uf": "AM"}, "geometry": {"type": "Polygon", "coordinates": [[[-59.30552, -3.4291], [-59.29816, -3.43205], [-59.29652, -3.43987], [-59.28233, -3.44851], [-59.28754, -3.45258], [-59.28767, -3.45972], [-59.29802, -3.46146], [-59.29926, -3.45032], [-59.30915, -3.44432], [-59.31695, -3.43223], [-59.30728, -3.42503], [-59.30552, -3.4291]]]}}, {"type": "Feature", "properties": {"nome": "Paumari do Cuniua", "etnia": "Paumarí", "fase": "Regularizada", "modalidade": "Tradicionalmente ocupada", "municipios": "Tapauá", "ha": 42828.0481, "uf": "AM"}, "geometry": {"type": "Polygon", "coordinates": [[[-64.83964, -5.93524], [-64.85014, -5.94096], [-64.85037, -5.94653], [-64.84491, -5.95337], [-64.83043, -5.9432], [-64.81745, -5.9474], [-64.80862, -5.94649], [-64.80333, -5.93582], [-64.80266, -5.9505], [-64.79553, -5.95598], [-64.79018, -5.95574], [-64.78732, -5.96229], [-64.79369, -5.96514], [-64.79613, -5.97043], [-64.80743, -5.9708], [-64.81545, -5.97805], [-64.80688, -5.98802], [-64.80357, -5.99837], [-64.79058, -6.00773], [-64.78834, -6.01387], [-64.79055, -6.01917], [-64.79827, -6.02304], [-64.806, -6.00957], [-64.81646, -6.00712], [-64.82066, -6.01744], [-64.81896, -6.03296], [-64.83524, -6.03497], [-64.83437, -6.03907], [-64.83125, -6.03923], [-64.81678, -6.03289], [-64.81571, -6.0368], [-64.82203, -6.04467], [-64.81971, -6.0456], [-64.83803, -6.04198], [-64.84532, -6.04855], [-64.84395, -6.05618], [-64.82998, -6.06965], [-64.82842, -6.1064], [-64.82777, -6.09686], [-64.82611, -6.10737], [-64.8187, -6.11233], [-64.81593, -6.12099], [-64.81152, -6.12244], [-64.79951, -6.11806], [-64.78751, -6.12139], [-64.76931, -6.11386], [-64.76298, -6.11969], [-64.76195, -6.12857], [-64.76767, -6.13893], [-64.76907, -6.15118], [-64.77762, -6.15423], [-64.78038, -6.1599], [-64.79383, -6.16424], [-64.81091, -6.15984], [-64.81721, -6.16174], [-64.82039, -6.16709], [-64.82694, -6.16596], [-64.82827, -6.15348], [-64.84034, -6.17559], [-64.85296, -6.17867], [-64.8586, -6.17432], [-64.85881, -6.16674], [-64.86313, -6.1688], [-64.86567, -6.16255], [-64.858, -6.16086], [-64.86293, -6.15664], [-64.86584, -6.14594], [-64.86286, -6.14053], [-64.87316, -6.13364], [-64.88223, -6.11491], [-64.88396, -6.1222], [-64.87886, -6.12904], [-64.88383, -6.13336], [-64.89002, -6.13286], [-64.89494, -6.14345], [-64.90166, -6.1317], [-64.91451, -6.12357], [-64.93599, -6.1269], [-64.94819, -6.12477], [-64.95429, -6.12048], [-64.97579, -6.13113], [-64.98786, -6.1252], [-64.99382, -6.12547], [-64.99672, -6.14545], [-65.01525, -6.15224], [-65.02089, -6.16083], [-65.02775, -6.15767], [-65.03256, -6.16253], [-65.03563, -6.15606], [-65.04485, -6.152], [-65.04867, -6.14699], [-65.04479, -6.14212], [-65.04571, -6.13384], [-65.04192, -6.1213], [-65.0205, -6.10334], [-65.03298, -6.08211], [-65.06299, -6.06599], [-65.06608, -6.06128], [-65.06236, -6.04984], [-65.05501, -6.04911], [-65.05219, -6.05496], [-65.0409, -6.04958], [-65.03642, -6.05418], [-65.03099, -6.04231], [-65.02833, -6.04209], [-65.02966, -6.04601], [-65.0223, -6.03936], [-65.01803, -6.04381], [-65.00749, -6.04557], [-64.99963, -6.02739], [-64.98902, -6.02015], [-64.98233, -6.01975], [-64.98338, -6.02386], [-64.98053, -6.02381], [-64.97652, -6.03081], [-64.97352, -6.02746], [-64.95829, -6.02731], [-64.96417, -6.02213], [-64.96267, -6.01437], [-64.96015, -6.01625], [-64.96229, -6.02071], [-64.95452, -6.01422], [-64.95421, -6.0185], [-64.95114, -6.01559], [-64.9495, -6.01903], [-64.94635, -6.01197], [-64.94384, -6.02027], [-64.93877, -6.01981], [-64.93917, -6.00481], [-64.93674, -6.00982], [-64.92828, -5.99685], [-64.91708, -5.99593], [-64.9157, -5.9889], [-64.90883, -5.99071], [-64.90358, -5.99625], [-64.88912, -5.97107], [-64.88497, -5.96964], [-64.88419, -5.97348], [-64.87484, -5.97028], [-64.87364, -5.9646], [-64.87858, -5.96555], [-64.87782, -5.95742], [-64.88081, -5.95462], [-64.8725, -5.95013], [-64.8745, -5.94477], [-64.86966, -5.94422], [-64.86955, -5.94027], [-64.87389, -5.93771], [-64.85185, -5.93109], [-64.84109, -5.93169], [-64.83964, -5.93524]]]}}, {"type": "Feature", "properties": {"nome": "Paumari do Lago Manissuã", "etnia": "Paumarí", "fase": "Regularizada", "modalidade": "Tradicionalmente ocupada", "municipios": "Tapauá", "ha": 22970.0651, "uf": "AM"}, "geometry": {"type": "Polygon", "coordinates": [[[-64.58233, -5.71894], [-64.56914, -5.72117], [-64.55778, -5.7444], [-64.53915, -5.7552], [-64.53503, -5.77402], [-64.53878, -5.78271], [-64.53229, -5.78362], [-64.52707, -5.79117], [-64.52111, -5.79252], [-64.51652, -5.7724], [-64.51366, -5.78078], [-64.51508, -5.79121], [-64.50816, -5.79482], [-64.49675, -5.792], [-64.49311, -5.79437], [-64.49069, -5.79926], [-64.49365, -5.8078], [-64.50534, -5.81881], [-64.49762, -5.82507], [-64.4921, -5.82029], [-64.48966, -5.8258], [-64.50813, -5.83594], [-64.50657, -5.84722], [-64.50145, -5.848], [-64.50302, -5.85065], [-64.51932, -5.84871], [-64.5173, -5.85157], [-64.52422, -5.85079], [-64.53538, -5.8375], [-64.5427, -5.83638], [-64.54797, -5.84051], [-64.55478, -5.85542], [-64.57614, -5.87355], [-64.58097, -5.87023], [-64.57827, -5.85943], [-64.58209, -5.85519], [-64.60089, -5.85034], [-64.61747, -5.84077], [-64.62894, -5.84024], [-64.64135, -5.85254], [-64.63875, -5.85945], [-64.63936, -5.85342], [-64.63629, -5.85067], [-64.63453, -5.85921], [-64.64358, -5.89211], [-64.64962, -5.89504], [-64.65942, -5.88468], [-64.68295, -5.87422], [-64.66789, -5.79804], [-64.64534, -5.74774], [-64.62282, -5.739], [-64.6243, -5.73502], [-64.61608, -5.72649], [-64.6128, -5.71629], [-64.60001, -5.71003], [-64.58233, -5.71894]]]}}, {"type": "Feature", "properties": {"nome": "Paumari do Lago Marahã", "etnia": "Apurinã", "fase": "Regularizada", "modalidade": "Tradicionalmente ocupada", "municipios": "Lábrea", "ha": 118766.8862, "uf": "AM"}, "geometry": {"type": "Polygon", "coordinates": [[[-65.14682, -7.44247], [-65.1415, -7.4403], [-65.15404, -7.45712], [-65.14779, -7.4678], [-65.14826, -7.4773], [-65.14279, -7.47854], [-65.13712, -7.48776], [-65.14781, -7.50074], [-65.15146, -7.52003], [-65.15019, -7.53137], [-65.14069, -7.55474], [-65.1155, -7.54223], [-65.02795, -7.68517], [-65.03219, -7.68572], [-65.02087, -7.68459], [-65.02341, -7.68085], [-65.0203, -7.67501], [-65.02452, -7.67708], [-65.03213, -7.67129], [-65.02558, -7.65455], [-65.01866, -7.65256], [-65.0092, -7.66107], [-65.00965, -7.67845], [-65.01638, -7.68702], [-65.01541, -7.70202], [-65.02046, -7.70434], [-65.02317, -7.69152], [-65.03302, -7.68972], [-65.04236, -7.7026], [-65.03218, -7.71322], [-65.03598, -7.71908], [-65.04172, -7.71624], [-65.04842, -7.70458], [-65.05832, -7.70016], [-65.0776, -7.7031], [-65.0798, -7.70826], [-65.07704, -7.71406], [-65.08441, -7.71121], [-65.08265, -7.71552], [-65.07544, -7.71473], [-65.07876, -7.70809], [-65.0741, -7.70327], [-65.06679, -7.70464], [-65.05734, -7.716], [-65.06122, -7.71893], [-65.07573, -7.71646], [-65.08199, -7.7242], [-65.08556, -7.71962], [-65.083, -7.72614], [-65.0746, -7.73183], [-65.06232, -7.73132], [-65.05386, -7.73911], [-65.05371, -7.74349], [-65.06048, -7.75083], [-65.06054, -7.73886], [-65.0695, -7.7357], [-65.07401, -7.75151], [-65.08088, -7.73911], [-65.09374, -7.73924], [-65.10111, -7.74863], [-65.10337, -7.76981], [-65.11236, -7.77287], [-65.11514, -7.78278], [-65.11828, -7.78193], [-65.12363, -7.7705], [-65.12847, -7.7698], [-65.11812, -7.75519], [-65.12263, -7.74827], [-65.12946, -7.75167], [-65.12688, -7.74794], [-65.12186, -7.74752], [-65.1243, -7.7386], [-65.13824, -7.73882], [-65.14769, -7.73261], [-65.15454, -7.73833], [-65.1592, -7.74842], [-65.16986, -7.75512], [-65.1805, -7.75509], [-65.18898, -7.76578], [-65.19714, -7.76966], [-65.20149, -7.78057], [-65.22819, -7.79674], [-65.24144, -7.78944], [-65.34912, -7.79583], [-65.47665, -7.66679], [-65.47158, -7.66216], [-65.47295, -7.6692], [-65.45993, -7.66422], [-65.4592, -7.66952], [-65.46251, -7.66865], [-65.46186, -7.6712], [-65.44458, -7.67638], [-65.43775, -7.67415], [-65.43673, -7.67069], [-65.43193, -7.67462], [-65.4198, -7.67291], [-65.41217, -7.66036], [-65.40282, -7.65613], [-65.39963, -7.64727], [-65.39172, -7.64697], [-65.37981, -7.64014], [-65.36641, -7.6193], [-65.36644, -7.60884], [-65.35471, -7.60285], [-65.35244, -7.5975], [-65.35606, -7.58657], [-65.35405, -7.57578], [-65.34646, -7.5723], [-65.34352, -7.56323], [-65.35731, -7.55414], [-65.35544, -7.54734], [-65.3465, -7.53744], [-65.34683, -7.5272], [-65.35275, -7.5204], [-65.36049, -7.51859], [-65.37863, -7.52701], [-65.38853, -7.52809], [-65.39387, -7.52016], [-65.3916, -7.51132], [-65.37769, -7.49968], [-65.34539, -7.50212], [-65.3398, -7.49701], [-65.33679, -7.48312], [-65.33152, -7.47967], [-65.31406, -7.48435], [-65.30717, -7.48281], [-65.30215, -7.47748], [-65.30116, -7.47001], [-65.30207, -7.46514], [-65.3099, -7.45788], [-65.31003, -7.45248], [-65.30445, -7.44801], [-65.28893, -7.44708], [-65.27415, -7.43136], [-65.22403, -7.44798], [-65.21959, -7.44186], [-65.22435, -7.42553], [-65.22288, -7.41936], [-65.21041, -7.41277], [-65.19386, -7.39474], [-65.18411, -7.38901], [-65.1716, -7.39624], [-65.16278, -7.43503], [-65.14682, -7.44247]]]}}, {"type": "Feature", "properties": {"nome": "Paumari do Lago Paricá", "etnia": "Paumarí", "fase": "Regularizada", "modalidade": "Tradicionalmente ocupada", "municipios": "Tapauá", "ha": 15792.112, "uf": "AM"}, "geometry": {"type": "Polygon", "coordinates": [[[-64.6924, -5.87573], [-64.6599, -5.88921], [-64.64915, -5.89977], [-64.6439, -5.8994], [-64.64499, -5.90573], [-64.64941, -5.90885], [-64.64806, -5.91546], [-64.64081, -5.9179], [-64.6523, -5.9597], [-64.65072, -5.98498], [-64.78504, -5.98474], [-64.77337, -5.97609], [-64.77202, -5.97152], [-64.77714, -5.9661], [-64.77779, -5.95927], [-64.78682, -5.96108], [-64.78876, -5.95694], [-64.77684, -5.93952], [-64.77899, -5.92947], [-64.75026, -5.87963], [-64.73434, -5.87818], [-64.71497, -5.88217], [-64.6924, -5.87573]]]}}, {"type": "Feature", "properties": {"nome": "Paumari do Rio Ituxi", "etnia": "Paumarí", "fase": "Regularizada", "modalidade": "Tradicionalmente ocupada", "municipios": "Lábrea", "ha": 7572.412, "uf": "AM"}, "geometry": {"type": "Polygon", "coordinates": [[[-64.94466, -7.3882], [-64.95351, -7.39488], [-64.96262, -7.39345], [-65.00334, -7.4257], [-65.04575, -7.4069], [-65.04711, -7.40228], [-64.94172, -7.30838], [-64.92053, -7.32329], [-64.92495, -7.32775], [-64.93465, -7.3267], [-64.93522, -7.33363], [-64.92993, -7.33999], [-64.93501, -7.35079], [-64.93712, -7.36879], [-64.93484, -7.37468], [-64.94376, -7.37935], [-64.94162, -7.38079], [-64.94466, -7.3882]]]}}, {"type": "Feature", "properties": {"nome": "Peneri/Tacaquiri", "etnia": "Apurinã", "fase": "Regularizada", "modalidade": "Tradicionalmente ocupada", "municipios": "Pauini", "ha": 189870.9641, "uf": "AM"}, "geometry": {"type": "Polygon", "coordinates": [[[-67.04302, -7.8219], [-66.96066, -7.95469], [-66.96187, -7.94952], [-66.95341, -7.9402], [-66.93647, -7.94009], [-66.9252, -7.93426], [-66.88367, -7.93463], [-66.87586, -7.9366], [-66.87203, -7.94676], [-66.87349, -7.95216], [-66.88783, -7.96697], [-66.90146, -7.97014], [-66.9074, -7.96593], [-66.91347, -7.96596], [-66.91775, -7.97118], [-66.92581, -7.97271], [-66.93529, -7.98718], [-66.93938, -7.98807], [-66.9421, -7.99843], [-66.94696, -8.00166], [-66.94436, -8.0193], [-66.95151, -8.03318], [-66.95041, -8.03638], [-66.96022, -8.04199], [-66.9692, -8.05549], [-66.96982, -8.06303], [-66.96389, -8.07949], [-66.97535, -8.08653], [-66.97558, -8.09025], [-66.97117, -8.0994], [-66.96266, -8.10419], [-66.96041, -8.12215], [-66.96359, -8.12818], [-66.95689, -8.14101], [-66.95522, -8.15475], [-66.95961, -8.1629], [-66.97141, -8.17304], [-66.97358, -8.17935], [-66.96604, -8.19952], [-66.97852, -8.26146], [-66.97821, -8.27411], [-66.97205, -8.29422], [-66.9842, -8.31588], [-66.98256, -8.32466], [-66.98497, -8.33464], [-66.97853, -8.3494], [-66.98766, -8.36518], [-66.99906, -8.3703], [-67.0057, -8.38174], [-67.00598, -8.4168], [-67.00187, -8.43363], [-67.00558, -8.44806], [-66.99972, -8.47664], [-67.08563, -8.49414], [-67.12508, -8.48939], [-67.17149, -8.46904], [-67.20083, -8.39738], [-67.20098, -8.38901], [-67.1949, -8.37987], [-67.19732, -8.36305], [-67.18983, -8.31014], [-67.20731, -8.28629], [-67.19742, -8.2744], [-67.19675, -8.26057], [-67.20053, -8.24966], [-67.19471, -8.23403], [-67.29084, -8.20978], [-67.28682, -8.20309], [-67.27358, -8.19339], [-67.27127, -8.17307], [-67.28133, -8.16784], [-67.30254, -8.17845], [-67.30616, -8.1755], [-67.30207, -8.16836], [-67.27161, -8.1564], [-67.25662, -8.14328], [-67.25104, -8.13075], [-67.25122, -8.10956], [-67.24606, -8.09964], [-67.2606, -8.09021], [-67.26045, -8.08207], [-67.24801, -8.06867], [-67.21744, -8.04774], [-67.2123, -8.04026], [-67.21351, -8.03233], [-67.22494, -8.0264], [-67.23914, -8.02985], [-67.2459, -8.04307], [-67.25075, -8.03596], [-67.24038, -8.00932], [-67.2445, -7.99856], [-67.24293, -7.99404], [-67.23488, -7.99119], [-67.21785, -7.99872], [-67.21027, -7.99485], [-67.21612, -7.97297], [-67.23623, -7.95609], [-67.22175, -7.94076], [-67.21958, -7.9189], [-67.20499, -7.90054], [-67.19386, -7.89525], [-67.1837, -7.90005], [-67.15972, -7.92235], [-67.15108, -7.92318], [-67.14998, -7.91548], [-67.15329, -7.9083], [-67.16744, -7.89332], [-67.1409, -7.90315], [-67.12263, -7.88111], [-67.12167, -7.87677], [-67.12631, -7.87129], [-67.14678, -7.87874], [-67.15397, -7.8744], [-67.15644, -7.86747], [-67.15385, -7.86116], [-67.13604, -7.85384], [-67.12802, -7.82424], [-67.12336, -7.8242], [-67.12088, -7.82827], [-67.12359, -7.84297], [-67.12043, -7.85013], [-67.10727, -7.84658], [-67.09119, -7.83218], [-67.0871, -7.83533], [-67.08484, -7.84887], [-67.07452, -7.84925], [-67.07425, -7.83496], [-67.09072, -7.82223], [-67.09401, -7.81622], [-67.09186, -7.7961], [-67.08874, -7.79168], [-67.08036, -7.78934], [-67.07449, -7.79118], [-67.05765, -7.81933], [-67.04302, -7.8219]]]}}, {"type": "Feature", "properties": {"nome": "Pinatuba", "etnia": "Múra", "fase": "Regularizada", "modalidade": "Tradicionalmente ocupada", "municipios": "Manicoré", "ha": 29564.9382, "uf": "AM"}, "geometry": {"type": "Polygon", "coordinates": [[[-60.72659, -5.55313], [-60.71404, -5.5723], [-60.69669, -5.58252], [-60.69558, -5.63418], [-60.7278, -5.64946], [-60.72308, -5.68641], [-60.67669, -5.74502], [-60.69808, -5.77474], [-60.74447, -5.81002], [-60.75606, -5.80752], [-60.77065, -5.81328], [-60.77371, -5.81888], [-60.77839, -5.81425], [-60.77686, -5.80529], [-60.78716, -5.80882], [-60.78381, -5.80627], [-60.78389, -5.79942], [-60.79635, -5.79942], [-60.79419, -5.79032], [-60.79091, -5.79309], [-60.7863, -5.79026], [-60.78958, -5.78687], [-60.78949, -5.77986], [-60.79552, -5.78284], [-60.79887, -5.7726], [-60.79445, -5.77234], [-60.79116, -5.76051], [-60.79607, -5.7495], [-60.79351, -5.73308], [-60.78903, -5.72856], [-60.78856, -5.71426], [-60.79538, -5.70519], [-60.80857, -5.69956], [-60.81036, -5.69071], [-60.80279, -5.69065], [-60.806, -5.68194], [-60.79549, -5.67383], [-60.79937, -5.66907], [-60.80526, -5.67296], [-60.80704, -5.6635], [-60.79638, -5.65556], [-60.79755, -5.66163], [-60.794, -5.66791], [-60.78548, -5.66756], [-60.77569, -5.65367], [-60.77898, -5.63764], [-60.79369, -5.62758], [-60.7906, -5.61985], [-60.78156, -5.62878], [-60.77756, -5.62441], [-60.78305, -5.60791], [-60.79986, -5.60299], [-60.79982, -5.59964], [-60.80334, -5.60295], [-60.80645, -5.60002], [-60.80528, -5.59395], [-60.80646, -5.58754], [-60.80962, -5.5875], [-60.81016, -5.57974], [-60.80761, -5.57778], [-60.80354, -5.58026], [-60.80592, -5.567], [-60.81809, -5.5696], [-60.82544, -5.56448], [-60.81027, -5.56192], [-60.78411, -5.54943], [-60.77391, -5.54041], [-60.75745, -5.5068], [-60.75256, -5.50746], [-60.74905, -5.5177], [-60.74137, -5.5216], [-60.73937, -5.52604], [-60.71473, -5.53651], [-60.72442, -5.5422], [-60.72659, -5.55313]]]}}, {"type": "Feature", "properties": {"nome": "Pirahã", "etnia": "Múra,Pirahã", "fase": "Regularizada", "modalidade": "Tradicionalmente ocupada", "municipios": "Humaitá", "ha": 346910.5673, "uf": "AM"}, "geometry": {"type": "Polygon", "coordinates": [[[-61.75373, -6.46328], [-61.74156, -6.48154], [-61.74321, -6.4775], [-61.73419, -6.48177], [-61.71777, -6.48202], [-61.71968, -6.48762], [-61.73075, -6.49719], [-61.72836, -6.51361], [-61.72079, -6.5142], [-61.70709, -6.49632], [-61.70186, -6.49527], [-61.69055, -6.50147], [-61.68979, -6.51309], [-61.70147, -6.51921], [-61.70754, -6.51774], [-61.71187, -6.5243], [-61.7021, -6.5351], [-61.68571, -6.54309], [-61.67971, -6.56297], [-61.68566, -6.56496], [-61.68772, -6.57032], [-61.70443, -6.5748], [-61.70888, -6.59101], [-61.70168, -6.60817], [-61.70685, -6.61647], [-61.70281, -6.62363], [-61.73719, -6.63312], [-61.79628, -6.70156], [-61.80848, -6.82639], [-61.87744, -6.98083], [-61.91333, -7.0293], [-62.0008, -7.10607], [-62.09662, -7.14257], [-62.17019, -7.20297], [-62.19188, -7.34142], [-62.18148, -7.34576], [-62.17151, -7.4172], [-62.17099, -7.45136], [-62.16681, -7.45602], [-62.19445, -7.4564], [-62.23372, -7.52179], [-62.21963, -7.67054], [-62.18047, -7.71446], [-62.219, -7.85777], [-62.28653, -7.8188], [-62.29885, -7.81709], [-62.34257, -7.78628], [-62.41849, -7.75929], [-62.40145, -7.73463], [-62.40367, -7.64732], [-62.37514, -7.58643], [-62.38157, -7.57583], [-62.38707, -7.5551], [-62.38089, -7.54068], [-62.38248, -7.53112], [-62.39197, -7.5181], [-62.3895, -7.51401], [-62.39347, -7.50462], [-62.38777, -7.49946], [-62.39231, -7.49188], [-62.39116, -7.48154], [-62.3966, -7.48344], [-62.39436, -7.49247], [-62.4014, -7.48693], [-62.40389, -7.49244], [-62.40536, -7.48803], [-62.40125, -7.47849], [-62.40536, -7.47504], [-62.40004, -7.47336], [-62.40331, -7.46708], [-62.39618, -7.46576], [-62.39477, -7.47252], [-62.38986, -7.46993], [-62.38933, -7.47348], [-62.38339, -7.47518], [-62.3786, -7.45991], [-62.36173, -7.45184], [-62.36682, -7.44336], [-62.36017, -7.4467], [-62.35722, -7.44393], [-62.3578, -7.43026], [-62.36816, -7.43519], [-62.37883, -7.4301], [-62.3761, -7.42352], [-62.37951, -7.41296], [-62.3783, -7.40205], [-62.38271, -7.395], [-62.36674, -7.3738], [-62.36579, -7.28788], [-62.33498, -7.24269], [-62.34195, -7.18786], [-62.31735, -7.16312], [-62.28576, -7.09233], [-62.17358, -6.98717], [-62.10691, -6.98636], [-62.02257, -6.82391], [-62.03294, -6.75907], [-61.99961, -6.70864], [-61.94457, -6.54365], [-61.90439, -6.52753], [-61.9047, -6.464], [-61.75373, -6.46328]]]}}, {"type": "Feature", "properties": {"nome": "Porto Praia", "etnia": "Tikúna", "fase": "Regularizada", "modalidade": "Tradicionalmente ocupada", "municipios": "Uarini", "ha": 4769.8617, "uf": "AM"}, "geometry": {"type": "Polygon", "coordinates": [[[-65.14136, -2.86173], [-65.07688, -2.89084], [-65.08726, -2.89627], [-65.07822, -2.90123], [-65.07904, -2.90716], [-65.09857, -2.91978], [-65.10973, -2.91662], [-65.11278, -2.91967], [-65.11052, -2.9282], [-65.11262, -2.92909], [-65.1256, -2.92378], [-65.13072, -2.91483], [-65.13938, -2.90798], [-65.14866, -2.90622], [-65.15703, -2.89449], [-65.15919, -2.88531], [-65.15465, -2.85112], [-65.14136, -2.86173]]]}}, {"type": "Feature", "properties": {"nome": "Recreio/São Félix", "etnia": "Múra", "fase": "Regularizada", "modalidade": "Tradicionalmente ocupada", "municipios": "Autazes", "ha": 251.051, "uf": "AM"}, "geometry": {"type": "Polygon", "coordinates": [[[-59.18919, -3.54001], [-59.19502, -3.55474], [-59.20529, -3.55196], [-59.20885, -3.54494], [-59.20863, -3.53974], [-59.18919, -3.54001]]]}}, {"type": "Feature", "properties": {"nome": "Rio Apaporis", "etnia": "Tukano,Makú,Desána,Tuyúca", "fase": "Regularizada", "modalidade": "Tradicionalmente ocupada", "municipios": "Japurá", "ha": 106960.3377, "uf": "AM"}, "geometry": {"type": "Polygon", "coordinates": [[[-69.14098, -1.00406], [-69.13758, -1.00652], [-69.1399, -1.01062], [-69.13663, -1.01534], [-69.13833, -1.03422], [-69.13475, -1.03319], [-69.13196, -1.03722], [-69.13454, -1.0383], [-69.13132, -1.04526], [-69.12295, -1.05217], [-69.11853, -1.0639], [-69.10722, -1.07046], [-69.10197, -1.08065], [-69.0948, -1.08127], [-69.09625, -1.08599], [-69.08893, -1.09775], [-69.09045, -1.10247], [-69.08725, -1.11191], [-69.08932, -1.1129], [-69.08234, -1.12599], [-69.08456, -1.13518], [-69.07811, -1.13983], [-69.08238, -1.14421], [-69.07515, -1.15667], [-69.07024, -1.15644], [-69.07092, -1.16284], [-69.05946, -1.17056], [-69.06054, -1.17584], [-69.05692, -1.17262], [-69.05461, -1.17481], [-69.05511, -1.1796], [-69.04914, -1.18242], [-69.05099, -1.18644], [-69.05564, -1.18429], [-69.05617, -1.1933], [-69.0707, -1.20402], [-69.07144, -1.20843], [-69.09075, -1.20646], [-69.09274, -1.21029], [-69.1005, -1.21311], [-69.10382, -1.20988], [-69.11383, -1.21232], [-69.12243, -1.20722], [-69.12712, -1.20988], [-69.14618, -1.20988], [-69.17582, -1.19835], [-69.19333, -1.20246], [-69.21153, -1.19998], [-69.21546, -1.20995], [-69.22828, -1.21467], [-69.22637, -1.27032], [-69.22069, -1.27374], [-69.21903, -1.27884], [-69.22917, -1.29773], [-69.23613, -1.30267], [-69.23485, -1.30929], [-69.23865, -1.31865], [-69.26164, -1.31582], [-69.27305, -1.32074], [-69.28016, -1.33134], [-69.28523, -1.35001], [-69.29589, -1.36014], [-69.30731, -1.36335], [-69.31834, -1.37544], [-69.35679, -1.37077], [-69.37735, -1.36168], [-69.37916, -1.36442], [-69.38199, -1.36188], [-69.3875, -1.3683], [-69.39555, -1.36664], [-69.39321, -1.35923], [-69.40422, -1.32783], [-69.40403, -1.28735], [-69.40939, -1.27182], [-69.42375, -1.24714], [-69.42658, -1.23281], [-69.42542, -1.21708], [-69.41157, -1.18549], [-69.40961, -1.15824], [-69.4053, -1.1507], [-69.39463, -1.1453], [-69.3912, -1.13635], [-69.39311, -1.11676], [-69.41445, -1.0839], [-69.15211, -0.95197], [-69.15211, -0.9595], [-69.14631, -0.96318], [-69.14135, -0.98405], [-69.14098, -1.00406]]]}}, {"type": "Feature", "properties": {"nome": "Rio Biá", "etnia": "Katukina", "fase": "Regularizada", "modalidade": "Tradicionalmente ocupada", "municipios": "Jutaí,Carauari", "ha": 1185791.71, "uf": "AM"}, "geometry": {"type": "Polygon", "coordinates": [[[-67.46383, -3.85255], [-67.45195, -3.85492], [-67.45293, -3.85892], [-67.44472, -3.86382], [-67.44328, -3.87488], [-67.44085, -3.87331], [-67.43583, -3.87668], [-67.43579, -3.88238], [-67.42823, -3.88631], [-67.42582, -3.89706], [-67.41628, -3.90646], [-67.41816, -3.90887], [-67.41357, -3.91778], [-67.40294, -3.92485], [-67.40548, -3.93056], [-67.40353, -3.94143], [-67.41041, -3.95876], [-67.40071, -3.98674], [-67.38138, -4.01657], [-67.37539, -4.01833], [-67.37354, -4.02404], [-67.36092, -4.02758], [-67.36244, -4.03142], [-67.35528, -4.04486], [-67.35563, -4.05233], [-67.3633, -4.05899], [-67.35912, -4.06546], [-67.35818, -4.07667], [-67.36286, -4.08767], [-67.34185, -4.10259], [-67.33694, -4.11877], [-67.33115, -4.12312], [-67.33216, -4.128], [-67.31921, -4.13395], [-67.30553, -4.13365], [-67.29712, -4.141], [-67.2951, -4.13935], [-67.2842, -4.14368], [-67.28178, -4.14858], [-67.26397, -4.14773], [-67.24368, -4.15178], [-67.23422, -4.16409], [-67.23541, -4.17045], [-67.22181, -4.19423], [-67.21742, -4.21109], [-67.2024, -4.22171], [-67.1993, -4.22828], [-67.18941, -4.23024], [-67.1784, -4.28583], [-67.17954, -4.29243], [-67.18782, -4.30415], [-67.17607, -4.32272], [-67.17275, -4.34557], [-67.16411, -4.36265], [-67.15586, -4.40281], [-67.15312, -4.40425], [-67.15568, -4.41202], [-67.15297, -4.42258], [-67.14844, -4.42916], [-67.14542, -4.44503], [-67.13853, -4.45048], [-67.13257, -4.47276], [-67.13737, -4.49221], [-67.14305, -4.49372], [-67.14829, -4.49007], [-67.14772, -4.48369], [-67.14974, -4.48586], [-67.15326, -4.48267], [-67.15547, -4.4856], [-67.1575, -4.48305], [-67.15908, -4.48661], [-67.16298, -4.48669], [-67.17018, -4.47837], [-67.17282, -4.47847], [-67.17257, -4.48341], [-67.17554, -4.48339], [-67.17638, -4.48695], [-67.18133, -4.48283], [-67.19457, -4.48396], [-67.20665, -4.47669], [-67.20909, -4.48167], [-67.21449, -4.48331], [-67.21624, -4.47967], [-67.22744, -4.4773], [-67.22996, -4.49165], [-67.23694, -4.49832], [-67.23542, -4.51557], [-67.23831, -4.52698], [-67.23482, -4.56344], [-67.24808, -4.59656], [-67.24227, -4.63079], [-67.24859, -4.67562], [-67.24283, -4.68715], [-67.24034, -4.70533], [-67.24295, -4.72462], [-67.24786, -4.7301], [-67.25907, -4.73388], [-67.26761, -4.74302], [-67.26969, -4.75134], [-67.27412, -4.75412], [-67.27376, -4.75936], [-67.27756, -4.76191], [-67.27326, -4.77712], [-67.29099, -4.78797], [-67.29016, -4.79826], [-67.29727, -4.80568], [-67.29623, -4.8127], [-67.3058, -4.82712], [-67.26872, -4.84272], [-67.26195, -4.86987], [-67.24964, -4.87731], [-67.24582, -4.8852], [-67.25493, -4.88883], [-67.25279, -4.89958], [-67.26035, -4.89971], [-67.26496, -4.91025], [-67.27574, -4.91087], [-67.27754, -4.92125], [-67.28579, -4.9212], [-67.29259, -4.92587], [-67.31516, -4.92515], [-67.32104, -4.92872], [-67.32181, -4.93303], [-67.3303, -4.93361], [-67.33184, -4.93969], [-67.32693, -4.94323], [-67.32354, -4.9417], [-67.32281, -4.95101], [-67.31812, -4.95207], [-67.31735, -4.95593], [-67.32101, -4.95521], [-67.32145, -4.96125], [-67.32629, -4.96421], [-67.32547, -4.96835], [-67.32878, -4.96729], [-67.32795, -4.97172], [-67.3332, -4.97502], [-67.33692, -4.98884], [-67.34395, -4.99328], [-67.34271, -5.01181], [-67.35239, -5.01634], [-67.35356, -5.02086], [-67.36633, -5.02746], [-67.37503, -5.02678], [-67.38175, -5.03286], [-67.411, -5.03344], [-67.41415, -5.03632], [-67.41219, -5.0424], [-67.41871, -5.05592], [-67.42587, -5.05802], [-67.43336, -5.05591], [-67.43454, -5.06125], [-67.4619, -5.08051], [-67.46657, -5.09947], [-67.47467, -5.10593], [-67.49552, -5.10604], [-67.50159, -5.10276], [-67.50633, -5.10537], [-67.51469, -5.09994], [-67.53611, -5.10452], [-67.55039, -5.10166], [-67.55484, -5.10911], [-67.568, -5.11447], [-67.56912, -5.1212], [-67.57343, -5.12268], [-67.58307, -5.13708], [-67.60619, -5.15069], [-67.61335, -5.16032], [-67.62444, -5.16253], [-67.62985, -5.16705], [-67.63316, -5.17716], [-67.6449, -5.18442], [-67.65096, -5.1924], [-67.67946, -5.19948], [-67.69167, -5.20898], [-67.69704, -5.23185], [-67.70457, -5.23602], [-67.70909, -5.24469], [-67.72016, -5.24338], [-67.72919, -5.24767], [-67.73169, -5.25375], [-67.73917, -5.25786], [-67.74275, -5.27942], [-67.7553, -5.28772], [-67.76092, -5.30046], [-67.76869, -5.30538], [-67.78235, -5.34502], [-67.78414, -5.36238], [-67.80667, -5.3665], [-67.8117, -5.3613], [-67.81807, -5.36007], [-67.83374, -5.37243], [-67.83555, -5.38065], [-67.84593, -5.39148], [-67.85991, -5.39557], [-67.86069, -5.39985], [-67.88494, -5.41399], [-67.89559, -5.41262], [-67.90123, -5.41565], [-67.90287, -5.41098], [-67.90887, -5.41769], [-67.92123, -5.42086], [-67.93828, -5.43235], [-67.94112, -5.43941], [-67.94785, -5.44152], [-67.949, -5.44923], [-67.95178, -5.44622], [-67.96188, -5.45786], [-67.97074, -5.46092], [-67.9753, -5.46712], [-67.98231, -5.46795], [-67.99239, -5.48586], [-67.99138, -5.49265], [-68.00223, -5.50359], [-68.00596, -5.5026], [-68.00844, -5.50564], [-68.0078, -5.51623], [-68.0201, -5.53073], [-68.01744, -5.54271], [-68.02034, -5.54874], [-68.01975, -5.57111], [-68.02359, -5.58232], [-68.03225, -5.58884], [-68.0425, -5.60783], [-68.04031, -5.62159], [-68.02334, -5.64202], [-68.0157, -5.65632], [-68.01659, -5.66363], [-68.01155, -5.66485], [-68.00139, -5.68152], [-68.00373, -5.69106], [-68.01153, -5.70178], [-68.0258, -5.70547], [-68.03382, -5.71159], [-68.0364, -5.71146], [-68.0397, -5.70299], [-68.05441, -5.70408], [-68.05902, -5.70648], [-68.05957, -5.71453], [-68.06625, -5.71714], [-68.10025, -5.71326], [-68.1051, -5.72078], [-68.11785, -5.72981], [-68.12711, -5.73219], [-68.15291, -5.73127], [-68.16506, -5.72628], [-68.18369, -5.72734], [-68.19389, -5.7323], [-68.19677, -5.73832], [-68.29724, -5.63266], [-68.31413, -5.6308], [-68.33646, -5.65117], [-68.36995, -5.63906], [-68.37767, -5.61922], [-68.37556, -5.61181], [-68.38171, -5.61058], [-68.38516, -5.59928], [-68.3834, -5.59107], [-68.377, -5.58822], [-68.38018, -5.5805], [-68.37508, -5.5823], [-68.38032, -5.57353], [-68.3892, -5.56716], [-68.38861, -5.55526], [-68.3909, -5.55341], [-68.38927, -5.54777], [-68.38142, -5.55224], [-68.38333, -5.54487], [-68.37725, -5.54484], [-68.37495, -5.53381], [-68.37149, -5.53129], [-68.38042, -5.52555], [-68.38136, -5.51824], [-68.37381, -5.50073], [-68.36929, -5.503], [-68.3758, -5.49566], [-68.37157, -5.4947], [-68.37335, -5.49026], [-68.37817, -5.48863], [-68.37367, -5.48422], [-68.38668, -5.47835], [-68.39291, -5.46014], [-68.38979, -5.45647], [-68.39494, -5.45271], [-68.38557, -5.45287], [-68.38021, -5.44737], [-68.37562, -5.43888], [-68.37446, -5.42461], [-68.36814, -5.43546], [-68.35088, -5.41742], [-68.35538, -5.39778], [-68.34596, -5.38822], [-68.3472, -5.38217], [-68.33187, -5.38299], [-68.33321, -5.38805], [-68.33064, -5.38984], [-68.32581, -5.37727], [-68.32161, -5.37476], [-68.32764, -5.36351], [-68.32423, -5.35858], [-68.32487, -5.34948], [-68.32746, -5.34901], [-68.32903, -5.35527], [-68.33624, -5.35001], [-68.3363, -5.34765], [-68.32824, -5.3451], [-68.3278, -5.33757], [-68.3248, -5.33648], [-68.33078, -5.32685], [-68.32295, -5.32183], [-68.30833, -5.32546], [-68.29493, -5.32167], [-68.29025, -5.31801], [-68.28752, -5.30974], [-68.29033, -5.29776], [-68.27988, -5.29746], [-68.28005, -5.28566], [-68.29265, -5.26818], [-68.28751, -5.26182], [-68.29759, -5.25608], [-68.29847, -5.24807], [-68.29098, -5.24333], [-68.28606, -5.2349], [-68.27936, -5.23878], [-68.27659, -5.2373], [-68.28119, -5.22416], [-68.27595, -5.222], [-68.27499, -5.21338], [-68.26801, -5.20742], [-68.27212, -5.20315], [-68.27243, -5.19452], [-68.27828, -5.19345], [-68.27413, -5.17909], [-68.26575, -5.17896], [-68.26413, -5.17632], [-68.26571, -5.15986], [-68.26133, -5.1551], [-68.2663, -5.1514], [-68.26611, -5.14668], [-68.26148, -5.15056], [-68.25172, -5.15141], [-68.25221, -5.14675], [-68.26109, -5.14285], [-68.25345, -5.12873], [-68.25599, -5.11986], [-68.24303, -5.11141], [-68.23989, -5.11487], [-68.23627, -5.11374], [-68.23073, -5.10957], [-68.22997, -5.10399], [-68.22571, -5.10384], [-68.22033, -5.09517], [-68.20974, -5.08723], [-68.20993, -5.08193], [-68.21548, -5.07604], [-68.20498, -5.06562], [-68.2071, -5.05324], [-68.21372, -5.04585], [-68.21296, -5.04177], [-68.20594, -5.03881], [-68.19971, -5.04516], [-68.19453, -5.03984], [-68.18788, -5.04228], [-68.18459, -5.04006], [-68.19138, -5.0318], [-68.19806, -5.03338], [-68.19383, -5.02805], [-68.18605, -5.03252], [-68.18649, -5.01623], [-68.18212, -5.01527], [-68.1803, -5.00647], [-68.17935, -5.01206], [-68.17562, -5.01052], [-68.17936, -5.00199], [-68.18706, -5.00484], [-68.18291, -4.99703], [-68.18542, -4.98495], [-68.18199, -4.97929], [-68.18793, -4.97673], [-68.18958, -4.9735], [-68.18247, -4.97441], [-68.17476, -4.96889], [-68.16291, -4.97104], [-68.1656, -4.96264], [-68.17584, -4.95965], [-68.17391, -4.93635], [-68.16306, -4.94262], [-68.14027, -4.93847], [-68.14206, -4.92336], [-68.15121, -4.92031], [-68.1329, -4.91527], [-68.13251, -4.90936], [-68.13947, -4.9042], [-68.14279, -4.89499], [-68.12827, -4.89223], [-68.12862, -4.87649], [-68.12554, -4.87777], [-68.12455, -4.88381], [-68.1192, -4.88195], [-68.11883, -4.86048], [-68.11497, -4.86585], [-68.11151, -4.86008], [-68.09735, -4.85391], [-68.08896, -4.85873], [-68.07106, -4.88336], [-68.05962, -4.88728], [-68.04168, -4.88591], [-68.02656, -4.87855], [-68.01381, -4.88426], [-67.97985, -4.84625], [-67.97995, -4.84119], [-67.9736, -4.83521], [-67.95611, -4.8247], [-67.9481, -4.82602], [-67.93735, -4.82017], [-67.92915, -4.82074], [-67.93054, -4.81327], [-67.92576, -4.81012], [-67.90988, -4.73861], [-67.90508, -4.73146], [-67.90129, -4.71254], [-67.88693, -4.68893], [-67.88364, -4.67482], [-67.88604, -4.66568], [-67.87079, -4.60678], [-67.86487, -4.60681], [-67.85095, -4.61729], [-67.82145, -4.6099], [-67.81036, -4.61296], [-67.80096, -4.61181], [-67.78432, -4.62429], [-67.74278, -4.5887], [-67.74237, -4.57722], [-67.7486, -4.56587], [-67.75102, -4.54904], [-67.74248, -4.54054], [-67.73788, -4.52938], [-67.74097, -4.49968], [-67.73213, -4.48774], [-67.73288, -4.4619], [-67.74488, -4.44793], [-67.74044, -4.41685], [-67.74223, -4.40139], [-67.74821, -4.39447], [-67.75165, -4.37711], [-67.77369, -4.33978], [-67.7716, -4.33577], [-67.77815, -4.29371], [-67.76651, -4.27352], [-67.73926, -4.27239], [-67.72334, -4.21555], [-67.72644, -4.20358], [-67.71873, -4.198], [-67.72112, -4.18708], [-67.72782, -4.17785], [-67.73259, -4.15371], [-67.72655, -4.14014], [-67.71866, -4.13279], [-67.71498, -4.11364], [-67.71712, -4.10108], [-67.7045, -4.09448], [-67.69398, -4.09644], [-67.65905, -4.06753], [-67.65375, -4.0529], [-67.63158, -4.04931], [-67.63119, -4.04421], [-67.63683, -4.04021], [-67.64539, -4.02569], [-67.64618, -4.00611], [-67.65798, -3.99579], [-67.59658, -3.95903], [-67.59584, -3.95272], [-67.57297, -3.95823], [-67.56307, -3.95444], [-67.55458, -3.94305], [-67.5631, -3.94172], [-67.55353, -3.93189], [-67.55938, -3.92541], [-67.54941, -3.91626], [-67.54938, -3.91136], [-67.54274, -3.91343], [-67.53545, -3.90674], [-67.53883, -3.89833], [-67.55271, -3.89719], [-67.53089, -3.88699], [-67.52405, -3.89032], [-67.52151, -3.89621], [-67.50235, -3.88058], [-67.49821, -3.88185], [-67.49011, -3.87599], [-67.46548, -3.87462], [-67.4588, -3.86478], [-67.46383, -3.85255]]]}}, {"type": "Feature", "properties": {"nome": "Rio Jumas", "etnia": "Múra", "fase": "Regularizada", "modalidade": "Tradicionalmente ocupada", "municipios": "Careiro", "ha": 9462.6983, "uf": "AM"}, "geometry": {"type": "Polygon", "coordinates": [[[-59.9145, -3.82197], [-59.90614, -3.81934], [-59.89137, -3.80333], [-59.89001, -3.7977], [-59.87773, -3.7887], [-59.87207, -3.79815], [-59.86065, -3.80344], [-59.85201, -3.80208], [-59.85023, -3.80827], [-59.84458, -3.80485], [-59.84348, -3.81587], [-59.84079, -3.81576], [-59.84048, -3.81152], [-59.83481, -3.81377], [-59.83567, -3.82857], [-59.83117, -3.82854], [-59.83443, -3.83221], [-59.83031, -3.83644], [-59.83304, -3.83999], [-59.82895, -3.83881], [-59.83484, -3.84692], [-59.83842, -3.84322], [-59.84678, -3.8458], [-59.84757, -3.85213], [-59.85519, -3.85102], [-59.84544, -3.85278], [-59.84748, -3.85719], [-59.85278, -3.85796], [-59.85195, -3.86311], [-59.85887, -3.86479], [-59.85816, -3.86024], [-59.86168, -3.86444], [-59.85683, -3.86849], [-59.85878, -3.87379], [-59.86216, -3.87281], [-59.85639, -3.87512], [-59.86068, -3.88587], [-59.86962, -3.88498], [-59.87417, -3.88962], [-59.86612, -3.87844], [-59.86944, -3.88027], [-59.86852, -3.87527], [-59.86932, -3.87459], [-59.87101, -3.88347], [-59.87234, -3.88462], [-59.87337, -3.88365], [-59.87438, -3.88424], [-59.87249, -3.88504], [-59.87503, -3.88948], [-59.87343, -3.90433], [-59.86938, -3.90333], [-59.87124, -3.90755], [-59.87926, -3.90596], [-59.87918, -3.90197], [-59.87598, -3.90398], [-59.87527, -3.90288], [-59.879, -3.90105], [-59.87994, -3.90528], [-59.8843, -3.9051], [-59.88222, -3.90676], [-59.89326, -3.91155], [-59.91729, -3.90028], [-59.92179, -3.89229], [-59.93793, -3.88175], [-59.93739, -3.86935], [-59.94029, -3.86275], [-59.93494, -3.85616], [-59.93437, -3.8442], [-59.9209, -3.82712], [-59.91608, -3.82774], [-59.9145, -3.82197]]]}}, {"type": "Feature", "properties": {"nome": "Rio Manicoré", "etnia": "Múra", "fase": "Regularizada", "modalidade": "Tradicionalmente ocupada", "municipios": "Manicoré", "ha": 19481.8699, "uf": "AM"}, "geometry": {"type": "Polygon", "coordinates": [[[-61.54277, -6.11376], [-61.54578, -6.12625], [-61.54145, -6.13297], [-61.53857, -6.13095], [-61.49343, -6.14307], [-61.47413, -6.14184], [-61.46012, -6.15878], [-61.45763, -6.16952], [-61.44043, -6.16991], [-61.43394, -6.1739], [-61.4281, -6.18789], [-61.42978, -6.19507], [-61.42604, -6.20802], [-61.43754, -6.2248], [-61.49367, -6.24953], [-61.50006, -6.24922], [-61.50044, -6.25158], [-61.50983, -6.23939], [-61.50251, -6.22976], [-61.50413, -6.22443], [-61.51449, -6.21865], [-61.52227, -6.20411], [-61.5266, -6.20651], [-61.53576, -6.20403], [-61.54058, -6.22367], [-61.56122, -6.23211], [-61.56635, -6.24046], [-61.57757, -6.24771], [-61.58304, -6.24269], [-61.58312, -6.22784], [-61.59094, -6.22317], [-61.60278, -6.22297], [-61.61528, -6.20487], [-61.61057, -6.20215], [-61.60998, -6.1867], [-61.59722, -6.18804], [-61.59988, -6.17657], [-61.62162, -6.1705], [-61.60395, -6.1505], [-61.59767, -6.14943], [-61.58914, -6.14054], [-61.56906, -6.12816], [-61.56682, -6.11789], [-61.56175, -6.11817], [-61.54918, -6.11004], [-61.54495, -6.10993], [-61.54277, -6.11376]]]}}, {"type": "Feature", "properties": {"nome": "Rio Téa", "etnia": "Tukano,Makú,Piratapuya,Desána,Baré", "fase": "Regularizada", "modalidade": "Tradicionalmente ocupada", "municipios": "Santa Isabel do Rio Negro,São Gabriel da Cachoeira", "ha": 411865.3207, "uf": "AM"}, "geometry": {"type": "MultiPolygon", "coordinates": [[[[-65.40415, -0.32617], [-65.42121, -0.33375], [-65.43743, -0.3349], [-65.44485, -0.33199], [-65.45578, -0.31929], [-65.42909, -0.31707], [-65.40415, -0.32617]]], [[[-66.83907, -0.69939], [-66.83551, -0.7065], [-66.83683, -0.71276], [-66.83959, -0.70708], [-66.83907, -0.69939]]], [[[-66.7273, -0.65185], [-66.72691, -0.65199], [-66.72714, -0.6521], [-66.7273, -0.65185]]], [[[-66.72498, -0.64951], [-66.72465, -0.65026], [-66.72527, -0.65032], [-66.72498, -0.64951]]], [[[-66.70955, -0.63315], [-66.70802, -0.63474], [-66.70962, -0.63527], [-66.70955, -0.63315]]], [[[-66.60607, -0.56504], [-66.60589, -0.56579], [-66.6069, -0.56595], [-66.60607, -0.56504]]], [[[-66.60055, -0.56015], [-66.59641, -0.55864], [-66.60175, -0.56236], [-66.60055, -0.56015]]], [[[-66.42568, -0.45079], [-66.43002, -0.45459], [-66.43974, -0.45662], [-66.43234, -0.45139], [-66.42568, -0.45079]]], [[[-65.47103, -0.4586], [-65.46365, -0.44071], [-65.46723, -0.43702], [-65.4631, -0.42626], [-65.45496, -0.41714], [-65.45899, -0.40819], [-65.45544, -0.40186], [-65.44517, -0.39478], [-65.45284, -0.37854], [-65.45279, -0.37076], [-65.45852, -0.36254], [-65.45042, -0.35019], [-65.4502, -0.34351], [-65.43875, -0.34449], [-65.43442, -0.3396], [-65.42101, -0.34212], [-65.40856, -0.33454], [-65.39527, -0.33333], [-65.38851, -0.3417], [-65.39039, -0.35768], [-65.38442, -0.37275], [-65.37265, -0.37741], [-65.36217, -0.37688], [-65.33864, -0.39298], [-65.29679, -0.4125], [-65.26304, -0.41461], [-65.25555, -0.41225], [-65.25105, -0.40628], [-65.2102, -0.43491], [-65.19434, -0.43593], [-65.17959, -0.43139], [-65.16746, -0.43202], [-65.16281, -0.42867], [-65.15712, -0.42999], [-65.1537, -0.43491], [-65.16064, -0.45437], [-65.16245, -0.48005], [-65.15976, -0.49162], [-65.14458, -0.50694], [-65.15063, -0.50954], [-65.15085, -0.52168], [-65.15606, -0.51863], [-65.15313, -0.50577], [-65.15584, -0.50317], [-65.16269, -0.50896], [-65.15829, -0.50902], [-65.16035, -0.51101], [-65.16544, -0.50888], [-65.17307, -0.51284], [-65.17904, -0.52636], [-65.17556, -0.52882], [-65.16992, -0.5257], [-65.16936, -0.52827], [-65.17479, -0.53069], [-65.17628, -0.53631], [-65.18497, -0.53695], [-65.19222, -0.52714], [-65.1949, -0.53291], [-65.19292, -0.53478], [-65.20293, -0.5386], [-65.20082, -0.52569], [-65.20736, -0.52243], [-65.20586, -0.52741], [-65.21092, -0.53869], [-65.21305, -0.53771], [-65.21099, -0.53126], [-65.21532, -0.5313], [-65.21834, -0.53621], [-65.21941, -0.52991], [-65.22303, -0.5278], [-65.23139, -0.53636], [-65.23259, -0.53291], [-65.23621, -0.53293], [-65.24033, -0.54506], [-65.24341, -0.54633], [-65.24739, -0.5368], [-65.25135, -0.53592], [-65.25056, -0.54255], [-65.25555, -0.54921], [-65.25956, -0.54217], [-65.26396, -0.54881], [-65.26417, -0.54397], [-65.26974, -0.53944], [-65.2737, -0.54776], [-65.2765, -0.54232], [-65.28053, -0.54239], [-65.28085, -0.53407], [-65.2866, -0.53066], [-65.29588, -0.53694], [-65.30783, -0.53043], [-65.31727, -0.52979], [-65.31813, -0.53431], [-65.31413, -0.53675], [-65.3184, -0.53875], [-65.32411, -0.53532], [-65.32827, -0.5454], [-65.33025, -0.5432], [-65.32776, -0.54025], [-65.33294, -0.53442], [-65.33725, -0.53801], [-65.34405, -0.53229], [-65.34743, -0.53529], [-65.35291, -0.5328], [-65.36013, -0.54086], [-65.36534, -0.54086], [-65.36796, -0.53593], [-65.37032, -0.54058], [-65.38383, -0.5397], [-65.3841, -0.54276], [-65.37728, -0.54484], [-65.37592, -0.54964], [-65.3836, -0.55605], [-65.38974, -0.55189], [-65.38794, -0.55626], [-65.39086, -0.55911], [-65.39576, -0.55353], [-65.40104, -0.56262], [-65.40184, -0.55668], [-65.4063, -0.55813], [-65.40603, -0.55476], [-65.40964, -0.55408], [-65.40705, -0.54883], [-65.41187, -0.54958], [-65.41607, -0.54552], [-65.41605, -0.54971], [-65.42018, -0.55287], [-65.42586, -0.54318], [-65.43169, -0.54208], [-65.4303, -0.53667], [-65.43513, -0.53962], [-65.44048, -0.53248], [-65.44491, -0.53382], [-65.45134, -0.54313], [-65.45726, -0.53711], [-65.46091, -0.54218], [-65.46657, -0.54141], [-65.47138, -0.55577], [-65.47943, -0.54776], [-65.49534, -0.55112], [-65.49058, -0.54656], [-65.49804, -0.54386], [-65.4974, -0.53813], [-65.50812, -0.53917], [-65.50817, -0.53418], [-65.51422, -0.53326], [-65.51706, -0.53641], [-65.5145, -0.53958], [-65.52199, -0.53748], [-65.51711, -0.54416], [-65.52915, -0.55067], [-65.53207, -0.55586], [-65.53556, -0.55483], [-65.53807, -0.54356], [-65.54155, -0.54217], [-65.54389, -0.54677], [-65.54063, -0.55034], [-65.54816, -0.55745], [-65.55099, -0.55263], [-65.5577, -0.55611], [-65.55653, -0.54945], [-65.56558, -0.54749], [-65.55658, -0.54424], [-65.5554, -0.53493], [-65.56723, -0.53109], [-65.57261, -0.55068], [-65.5781, -0.55175], [-65.58376, -0.54612], [-65.58953, -0.5461], [-65.59052, -0.55025], [-65.60061, -0.5546], [-65.60521, -0.54743], [-65.60532, -0.55361], [-65.61104, -0.55369], [-65.61596, -0.55813], [-65.61574, -0.55275], [-65.62635, -0.55369], [-65.63189, -0.54645], [-65.63981, -0.54542], [-65.63649, -0.5336], [-65.64155, -0.53318], [-65.64428, -0.52919], [-65.64582, -0.53529], [-65.65027, -0.53245], [-65.65066, -0.53744], [-65.65572, -0.53808], [-65.65582, -0.54009], [-65.65198, -0.54196], [-65.65177, -0.54418], [-65.65515, -0.54132], [-65.65839, -0.54585], [-65.66514, -0.54572], [-65.66218, -0.55034], [-65.6666, -0.55008], [-65.66679, -0.55441], [-65.67146, -0.55556], [-65.66908, -0.55965], [-65.67751, -0.55936], [-65.67404, -0.56485], [-65.6768, -0.56642], [-65.68288, -0.558], [-65.69203, -0.56179], [-65.68294, -0.54865], [-65.6879, -0.55043], [-65.68992, -0.54523], [-65.69304, -0.54801], [-65.69824, -0.54079], [-65.71611, -0.53764], [-65.73127, -0.54174], [-65.73517, -0.54942], [-65.74663, -0.54048], [-65.74927, -0.54845], [-65.75521, -0.54904], [-65.76036, -0.54402], [-65.77421, -0.551], [-65.77896, -0.56009], [-65.7744, -0.56846], [-65.77887, -0.57283], [-65.78139, -0.57274], [-65.78232, -0.5666], [-65.78787, -0.56717], [-65.79404, -0.57034], [-65.79238, -0.57833], [-65.7976, -0.5778], [-65.79867, -0.5736], [-65.80656, -0.583], [-65.80788, -0.57855], [-65.81254, -0.57899], [-65.81731, -0.58534], [-65.82115, -0.58161], [-65.82463, -0.58262], [-65.82796, -0.57559], [-65.83316, -0.57686], [-65.83075, -0.57396], [-65.83522, -0.57266], [-65.83672, -0.56836], [-65.84637, -0.58053], [-65.85416, -0.58024], [-65.85483, -0.58542], [-65.86364, -0.58595], [-65.86015, -0.5935], [-65.86397, -0.59831], [-65.8637, -0.59395], [-65.86722, -0.59432], [-65.86894, -0.60287], [-65.87954, -0.59373], [-65.88229, -0.59699], [-65.88735, -0.59432], [-65.88987, -0.57998], [-65.89402, -0.58652], [-65.89745, -0.58176], [-65.90591, -0.58067], [-65.90606, -0.58343], [-65.898, -0.58901], [-65.90412, -0.5882], [-65.90733, -0.59169], [-65.90993, -0.60022], [-65.90524, -0.60518], [-65.91121, -0.60736], [-65.9146, -0.6039], [-65.91819, -0.61392], [-65.92977, -0.61194], [-65.93743, -0.614], [-65.93945, -0.61748], [-65.93999, -0.61347], [-65.94617, -0.61103], [-65.94787, -0.62287], [-65.95909, -0.62266], [-65.95529, -0.62696], [-65.95832, -0.63054], [-65.95426, -0.63088], [-65.95806, -0.63469], [-65.9711, -0.63022], [-65.96942, -0.62641], [-65.97546, -0.62593], [-65.97249, -0.62176], [-65.9791, -0.623], [-65.97738, -0.6193], [-65.98061, -0.61904], [-65.98429, -0.61284], [-65.98759, -0.61616], [-65.98371, -0.61965], [-65.98957, -0.61891], [-65.98633, -0.6233], [-65.99642, -0.63114], [-65.99503, -0.63365], [-66.00142, -0.63037], [-66.00298, -0.63334], [-66.01236, -0.63258], [-66.01973, -0.63707], [-66.0234, -0.63522], [-66.02702, -0.62423], [-66.03594, -0.62717], [-66.04567, -0.61502], [-66.05638, -0.61428], [-66.05668, -0.61746], [-66.06136, -0.61847], [-66.05749, -0.62275], [-66.06056, -0.62561], [-66.05728, -0.6269], [-66.06163, -0.62668], [-66.06165, -0.63272], [-66.06366, -0.62781], [-66.06619, -0.63278], [-66.07305, -0.62853], [-66.08225, -0.63525], [-66.08995, -0.63212], [-66.09403, -0.64096], [-66.09252, -0.64614], [-66.09272, -0.64296], [-66.08993, -0.64538], [-66.09449, -0.65404], [-66.09869, -0.65324], [-66.10064, -0.64849], [-66.1048, -0.65071], [-66.10011, -0.65536], [-66.10755, -0.6651], [-66.1055, -0.66939], [-66.11174, -0.66812], [-66.11356, -0.67481], [-66.1243, -0.6759], [-66.1215, -0.67896], [-66.12493, -0.6827], [-66.13747, -0.67558], [-66.14015, -0.68652], [-66.14345, -0.68571], [-66.14469, -0.68895], [-66.15034, -0.6878], [-66.15001, -0.68441], [-66.15254, -0.68843], [-66.1577, -0.68453], [-66.15996, -0.68758], [-66.16139, -0.68063], [-66.16964, -0.67822], [-66.17244, -0.68202], [-66.18025, -0.68316], [-66.18219, -0.67943], [-66.18423, -0.68209], [-66.18668, -0.67695], [-66.19166, -0.67846], [-66.19376, -0.67346], [-66.19991, -0.67351], [-66.20228, -0.67814], [-66.20543, -0.67584], [-66.20667, -0.68175], [-66.20716, -0.67942], [-66.21201, -0.68113], [-66.21475, -0.67717], [-66.21478, -0.68076], [-66.21821, -0.67773], [-66.21725, -0.68217], [-66.22149, -0.67881], [-66.22226, -0.68176], [-66.22819, -0.67544], [-66.23532, -0.67882], [-66.23873, -0.67579], [-66.2382, -0.68105], [-66.24061, -0.67931], [-66.24477, -0.68263], [-66.25274, -0.67695], [-66.2519, -0.67443], [-66.25498, -0.6764], [-66.25954, -0.67184], [-66.25933, -0.67459], [-66.2663, -0.67709], [-66.26701, -0.69105], [-66.28002, -0.68718], [-66.28252, -0.69389], [-66.28763, -0.69237], [-66.29257, -0.6985], [-66.2991, -0.68989], [-66.30835, -0.69051], [-66.30756, -0.69482], [-66.31288, -0.69824], [-66.31444, -0.69394], [-66.32214, -0.69354], [-66.32533, -0.69893], [-66.33974, -0.70349], [-66.34546, -0.69892], [-66.3506, -0.70458], [-66.35359, -0.70066], [-66.36129, -0.69926], [-66.37458, -0.71356], [-66.38552, -0.71202], [-66.38932, -0.718], [-66.39545, -0.71789], [-66.39401, -0.72031], [-66.39604, -0.71837], [-66.39807, -0.7223], [-66.4023, -0.72062], [-66.40481, -0.72349], [-66.4031, -0.72596], [-66.40909, -0.72459], [-66.41304, -0.72732], [-66.41005, -0.73678], [-66.42307, -0.73567], [-66.43241, -0.74175], [-66.43175, -0.75214], [-66.43781, -0.75172], [-66.44204, -0.75942], [-66.44704, -0.75709], [-66.45011, -0.76668], [-66.45771, -0.76577], [-66.45869, -0.77365], [-66.46404, -0.77622], [-66.46482, -0.78703], [-66.46101, -0.78902], [-66.46487, -0.79331], [-66.46107, -0.80171], [-66.47263, -0.80914], [-66.47308, -0.81458], [-66.47381, -0.81194], [-66.48034, -0.81312], [-66.4854, -0.80807], [-66.47718, -0.82206], [-66.47712, -0.8271], [-66.481, -0.82318], [-66.48303, -0.82483], [-66.47739, -0.83407], [-66.4927, -0.85482], [-66.49409, -0.86861], [-66.49167, -0.88062], [-66.48402, -0.88176], [-66.48461, -0.8892], [-66.48001, -0.89297], [-66.47937, -0.90288], [-66.48488, -0.90704], [-66.50744, -0.90682], [-66.53756, -0.92122], [-66.54448, -0.91672], [-66.55476, -0.9213], [-66.56203, -0.91393], [-66.57263, -0.91313], [-66.58372, -0.91677], [-66.59335, -0.91221], [-66.59636, -0.9154], [-66.59985, -0.91278], [-66.60045, -0.91633], [-66.60482, -0.91515], [-66.60649, -0.91883], [-66.60956, -0.91669], [-66.62238, -0.9191], [-66.62708, -0.92537], [-66.63931, -0.92659], [-66.66414, -0.94877], [-66.69408, -0.9458], [-66.70417, -0.93577], [-66.71864, -0.93568], [-66.72444, -0.92938], [-66.75416, -0.93072], [-66.75757, -0.92476], [-66.76115, -0.92624], [-66.77229, -0.90715], [-66.79304, -0.89326], [-66.81551, -0.90031], [-66.84861, -0.90427], [-66.88575, -0.89322], [-66.89203, -0.89426], [-66.89425, -0.88742], [-66.90994, -0.87088], [-66.9102, -0.866], [-66.91537, -0.86541], [-66.91135, -0.85562], [-66.91139, -0.8431], [-66.90673, -0.83852], [-66.9105, -0.83101], [-66.90902, -0.8262], [-66.89911, -0.82564], [-66.90669, -0.81621], [-66.90315, -0.81344], [-66.90558, -0.79855], [-66.88566, -0.78575], [-66.86613, -0.78718], [-66.85672, -0.7936], [-66.83529, -0.77744], [-66.81104, -0.77247], [-66.80235, -0.76455], [-66.80339, -0.75747], [-66.81417, -0.74639], [-66.83308, -0.73314], [-66.83551, -0.70272], [-66.83855, -0.69756], [-66.83474, -0.69308], [-66.82067, -0.68817], [-66.79271, -0.68725], [-66.76926, -0.67395], [-66.7615, -0.66095], [-66.73576, -0.65304], [-66.7259, -0.65349], [-66.72124, -0.64584], [-66.70572, -0.63469], [-66.70539, -0.62994], [-66.68124, -0.62545], [-66.65542, -0.60894], [-66.62239, -0.57806], [-66.59547, -0.55889], [-66.57559, -0.532], [-66.55121, -0.52383], [-66.54532, -0.52465], [-66.53205, -0.50207], [-66.5194, -0.49599], [-66.49492, -0.49066], [-66.472, -0.47312], [-66.45681, -0.46871], [-66.4424, -0.45907], [-66.4285, -0.45578], [-66.4179, -0.44744], [-66.41644, -0.45588], [-66.41961, -0.45732], [-66.42079, -0.4639], [-66.41165, -0.47201], [-66.40304, -0.47262], [-66.40045, -0.48698], [-66.39177, -0.49591], [-66.39001, -0.51212], [-66.3948, -0.51765], [-66.39526, -0.52663], [-66.39182, -0.53879], [-66.37757, -0.55852], [-66.37555, -0.57736], [-66.37312, -0.58137], [-66.36792, -0.58218], [-66.34391, -0.5711], [-66.27661, -0.47809], [-65.95048, -0.4521], [-65.87544, -0.41401], [-65.79435, -0.44991], [-65.74281, -0.41599], [-65.47103, -0.4586]]], [[[-65.39808, -0.31023], [-65.40389, -0.3084], [-65.41861, -0.3], [-65.40936, -0.29994], [-65.38796, -0.30885], [-65.39792, -0.30656], [-65.39808, -0.31023]]], [[[-65.3942, -0.32715], [-65.3918, -0.32646], [-65.38943, -0.33115], [-65.39118, -0.33082], [-65.3942, -0.32715]]], [[[-65.3776, -0.33801], [-65.38271, -0.33578], [-65.38967, -0.32642], [-65.38706, -0.32661], [-65.3776, -0.33801]]], [[[-65.36934, -0.36163], [-65.381, -0.35004], [-65.38438, -0.34719], [-65.3607, -0.37436], [-65.37435, -0.37478], [-65.38372, -0.36889], [-65.388, -0.35527], [-65.38406, -0.34598], [-65.37091, -0.35581], [-65.36934, -0.36163]]], [[[-65.33191, -0.34875], [-65.33799, -0.35105], [-65.36858, -0.34144], [-65.38353, -0.32434], [-65.37056, -0.32931], [-65.34969, -0.34519], [-65.33191, -0.34875]]], [[[-65.35049, -0.36246], [-65.29768, -0.39852], [-65.2794, -0.40533], [-65.29034, -0.40878], [-65.34846, -0.38208], [-65.36854, -0.36224], [-65.36995, -0.35374], [-65.35049, -0.36246]]], [[[-65.29019, -0.38683], [-65.29829, -0.38117], [-65.30036, -0.37519], [-65.28919, -0.37825], [-65.27619, -0.38866], [-65.29019, -0.38683]]], [[[-65.17081, -0.42226], [-65.17098, -0.41838], [-65.16602, -0.42127], [-65.17081, -0.42226]]], [[[-65.16639, -0.42818], [-65.1775, -0.42968], [-65.18011, -0.42829], [-65.16639, -0.42818]]], [[[-65.1599, -0.41902], [-65.16236, -0.41955], [-65.16333, -0.41816], [-65.1599, -0.41902]]], [[[-65.15887, -0.50661], [-65.15769, -0.50745], [-65.15801, -0.50756], [-65.15887, -0.50661]]], [[[-65.15489, -0.50962], [-65.1572, -0.50677], [-65.15638, -0.50431], [-65.15379, -0.50666], [-65.15489, -0.50962]]], [[[-65.15273, -0.42827], [-65.1556, -0.42828], [-65.15578, -0.42709], [-65.15273, -0.42827]]], [[[-65.14834, -0.44346], [-65.14937, -0.45206], [-65.15448, -0.46566], [-65.15345, -0.44896], [-65.15133, -0.44276], [-65.14834, -0.44346]]], [[[-65.14003, -0.50689], [-65.1361, -0.50799], [-65.14092, -0.50747], [-65.14003, -0.50689]]]]}}, {"type": "Feature", "properties": {"nome": "Rio Urubu", "etnia": "Múra", "fase": "Regularizada", "modalidade": "Tradicionalmente ocupada", "municipios": "Itacoatiara", "ha": 27354.9118, "uf": "AM"}, "geometry": {"type": "Polygon", "coordinates": [[[-58.99054, -2.99523], [-58.99257, -2.99724], [-58.97866, -3.00552], [-58.98111, -3.0098], [-58.97765, -3.01957], [-58.97284, -3.01983], [-58.96263, -3.00991], [-58.96947, -3.02645], [-58.96634, -3.03635], [-58.97039, -3.04326], [-58.97062, -3.04652], [-58.96714, -3.04215], [-58.95881, -3.04247], [-58.94999, -3.04732], [-58.9394, -3.04469], [-58.94075, -3.04856], [-58.93598, -3.04785], [-58.93465, -3.05541], [-58.92193, -3.06129], [-58.92312, -3.07146], [-58.9141, -3.0788], [-58.9108, -3.09009], [-58.89808, -3.10856], [-58.89532, -3.10807], [-58.89749, -3.1169], [-58.89295, -3.121], [-58.89545, -3.12221], [-58.89449, -3.12489], [-58.88677, -3.12204], [-58.88537, -3.11636], [-58.87256, -3.10533], [-58.86641, -3.10508], [-58.86269, -3.1179], [-58.8686, -3.11732], [-58.87048, -3.12106], [-58.86449, -3.12055], [-58.87075, -3.13168], [-58.86449, -3.13852], [-58.85534, -3.13595], [-58.85562, -3.14059], [-58.84884, -3.14134], [-58.84757, -3.14563], [-58.84674, -3.14256], [-58.84384, -3.14315], [-58.84805, -3.14724], [-58.84165, -3.14496], [-58.8368, -3.1461], [-58.83682, -3.14897], [-58.83408, -3.13888], [-58.81331, -3.13719], [-58.82015, -3.144], [-58.81479, -3.15359], [-58.81859, -3.15336], [-58.81381, -3.15606], [-58.81266, -3.16053], [-58.8203, -3.15591], [-58.82339, -3.16611], [-58.81712, -3.16672], [-58.81708, -3.17113], [-58.82078, -3.17404], [-58.81709, -3.17634], [-58.81603, -3.17225], [-58.81329, -3.17398], [-58.81378, -3.18276], [-58.8111, -3.18306], [-58.80084, -3.20708], [-58.80533, -3.2072], [-58.80567, -3.21], [-58.81359, -3.20585], [-58.81502, -3.19827], [-58.81802, -3.19948], [-58.82678, -3.18716], [-58.82975, -3.18867], [-58.82961, -3.18234], [-58.83492, -3.17415], [-58.94835, -3.19667], [-58.95585, -3.16473], [-58.95916, -3.16312], [-58.95687, -3.15142], [-58.95188, -3.14504], [-58.97001, -3.13473], [-58.98224, -3.13198], [-58.99206, -3.12181], [-59.00052, -3.12167], [-59.00116, -3.11634], [-59.00883, -3.10736], [-59.01802, -3.11508], [-59.02633, -3.1077], [-59.04432, -3.10419], [-59.06152, -3.09605], [-59.0671, -3.09732], [-59.06585, -3.08766], [-59.0712, -3.07728], [-59.04843, -3.05229], [-59.04575, -3.04338], [-59.04807, -3.03732], [-59.04461, -3.02875], [-59.04138, -3.02464], [-59.03604, -3.0241], [-59.03513, -3.01092], [-59.04063, -3.00594], [-59.03309, -3.00361], [-59.03306, -3.00772], [-59.02891, -3.00946], [-59.01778, -3.00157], [-59.00242, -3.00029], [-58.9973, -2.99401], [-58.99054, -2.99523]]]}}, {"type": "Feature", "properties": {"nome": "São Francisco do Canimari", "etnia": "Tikúna", "fase": "Regularizada", "modalidade": "Tradicionalmente ocupada", "municipios": "Amaturá", "ha": 3331.2208, "uf": "AM"}, "geometry": {"type": "MultiPolygon", "coordinates": [[[[-68.32243, -3.41263], [-68.31528, -3.42902], [-68.35374, -3.42889], [-68.35603, -3.38189], [-68.34226, -3.38429], [-68.34203, -3.40057], [-68.32115, -3.40058], [-68.32243, -3.41263]]], [[[-68.35515, -3.35265], [-68.32813, -3.33835], [-68.30959, -3.34299], [-68.30684, -3.34413], [-68.30653, -3.37126], [-68.33631, -3.37729], [-68.34899, -3.37607], [-68.3536, -3.37029], [-68.35515, -3.35265]]]]}}, {"type": "Feature", "properties": {"nome": "São Leopoldo", "etnia": "Tikúna", "fase": "Regularizada", "modalidade": "Tradicionalmente ocupada", "municipios": "Benjamin Constant", "ha": 69270.5409, "uf": "AM"}, "geometry": {"type": "Polygon", "coordinates": [[[-69.70714, -4.36972], [-69.64096, -4.36874], [-69.64191, -4.3761], [-69.63836, -4.38125], [-69.61989, -4.39067], [-69.61924, -4.42236], [-69.6153, -4.42629], [-69.6058, -4.42716], [-69.60316, -4.44886], [-69.60455, -4.45742], [-69.60228, -4.46025], [-69.60952, -4.48555], [-69.60068, -4.48623], [-69.59601, -4.49361], [-69.59912, -4.50104], [-69.61583, -4.5159], [-69.62277, -4.50964], [-69.61348, -4.50402], [-69.63499, -4.50354], [-69.65035, -4.52992], [-69.61266, -4.53081], [-69.60303, -4.53763], [-69.58503, -4.54073], [-69.58773, -4.55099], [-69.59919, -4.55635], [-69.60133, -4.56637], [-69.61406, -4.58574], [-69.62748, -4.59662], [-69.62775, -4.60243], [-69.62036, -4.61481], [-69.63495, -4.62043], [-69.65043, -4.61948], [-69.66336, -4.62599], [-69.66547, -4.63175], [-69.65665, -4.64571], [-69.66329, -4.65588], [-69.67492, -4.65133], [-69.69864, -4.65274], [-69.7213, -4.6448], [-69.75946, -4.67316], [-69.78251, -4.66847], [-69.80619, -4.68095], [-69.81889, -4.68413], [-69.84087, -4.7157], [-69.84061, -4.72569], [-69.86706, -4.74281], [-69.88758, -4.74796], [-69.89534, -4.74557], [-69.90007, -4.74025], [-69.90168, -4.71804], [-69.89769, -4.70888], [-69.89404, -4.66882], [-69.90402, -4.65001], [-69.89547, -4.64108], [-69.8954, -4.62619], [-69.87398, -4.60665], [-69.85621, -4.60307], [-69.84056, -4.58933], [-69.83042, -4.5738], [-69.82011, -4.57341], [-69.80758, -4.56466], [-69.80094, -4.55583], [-69.80049, -4.54254], [-69.79715, -4.539], [-69.79366, -4.51808], [-69.78889, -4.51242], [-69.78568, -4.49612], [-69.78229, -4.49517], [-69.7829, -4.49144], [-69.77822, -4.49005], [-69.77815, -4.48676], [-69.77244, -4.4872], [-69.76605, -4.47854], [-69.76375, -4.4794], [-69.75501, -4.46209], [-69.75489, -4.45137], [-69.75925, -4.44925], [-69.75499, -4.44573], [-69.75626, -4.43901], [-69.76324, -4.43793], [-69.76231, -4.42936], [-69.76638, -4.42413], [-69.76403, -4.41449], [-69.75932, -4.41116], [-69.76334, -4.40446], [-69.76259, -4.39914], [-69.75593, -4.3922], [-69.75576, -4.38708], [-69.75127, -4.38455], [-69.75427, -4.38021], [-69.74842, -4.38108], [-69.74932, -4.37626], [-69.70714, -4.36972]]]}}, {"type": "Feature", "properties": {"nome": "São Pedro", "etnia": "Múra", "fase": "Regularizada", "modalidade": "Tradicionalmente ocupada", "municipios": "Autazes", "ha": 726.1805, "uf": "AM"}, "geometry": {"type": "Polygon", "coordinates": [[[-59.22582, -3.71459], [-59.22218, -3.72288], [-59.22769, -3.72718], [-59.22555, -3.72744], [-59.22558, -3.74224], [-59.25169, -3.74001], [-59.26561, -3.74446], [-59.26181, -3.73861], [-59.26141, -3.7426], [-59.25725, -3.7414], [-59.26104, -3.73686], [-59.25632, -3.73835], [-59.25823, -3.73708], [-59.25251, -3.73649], [-59.24431, -3.72877], [-59.24204, -3.73002], [-59.24027, -3.72383], [-59.23532, -3.72669], [-59.23796, -3.72276], [-59.23448, -3.72433], [-59.2311, -3.71504], [-59.22786, -3.71522], [-59.22887, -3.7171], [-59.22582, -3.71459]]]}}, {"type": "Feature", "properties": {"nome": "São Pedro do Sepatini", "etnia": "Apurinã", "fase": "Regularizada", "modalidade": "Tradicionalmente ocupada", "municipios": "Lábrea", "ha": 27644.2488, "uf": "AM"}, "geometry": {"type": "Polygon", "coordinates": [[[-65.72973, -7.78034], [-65.72208, -7.77924], [-65.71347, -7.78616], [-65.72524, -7.79143], [-65.72778, -7.79957], [-65.72896, -7.82517], [-65.7223, -7.87005], [-65.71256, -7.86445], [-65.70224, -7.86457], [-65.69519, -7.873], [-65.68367, -7.87517], [-65.68168, -7.88621], [-65.67494, -7.895], [-65.671, -7.89493], [-65.67059, -7.90182], [-65.67521, -7.89804], [-65.67601, -7.90549], [-65.68239, -7.90143], [-65.68791, -7.90275], [-65.68533, -7.90294], [-65.69115, -7.90917], [-65.68905, -7.91705], [-65.6921, -7.9201], [-65.69159, -7.91623], [-65.69481, -7.9148], [-65.69893, -7.91844], [-65.70266, -7.91741], [-65.70421, -7.92499], [-65.70877, -7.92226], [-65.71513, -7.92849], [-65.72262, -7.92674], [-65.72195, -7.93761], [-65.73552, -7.92852], [-65.7355, -7.91942], [-65.74458, -7.92287], [-65.74658, -7.93139], [-65.75351, -7.92665], [-65.75813, -7.92721], [-65.77264, -7.93778], [-65.77578, -7.94881], [-65.78614, -7.94607], [-65.79449, -7.96073], [-65.80264, -7.95916], [-65.80825, -7.97579], [-65.81569, -7.97431], [-65.81861, -7.97845], [-65.81443, -7.96202], [-65.81859, -7.96619], [-65.8246, -7.96244], [-65.83511, -7.96657], [-65.84042, -7.97199], [-65.83852, -7.97861], [-65.85521, -7.97665], [-65.85616, -7.97342], [-65.85151, -7.96878], [-65.86832, -7.95573], [-65.88888, -7.94762], [-65.90316, -7.93808], [-65.91129, -7.91913], [-65.91715, -7.91944], [-65.92227, -7.92657], [-65.9321, -7.93214], [-65.9491, -7.923], [-65.89816, -7.89451], [-65.88034, -7.89008], [-65.87478, -7.88287], [-65.85538, -7.88112], [-65.8412, -7.87129], [-65.8282, -7.85067], [-65.81211, -7.84884], [-65.79509, -7.83077], [-65.78427, -7.82344], [-65.77679, -7.82309], [-65.77411, -7.81163], [-65.76286, -7.79943], [-65.75982, -7.78493], [-65.76213, -7.77935], [-65.75861, -7.77142], [-65.75004, -7.77144], [-65.72973, -7.78034]]]}}, {"type": "Feature", "properties": {"nome": "São Sebastião", "etnia": "Kokama,Kaixana", "fase": "Regularizada", "modalidade": "Tradicionalmente ocupada", "municipios": "Tonantins", "ha": 61058.5408, "uf": "AM"}, "geometry": {"type": "MultiPolygon", "coordinates": [[[[-67.5031, -2.87378], [-67.50664, -2.8797], [-67.51627, -2.87792], [-67.51977, -2.88243], [-67.5261, -2.88123], [-67.53343, -2.89043], [-67.5499, -2.88982], [-67.55529, -2.89814], [-67.56065, -2.89043], [-67.56594, -2.89275], [-67.60344, -2.88062], [-67.62534, -2.86584], [-67.6467, -2.82765], [-67.62891, -2.79474], [-67.58301, -2.77589], [-67.55634, -2.78282], [-67.55244, -2.80731], [-67.5031, -2.87378]]], [[[-67.61235, -2.78069], [-67.6215, -2.7808], [-67.62405, -2.77777], [-67.61161, -2.76742], [-67.58539, -2.7671], [-67.61235, -2.78069]]], [[[-67.54982, -2.50052], [-67.5113, -2.50768], [-67.51713, -2.53014], [-67.52081, -2.56988], [-67.51165, -2.58613], [-67.50111, -2.59645], [-67.49228, -2.59773], [-67.48426, -2.6036], [-67.48239, -2.61136], [-67.47465, -2.61352], [-67.46886, -2.62351], [-67.47084, -2.62687], [-67.47356, -2.62603], [-67.47803, -2.63609], [-67.4755, -2.65035], [-67.49058, -2.65709], [-67.50365, -2.65488], [-67.51815, -2.65921], [-67.52071, -2.68429], [-67.52646, -2.6916], [-67.51738, -2.69293], [-67.51416, -2.6969], [-67.51521, -2.70123], [-67.50913, -2.7046], [-67.50947, -2.70898], [-67.52652, -2.71962], [-67.53009, -2.72776], [-67.53446, -2.72716], [-67.53854, -2.71599], [-67.56335, -2.70363], [-67.58593, -2.72961], [-67.58812, -2.75484], [-67.60261, -2.75498], [-67.60494, -2.74584], [-67.603, -2.73139], [-67.61633, -2.72834], [-67.66213, -2.70255], [-67.69618, -2.70946], [-67.73406, -2.68703], [-67.72999, -2.63065], [-67.6895, -2.59451], [-67.64587, -2.57603], [-67.62486, -2.52483], [-67.61653, -2.52144], [-67.60712, -2.5103], [-67.5932, -2.50429], [-67.56906, -2.50784], [-67.54982, -2.50052]]]]}}, {"type": "Feature", "properties": {"nome": "Sepoti", "etnia": "Tenharim", "fase": "Regularizada", "modalidade": "Tradicionalmente ocupada", "municipios": "Humaitá,Manicoré", "ha": 251348.9835, "uf": "AM"}, "geometry": {"type": "MultiPolygon", "coordinates": [[[[-61.70665, -6.42351], [-61.71798, -6.43482], [-61.7324, -6.43597], [-61.73252, -6.42378], [-61.70665, -6.42351]]], [[[-61.74326, -6.97313], [-61.68679, -6.87735], [-61.64973, -6.72998], [-61.64358, -6.72949], [-61.63579, -6.72354], [-61.63619, -6.71752], [-61.64262, -6.7147], [-61.61513, -6.71091], [-61.59197, -6.75681], [-61.561, -6.84996], [-61.5649, -6.90821], [-61.41456, -7.25792], [-61.43876, -7.30566], [-61.443, -7.40252], [-61.54838, -7.55675], [-61.60183, -7.58363], [-61.64172, -7.49651], [-61.73736, -7.54309], [-61.79023, -7.34341], [-61.78764, -7.31809], [-61.80604, -7.30444], [-61.8108, -7.29133], [-61.82018, -7.28179], [-61.81525, -7.25987], [-61.82201, -7.25494], [-61.79418, -7.21574], [-61.79068, -7.09375], [-61.78753, -7.07026], [-61.74326, -6.97313]]]]}}, {"type": "Feature", "properties": {"nome": "Seruini/Mariene", "etnia": "Apurinã", "fase": "Regularizada", "modalidade": "Tradicionalmente ocupada", "municipios": "Lábrea,Pauini", "ha": 144971.3671, "uf": "AM"}, "geometry": {"type": "Polygon", "coordinates": [[[-66.84495, -7.89957], [-66.84134, -7.90662], [-66.83603, -7.90828], [-66.83267, -7.92386], [-66.82315, -7.92809], [-66.82265, -7.94836], [-66.71493, -7.94507], [-66.70958, -7.94085], [-66.68043, -7.93401], [-66.67198, -7.92755], [-66.65761, -7.92725], [-66.64128, -7.95321], [-66.64939, -7.97178], [-66.64917, -7.98434], [-66.65368, -7.98791], [-66.65299, -7.99474], [-66.64897, -7.99716], [-66.65382, -8.00642], [-66.6454, -8.03043], [-66.6458, -8.0456], [-66.63494, -8.06014], [-66.63091, -8.07189], [-66.63607, -8.08081], [-66.6471, -8.08882], [-66.66092, -8.0922], [-66.68049, -8.11434], [-66.69081, -8.11793], [-66.70253, -8.11442], [-66.70576, -8.11776], [-66.70785, -8.1263], [-66.71876, -8.14226], [-66.72444, -8.16954], [-66.74026, -8.17735], [-66.74853, -8.18567], [-66.7606, -8.21583], [-66.76391, -8.23677], [-66.77642, -8.24684], [-66.77731, -8.25745], [-66.77062, -8.27354], [-66.78196, -8.28932], [-66.7816, -8.30096], [-66.80007, -8.31001], [-66.86293, -8.43482], [-66.91087, -8.46758], [-66.99972, -8.47664], [-67.00558, -8.44806], [-67.00187, -8.43363], [-67.00598, -8.4168], [-67.0057, -8.38174], [-66.99906, -8.3703], [-66.98766, -8.36518], [-66.97853, -8.3494], [-66.98497, -8.33464], [-66.98256, -8.32466], [-66.9842, -8.31588], [-66.97205, -8.29422], [-66.97821, -8.27411], [-66.97852, -8.26146], [-66.96604, -8.19952], [-66.97358, -8.17935], [-66.97141, -8.17304], [-66.95961, -8.1629], [-66.95522, -8.15475], [-66.95689, -8.14101], [-66.96359, -8.12818], [-66.96041, -8.12215], [-66.96266, -8.10419], [-66.97117, -8.0994], [-66.97558, -8.09025], [-66.97535, -8.08653], [-66.96389, -8.07949], [-66.96982, -8.06303], [-66.9692, -8.05549], [-66.96022, -8.04199], [-66.95041, -8.03638], [-66.95151, -8.03318], [-66.94436, -8.0193], [-66.94722, -8.00258], [-66.93947, -7.99436], [-66.93938, -7.98807], [-66.93529, -7.98718], [-66.92581, -7.97271], [-66.91775, -7.97118], [-66.91347, -7.96596], [-66.9074, -7.96593], [-66.90146, -7.97014], [-66.88684, -7.96632], [-66.88187, -7.95802], [-66.87349, -7.95216], [-66.87203, -7.94676], [-66.87562, -7.93511], [-66.87296, -7.93802], [-66.86862, -7.93278], [-66.86474, -7.93348], [-66.86007, -7.92577], [-66.85578, -7.93077], [-66.85603, -7.92391], [-66.85114, -7.92093], [-66.8533, -7.91688], [-66.84409, -7.9099], [-66.84847, -7.90472], [-66.84402, -7.90318], [-66.84495, -7.89957]]]}}, {"type": "Feature", "properties": {"nome": "Setemã", "etnia": "Múra", "fase": "Regularizada", "modalidade": "Tradicionalmente ocupada", "municipios": "Novo Aripuanã,Borba", "ha": 49772.9558, "uf": "AM"}, "geometry": {"type": "MultiPolygon", "coordinates": [[[[-60.20133, -4.97156], [-60.16084, -4.94989], [-60.1552, -4.94155], [-60.12702, -4.92979], [-60.11731, -4.92648], [-60.10071, -4.92922], [-60.08564, -4.92576], [-60.0405, -4.90139], [-59.97222, -4.87498], [-59.94247, -4.86876], [-59.94707, -4.87644], [-59.95507, -4.87842], [-59.96106, -4.88455], [-59.9647, -4.88257], [-59.95932, -4.89073], [-59.96016, -4.89493], [-59.96564, -4.89774], [-59.96593, -4.90155], [-59.96897, -4.89965], [-59.96947, -4.90111], [-59.97212, -4.90096], [-59.97338, -4.90297], [-59.96941, -4.90178], [-59.96859, -4.91156], [-59.96503, -4.91416], [-59.96972, -4.94602], [-59.98009, -4.9504], [-59.98154, -4.95696], [-59.99329, -4.96417], [-60.01005, -4.9915], [-60.00873, -5.00065], [-60.01891, -5.01974], [-60.01891, -5.05529], [-60.03614, -5.10418], [-60.16196, -5.10724], [-60.16489, -5.11397], [-60.16903, -5.1129], [-60.1717, -5.11662], [-60.16461, -5.12391], [-60.16637, -5.13314], [-60.1725, -5.14207], [-60.18466, -5.13699], [-60.1888, -5.13989], [-60.19449, -5.13666], [-60.20624, -5.12182], [-60.2103, -5.10779], [-60.21197, -5.02363], [-60.2162, -5.01473], [-60.21572, -4.99615], [-60.22355, -4.98841], [-60.21965, -4.98862], [-60.20133, -4.97156]]], [[[-59.94287, -4.86134], [-59.96919, -4.86502], [-59.96791, -4.85689], [-59.96133, -4.84944], [-59.91573, -4.82912], [-59.91445, -4.84077], [-59.92521, -4.85208], [-59.94287, -4.86134]]]]}}, {"type": "Feature", "properties": {"nome": "Tabocal", "etnia": "Múra", "fase": "Regularizada", "modalidade": "Tradicionalmente ocupada", "municipios": "Careiro", "ha": 906.1516, "uf": "AM"}, "geometry": {"type": "Polygon", "coordinates": [[[-60.38239, -3.71241], [-60.38851, -3.72774], [-60.39769, -3.7352], [-60.40014, -3.74152], [-60.40989, -3.74486], [-60.41464, -3.74305], [-60.41153, -3.74661], [-60.41849, -3.74725], [-60.41915, -3.74973], [-60.42085, -3.74528], [-60.42947, -3.74129], [-60.42091, -3.73814], [-60.42133, -3.7346], [-60.41302, -3.72561], [-60.39829, -3.71491], [-60.38239, -3.71241]]]}}, {"type": "Feature", "properties": {"nome": "Tenharim do Igarapé Preto", "etnia": "Tenharim", "fase": "Regularizada", "modalidade": "Tradicionalmente ocupada", "municipios": "Novo Aripuanã", "ha": 87413.1478, "uf": "AM"}, "geometry": {"type": "Polygon", "coordinates": [[[-61.05787, -8.50945], [-61.06789, -8.52009], [-61.06953, -8.53744], [-61.06593, -8.5431], [-61.05427, -8.54791], [-61.06238, -8.56468], [-61.06227, -8.58072], [-61.05716, -8.58898], [-61.04899, -8.59308], [-61.04863, -8.60656], [-61.03186, -8.60712], [-61.02899, -8.61176], [-61.04378, -8.6369], [-61.05177, -8.6339], [-61.06982, -8.63771], [-61.07718, -8.64665], [-61.08548, -8.64474], [-61.09685, -8.65801], [-61.10935, -8.66573], [-61.11448, -8.66526], [-61.11346, -8.64037], [-61.11816, -8.63366], [-61.13267, -8.64693], [-61.13855, -8.64169], [-61.14612, -8.64984], [-61.14995, -8.64771], [-61.15628, -8.65002], [-61.16203, -8.64419], [-61.17128, -8.64233], [-61.18731, -8.62085], [-61.19791, -8.61855], [-61.21177, -8.61024], [-61.22168, -8.61023], [-61.22349, -8.6074], [-61.23984, -8.61294], [-61.26255, -8.6267], [-61.28859, -8.62783], [-61.30961, -8.6163], [-61.3194, -8.60119], [-61.33997, -8.58655], [-61.36603, -8.58394], [-61.37283, -8.57805], [-61.38991, -8.57671], [-61.39683, -8.58162], [-61.40499, -8.57671], [-61.39262, -8.5644], [-61.3792, -8.56297], [-61.3695, -8.55685], [-61.36672, -8.55091], [-61.32453, -8.51135], [-61.31174, -8.51262], [-61.30676, -8.50826], [-61.30137, -8.50819], [-61.28606, -8.49561], [-61.27689, -8.47499], [-61.26608, -8.46321], [-61.26821, -8.43862], [-61.25646, -8.43352], [-61.25536, -8.42277], [-61.2394, -8.41878], [-61.24121, -8.40902], [-61.23839, -8.40113], [-61.22892, -8.40109], [-61.22973, -8.3901], [-61.23455, -8.3831], [-61.23155, -8.37454], [-61.22551, -8.37269], [-61.22229, -8.36012], [-61.21395, -8.35091], [-61.206, -8.3461], [-61.20243, -8.34938], [-61.19158, -8.34229], [-61.1922, -8.33143], [-61.18834, -8.32627], [-61.19419, -8.32588], [-61.19463, -8.3196], [-61.19088, -8.31639], [-61.19484, -8.3147], [-61.19237, -8.30425], [-61.1964, -8.30321], [-61.19329, -8.30003], [-61.17553, -8.30367], [-61.17371, -8.29924], [-61.1709, -8.30355], [-61.17284, -8.30421], [-61.16776, -8.3049], [-61.16302, -8.31548], [-61.16044, -8.31099], [-61.1631, -8.31371], [-61.16419, -8.31122], [-61.15043, -8.30382], [-61.14263, -8.31062], [-61.14391, -8.30233], [-61.13381, -8.29289], [-61.12667, -8.29338], [-61.12803, -8.29039], [-61.11991, -8.29522], [-61.11373, -8.2919], [-61.11435, -8.30141], [-61.1073, -8.30144], [-61.10617, -8.30836], [-61.10074, -8.30525], [-61.10219, -8.29684], [-61.08914, -8.29937], [-61.09896, -8.31614], [-61.09898, -8.32149], [-61.09003, -8.34146], [-61.0763, -8.34851], [-61.07005, -8.35984], [-61.06194, -8.40387], [-61.05481, -8.40887], [-61.04312, -8.40773], [-61.05284, -8.42609], [-61.05274, -8.4405], [-61.0565, -8.44549], [-61.03264, -8.49835], [-61.05787, -8.50945]]]}}, {"type": "Feature", "properties": {"nome": "Tenharim Marmelos", "etnia": "Tenharim", "fase": "Regularizada", "modalidade": "Tradicionalmente ocupada", "municipios": "Humaitá,Manicoré", "ha": 497521.7497, "uf": "AM"}, "geometry": {"type": "Polygon", "coordinates": [[[-62.16384, -7.81166], [-61.82838, -7.81154], [-61.82839, -8.01461], [-61.85189, -8.01437], [-61.86283, -8.02197], [-61.85985, -8.0886], [-61.84571, -8.11795], [-61.84424, -8.12694], [-61.81018, -8.16073], [-61.77976, -8.16002], [-61.77599, -8.16714], [-61.76477, -8.16347], [-61.78514, -8.15832], [-61.79167, -8.14579], [-61.78662, -8.12855], [-61.79745, -8.10312], [-61.79241, -8.08503], [-61.7933, -8.06874], [-61.77255, -8.06997], [-61.7658, -8.07552], [-61.74685, -8.05725], [-61.71502, -8.06291], [-61.7031, -8.04836], [-61.67659, -8.04639], [-61.65979, -8.0505], [-61.64837, -8.03543], [-61.64647, -8.02525], [-61.63361, -8.01742], [-61.63235, -8.00714], [-61.63045, -8.01498], [-61.61736, -8.01566], [-61.6142, -8.02353], [-61.60667, -8.02917], [-61.61399, -8.0426], [-61.60512, -8.04696], [-61.6036, -8.05657], [-61.60661, -8.0585], [-61.6019, -8.06218], [-61.60557, -8.07114], [-61.60023, -8.08224], [-61.60236, -8.08785], [-61.5955, -8.09598], [-61.59837, -8.09684], [-61.5964, -8.10117], [-61.60047, -8.10168], [-61.59773, -8.10342], [-61.59918, -8.10808], [-61.58977, -8.12162], [-61.59739, -8.12424], [-61.59971, -8.13079], [-61.60436, -8.13341], [-61.61303, -8.1347], [-61.61212, -8.13783], [-61.61659, -8.13921], [-61.6152, -8.14376], [-61.61894, -8.14326], [-61.62453, -8.15071], [-61.63371, -8.15373], [-61.6336, -8.16126], [-61.63982, -8.16009], [-61.63842, -8.16848], [-61.6303, -8.16778], [-61.63444, -8.17054], [-61.63375, -8.17611], [-61.63928, -8.1824], [-61.6526, -8.18975], [-61.65572, -8.20873], [-61.66646, -8.2301], [-61.66366, -8.23582], [-61.67034, -8.25092], [-61.67781, -8.25514], [-61.6819, -8.2713], [-61.67434, -8.28258], [-61.68726, -8.31111], [-61.68698, -8.32739], [-61.69384, -8.32964], [-61.69355, -8.33549], [-61.70329, -8.34028], [-61.70563, -8.34963], [-61.72658, -8.36091], [-61.72416, -8.36659], [-61.73389, -8.37416], [-61.73231, -8.37698], [-61.73709, -8.38185], [-61.73541, -8.39435], [-61.74307, -8.40222], [-61.74112, -8.41147], [-61.74877, -8.42784], [-61.74821, -8.43219], [-61.74409, -8.43457], [-61.75085, -8.43783], [-61.74949, -8.44587], [-61.75873, -8.45088], [-61.75875, -8.45648], [-61.7514, -8.45738], [-61.75109, -8.46158], [-61.75913, -8.46563], [-61.75444, -8.47165], [-61.75352, -8.48021], [-61.76629, -8.4831], [-61.7685, -8.4938], [-61.77212, -8.49303], [-61.77602, -8.49774], [-61.77832, -8.50463], [-61.7764, -8.51092], [-61.78165, -8.51115], [-61.78651, -8.5186], [-61.78128, -8.52755], [-61.78775, -8.52992], [-61.78268, -8.53926], [-61.7889, -8.54947], [-61.78307, -8.55181], [-61.78316, -8.55724], [-61.78814, -8.559], [-61.78626, -8.56556], [-61.78273, -8.56716], [-61.78246, -8.5851], [-61.78597, -8.59082], [-61.78331, -8.59838], [-61.78646, -8.60259], [-61.78304, -8.6063], [-61.79342, -8.63818], [-61.78751, -8.67048], [-61.78878, -8.68053], [-61.79817, -8.69409], [-61.79895, -8.70573], [-61.80678, -8.71392], [-61.801, -8.7461], [-61.81847, -8.74025], [-61.83818, -8.73841], [-61.84546, -8.75515], [-61.84273, -8.77142], [-61.86004, -8.79226], [-61.86276, -8.83839], [-61.85564, -8.85429], [-61.92294, -8.88054], [-61.93657, -8.88236], [-61.95842, -8.87427], [-61.96947, -8.87888], [-61.99135, -8.87531], [-61.98848, -8.86376], [-62.00265, -8.8277], [-62.0172, -8.82594], [-62.03092, -8.79795], [-62.05006, -8.79437], [-62.08573, -8.8021], [-62.0981, -8.80863], [-62.10725, -8.80502], [-62.12385, -8.80597], [-62.15817, -8.7327], [-62.15458, -8.71552], [-62.164, -8.68337], [-62.16384, -7.81166]]]}}, {"type": "Feature", "properties": {"nome": "Itixi Mitari", "etnia": "Apurinã", "fase": "Regularizada", "modalidade": "Tradicionalmente ocupada", "municipios": "Tapauá,Anori,Beruri", "ha": 182134.7746, "uf": "AM"}, "geometry": {"type": "Polygon", "coordinates": [[[-62.56802, -4.56129], [-62.57981, -4.56595], [-62.57556, -4.5794], [-62.55144, -4.58621], [-62.5371, -4.58273], [-62.52055, -4.59306], [-62.52384, -4.58175], [-62.5221, -4.57619], [-62.51516, -4.57072], [-62.50333, -4.5699], [-62.47384, -4.58618], [-62.46731, -4.59415], [-62.46456, -4.61154], [-62.45652, -4.61774], [-62.40056, -4.62589], [-62.34675, -4.59105], [-62.34443, -4.58311], [-62.32572, -4.5839], [-62.31363, -4.59734], [-62.277, -4.59979], [-62.2704, -4.60434], [-62.26887, -4.61489], [-62.26184, -4.62417], [-62.24318, -4.62036], [-62.24107, -4.62607], [-62.25, -4.63566], [-62.2375, -4.63706], [-62.22999, -4.64663], [-62.22481, -4.64537], [-62.21537, -4.63376], [-62.19311, -4.63856], [-62.18557, -4.63501], [-62.17243, -4.64536], [-62.16355, -4.63579], [-62.16732, -4.66129], [-62.17435, -4.66703], [-62.17538, -4.67821], [-62.18843, -4.67295], [-62.20062, -4.67821], [-62.20382, -4.6854], [-62.19787, -4.69501], [-62.20911, -4.70644], [-62.21357, -4.70521], [-62.22877, -4.71348], [-62.22747, -4.71754], [-62.24502, -4.7317], [-62.24099, -4.73747], [-62.25732, -4.74159], [-62.26812, -4.74028], [-62.29527, -4.71167], [-62.30449, -4.70868], [-62.31041, -4.71023], [-62.31443, -4.71391], [-62.31308, -4.72373], [-62.31597, -4.72287], [-62.30701, -4.73248], [-62.30593, -4.7444], [-62.31103, -4.75481], [-62.3212, -4.7597], [-62.33356, -4.75702], [-62.33774, -4.74412], [-62.34764, -4.73599], [-62.35696, -4.74122], [-62.3597, -4.7513], [-62.37353, -4.76225], [-62.38113, -4.76323], [-62.41572, -4.75187], [-62.45242, -4.76016], [-62.45914, -4.75463], [-62.46784, -4.73791], [-62.47596, -4.73212], [-62.48711, -4.73016], [-62.50149, -4.74049], [-62.50346, -4.75401], [-62.60219, -4.79335], [-62.61447, -4.77882], [-62.63705, -4.76481], [-62.66175, -4.76218], [-62.67375, -4.7655], [-62.68471, -4.77942], [-62.68533, -4.78836], [-62.68186, -4.79379], [-62.69388, -4.80752], [-62.69291, -4.81307], [-62.68514, -4.81694], [-62.68423, -4.82089], [-62.69535, -4.82299], [-62.69901, -4.8294], [-62.71226, -4.82304], [-62.72822, -4.83078], [-62.73096, -4.83539], [-62.74818, -4.83735], [-62.7665, -4.85909], [-62.79511, -4.85044], [-62.79723, -4.85452], [-62.8081, -4.85581], [-62.82184, -4.83651], [-62.88129, -4.83183], [-62.88355, -4.85644], [-62.91035, -4.87095], [-62.93951, -4.87384], [-62.9782, -4.85205], [-62.99481, -4.80633], [-62.99034, -4.80228], [-62.99797, -4.79134], [-63.00259, -4.77004], [-63.00156, -4.7629], [-62.98983, -4.75254], [-62.9889, -4.74407], [-63.00994, -4.73135], [-63.01402, -4.71799], [-63.02644, -4.70904], [-63.03111, -4.70078], [-63.01898, -4.68791], [-63.00627, -4.65227], [-62.99765, -4.65171], [-62.98569, -4.64505], [-62.98414, -4.63046], [-62.98089, -4.62772], [-62.97472, -4.62924], [-62.97047, -4.62465], [-62.97542, -4.61767], [-62.97256, -4.60906], [-62.96425, -4.60695], [-62.95905, -4.6011], [-62.9496, -4.60065], [-62.9186, -4.61459], [-62.90302, -4.61545], [-62.88852, -4.61374], [-62.88256, -4.60567], [-62.86192, -4.60747], [-62.86018, -4.60448], [-62.84493, -4.62314], [-62.84175, -4.63156], [-62.8311, -4.63567], [-62.79777, -4.62648], [-62.79202, -4.6137], [-62.78295, -4.60547], [-62.7685, -4.60947], [-62.75051, -4.60564], [-62.73709, -4.60691], [-62.71253, -4.60043], [-62.70562, -4.59159], [-62.68943, -4.60033], [-62.68196, -4.59833], [-62.67872, -4.60269], [-62.6743, -4.60107], [-62.66663, -4.60458], [-62.65928, -4.59906], [-62.64924, -4.60474], [-62.64797, -4.6099], [-62.6429, -4.60967], [-62.63532, -4.60366], [-62.63345, -4.59253], [-62.62742, -4.58539], [-62.62429, -4.5858], [-62.62346, -4.58051], [-62.61909, -4.59299], [-62.61206, -4.594], [-62.59716, -4.58125], [-62.58239, -4.55715], [-62.56938, -4.55445], [-62.56802, -4.56129]]]}}, {"type": "Feature", "properties": {"nome": "Tikúna de Feijoal", "etnia": "Kokama,Tikúna", "fase": "Regularizada", "modalidade": "Tradicionalmente ocupada", "municipios": "São Paulo de Olivença,Benjamin Constant", "ha": 40948.8, "uf": "AM"}, "geometry": {"type": "MultiPolygon", "coordinates": [[[[-69.39576, -4.27738], [-69.35237, -4.35003], [-69.33793, -4.35102], [-69.31831, -4.36143], [-69.32298, -4.36447], [-69.32181, -4.37273], [-69.33057, -4.37613], [-69.32527, -4.38398], [-69.33146, -4.39393], [-69.34278, -4.3947], [-69.34961, -4.40336], [-69.35621, -4.39809], [-69.35388, -4.40863], [-69.34822, -4.41578], [-69.3589, -4.40992], [-69.35872, -4.41695], [-69.37419, -4.4211], [-69.36638, -4.43083], [-69.37583, -4.43205], [-69.37666, -4.44178], [-69.38308, -4.44148], [-69.3927, -4.43462], [-69.39691, -4.43983], [-69.39025, -4.43814], [-69.38775, -4.44476], [-69.39215, -4.44335], [-69.39889, -4.44745], [-69.41033, -4.44217], [-69.41057, -4.44785], [-69.4041, -4.44797], [-69.41472, -4.46056], [-69.42213, -4.45827], [-69.42021, -4.47175], [-69.42354, -4.47233], [-69.42769, -4.4677], [-69.43124, -4.46928], [-69.43253, -4.47473], [-69.42617, -4.47895], [-69.43055, -4.48246], [-69.43783, -4.47746], [-69.45476, -4.4735], [-69.46791, -4.45065], [-69.49622, -4.42535], [-69.50131, -4.42406], [-69.50292, -4.39617], [-69.52357, -4.38042], [-69.52354, -4.37306], [-69.52871, -4.36828], [-69.54024, -4.3735], [-69.54434, -4.37075], [-69.54961, -4.34311], [-69.56004, -4.33322], [-69.56063, -4.32412], [-69.55684, -4.31705], [-69.5576, -4.30961], [-69.54715, -4.30094], [-69.45698, -4.25319], [-69.4328, -4.22436], [-69.39576, -4.27738]]], [[[-69.46649, -4.25272], [-69.49419, -4.25908], [-69.48489, -4.23797], [-69.46464, -4.2077], [-69.44454, -4.19488], [-69.42502, -4.18716], [-69.43383, -4.19759], [-69.43923, -4.21369], [-69.45847, -4.24683], [-69.46649, -4.25272]]]]}}, {"type": "Feature", "properties": {"nome": "Torá", "etnia": "Apurinã e Torá", "fase": "Regularizada", "modalidade": "Tradicionalmente ocupada", "municipios": "Humaitá e Manicoré", "ha": 54960.985, "uf": "AM"}, "geometry": {"type": "Polygon", "coordinates": [[[-61.77176, -6.2442], [-61.76752, -6.25383], [-61.76102, -6.25222], [-61.76371, -6.25622], [-61.73833, -6.25321], [-61.72057, -6.25763], [-61.71781, -6.25184], [-61.71702, -6.18706], [-61.61464, -6.20523], [-61.6029, -6.22271], [-61.5851, -6.22473], [-61.58059, -6.28101], [-61.57684, -6.28086], [-61.57564, -6.27673], [-61.57292, -6.27972], [-61.56924, -6.2762], [-61.56415, -6.27766], [-61.55808, -6.27213], [-61.54525, -6.30176], [-61.53671, -6.30979], [-61.53792, -6.31622], [-61.52956, -6.32042], [-61.52807, -6.32625], [-61.52364, -6.32901], [-61.50882, -6.33202], [-61.52631, -6.42478], [-61.5309, -6.42995], [-61.53494, -6.44517], [-61.54171, -6.44778], [-61.5448, -6.44333], [-61.55008, -6.4423], [-61.5523, -6.45249], [-61.5696, -6.45841], [-61.58891, -6.45522], [-61.59847, -6.44779], [-61.59514, -6.43691], [-61.6022, -6.43519], [-61.60732, -6.42205], [-61.61526, -6.4265], [-61.62424, -6.42529], [-61.63135, -6.42357], [-61.63055, -6.42001], [-61.63508, -6.41593], [-61.64317, -6.41815], [-61.65187, -6.41487], [-61.65298, -6.40814], [-61.64958, -6.4031], [-61.65197, -6.3985], [-61.64587, -6.39353], [-61.64314, -6.38503], [-61.63711, -6.38209], [-61.70891, -6.3827], [-61.76336, -6.31992], [-61.81107, -6.28264], [-61.81504, -6.27404], [-61.81983, -6.27612], [-61.81993, -6.27208], [-61.82787, -6.26828], [-61.81622, -6.26112], [-61.82119, -6.2336], [-61.76114, -6.22722], [-61.77176, -6.2442]]]}}, {"type": "Feature", "properties": {"nome": "Trincheira", "etnia": "Múra", "fase": "Regularizada", "modalidade": "Tradicionalmente ocupada", "municipios": "Autazes", "ha": 1624.6022, "uf": "AM"}, "geometry": {"type": "Polygon", "coordinates": [[[-59.22486, -3.70314], [-59.23016, -3.71229], [-59.24194, -3.71911], [-59.2401, -3.72145], [-59.24503, -3.72736], [-59.2468, -3.72526], [-59.24373, -3.72161], [-59.25056, -3.72745], [-59.24754, -3.72783], [-59.24942, -3.72965], [-59.25399, -3.72865], [-59.25263, -3.73409], [-59.26219, -3.73588], [-59.27006, -3.74327], [-59.27308, -3.74275], [-59.27145, -3.74066], [-59.27206, -3.73918], [-59.27356, -3.74172], [-59.27648, -3.73852], [-59.28113, -3.74112], [-59.30863, -3.72057], [-59.30112, -3.72007], [-59.29938, -3.72302], [-59.28385, -3.7119], [-59.27598, -3.71172], [-59.26843, -3.71623], [-59.25988, -3.71396], [-59.25171, -3.71688], [-59.24926, -3.71247], [-59.24676, -3.71503], [-59.2341, -3.7071], [-59.23502, -3.69168], [-59.22437, -3.69272], [-59.22486, -3.70314]]]}}, {"type": "Feature", "properties": {"nome": "Trombetas/Mapuera", "etnia": "Xereu e Tunayana e Karafawyana e Hixkaryána e Wai Wai e Sikiyana e Waimiri Atroari e Katuena e Isolados", "fase": "Regularizada", "modalidade": "Tradicionalmente ocupada", "municipios": "Caroebe e Faro e Nhamundá e Oriximiná e São João da Baliza e Urucará", "ha": 3970898.042, "uf": "RR, PA, AM"}, "geometry": {"type": "Polygon", "coordinates": [[[-58.70922, -0.73691], [-58.71545, -0.74277], [-58.70125, -0.75903], [-58.69474, -0.78836], [-58.68886, -0.79765], [-58.69253, -0.80673], [-58.69156, -0.81637], [-58.6816, -0.83035], [-58.68108, -0.83588], [-58.6756, -0.83863], [-58.67548, -0.84934], [-58.66974, -0.85561], [-58.62349, -0.86438], [-58.4953, -1.15445], [-58.48724, -1.15084], [-58.43347, -1.21799], [-58.44822, -1.22308], [-58.45451, -1.22885], [-58.45916, -1.23888], [-58.45601, -1.24374], [-58.45911, -1.24851], [-58.4538, -1.259], [-58.45629, -1.26568], [-58.46359, -1.27254], [-58.46706, -1.28631], [-58.47884, -1.29293], [-58.4751, -1.30206], [-58.47669, -1.31027], [-58.47288, -1.32948], [-58.47506, -1.33728], [-58.47154, -1.34668], [-58.47442, -1.35733], [-58.48257, -1.36106], [-58.48495, -1.36554], [-58.49725, -1.3425], [-58.51688, -1.34157], [-58.53872, -1.32904], [-58.54211, -1.32041], [-58.53545, -1.31793], [-58.5415, -1.30591], [-58.53446, -1.28873], [-58.5493, -1.2729], [-58.558, -1.25253], [-58.57985, -1.23592], [-58.58448, -1.21439], [-58.59407, -1.20818], [-58.59419, -1.19607], [-58.5845, -1.17783], [-58.59011, -1.16833], [-58.59655, -1.16426], [-58.59263, -1.15223], [-58.60058, -1.13144], [-58.60296, -1.11877], [-58.60113, -1.10876], [-58.62146, -1.09624], [-58.63177, -1.08252], [-58.63159, -1.07403], [-58.63956, -1.06887], [-58.63891, -1.06238], [-58.64523, -1.05559], [-58.65641, -1.0594], [-58.66751, -1.05459], [-58.67177, -1.04454], [-58.68487, -1.02978], [-58.68703, -1.02063], [-58.69707, -1.00963], [-58.69316, -0.9911], [-58.69818, -0.98813], [-58.71107, -0.99006], [-58.72857, -1.00643], [-58.73441, -1.00787], [-58.74222, -1.00498], [-58.75182, -0.99227], [-58.76565, -0.98752], [-58.7809, -0.98942], [-58.79515, -0.9973], [-58.80399, -0.99743], [-58.8212, -0.9914], [-58.84071, -0.96954], [-58.85404, -0.94102], [-58.85002, -0.91975], [-58.83944, -0.90789], [-58.84431, -0.89767], [-58.8595, -0.89391], [-58.8976, -0.90125], [-58.92463, -0.89841], [-58.95631, -0.8803], [-58.96374, -0.84882], [-58.97684, -0.83705], [-58.97878, -0.82554], [-58.98391, -0.81757], [-58.99562, -0.81573], [-59.01047, -0.82073], [-59.02452, -0.8187], [-59.03933, -0.82919], [-59.05498, -0.81035], [-59.07185, -0.80327], [-59.0788, -0.7844], [-59.08508, -0.7838], [-59.09559, -0.78909], [-59.09501, -0.76887], [-59.08443, -0.75921], [-59.08508, -0.75471], [-59.10503, -0.74674], [-59.11823, -0.74904], [-59.12051, -0.74127], [-59.11013, -0.71843], [-59.10855, -0.70187], [-59.11737, -0.67905], [-59.11482, -0.67075], [-59.12976, -0.66292], [-59.15231, -0.66392], [-59.15287, -0.64958], [-59.16006, -0.62257], [-59.1703, -0.61551], [-59.17785, -0.61432], [-59.17286, -0.5983], [-59.17418, -0.58343], [-59.19207, -0.57487], [-59.19296, -0.57781], [-59.20289, -0.58069], [-59.20776, -0.57441], [-59.21681, -0.5704], [-59.22072, -0.57327], [-59.22604, -0.57172], [-59.22571, -0.56888], [-59.23368, -0.56455], [-59.24443, -0.56924], [-59.24999, -0.56806], [-59.25551, -0.57235], [-59.26543, -0.56802], [-59.26903, -0.57186], [-59.27592, -0.57065], [-59.28237, -0.5838], [-59.29721, -0.58605], [-59.30209, -0.58243], [-59.32489, -0.58271], [-59.3318, -0.57882], [-59.35323, -0.58291], [-59.38544, -0.57936], [-59.43848, -0.58609], [-59.45285, -0.59158], [-59.47153, -0.58778], [-59.485, -0.58999], [-59.49712, -0.5812], [-59.50906, -0.5854], [-59.52998, -0.58036], [-59.54887, -0.58768], [-59.55334, -0.58617], [-59.56406, -0.59751], [-59.57935, -0.59822], [-59.58482, -0.60645], [-59.58143, -0.61667], [-59.58861, -0.61865], [-59.59303, -0.62836], [-59.61994, -0.63321], [-59.62804, -0.63875], [-59.63301, -0.63612], [-59.63557, -0.63981], [-59.64066, -0.63799], [-59.64167, -0.64116], [-59.64762, -0.63889], [-59.65273, -0.64275], [-59.65293, -0.64755], [-59.66062, -0.64517], [-59.66348, -0.64991], [-59.66801, -0.64996], [-59.66657, -0.65395], [-59.6712, -0.6519], [-59.67602, -0.66171], [-59.67742, -0.65835], [-59.67903, -0.66115], [-59.68582, -0.66044], [-59.68946, -0.67147], [-59.70292, -0.67913], [-59.73058, -0.65048], [-59.73205, -0.64234], [-59.72831, -0.64079], [-59.73899, -0.64218], [-59.73842, -0.63461], [-59.7474, -0.62275], [-59.74693, -0.61674], [-59.75631, -0.60971], [-59.76124, -0.61062], [-59.76726, -0.59929], [-59.77611, -0.59565], [-59.7732, -0.57446], [-59.78287, -0.55299], [-59.78798, -0.55139], [-59.7897, -0.54132], [-59.78307, -0.5285], [-59.77792, -0.50061], [-59.77186, -0.49362], [-59.77813, -0.48194], [-59.77931, -0.46647], [-59.79685, -0.44577], [-59.80762, -0.44073], [-59.8155, -0.44114], [-59.82028, -0.4369], [-59.83287, -0.43527], [-59.84303, -0.44257], [-59.84847, -0.4517], [-59.85738, -0.45036], [-59.8246, -0.40325], [-59.82869, -0.40323], [-59.85793, -0.36603], [-59.82135, -0.19822], [-59.83302, -0.16622], [-59.83183, -0.15851], [-59.82795, -0.15497], [-59.8368, -0.1526], [-59.83993, -0.14501], [-59.8447, -0.09846], [-59.85503, -0.08736], [-59.8584, -0.0784], [-59.85572, -0.06336], [-59.8581, -0.0483], [-59.84701, -0.04195], [-59.8391, -0.02889], [-59.8433, 0.0], [-59.83859, 0.00598], [-59.82021, 0.01472], [-59.79451, 0.05037], [-59.78294, 0.05658], [-59.77396, 0.08124], [-59.76217, 0.09015], [-59.7622, 0.09439], [-59.7568, 0.0988], [-59.78671, 0.11394], [-59.79641, 0.1212], [-59.80318, 0.13164], [-59.80708, 0.13004], [-59.80928, 0.13385], [-59.83166, 0.13862], [-59.84522, 0.1521], [-59.84785, 0.14935], [-59.86322, 0.15627], [-59.87628, 0.17161], [-59.8809, 0.1698], [-59.88784, 0.1751], [-59.89226, 0.17306], [-59.89476, 0.17716], [-59.90493, 0.18027], [-59.9076, 0.18507], [-59.9113, 0.18288], [-59.91357, 0.18655], [-59.92129, 0.18679], [-59.92717, 0.19146], [-59.92751, 0.1958], [-59.93775, 0.20126], [-59.9341, 0.21199], [-59.93572, 0.21626], [-59.94696, 0.22343], [-59.94952, 0.23105], [-59.9535, 0.27067], [-59.96921, 0.27765], [-59.97439, 0.28326], [-59.95256, 0.31829], [-59.95891, 0.32539], [-59.98889, 0.34156], [-59.98109, 0.34809], [-59.98276, 0.3541], [-59.95894, 0.36612], [-59.95993, 0.37675], [-59.9588, 0.38036], [-59.95273, 0.38296], [-59.95423, 0.40083], [-59.9481, 0.41596], [-59.94895, 0.4297], [-59.96345, 0.44081], [-59.9724, 0.45949], [-59.96848, 0.46368], [-59.97237, 0.47191], [-59.96645, 0.47669], [-59.96617, 0.48097], [-59.9703, 0.4936], [-59.97746, 0.49362], [-59.98524, 0.50001], [-59.98279, 0.50037], [-59.98438, 0.50541], [-59.97994, 0.5161], [-59.96847, 0.52093], [-59.96519, 0.52097], [-59.96359, 0.51558], [-59.95852, 0.51631], [-59.95824, 0.5199], [-59.95125, 0.51745], [-59.94036, 0.52148], [-59.93978, 0.51708], [-59.93338, 0.5158], [-59.93431, 0.51361], [-59.92667, 0.51455], [-59.92226, 0.50771], [-59.91336, 0.50276], [-59.90674, 0.50768], [-59.89902, 0.5013], [-59.90004, 0.50391], [-59.89525, 0.50573], [-59.87412, 0.50004], [-59.86277, 0.50381], [-59.82378, 0.49866], [-59.81677, 0.50277], [-59.81571, 0.50869], [-59.80678, 0.51219], [-59.799, 0.5289], [-59.79383, 0.52974], [-59.78976, 0.53489], [-59.76878, 0.53068], [-59.76531, 0.52651], [-59.71312, 0.54356], [-59.69082, 0.54689], [-59.66315, 0.57183], [-59.64617, 0.57763], [-59.63903, 0.57514], [-59.62414, 0.57737], [-59.59832, 0.5672], [-59.59636, 0.57629], [-59.60045, 0.60183], [-59.58471, 0.62549], [-59.29625, 0.70452], [-59.26511, 0.74169], [-59.24475, 0.754], [-59.24029, 0.76052], [-59.22135, 0.76863], [-59.20637, 0.77026], [-59.20121, 0.76738], [-59.19585, 0.7737], [-59.18904, 0.77437], [-59.18946, 0.79259], [-59.18597, 0.80488], [-59.19124, 0.81751], [-59.18046, 0.8355], [-59.1815, 0.84737], [-59.16302, 0.86142], [-59.13048, 0.89521], [-59.13043, 0.9061], [-59.13853, 0.92709], [-59.12851, 0.93884], [-59.12463, 0.93722], [-59.12281, 0.93073], [-59.11847, 0.92985], [-59.11471, 0.92081], [-59.10767, 0.92645], [-59.09374, 0.91539], [-59.08921, 0.90031], [-59.0831, 0.90558], [-59.07179, 0.90773], [-59.06807, 0.90274], [-59.06268, 0.90949], [-59.05199, 0.91382], [-59.04703, 0.90596], [-59.0406, 0.90503], [-59.02835, 0.91968], [-59.02261, 0.93444], [-59.01776, 0.91531], [-59.00928, 0.90726], [-59.01216, 0.88813], [-58.97858, 0.87854], [-58.9811, 0.86722], [-58.9734, 0.86181], [-58.9729, 0.84136], [-58.96582, 0.8337], [-58.95998, 0.81463], [-58.95301, 0.81821], [-58.95525, 0.82773], [-58.94951, 0.83361], [-58.94704, 0.8566], [-58.93369, 0.86308], [-58.92557, 0.87426], [-58.91194, 0.87994], [-58.89517, 0.90197], [-58.8866, 0.91961], [-58.87867, 0.9266], [-58.86381, 0.93064], [-58.86168, 0.93587], [-58.83934, 0.92833], [-58.83065, 0.92798], [-58.82805, 0.93111], [-58.81971, 0.92964], [-58.81444, 0.91917], [-58.80984, 0.92359], [-58.8062, 0.91978], [-58.79005, 0.91865], [-58.78631, 0.91565], [-58.72832, 0.91721], [-58.71827, 0.9115], [-58.70732, 0.91405], [-58.69678, 0.90229], [-58.69274, 0.88033], [-58.68325, 0.88274], [-58.67293, 0.88027], [-58.65403, 0.8573], [-58.65425, 0.85014], [-58.64832, 0.84336], [-58.64204, 0.83908], [-58.6388, 0.84015], [-58.63236, 0.83268], [-58.62272, 0.82934], [-58.61692, 0.82154], [-58.61188, 0.82239], [-58.60833, 0.81831], [-58.60579, 0.82336], [-58.58961, 0.82702], [-58.58902, 0.82977], [-58.57882, 0.82536], [-58.58128, 0.83923], [-58.56434, 0.8626], [-58.55747, 0.8628], [-58.5534, 0.85923], [-58.5454, 0.86186], [-58.53986, 0.85887], [-58.52789, 0.85884], [-58.52692, 0.85561], [-58.517, 0.86274], [-58.51193, 0.86062], [-58.50338, 0.86713], [-58.49432, 0.86665], [-58.48665, 0.87635], [-58.47625, 0.87959], [-58.44191, 0.92528], [-58.43687, 0.92117], [-58.43205, 0.92182], [-58.42446, 0.91498], [-58.39898, 0.91768], [-58.39255, 0.92393], [-58.38582, 0.92277], [-58.37494, 0.92793], [-58.37055, 0.9257], [-58.36894, 0.90689], [-58.36474, 0.90577], [-58.3643, 0.89978], [-58.35411, 0.88856], [-58.36014, 0.8848], [-58.36141, 0.87793], [-58.35604, 0.87217], [-58.35635, 0.86391], [-58.35233, 0.85559], [-58.34707, 0.85233], [-58.34771, 0.84898], [-58.34232, 0.85171], [-58.3428, 0.84911], [-58.33588, 0.84432], [-58.33231, 0.84519], [-58.33428, 0.84289], [-58.33077, 0.84176], [-58.33067, 0.83812], [-58.33685, 0.83587], [-58.33624, 0.82894], [-58.35643, 0.82092], [-58.36834, 0.82176], [-58.36714, 0.8001], [-58.3516, 0.79208], [-58.34666, 0.79585], [-58.34452, 0.79121], [-58.33891, 0.7897], [-58.33796, 0.78425], [-58.33288, 0.78834], [-58.3286, 0.7792], [-58.32134, 0.7799], [-58.31274, 0.76366], [-58.31493, 0.75146], [-58.32122, 0.74878], [-58.3234, 0.74012], [-58.32149, 0.73519], [-58.32628, 0.72936], [-58.32057, 0.71969], [-58.32583, 0.69805], [-58.33373, 0.68765], [-58.33665, 0.69082], [-58.34498, 0.68422], [-58.34399, 0.67396], [-58.35237, 0.65585], [-58.35792, 0.65222], [-58.3556, 0.64278], [-58.36271, 0.63059], [-58.36261, 0.62735], [-58.35404, 0.62268], [-58.35483, 0.60956], [-58.34614, 0.61099], [-58.34096, 0.60643], [-58.32772, 0.61752], [-58.32749, 0.61206], [-58.31945, 0.61323], [-58.31557, 0.61041], [-58.31208, 0.61447], [-58.31587, 0.61648], [-58.31447, 0.62102], [-58.31764, 0.62082], [-58.31414, 0.62895], [-58.29924, 0.64739], [-58.29207, 0.65008], [-58.28782, 0.65664], [-58.28365, 0.65619], [-58.28153, 0.65965], [-58.28482, 0.66263], [-58.2817, 0.66709], [-58.27838, 0.66573], [-58.2775, 0.67272], [-58.26805, 0.66592], [-58.26585, 0.67392], [-58.24344, 0.66977], [-58.2426, 0.67295], [-58.24136, 0.66973], [-58.24046, 0.67283], [-58.23667, 0.67092], [-58.23674, 0.67355], [-58.23475, 0.67173], [-58.23215, 0.67462], [-58.22778, 0.66595], [-58.20975, 0.67392], [-58.2064, 0.66804], [-58.20501, 0.67684], [-58.193, 0.68486], [-58.19149, 0.68977], [-58.18789, 0.68507], [-58.18327, 0.68805], [-58.17042, 0.68387], [-58.16213, 0.68515], [-58.15597, 0.69249], [-58.14567, 0.69328], [-58.14252, 0.69881], [-58.14461, 0.70335], [-58.14226, 0.70254], [-58.1371, 0.71046], [-58.12842, 0.71317], [-58.13235, 0.72081], [-58.1291, 0.72102], [-58.12827, 0.72712], [-58.12306, 0.7302], [-58.12579, 0.73177], [-58.11907, 0.73869], [-58.11421, 0.74016], [-58.103, 0.73453], [-58.09691, 0.74304], [-58.08369, 0.74935], [-58.07533, 0.74985], [-58.07513, 0.75297], [-58.06795, 0.75412], [-58.06562, 0.75863], [-58.05928, 0.75668], [-58.05666, 0.75953], [-58.05674, 0.75481], [-58.05264, 0.75227], [-58.0449, 0.75448], [-58.04108, 0.76136], [-58.02244, 0.75795], [-58.01809, 0.75965], [-58.01249, 0.75562], [-57.98267, 0.74832], [-57.9791, 0.75004], [-57.97471, 0.74299], [-57.96562, 0.74854], [-57.95523, 0.74814], [-57.9508, 0.75187], [-57.92177, 0.75428], [-57.89096, 0.73559], [-57.88065, 0.73277], [-57.87476, 0.73713], [-57.86872, 0.73398], [-57.85164, 0.70243], [-57.83824, 0.69526], [-57.8353, 0.66855], [-57.83704, 0.65383], [-57.83296, 0.65008], [-57.83139, 0.62781], [-57.82402, 0.61163], [-57.82337, 0.5745], [-57.82813, 0.57167], [-57.83182, 0.55835], [-57.83599, 0.55793], [-57.84285, 0.53523], [-57.85625, 0.52516], [-57.8555, 0.51057], [-57.86107, 0.50585], [-57.8591, 0.49625], [-57.86237, 0.494], [-57.86323, 0.48149], [-57.86962, 0.46953], [-57.87789, 0.47143], [-57.87779, 0.46064], [-57.87278, 0.45772], [-57.87262, 0.45311], [-57.86526, 0.44978], [-57.86683, 0.4408], [-57.86399, 0.4357], [-57.85767, 0.43567], [-57.85651, 0.42976], [-57.84148, 0.42211], [-57.83456, 0.40782], [-57.83774, 0.40212], [-57.83599, 0.39508], [-57.82747, 0.38656], [-57.82985, 0.38104], [-57.82177, 0.3801], [-57.82154, 0.37672], [-57.81029, 0.37606], [-57.80861, 0.36731], [-57.80122, 0.36285], [-57.79998, 0.35328], [-57.79343, 0.3474], [-57.79702, 0.34626], [-57.79582, 0.33233], [-57.79304, 0.33348], [-57.79275, 0.33021], [-57.78659, 0.32891], [-57.77876, 0.31741], [-57.77654, 0.30714], [-57.77945, 0.30452], [-57.77516, 0.29583], [-57.77748, 0.29249], [-57.77358, 0.29204], [-57.77105, 0.28585], [-57.766, 0.28371], [-57.76798, 0.28238], [-57.76581, 0.27935], [-57.76205, 0.28021], [-57.75926, 0.2693], [-57.752, 0.26917], [-57.74892, 0.25726], [-57.74282, 0.25676], [-57.74086, 0.24997], [-57.72818, 0.25106], [-57.72689, 0.23417], [-57.70062, 0.22173], [-57.69713, 0.2087], [-57.69083, 0.20545], [-57.68608, 0.19184], [-57.69517, 0.18414], [-57.6961, 0.17272], [-57.69273, 0.17225], [-57.69512, 0.16649], [-57.68404, 0.16433], [-57.68017, 0.15878], [-57.6831, 0.15373], [-57.67572, 0.1496], [-57.67078, 0.13881], [-57.67217, 0.13534], [-57.67724, 0.13597], [-57.67332, 0.12595], [-57.65897, 0.11737], [-57.66004, 0.10816], [-57.65521, 0.11253], [-57.6487, 0.10435], [-57.64263, 0.1033], [-57.64567, 0.09537], [-57.64219, 0.09503], [-57.64084, 0.08499], [-57.63296, 0.08439], [-57.63154, 0.07768], [-57.62706, 0.07803], [-57.62434, 0.07334], [-57.61927, 0.07537], [-57.61163, 0.07151], [-57.60438, 0.07328], [-57.59462, 0.06625], [-57.58785, 0.07113], [-57.58904, 0.06605], [-57.58601, 0.06497], [-57.58414, 0.06773], [-57.57758, 0.06529], [-57.57418, 0.06145], [-57.57651, 0.05976], [-57.56947, 0.05321], [-57.56999, 0.0483], [-57.56173, 0.04649], [-57.55285, 0.03178], [-57.54551, 0.03554], [-57.54092, 0.02416], [-57.54307, 0.01433], [-57.52965, 0.01469], [-57.52873, 0.00818], [-57.52284, 0.00429], [-57.5181, 0.01319], [-57.51735, 0.00595], [-57.51422, 0.00473], [-57.50652, 0.01026], [-57.49806, 0.00883], [-57.49015, 0.01431], [-57.4919, 0.00923], [-57.48859, 0.00565], [-57.49183, 0.00129], [-57.48611, -0.00653], [-57.48416, -0.01658], [-57.47856, -0.01163], [-57.46758, -0.012], [-57.46645, -0.01905], [-57.46307, -0.01627], [-57.45791, -0.02307], [-57.45772, -0.02746], [-57.46686, -0.03029], [-57.46459, -0.03664], [-57.44412, -0.04512], [-57.43278, -0.04083], [-57.40756, -0.05156], [-57.40389, -0.04561], [-57.39421, -0.04088], [-57.38654, -0.04593], [-57.38452, -0.04006], [-57.36718, -0.0357], [-57.36103, -0.04485], [-57.33592, -0.03247], [-57.3192, -0.04329], [-57.31422, -0.0582], [-57.32553, -0.13055], [-57.30569, -0.15696], [-57.29789, -0.15704], [-57.29752, -0.16356], [-57.29043, -0.16773], [-57.29301, -0.1736], [-57.30051, -0.17483], [-57.30195, -0.18184], [-57.31209, -0.1779], [-57.31153, -0.19051], [-57.31597, -0.20074], [-57.31125, -0.20432], [-57.31262, -0.23299], [-57.30763, -0.23584], [-57.30668, -0.24103], [-57.31969, -0.23222], [-57.32346, -0.23499], [-57.32253, -0.24983], [-57.31712, -0.25238], [-57.31784, -0.25913], [-57.30754, -0.26744], [-57.30651, -0.27236], [-57.33269, -0.2884], [-57.32837, -0.29518], [-57.33515, -0.30692], [-57.3367, -0.33081], [-57.31532, -0.34765], [-57.31947, -0.35419], [-57.3173, -0.36094], [-57.32873, -0.36204], [-57.32516, -0.37095], [-57.32753, -0.38773], [-57.32384, -0.39111], [-57.32292, -0.40374], [-57.33474, -0.41375], [-57.32797, -0.4255], [-57.34301, -0.43467], [-57.34162, -0.45682], [-57.37068, -0.48291], [-57.36516, -0.48397], [-57.35433, -0.47782], [-57.35722, -0.48776], [-57.3543, -0.49215], [-57.36218, -0.49821], [-57.34707, -0.50859], [-57.35754, -0.51841], [-57.35182, -0.53244], [-57.35239, -0.54389], [-57.36132, -0.54782], [-57.36951, -0.57155], [-57.37597, -0.57208], [-57.37891, -0.5769], [-57.37634, -0.57934], [-57.37665, -0.59012], [-57.38262, -0.60239], [-57.3715, -0.62845], [-57.37734, -0.63768], [-57.38542, -0.63931], [-57.39196, -0.65597], [-57.39848, -0.65766], [-57.4026, -0.67117], [-57.39334, -0.6931], [-57.38884, -0.69342], [-57.38444, -0.68653], [-57.3779, -0.69276], [-57.38504, -0.69491], [-57.39697, -0.7124], [-57.39042, -0.72599], [-57.39696, -0.74171], [-57.39216, -0.75324], [-57.39312, -0.7698], [-57.38675, -0.78005], [-57.3647, -0.78674], [-57.35729, -0.78283], [-57.35278, -0.78902], [-57.34359, -0.79338], [-57.34282, -0.79944], [-57.35094, -0.8029], [-57.34995, -0.81431], [-57.33617, -0.81883], [-57.33048, -0.8283], [-57.32527, -0.82463], [-57.31822, -0.82526], [-57.29993, -0.83579], [-57.29129, -0.8455], [-57.28202, -0.84709], [-57.27482, -0.85293], [-57.26543, -0.85505], [-57.25426, -0.85195], [-57.22488, -0.88306], [-57.21666, -0.88087], [-57.20812, -0.86297], [-57.20157, -0.8663], [-57.19899, -0.87624], [-57.19469, -0.88029], [-57.18566, -0.88008], [-57.18793, -0.88673], [-57.1734, -0.89502], [-57.17667, -0.9042], [-57.18571, -0.90446], [-57.18766, -0.90861], [-57.17691, -0.92623], [-57.16714, -0.93513], [-57.16557, -0.94933], [-57.15976, -0.94806], [-57.15215, -0.95264], [-57.14852, -0.961], [-57.14983, -0.96499], [-57.1445, -0.97284], [-57.14955, -0.98746], [-57.16824, -0.99026], [-57.17555, -0.98791], [-57.17707, -0.98005], [-57.18742, -0.97575], [-57.19276, -0.98039], [-57.20607, -0.98143], [-57.2218, -0.97785], [-57.22867, -0.97034], [-57.23809, -0.97516], [-57.24581, -0.97281], [-57.26412, -0.9761], [-57.2973, -1.01184], [-57.30894, -1.06806], [-57.29978, -1.08295], [-57.30193, -1.09121], [-57.32935, -1.094], [-57.33406, -1.08707], [-57.33946, -1.0875], [-57.34846, -1.07769], [-57.35006, -1.07137], [-57.35636, -1.07231], [-57.36463, -1.06883], [-57.38375, -1.04964], [-57.39039, -1.05028], [-57.39389, -1.05455], [-57.41444, -1.0558], [-57.41753, -1.06058], [-57.42442, -1.06233], [-57.4348, -1.03963], [-57.44358, -1.03274], [-57.44566, -1.03491], [-57.46275, -1.02955], [-57.4704, -1.0322], [-57.47728, -1.04324], [-57.48862, -1.0422], [-57.49433, -1.03416], [-57.50352, -1.03152], [-57.50352, -1.0266], [-57.51006, -1.0188], [-57.50825, -1.00708], [-57.51484, -1.00786], [-57.52341, -1.00085], [-57.53186, -1.00086], [-57.54815, -0.99202], [-57.55282, -0.97293], [-57.56414, -0.95213], [-57.58843, -0.93841], [-57.60125, -0.93598], [-57.60525, -0.93157], [-57.60744, -0.93478], [-57.61892, -0.93036], [-57.63262, -0.91293], [-57.63703, -0.91411], [-57.65751, -0.90505], [-57.66005, -0.89716], [-57.66966, -0.88914], [-57.67292, -0.87565], [-57.66472, -0.87334], [-57.63501, -0.74861], [-57.795, -0.3775], [-57.7839, -0.3675], [-57.90946, -0.23583], [-57.92322, -0.22379], [-57.92911, -0.22819], [-57.93796, -0.22505], [-57.94285, -0.19782], [-57.9403, -0.1931], [-57.94298, -0.18391], [-57.9497, -0.17616], [-57.94547, -0.16931], [-57.94809, -0.15603], [-57.94282, -0.15405], [-57.94232, -0.1377], [-57.95642, -0.11172], [-57.96818, -0.10701], [-57.96578, -0.09486], [-57.98935, -0.10267], [-57.9893, -0.09813], [-57.99527, -0.09568], [-57.99873, -0.09814], [-58.00872, -0.09532], [-58.01454, -0.09694], [-58.03868, -0.08811], [-58.02189, -0.0183], [-58.1085, -0.00311], [-58.16724, -0.05194], [-58.21669, -0.21528], [-58.22807, -0.28667], [-58.21557, -0.28861], [-58.23315, -0.39597], [-58.23899, -0.39883], [-58.24347, -0.39491], [-58.24731, -0.39767], [-58.25006, -0.40472], [-58.24946, -0.42396], [-58.25617, -0.42463], [-58.27561, -0.45066], [-58.31043, -0.48197], [-58.33306, -0.50781], [-58.32408, -0.53461], [-58.33207, -0.55747], [-58.34324, -0.56635], [-58.3667, -0.57164], [-58.36984, -0.58884], [-58.37714, -0.59937], [-58.38611, -0.60153], [-58.39201, -0.59869], [-58.40918, -0.60426], [-58.41152, -0.61469], [-58.42418, -0.62727], [-58.42222, -0.63753], [-58.42796, -0.6319], [-58.43102, -0.63635], [-58.43528, -0.63352], [-58.43899, -0.63648], [-58.44088, -0.64949], [-58.44822, -0.65808], [-58.45278, -0.67081], [-58.4644, -0.68418], [-58.4692, -0.69939], [-58.47277, -0.6997], [-58.46951, -0.70286], [-58.47319, -0.70561], [-58.47014, -0.70675], [-58.47417, -0.71232], [-58.65778, -0.71819], [-58.70922, -0.73691]]]}}, {"type": "Feature", "properties": {"nome": "Tikuna de Santo Antonio", "etnia": "Tikúna", "fase": "Regularizada", "modalidade": "Tradicionalmente ocupada", "municipios": "Benjamin Constant", "ha": 1065.2723, "uf": "AM"}, "geometry": {"type": "Polygon", "coordinates": [[[-69.99745, -4.37803], [-69.98355, -4.38199], [-69.98249, -4.39132], [-69.97557, -4.39445], [-69.98197, -4.40565], [-69.98936, -4.40606], [-69.99346, -4.41825], [-70.00071, -4.42211], [-70.01131, -4.40402], [-70.00418, -4.3924], [-70.00906, -4.38772], [-69.99745, -4.37803]]]}}, {"type": "Feature", "properties": {"nome": "Tukuna Porto Espiritual", "etnia": "Tikúna", "fase": "Regularizada", "modalidade": "Tradicionalmente ocupada", "municipios": "Benjamin Constant", "ha": 2839.3483, "uf": "AM"}, "geometry": {"type": "Polygon", "coordinates": [[[-69.81623, -4.50921], [-69.78701, -4.50427], [-69.79471, -4.52461], [-69.82901, -4.53387], [-69.82705, -4.50736], [-69.83996, -4.48201], [-69.8374, -4.46104], [-69.85044, -4.43046], [-69.85649, -4.40508], [-69.84019, -4.3999], [-69.83512, -4.39925], [-69.82968, -4.40765], [-69.83563, -4.41947], [-69.83459, -4.43415], [-69.82444, -4.45676], [-69.82214, -4.4752], [-69.82402, -4.49257], [-69.81623, -4.50921]]]}}, {"type": "Feature", "properties": {"nome": "Tukuna Umariaçu", "etnia": "Tikúna", "fase": "Regularizada", "modalidade": "Tradicionalmente ocupada", "municipios": "Tabatinga", "ha": 4854.9989, "uf": "AM"}, "geometry": {"type": "Polygon", "coordinates": [[[-69.94526, -4.25942], [-69.93746, -4.25674], [-69.92713, -4.26152], [-69.92735, -4.25802], [-69.93447, -4.25468], [-69.92945, -4.2492], [-69.91813, -4.25185], [-69.9054, -4.24575], [-69.84011, -4.23245], [-69.84975, -4.24604], [-69.85127, -4.25909], [-69.84064, -4.27553], [-69.82557, -4.28918], [-69.84875, -4.29299], [-69.88653, -4.27208], [-69.91175, -4.29236], [-69.93949, -4.27597], [-69.94526, -4.25942]]]}}, {"type": "Feature", "properties": {"nome": "Tumiã", "etnia": "Apurinã", "fase": "Regularizada", "modalidade": "Tradicionalmente ocupada", "municipios": "Lábrea", "ha": 124357.4172, "uf": "AM"}, "geometry": {"type": "Polygon", "coordinates": [[[-66.78173, -8.30109], [-66.78196, -8.28932], [-66.77062, -8.27354], [-66.77731, -8.25745], [-66.77642, -8.24684], [-66.76391, -8.23677], [-66.7606, -8.21583], [-66.74853, -8.18567], [-66.74026, -8.17735], [-66.72444, -8.16954], [-66.71876, -8.14226], [-66.70785, -8.1263], [-66.70576, -8.11776], [-66.70253, -8.11442], [-66.69081, -8.11793], [-66.68049, -8.11434], [-66.66092, -8.0922], [-66.6471, -8.08882], [-66.63607, -8.08081], [-66.63091, -8.07189], [-66.63494, -8.06014], [-66.6458, -8.0456], [-66.6454, -8.03043], [-66.65382, -8.00642], [-66.64897, -7.99716], [-66.65299, -7.99474], [-66.6539, -7.98888], [-66.6485, -7.98206], [-66.64939, -7.97178], [-66.646, -7.95957], [-66.64135, -7.95451], [-66.64281, -7.94773], [-66.65061, -7.94094], [-66.65761, -7.92725], [-66.66518, -7.92676], [-66.69889, -7.93988], [-66.70958, -7.94085], [-66.71493, -7.94507], [-66.72291, -7.92502], [-66.72213, -7.88642], [-66.71029, -7.87661], [-66.70233, -7.85208], [-66.70617, -7.84453], [-66.71443, -7.83939], [-66.7102, -7.82812], [-66.71374, -7.81047], [-66.71216, -7.80436], [-66.69863, -7.79878], [-66.67823, -7.78333], [-66.66072, -7.78851], [-66.63929, -7.77894], [-66.63167, -7.77223], [-66.6312, -7.76584], [-66.62117, -7.75363], [-66.6223, -7.73953], [-66.60659, -7.72821], [-66.48508, -7.77849], [-66.48848, -7.78577], [-66.48374, -7.79198], [-66.48852, -7.80173], [-66.48633, -7.82163], [-66.49298, -7.82772], [-66.49138, -7.83614], [-66.49512, -7.84761], [-66.48535, -7.85276], [-66.47331, -7.85161], [-66.45454, -7.86244], [-66.44644, -7.85299], [-66.43896, -7.85137], [-66.43668, -7.84462], [-66.42531, -7.83407], [-66.41145, -7.8305], [-66.39434, -7.83256], [-66.38406, -7.82446], [-66.37355, -7.83072], [-66.35816, -7.8335], [-66.38929, -7.85883], [-66.38751, -7.88189], [-66.39797, -7.90143], [-66.405, -7.90833], [-66.41339, -7.90889], [-66.41879, -7.9151], [-66.43664, -7.92307], [-66.44783, -7.94361], [-66.46539, -7.95265], [-66.47849, -7.98018], [-66.49235, -7.98863], [-66.49484, -7.99752], [-66.49052, -8.01377], [-66.49533, -8.02586], [-66.35312, -8.08145], [-66.37026, -8.07881], [-66.37989, -8.08776], [-66.38898, -8.08903], [-66.39835, -8.10002], [-66.3987, -8.10529], [-66.40224, -8.10612], [-66.41504, -8.10482], [-66.42226, -8.0979], [-66.43073, -8.09637], [-66.44366, -8.08814], [-66.45852, -8.09381], [-66.47271, -8.08669], [-66.47668, -8.08976], [-66.49499, -8.08979], [-66.50526, -8.0993], [-66.50752, -8.11254], [-66.52186, -8.12957], [-66.54547, -8.13156], [-66.56047, -8.12745], [-66.57162, -8.13412], [-66.58192, -8.15324], [-66.59037, -8.1796], [-66.59714, -8.18608], [-66.60903, -8.18639], [-66.61764, -8.19274], [-66.62945, -8.19349], [-66.6363, -8.19777], [-66.64351, -8.20844], [-66.64552, -8.22347], [-66.65161, -8.23779], [-66.78173, -8.30109]]]}}, {"type": "Feature", "properties": {"nome": "Tupã-Supé", "etnia": "Tikúna", "fase": "Regularizada", "modalidade": "Tradicionalmente ocupada", "municipios": "Alvarães e Uarini", "ha": 8589.5101, "uf": "AM"}, "geometry": {"type": "Polygon", "coordinates": [[[-64.97494, -3.08083], [-64.98292, -3.10841], [-64.96798, -3.12534], [-64.96336, -3.141], [-64.96318, -3.15617], [-64.99023, -3.16785], [-65.00419, -3.17943], [-65.03137, -3.18587], [-65.04111, -3.18468], [-65.0735, -3.19354], [-65.07951, -3.18013], [-65.08605, -3.17434], [-65.07992, -3.17157], [-65.07722, -3.16101], [-65.07, -3.15606], [-65.06923, -3.14745], [-65.03513, -3.1135], [-65.03263, -3.10544], [-64.98985, -3.10766], [-64.97932, -3.0776], [-64.97494, -3.08083]]]}}, {"type": "Feature", "properties": {"nome": "Uati-Paraná", "etnia": "Tikúna", "fase": "Regularizada", "modalidade": "Tradicionalmente ocupada", "municipios": "Fonte Boa e Japurá e Tonantins", "ha": 127199.0612, "uf": "AM"}, "geometry": {"type": "Polygon", "coordinates": [[[-67.63561, -2.52646], [-67.55079, -2.25141], [-67.31286, -2.22167], [-67.29425, -2.22271], [-67.28697, -2.2198], [-67.28206, -2.22506], [-67.2807, -2.2393], [-67.26311, -2.23418], [-67.24667, -2.23643], [-67.2409, -2.2428], [-67.24192, -2.26523], [-67.24903, -2.27118], [-67.25369, -2.28104], [-67.26363, -2.28308], [-67.27357, -2.29508], [-67.27357, -2.30538], [-67.26788, -2.3089], [-67.26229, -2.30411], [-67.25906, -2.30588], [-67.25253, -2.30299], [-67.24992, -2.30658], [-67.23909, -2.30759], [-67.21325, -2.32128], [-67.13484, -2.28032], [-67.13252, -2.27443], [-67.12312, -2.27308], [-67.11456, -2.27711], [-67.10994, -2.28561], [-67.10232, -2.28725], [-67.10479, -2.29537], [-67.12, -2.2918], [-67.12766, -2.30038], [-67.12483, -2.31013], [-67.12075, -2.31284], [-67.12432, -2.31745], [-67.12349, -2.32502], [-67.1129, -2.32426], [-67.1105, -2.32927], [-67.1103, -2.33706], [-67.11869, -2.35572], [-67.1239, -2.35424], [-67.12901, -2.36266], [-67.1592, -2.38975], [-67.15795, -2.39872], [-67.17264, -2.39881], [-67.17584, -2.42254], [-67.1824, -2.41773], [-67.18069, -2.40898], [-67.19326, -2.40778], [-67.19827, -2.4218], [-67.19717, -2.43063], [-67.20784, -2.42588], [-67.21662, -2.44027], [-67.21494, -2.44853], [-67.22766, -2.44997], [-67.22699, -2.45862], [-67.23093, -2.46424], [-67.23324, -2.45651], [-67.2357, -2.45675], [-67.24648, -2.47679], [-67.2156, -2.51887], [-67.21165, -2.53783], [-67.21188, -2.57374], [-67.20208, -2.59642], [-67.2222, -2.60005], [-67.23264, -2.56483], [-67.24929, -2.53929], [-67.30606, -2.51485], [-67.329, -2.50047], [-67.3429, -2.49763], [-67.34431, -2.48703], [-67.33376, -2.46804], [-67.31186, -2.46011], [-67.28641, -2.46273], [-67.30134, -2.45406], [-67.33078, -2.44815], [-67.35196, -2.44033], [-67.35263, -2.45677], [-67.36785, -2.46963], [-67.4096, -2.47002], [-67.41227, -2.45567], [-67.39779, -2.45173], [-67.39447, -2.44573], [-67.39657, -2.43967], [-67.40946, -2.43706], [-67.42964, -2.44599], [-67.44328, -2.44798], [-67.46585, -2.46917], [-67.49258, -2.47689], [-67.51452, -2.49966], [-67.5176, -2.5072], [-67.52655, -2.50187], [-67.54512, -2.49812], [-67.56301, -2.50032], [-67.56913, -2.5047], [-67.59385, -2.49877], [-67.60765, -2.50525], [-67.62737, -2.52421], [-67.63561, -2.52646]]]}}, {"type": "Feature", "properties": {"nome": "Uneiuxi", "etnia": "Tukano,Makú", "fase": "Regularizada", "modalidade": "Tradicionalmente ocupada", "municipios": "Japurá,Santa Isabel do Rio Negro", "ha": 403182.8081, "uf": "AM"}, "geometry": {"type": "Polygon", "coordinates": [[[-66.20488, -1.39076], [-66.22476, -1.39722], [-66.24768, -1.41709], [-66.27593, -1.41313], [-66.29843, -1.39317], [-66.29405, -1.38986], [-66.2916, -1.38074], [-66.29932, -1.36317], [-66.29568, -1.35118], [-66.30569, -1.33403], [-66.31225, -1.3297], [-66.31469, -1.33343], [-66.31922, -1.33252], [-66.31639, -1.33771], [-66.3203, -1.34087], [-66.31892, -1.34478], [-66.32591, -1.34835], [-66.33265, -1.34648], [-66.33043, -1.34975], [-66.33241, -1.35739], [-66.33671, -1.35971], [-66.33545, -1.36336], [-66.34545, -1.35996], [-66.34503, -1.34911], [-66.34908, -1.35069], [-66.35361, -1.34775], [-66.36076, -1.35732], [-66.35811, -1.36622], [-66.36754, -1.3621], [-66.36953, -1.36752], [-66.37577, -1.36797], [-66.38227, -1.37466], [-66.39311, -1.36946], [-66.39842, -1.37625], [-66.39461, -1.38328], [-66.39905, -1.39067], [-66.40429, -1.38807], [-66.40848, -1.39133], [-66.40986, -1.38623], [-66.41445, -1.3971], [-66.4251, -1.39524], [-66.42844, -1.40034], [-66.43248, -1.3957], [-66.43644, -1.39874], [-66.44772, -1.39914], [-66.45428, -1.39409], [-66.4551, -1.40063], [-66.46407, -1.40127], [-66.45835, -1.40409], [-66.4609, -1.40877], [-66.4561, -1.41017], [-66.45762, -1.42198], [-66.45858, -1.41622], [-66.46607, -1.41427], [-66.47025, -1.41747], [-66.47084, -1.4131], [-66.47808, -1.40766], [-66.48434, -1.42222], [-66.48907, -1.4229], [-66.49618, -1.41599], [-66.50109, -1.41824], [-66.50519, -1.42581], [-66.50705, -1.42187], [-66.51032, -1.4257], [-66.52175, -1.42143], [-66.52366, -1.42441], [-66.54071, -1.42675], [-66.54135, -1.4345], [-66.55042, -1.43765], [-66.55076, -1.44593], [-66.56272, -1.44126], [-66.56372, -1.43874], [-66.55942, -1.43558], [-66.56474, -1.43538], [-66.5703, -1.42949], [-66.57594, -1.42972], [-66.58204, -1.43531], [-66.58265, -1.43019], [-66.59533, -1.42823], [-66.59924, -1.43334], [-66.5923, -1.43608], [-66.59967, -1.459], [-66.60525, -1.4557], [-66.60275, -1.44987], [-66.60604, -1.43972], [-66.61466, -1.43107], [-66.6197, -1.43393], [-66.61834, -1.43726], [-66.62553, -1.43415], [-66.63183, -1.43609], [-66.62788, -1.43175], [-66.62848, -1.42657], [-66.63531, -1.42769], [-66.63515, -1.43401], [-66.64088, -1.43225], [-66.63754, -1.43447], [-66.63872, -1.43968], [-66.64154, -1.43701], [-66.64675, -1.44099], [-66.64826, -1.43652], [-66.65254, -1.43862], [-66.65208, -1.43295], [-66.65411, -1.43649], [-66.65921, -1.43264], [-66.66187, -1.43843], [-66.67206, -1.43743], [-66.67523, -1.43392], [-66.67505, -1.42506], [-66.68373, -1.42236], [-66.68246, -1.41788], [-66.68584, -1.41481], [-66.69203, -1.41725], [-66.68901, -1.41945], [-66.69157, -1.42146], [-66.70258, -1.41581], [-66.7088, -1.42648], [-66.70684, -1.43303], [-66.7136, -1.42844], [-66.71716, -1.43119], [-66.71933, -1.42739], [-66.72172, -1.43165], [-66.72781, -1.43251], [-66.73142, -1.42199], [-66.74262, -1.41754], [-66.74983, -1.42212], [-66.7498, -1.41827], [-66.75426, -1.4205], [-66.75148, -1.42211], [-66.75369, -1.42415], [-66.76144, -1.42383], [-66.75737, -1.43033], [-66.76517, -1.4302], [-66.77085, -1.42508], [-66.78057, -1.42983], [-66.77771, -1.43122], [-66.7828, -1.43654], [-66.78974, -1.43775], [-66.7926, -1.4339], [-66.79888, -1.43327], [-66.80266, -1.44122], [-66.8049, -1.43756], [-66.80954, -1.44049], [-66.81005, -1.44669], [-66.81583, -1.44962], [-66.81824, -1.45837], [-66.82114, -1.45858], [-66.82383, -1.45179], [-66.83048, -1.44998], [-66.83235, -1.45538], [-66.83852, -1.45312], [-66.84317, -1.45918], [-66.84772, -1.45835], [-66.84795, -1.46878], [-66.8442, -1.46852], [-66.84235, -1.47484], [-66.8445, -1.48074], [-66.84076, -1.48005], [-66.84015, -1.48288], [-66.84481, -1.48392], [-66.84566, -1.48986], [-66.85109, -1.49259], [-66.85889, -1.48641], [-66.86525, -1.48575], [-66.86983, -1.49287], [-66.85992, -1.49445], [-66.87502, -1.50308], [-66.88044, -1.50186], [-66.8765, -1.49465], [-66.8809, -1.48952], [-66.88508, -1.48703], [-66.89607, -1.49315], [-66.89493, -1.48993], [-66.8981, -1.48393], [-66.90212, -1.4848], [-66.90259, -1.47955], [-66.91147, -1.48792], [-66.91215, -1.48419], [-66.91861, -1.48029], [-66.92542, -1.48381], [-66.93114, -1.47983], [-66.93326, -1.48559], [-66.93834, -1.48512], [-66.94661, -1.47533], [-66.93809, -1.4707], [-66.94299, -1.4615], [-66.94946, -1.46078], [-66.95981, -1.46647], [-66.95881, -1.46162], [-66.96221, -1.45978], [-66.97355, -1.4587], [-66.98046, -1.46211], [-66.98165, -1.45871], [-66.98629, -1.45896], [-66.99062, -1.46868], [-67.00089, -1.46681], [-67.00197, -1.47435], [-67.00554, -1.47462], [-67.00911, -1.48022], [-67.01592, -1.47792], [-67.02445, -1.48006], [-67.03188, -1.47387], [-67.04443, -1.47947], [-67.05941, -1.47351], [-67.05825, -1.47003], [-67.06301, -1.46767], [-67.06697, -1.47532], [-67.06905, -1.46747], [-67.07424, -1.46775], [-67.0765, -1.46167], [-67.08148, -1.46469], [-67.0813, -1.46884], [-67.08962, -1.46334], [-67.10186, -1.46398], [-67.11066, -1.45879], [-67.11472, -1.46648], [-67.1132, -1.47222], [-67.11819, -1.47246], [-67.11861, -1.47614], [-67.12775, -1.47377], [-67.12589, -1.45804], [-67.13992, -1.47934], [-67.13809, -1.48373], [-67.14692, -1.49215], [-67.15417, -1.49117], [-67.15461, -1.49419], [-67.16084, -1.49349], [-67.16237, -1.49702], [-67.17025, -1.49935], [-67.18074, -1.49484], [-67.19434, -1.49629], [-67.19706, -1.50114], [-67.21085, -1.5069], [-67.21892, -1.51402], [-67.22238, -1.51044], [-67.23475, -1.51744], [-67.2503, -1.51251], [-67.25012, -1.5182], [-67.25923, -1.51382], [-67.26776, -1.52071], [-67.27279, -1.51206], [-67.28037, -1.51259], [-67.28161, -1.50963], [-67.28031, -1.5201], [-67.29149, -1.52392], [-67.30676, -1.52376], [-67.31376, -1.53537], [-67.3241, -1.536], [-67.34975, -1.55616], [-67.35433, -1.55469], [-67.35766, -1.56618], [-67.36618, -1.57739], [-67.39036, -1.59414], [-67.39602, -1.59101], [-67.41173, -1.59563], [-67.42067, -1.58978], [-67.4257, -1.59178], [-67.43028, -1.58968], [-67.45769, -1.59453], [-67.46165, -1.59266], [-67.4717, -1.59764], [-67.43916, -1.42238], [-67.15598, -1.23749], [-67.15173, -1.23106], [-67.14327, -1.22974], [-67.12978, -1.21706], [-67.12122, -1.21409], [-67.11111, -1.21664], [-67.10513, -1.22461], [-67.09653, -1.2265], [-67.09539, -1.23427], [-67.08454, -1.24383], [-67.06887, -1.24518], [-67.06541, -1.2514], [-67.06135, -1.25201], [-67.0595, -1.25827], [-67.05216, -1.26198], [-67.02819, -1.25994], [-67.02958, -1.26611], [-67.02623, -1.2686], [-67.02342, -1.26648], [-67.01112, -1.26824], [-67.0091, -1.26348], [-67.00424, -1.26402], [-66.99846, -1.25778], [-66.98071, -1.25167], [-66.97379, -1.25487], [-66.96508, -1.25381], [-66.95837, -1.26081], [-66.9592, -1.26576], [-66.94419, -1.27128], [-66.94306, -1.27741], [-66.93161, -1.2794], [-66.9311, -1.28474], [-66.91759, -1.29483], [-66.91122, -1.28816], [-66.90239, -1.28702], [-66.89631, -1.27766], [-66.88848, -1.27912], [-66.87519, -1.26963], [-66.87719, -1.26153], [-66.87066, -1.2607], [-66.87129, -1.25319], [-66.86825, -1.25243], [-66.86842, -1.24929], [-66.85951, -1.24875], [-66.85625, -1.24278], [-66.85442, -1.24462], [-66.85471, -1.24156], [-66.85067, -1.24097], [-66.84909, -1.23518], [-66.83856, -1.23194], [-66.83739, -1.22628], [-66.83169, -1.22435], [-66.83348, -1.21873], [-66.82786, -1.21306], [-66.8207, -1.21104], [-66.81598, -1.21275], [-66.81599, -1.21582], [-66.8124, -1.21531], [-66.79591, -1.2067], [-66.79257, -1.21127], [-66.7842, -1.20837], [-66.78312, -1.21076], [-66.77513, -1.20424], [-66.76712, -1.20312], [-66.76199, -1.2089], [-66.73991, -1.21085], [-66.74041, -1.20771], [-66.73125, -1.20833], [-66.7148, -1.19095], [-66.70943, -1.19309], [-66.70414, -1.18667], [-66.69872, -1.18901], [-66.69385, -1.18381], [-66.6974, -1.1789], [-66.69508, -1.16813], [-66.68975, -1.16254], [-66.69808, -1.15614], [-66.69771, -1.15182], [-66.68783, -1.1586], [-66.68509, -1.15491], [-66.67046, -1.15674], [-66.67196, -1.16563], [-66.66758, -1.16852], [-66.65729, -1.16201], [-66.65879, -1.16575], [-66.65033, -1.1688], [-66.64633, -1.1675], [-66.6468, -1.16079], [-66.64372, -1.15965], [-66.64217, -1.16283], [-66.6413, -1.16011], [-66.63817, -1.16212], [-66.63359, -1.1599], [-66.63275, -1.16505], [-66.62751, -1.1643], [-66.61888, -1.1697], [-66.61992, -1.16584], [-66.61755, -1.16873], [-66.61792, -1.16504], [-66.61413, -1.16617], [-66.61309, -1.16105], [-66.60027, -1.15731], [-66.59381, -1.161], [-66.5943, -1.16573], [-66.59222, -1.16422], [-66.59155, -1.16812], [-66.58764, -1.16854], [-66.58197, -1.16711], [-66.5843, -1.16552], [-66.57906, -1.16228], [-66.57223, -1.16337], [-66.56931, -1.15858], [-66.56148, -1.1587], [-66.55919, -1.16365], [-66.55473, -1.16226], [-66.55719, -1.16457], [-66.55056, -1.17194], [-66.54656, -1.16884], [-66.5451, -1.1724], [-66.54227, -1.16917], [-66.54293, -1.17252], [-66.53877, -1.17244], [-66.53835, -1.17537], [-66.52669, -1.17117], [-66.52618, -1.17809], [-66.51848, -1.17716], [-66.5171, -1.18395], [-66.51365, -1.18152], [-66.51293, -1.18562], [-66.50918, -1.18453], [-66.50564, -1.18893], [-66.50177, -1.18844], [-66.49937, -1.18373], [-66.49383, -1.18658], [-66.48545, -1.18462], [-66.4878, -1.18936], [-66.48495, -1.18991], [-66.48313, -1.19744], [-66.48094, -1.19452], [-66.47968, -1.19752], [-66.46968, -1.20046], [-66.46816, -1.19719], [-66.47226, -1.19582], [-66.47068, -1.1826], [-66.4843, -1.16628], [-66.48384, -1.12975], [-66.46757, -1.11086], [-66.45551, -1.10449], [-66.45341, -1.08942], [-66.4414, -1.0778], [-66.43928, -1.06443], [-66.41449, -1.02532], [-66.41462, -1.01819], [-66.15782, -1.14858], [-66.14273, -1.1897], [-66.13016, -1.1914], [-66.12339, -1.17979], [-66.11347, -1.17518], [-66.10727, -1.17941], [-66.11369, -1.1852], [-66.11338, -1.18835], [-66.10892, -1.18892], [-66.09764, -1.18056], [-66.09374, -1.19271], [-66.0991, -1.18499], [-66.09812, -1.18876], [-66.09155, -1.19785], [-66.07905, -1.18894], [-66.0728, -1.19005], [-66.07412, -1.19546], [-66.07096, -1.20196], [-66.07995, -1.20239], [-66.07655, -1.21966], [-66.08702, -1.23914], [-66.08724, -1.25777], [-66.095, -1.27583], [-66.11096, -1.28793], [-66.11854, -1.30838], [-66.12747, -1.3139], [-66.13322, -1.32406], [-66.15954, -1.33101], [-66.20488, -1.39076]]]}}, {"type": "Feature", "properties": {"nome": "Uneiuxi - Reestudo", "etnia": "Makú e Tukano", "fase": "Regularizada", "modalidade": "Tradicionalmente ocupada", "municipios": "Japurá e Santa Isabel do Rio Negro", "ha": 554730.4117, "uf": "AM"}, "geometry": {"type": "Polygon", "coordinates": [[[-67.15598, -1.23749], [-67.15173, -1.23106], [-67.14406, -1.23022], [-67.12997, -1.21719], [-67.12016, -1.21419], [-67.11111, -1.21664], [-67.10513, -1.22461], [-67.09653, -1.2265], [-67.09539, -1.23427], [-67.08454, -1.24383], [-67.0687, -1.24529], [-67.06541, -1.2514], [-67.06135, -1.25201], [-67.0595, -1.25827], [-67.05216, -1.26198], [-67.03184, -1.25903], [-67.02769, -1.26043], [-67.02958, -1.26611], [-67.02636, -1.26856], [-67.02342, -1.26648], [-67.0113, -1.26828], [-67.0091, -1.26348], [-67.00424, -1.26402], [-66.99846, -1.25778], [-66.98071, -1.25167], [-66.97379, -1.25487], [-66.96508, -1.25381], [-66.95837, -1.26081], [-66.9592, -1.26576], [-66.94419, -1.27128], [-66.94306, -1.27741], [-66.93161, -1.2794], [-66.9311, -1.28474], [-66.91759, -1.29483], [-66.91122, -1.28816], [-66.90239, -1.28702], [-66.89631, -1.27766], [-66.88848, -1.27912], [-66.87519, -1.26963], [-66.87719, -1.26153], [-66.87066, -1.2607], [-66.87129, -1.25319], [-66.86825, -1.25243], [-66.86842, -1.24929], [-66.85951, -1.24875], [-66.85625, -1.24278], [-66.85442, -1.24462], [-66.85471, -1.24156], [-66.85067, -1.24097], [-66.84909, -1.23518], [-66.83856, -1.23194], [-66.83739, -1.22628], [-66.83169, -1.22435], [-66.83348, -1.21873], [-66.82786, -1.21306], [-66.8207, -1.21104], [-66.81598, -1.21275], [-66.81599, -1.21582], [-66.8124, -1.21531], [-66.79591, -1.2067], [-66.79257, -1.21127], [-66.7842, -1.20837], [-66.78312, -1.21076], [-66.77513, -1.20424], [-66.76712, -1.20312], [-66.76199, -1.2089], [-66.73991, -1.21085], [-66.74041, -1.20771], [-66.73125, -1.20833], [-66.7148, -1.19095], [-66.70943, -1.19309], [-66.70414, -1.18667], [-66.69872, -1.18901], [-66.69385, -1.18381], [-66.6974, -1.1789], [-66.69508, -1.16813], [-66.68975, -1.16254], [-66.69808, -1.15614], [-66.69771, -1.15182], [-66.68783, -1.1586], [-66.68509, -1.15491], [-66.67046, -1.15674], [-66.67196, -1.16563], [-66.66758, -1.16852], [-66.65729, -1.16201], [-66.65879, -1.16575], [-66.65033, -1.1688], [-66.64633, -1.1675], [-66.6468, -1.16079], [-66.64372, -1.15965], [-66.64217, -1.16283], [-66.6413, -1.16011], [-66.63817, -1.16212], [-66.63359, -1.1599], [-66.63275, -1.16505], [-66.62751, -1.1643], [-66.61888, -1.1697], [-66.61992, -1.16584], [-66.61755, -1.16873], [-66.61792, -1.16504], [-66.61413, -1.16617], [-66.61309, -1.16105], [-66.60027, -1.15731], [-66.59381, -1.161], [-66.5943, -1.16573], [-66.59222, -1.16422], [-66.59155, -1.16812], [-66.58764, -1.16854], [-66.58197, -1.16711], [-66.5843, -1.16552], [-66.57906, -1.16228], [-66.57223, -1.16337], [-66.56931, -1.15858], [-66.56148, -1.1587], [-66.55919, -1.16365], [-66.55473, -1.16226], [-66.55719, -1.16457], [-66.55056, -1.17194], [-66.54656, -1.16884], [-66.5451, -1.1724], [-66.54227, -1.16917], [-66.54293, -1.17252], [-66.53877, -1.17244], [-66.53835, -1.17537], [-66.52669, -1.17117], [-66.52618, -1.17809], [-66.51848, -1.17716], [-66.5171, -1.18395], [-66.51365, -1.18152], [-66.51293, -1.18562], [-66.50918, -1.18453], [-66.50564, -1.18893], [-66.50177, -1.18844], [-66.49937, -1.18373], [-66.49383, -1.18658], [-66.48545, -1.18462], [-66.4878, -1.18936], [-66.48495, -1.18991], [-66.48313, -1.19744], [-66.48094, -1.19452], [-66.47968, -1.19752], [-66.46968, -1.20046], [-66.46816, -1.19719], [-66.47226, -1.19582], [-66.47068, -1.1826], [-66.4843, -1.16628], [-66.48384, -1.12975], [-66.46757, -1.11086], [-66.45551, -1.10449], [-66.45341, -1.08942], [-66.4414, -1.0778], [-66.43928, -1.06443], [-66.41449, -1.02532], [-66.41462, -1.01819], [-66.15782, -1.14858], [-66.14273, -1.1897], [-66.13016, -1.1914], [-66.12309, -1.1795], [-66.11263, -1.17519], [-66.10727, -1.17999], [-66.11369, -1.1852], [-66.113, -1.18863], [-66.10892, -1.18892], [-66.09832, -1.18029], [-66.09374, -1.19271], [-66.0991, -1.18499], [-66.09812, -1.18876], [-66.09155, -1.19785], [-66.0776, -1.1887], [-66.0728, -1.19005], [-66.07412, -1.19546], [-66.07089, -1.20091], [-66.07995, -1.20239], [-66.07655, -1.21966], [-66.08702, -1.23914], [-66.08724, -1.25777], [-66.095, -1.27583], [-66.11096, -1.28793], [-66.11854, -1.30838], [-66.12747, -1.3139], [-66.13322, -1.32406], [-66.15954, -1.33101], [-66.20488, -1.39076], [-66.22476, -1.39722], [-66.24345, -1.41559], [-66.24928, -1.41727], [-66.27593, -1.41313], [-66.29843, -1.39317], [-66.3944, -1.47502], [-66.38888, -1.48397], [-66.39409, -1.4901], [-66.38936, -1.50713], [-66.39119, -1.51391], [-66.4068, -1.52461], [-66.44328, -1.53611], [-66.44659, -1.55683], [-66.4556, -1.57503], [-66.45871, -1.60372], [-66.47351, -1.62221], [-66.49499, -1.62633], [-66.51451, -1.62601], [-66.54439, -1.67342], [-66.54154, -1.68867], [-66.55015, -1.71135], [-66.56131, -1.71452], [-66.58268, -1.71084], [-66.5982, -1.7183], [-66.62491, -1.7134], [-66.641, -1.72255], [-66.64398, -1.72129], [-66.64718, -1.70944], [-66.65426, -1.7077], [-66.65924, -1.71351], [-66.66179, -1.72731], [-66.68023, -1.73458], [-66.68431, -1.73954], [-66.6843, -1.76055], [-66.69252, -1.77053], [-66.69947, -1.76676], [-66.70368, -1.7536], [-66.70974, -1.74983], [-66.71638, -1.7507], [-66.72544, -1.76107], [-66.73209, -1.76256], [-66.73619, -1.76067], [-66.74812, -1.74028], [-66.75697, -1.74296], [-66.78894, -1.73809], [-66.78311, -1.73281], [-66.78451, -1.7286], [-66.78118, -1.72723], [-66.77963, -1.71516], [-66.78805, -1.68341], [-66.8034, -1.67317], [-66.81019, -1.64088], [-66.87304, -1.5589], [-66.87035, -1.5465], [-66.88559, -1.53183], [-66.87887, -1.5228], [-66.88719, -1.50987], [-66.87833, -1.49442], [-66.8809, -1.48952], [-66.88508, -1.48703], [-66.89607, -1.49315], [-66.89655, -1.4866], [-66.8981, -1.48393], [-66.90212, -1.4848], [-66.90295, -1.47952], [-66.91147, -1.48792], [-66.91215, -1.48419], [-66.91861, -1.48029], [-66.92542, -1.48381], [-66.93114, -1.47983], [-66.93326, -1.48559], [-66.93834, -1.48512], [-66.94661, -1.47533], [-66.93809, -1.4707], [-66.94259, -1.46157], [-66.94946, -1.46078], [-66.95981, -1.46647], [-66.95881, -1.46162], [-66.96221, -1.45978], [-66.97355, -1.4587], [-66.98046, -1.46211], [-66.98165, -1.45871], [-66.98629, -1.45896], [-66.99062, -1.46868], [-67.00089, -1.46681], [-67.00197, -1.47435], [-67.00554, -1.47462], [-67.00911, -1.48022], [-67.01592, -1.47792], [-67.02445, -1.48006], [-67.03188, -1.47387], [-67.04443, -1.47947], [-67.05941, -1.47351], [-67.05825, -1.47003], [-67.06301, -1.46767], [-67.06697, -1.47532], [-67.06905, -1.46747], [-67.07424, -1.46775], [-67.0765, -1.46167], [-67.08148, -1.46469], [-67.0813, -1.46884], [-67.08962, -1.46334], [-67.10186, -1.46398], [-67.11066, -1.45879], [-67.11472, -1.46648], [-67.1132, -1.47222], [-67.11819, -1.47246], [-67.11861, -1.47614], [-67.12775, -1.47377], [-67.12609, -1.45809], [-67.13992, -1.47934], [-67.13809, -1.48373], [-67.14692, -1.49215], [-67.15417, -1.49117], [-67.15461, -1.49419], [-67.16084, -1.49349], [-67.16237, -1.49702], [-67.17025, -1.49935], [-67.18074, -1.49484], [-67.19434, -1.49629], [-67.19706, -1.50114], [-67.21085, -1.5069], [-67.21892, -1.51402], [-67.22238, -1.51044], [-67.23475, -1.51744], [-67.2503, -1.51251], [-67.25012, -1.5182], [-67.25923, -1.51382], [-67.26776, -1.52071], [-67.27279, -1.51206], [-67.28037, -1.51259], [-67.28161, -1.50963], [-67.28031, -1.5201], [-67.29149, -1.52392], [-67.30676, -1.52376], [-67.31376, -1.53537], [-67.3241, -1.536], [-67.34975, -1.55616], [-67.35433, -1.55469], [-67.35766, -1.56618], [-67.36618, -1.57739], [-67.39036, -1.59414], [-67.39602, -1.59101], [-67.41173, -1.59563], [-67.42067, -1.58978], [-67.4257, -1.59178], [-67.43028, -1.58968], [-67.45769, -1.59453], [-67.46165, -1.59266], [-67.4717, -1.59764], [-67.43916, -1.42238], [-67.15598, -1.23749]]]}}, {"type": "Feature", "properties": {"nome": "Vale do Javari", "etnia": "Kulina Páno e Matsés e Matís", "fase": "Regularizada", "modalidade": "Tradicionalmente ocupada", "municipios": "Atalaia do Norte e Benjamin Constant e Jutaí e São Paulo de Olivença", "ha": 8544482.2728, "uf": "AM"}, "geometry": {"type": "Polygon", "coordinates": [[[-73.71985, -6.89854], [-73.72193, -6.88437], [-73.72471, -6.88204], [-73.72098, -6.87919], [-73.72218, -6.87693], [-73.71973, -6.87814], [-73.72031, -6.86717], [-73.71585, -6.86592], [-73.71765, -6.86443], [-73.71389, -6.8613], [-73.71682, -6.85808], [-73.71208, -6.85374], [-73.71088, -6.84011], [-73.70294, -6.84018], [-73.70109, -6.8373], [-73.7002, -6.84045], [-73.69834, -6.8378], [-73.69722, -6.84073], [-73.69539, -6.84029], [-73.68773, -6.82885], [-73.68876, -6.82503], [-73.68616, -6.82501], [-73.68802, -6.8234], [-73.68281, -6.81384], [-73.66648, -6.80608], [-73.66663, -6.79941], [-73.65529, -6.78946], [-73.65646, -6.78676], [-73.65297, -6.78655], [-73.65118, -6.77705], [-73.6438, -6.77551], [-73.64227, -6.75735], [-73.63902, -6.75864], [-73.63849, -6.75374], [-73.63453, -6.75131], [-73.62256, -6.75133], [-73.62477, -6.74767], [-73.61777, -6.74467], [-73.61841, -6.74164], [-73.61114, -6.74094], [-73.60707, -6.7356], [-73.60353, -6.73601], [-73.6021, -6.7312], [-73.59318, -6.73118], [-73.59404, -6.72702], [-73.58959, -6.72786], [-73.58728, -6.7233], [-73.58253, -6.7267], [-73.56767, -6.72124], [-73.56223, -6.72299], [-73.55917, -6.71218], [-73.55329, -6.70847], [-73.55385, -6.70381], [-73.53886, -6.69465], [-73.54001, -6.68632], [-73.53716, -6.68689], [-73.53759, -6.68444], [-73.52922, -6.68488], [-73.52806, -6.68059], [-73.5211, -6.67952], [-73.52123, -6.67622], [-73.51518, -6.68055], [-73.50524, -6.67248], [-73.48457, -6.67441], [-73.4807, -6.66667], [-73.47285, -6.66731], [-73.47222, -6.6637], [-73.46934, -6.66773], [-73.46396, -6.66897], [-73.46037, -6.66543], [-73.45809, -6.66738], [-73.45791, -6.66403], [-73.4524, -6.66029], [-73.45036, -6.6622], [-73.44795, -6.65777], [-73.44573, -6.65928], [-73.43968, -6.65123], [-73.43321, -6.64966], [-73.42438, -6.65446], [-73.42249, -6.64783], [-73.41507, -6.64711], [-73.41693, -6.64469], [-73.41437, -6.64224], [-73.40386, -6.64396], [-73.40269, -6.63929], [-73.39842, -6.64274], [-73.39023, -6.6416], [-73.3923, -6.63971], [-73.38723, -6.63753], [-73.38662, -6.63402], [-73.37957, -6.63547], [-73.3829, -6.62142], [-73.37685, -6.61685], [-73.37328, -6.60791], [-73.37051, -6.60743], [-73.36848, -6.61353], [-73.36539, -6.61055], [-73.36638, -6.60623], [-73.36298, -6.6068], [-73.35988, -6.60196], [-73.35722, -6.60359], [-73.35754, -6.59881], [-73.35293, -6.59757], [-73.35289, -6.59307], [-73.3455, -6.59798], [-73.34616, -6.59323], [-73.34325, -6.59129], [-73.34193, -6.59397], [-73.33316, -6.59369], [-73.32872, -6.60083], [-73.32755, -6.59495], [-73.31603, -6.59528], [-73.31554, -6.59037], [-73.313, -6.5942], [-73.30396, -6.59179], [-73.29681, -6.59717], [-73.29313, -6.58824], [-73.28566, -6.58787], [-73.28599, -6.5855], [-73.28235, -6.58827], [-73.28166, -6.58343], [-73.27951, -6.58723], [-73.27726, -6.58453], [-73.2761, -6.58773], [-73.27549, -6.5843], [-73.27032, -6.58642], [-73.26847, -6.59365], [-73.26857, -6.58794], [-73.26275, -6.58511], [-73.25622, -6.58628], [-73.2556, -6.58108], [-73.25327, -6.58465], [-73.25171, -6.58063], [-73.24586, -6.58337], [-73.24028, -6.59239], [-73.23703, -6.59049], [-73.24296, -6.58658], [-73.24182, -6.58324], [-73.22765, -6.58812], [-73.2262, -6.58452], [-73.23139, -6.57954], [-73.22966, -6.57087], [-73.21863, -6.5633], [-73.21234, -6.5763], [-73.20673, -6.57641], [-73.19653, -6.56304], [-73.20358, -6.55916], [-73.20337, -6.55284], [-73.19748, -6.55543], [-73.19354, -6.55274], [-73.19996, -6.54564], [-73.19585, -6.54783], [-73.19412, -6.54169], [-73.1917, -6.54864], [-73.18873, -6.5441], [-73.18175, -6.54526], [-73.18762, -6.53966], [-73.1805, -6.54017], [-73.176, -6.53424], [-73.1799, -6.5293], [-73.18789, -6.52863], [-73.18824, -6.52226], [-73.17319, -6.52729], [-73.17093, -6.51715], [-73.16337, -6.52435], [-73.16389, -6.52739], [-73.15947, -6.52453], [-73.15246, -6.52712], [-73.15038, -6.51603], [-73.14482, -6.50731], [-73.14051, -6.50433], [-73.1414, -6.51435], [-73.13557, -6.511], [-73.13362, -6.50261], [-73.13643, -6.49818], [-73.13196, -6.49692], [-73.13631, -6.4938], [-73.13946, -6.49604], [-73.13784, -6.48984], [-73.14094, -6.48993], [-73.14174, -6.4938], [-73.14329, -6.49112], [-73.13902, -6.48395], [-73.12837, -6.47716], [-73.13217, -6.47489], [-73.12849, -6.46966], [-73.12985, -6.46302], [-73.12356, -6.46667], [-73.12158, -6.46218], [-73.117, -6.46201], [-73.11582, -6.45365], [-73.11163, -6.45399], [-73.11399, -6.43956], [-73.12139, -6.43122], [-73.11489, -6.42452], [-73.11644, -6.42134], [-73.10639, -6.41958], [-73.10413, -6.41025], [-73.11905, -6.38846], [-73.12543, -6.38927], [-73.12796, -6.39389], [-73.13028, -6.37498], [-73.13624, -6.38003], [-73.13636, -6.37528], [-73.13272, -6.37218], [-73.13833, -6.36856], [-73.13247, -6.36188], [-73.13795, -6.35596], [-73.14165, -6.35845], [-73.1459, -6.34221], [-73.14281, -6.34194], [-73.14399, -6.33423], [-73.15152, -6.33857], [-73.14784, -6.32279], [-73.15267, -6.32558], [-73.15229, -6.32923], [-73.15753, -6.32554], [-73.15623, -6.3153], [-73.1601, -6.30456], [-73.15695, -6.29911], [-73.16451, -6.29016], [-73.16083, -6.28869], [-73.15788, -6.29142], [-73.16, -6.28276], [-73.16339, -6.28534], [-73.16085, -6.27689], [-73.17236, -6.27028], [-73.17238, -6.26475], [-73.17662, -6.26497], [-73.17543, -6.26075], [-73.18115, -6.26166], [-73.18139, -6.25708], [-73.18805, -6.2622], [-73.1905, -6.25638], [-73.18759, -6.2534], [-73.19283, -6.25444], [-73.19445, -6.24213], [-73.19928, -6.24002], [-73.20405, -6.23003], [-73.2082, -6.23105], [-73.20877, -6.22029], [-73.21425, -6.2204], [-73.2132, -6.2266], [-73.22079, -6.21964], [-73.21765, -6.21642], [-73.22007, -6.21228], [-73.21215, -6.20177], [-73.21751, -6.19688], [-73.22296, -6.19969], [-73.22159, -6.1955], [-73.22504, -6.1943], [-73.2158, -6.19181], [-73.21742, -6.18291], [-73.23222, -6.16734], [-73.23275, -6.16281], [-73.237, -6.16268], [-73.24074, -6.15444], [-73.24568, -6.1533], [-73.24667, -6.13319], [-73.24999, -6.13106], [-73.24968, -6.12228], [-73.2462, -6.11927], [-73.2486, -6.11365], [-73.24454, -6.11137], [-73.24852, -6.10791], [-73.24299, -6.10833], [-73.24505, -6.10348], [-73.23982, -6.10253], [-73.24047, -6.09857], [-73.23618, -6.10042], [-73.2393, -6.09601], [-73.23753, -6.09008], [-73.23183, -6.09089], [-73.24033, -6.07684], [-73.22821, -6.07677], [-73.23054, -6.06759], [-73.23561, -6.06341], [-73.22936, -6.05344], [-73.23664, -6.051], [-73.23412, -6.04703], [-73.23061, -6.04956], [-73.22844, -6.04316], [-73.23922, -6.04596], [-73.23426, -6.0376], [-73.23792, -6.0362], [-73.22885, -6.03772], [-73.2284, -6.02963], [-73.21829, -6.02721], [-73.22395, -6.02549], [-73.22249, -6.02143], [-73.21607, -6.02524], [-73.20962, -6.02204], [-73.21097, -6.01925], [-73.21931, -6.0201], [-73.20904, -6.01309], [-73.20972, -6.00832], [-73.20353, -6.01109], [-73.19868, -6.00603], [-73.19458, -6.01017], [-73.19247, -6.00214], [-73.19085, -6.00606], [-73.18729, -6.00509], [-73.18881, -5.9961], [-73.19173, -5.9943], [-73.18879, -5.99153], [-73.19463, -5.98998], [-73.18975, -5.98428], [-73.18961, -5.98915], [-73.18705, -5.9886], [-73.18685, -5.98021], [-73.18244, -5.97989], [-73.18249, -5.97515], [-73.17696, -5.97088], [-73.17913, -5.96668], [-73.18294, -5.9675], [-73.17814, -5.96249], [-73.1853, -5.96123], [-73.18055, -5.95266], [-73.18613, -5.95083], [-73.18454, -5.9468], [-73.1872, -5.94452], [-73.18353, -5.93892], [-73.18006, -5.93976], [-73.18008, -5.92647], [-73.17469, -5.92649], [-73.1757, -5.93173], [-73.17146, -5.92833], [-73.16936, -5.92314], [-73.17266, -5.92089], [-73.16607, -5.91417], [-73.16834, -5.90307], [-73.16363, -5.89849], [-73.16758, -5.89679], [-73.15356, -5.8869], [-73.1567, -5.88042], [-73.16162, -5.88647], [-73.15266, -5.86863], [-73.14605, -5.87204], [-73.14427, -5.86647], [-73.13988, -5.8703], [-73.1351, -5.86959], [-73.13871, -5.86485], [-73.13617, -5.86338], [-73.12828, -5.87059], [-73.12696, -5.86485], [-73.12936, -5.86304], [-73.12248, -5.85771], [-73.11773, -5.86094], [-73.11997, -5.86409], [-73.11726, -5.86421], [-73.11229, -5.85781], [-73.1159, -5.84297], [-73.11244, -5.83813], [-73.11472, -5.8334], [-73.10087, -5.82563], [-73.09452, -5.82566], [-73.0894, -5.83046], [-73.09219, -5.82341], [-73.08774, -5.81969], [-73.09634, -5.82192], [-73.08703, -5.81416], [-73.0764, -5.81647], [-73.07589, -5.80977], [-73.0803, -5.81349], [-73.08517, -5.81125], [-73.0799, -5.80029], [-73.0756, -5.80095], [-73.07424, -5.80557], [-73.07051, -5.79591], [-73.06786, -5.80259], [-73.06516, -5.79728], [-73.06101, -5.79687], [-73.06235, -5.79328], [-73.0546, -5.79658], [-73.05268, -5.79342], [-73.05485, -5.78823], [-73.04875, -5.7816], [-73.05589, -5.77849], [-73.0547, -5.77481], [-73.04271, -5.77546], [-73.0487, -5.77022], [-73.04476, -5.76443], [-73.04695, -5.7591], [-73.04154, -5.75241], [-73.03336, -5.75048], [-73.02871, -5.7458], [-73.02567, -5.7474], [-73.018, -5.73939], [-73.02674, -5.73279], [-73.00445, -5.73211], [-73.00401, -5.72776], [-73.01016, -5.7273], [-73.00691, -5.72316], [-72.99942, -5.72783], [-73.00355, -5.72362], [-73.0024, -5.71868], [-72.99796, -5.72025], [-72.99525, -5.7163], [-72.9999, -5.71238], [-72.99835, -5.70844], [-73.00275, -5.71013], [-73.00361, -5.70779], [-72.99866, -5.70459], [-72.99872, -5.69991], [-72.99195, -5.70041], [-72.99349, -5.70602], [-72.99054, -5.70633], [-72.98837, -5.70028], [-72.99327, -5.69574], [-72.98399, -5.69342], [-72.98661, -5.68254], [-72.98033, -5.67778], [-72.98983, -5.67418], [-72.9896, -5.66682], [-72.98543, -5.66517], [-72.98503, -5.66073], [-72.97425, -5.66061], [-72.97014, -5.6559], [-72.96878, -5.6597], [-72.96355, -5.6615], [-72.95888, -5.65629], [-72.96385, -5.64496], [-72.96775, -5.64404], [-72.96361, -5.63888], [-72.96799, -5.63375], [-72.96483, -5.62877], [-72.96832, -5.62493], [-72.96651, -5.62117], [-72.97042, -5.6198], [-72.97091, -5.6234], [-72.97478, -5.62315], [-72.97484, -5.61944], [-72.97021, -5.61774], [-72.97407, -5.61302], [-72.96213, -5.5958], [-72.96383, -5.59074], [-72.95838, -5.59078], [-72.95569, -5.58321], [-72.95112, -5.58309], [-72.96097, -5.57936], [-72.95231, -5.57713], [-72.9611, -5.57337], [-72.95076, -5.56115], [-72.95389, -5.55743], [-72.95596, -5.56046], [-72.95752, -5.55853], [-72.94976, -5.54752], [-72.94178, -5.54558], [-72.93836, -5.54125], [-72.94843, -5.53966], [-72.9488, -5.54485], [-72.95309, -5.54488], [-72.95102, -5.53634], [-72.95488, -5.52309], [-72.96063, -5.52233], [-72.95817, -5.51169], [-72.96236, -5.50554], [-72.95839, -5.49851], [-72.96186, -5.49555], [-72.9562, -5.49121], [-72.95697, -5.48608], [-72.94914, -5.48018], [-72.95404, -5.478], [-72.95861, -5.48171], [-72.95813, -5.47081], [-72.95452, -5.46697], [-72.95883, -5.46592], [-72.94585, -5.45342], [-72.94564, -5.44635], [-72.95209, -5.44412], [-72.94568, -5.43912], [-72.94116, -5.4405], [-72.9369, -5.43498], [-72.93937, -5.42901], [-72.93538, -5.424], [-72.93871, -5.41765], [-72.92367, -5.40679], [-72.92787, -5.4027], [-72.92691, -5.39743], [-72.92092, -5.39582], [-72.9208, -5.38607], [-72.91623, -5.38428], [-72.92078, -5.37656], [-72.9065, -5.36907], [-72.90499, -5.36385], [-72.91047, -5.36261], [-72.90349, -5.35218], [-72.89643, -5.34946], [-72.88995, -5.35128], [-72.89796, -5.34006], [-72.89566, -5.33184], [-72.90031, -5.33226], [-72.90375, -5.34035], [-72.90482, -5.33469], [-72.89937, -5.32682], [-72.89, -5.32543], [-72.88797, -5.32166], [-72.89184, -5.31654], [-72.88589, -5.31894], [-72.88728, -5.31216], [-72.88231, -5.31053], [-72.88613, -5.3077], [-72.88976, -5.3101], [-72.88725, -5.30409], [-72.88167, -5.3074], [-72.87956, -5.30169], [-72.87459, -5.30321], [-72.8763, -5.29632], [-72.87048, -5.29347], [-72.87732, -5.28927], [-72.86744, -5.28965], [-72.86968, -5.28345], [-72.86493, -5.2768], [-72.86843, -5.27365], [-72.86108, -5.2709], [-72.85852, -5.26638], [-72.85306, -5.26976], [-72.84407, -5.26457], [-72.84013, -5.26765], [-72.8336, -5.26651], [-72.8225, -5.27933], [-72.81524, -5.27618], [-72.80579, -5.28219], [-72.79745, -5.28232], [-72.79545, -5.29251], [-72.79171, -5.29573], [-72.77799, -5.29742], [-72.76751, -5.30577], [-72.76184, -5.30433], [-72.75127, -5.30803], [-72.75119, -5.31644], [-72.74339, -5.32918], [-72.71925, -5.3231], [-72.71799, -5.31583], [-72.69513, -5.29931], [-72.68174, -5.2812], [-72.66743, -5.27762], [-72.64937, -5.26797], [-72.64444, -5.25281], [-72.63883, -5.26377], [-72.6371, -5.27784], [-72.62758, -5.28302], [-72.62186, -5.29751], [-72.61262, -5.29912], [-72.59674, -5.31719], [-72.58644, -5.31586], [-72.58129, -5.3206], [-72.57181, -5.32149], [-72.56644, -5.3156], [-72.55623, -5.32026], [-72.53627, -5.31532], [-72.53099, -5.32137], [-72.52397, -5.32197], [-72.51658, -5.31746], [-72.51737, -5.31345], [-72.51168, -5.3067], [-72.50146, -5.30525], [-72.49162, -5.29787], [-72.48455, -5.30532], [-72.47848, -5.30524], [-72.47286, -5.31015], [-72.46485, -5.32452], [-72.44767, -5.32524], [-72.44277, -5.31909], [-72.43191, -5.32038], [-72.40982, -5.31471], [-72.38056, -5.32723], [-72.37685, -5.32362], [-72.36446, -5.32417], [-72.36248, -5.32142], [-72.3594, -5.32518], [-72.35924, -5.32188], [-72.34364, -5.32909], [-72.3237, -5.32702], [-72.32448, -5.33204], [-72.31378, -5.33289], [-72.31082, -5.33798], [-72.30803, -5.33712], [-72.30885, -5.34139], [-72.30613, -5.33833], [-72.30219, -5.34416], [-72.30102, -5.34179], [-72.29461, -5.34411], [-72.30057, -5.36902], [-72.12631, -5.39952], [-72.11922, -5.39226], [-72.11533, -5.39601], [-72.11142, -5.39543], [-72.1092, -5.38178], [-72.12196, -5.37241], [-72.11684, -5.36836], [-72.11104, -5.37067], [-72.10806, -5.365], [-72.11805, -5.35729], [-72.11718, -5.35404], [-72.09485, -5.34378], [-72.08447, -5.34412], [-72.08057, -5.34831], [-72.07972, -5.34441], [-72.08781, -5.33377], [-72.07851, -5.32547], [-72.0762, -5.33379], [-72.0827, -5.33529], [-72.08368, -5.33845], [-72.07918, -5.3419], [-72.07484, -5.34078], [-72.06735, -5.32491], [-72.07264, -5.31896], [-72.07138, -5.31654], [-72.06327, -5.31806], [-72.06406, -5.32753], [-72.05895, -5.33038], [-72.0529, -5.32799], [-72.04938, -5.32073], [-72.03946, -5.31854], [-72.0419, -5.30437], [-72.03608, -5.28456], [-72.02644, -5.28403], [-72.03251, -5.27573], [-72.04199, -5.27546], [-72.03695, -5.26666], [-72.04129, -5.2547], [-72.02725, -5.24152], [-72.02877, -5.25741], [-72.02528, -5.26009], [-72.02012, -5.25808], [-72.01687, -5.24941], [-72.019, -5.23787], [-72.00955, -5.2348], [-72.00652, -5.24219], [-72.00363, -5.24197], [-72.00135, -5.23081], [-72.00758, -5.22445], [-71.9992, -5.21533], [-71.99046, -5.21829], [-71.98931, -5.21359], [-71.99258, -5.20766], [-71.98716, -5.20342], [-71.9819, -5.20546], [-71.97545, -5.21949], [-71.97063, -5.21872], [-71.96817, -5.20366], [-71.97088, -5.20005], [-71.97832, -5.19951], [-71.9767, -5.18921], [-71.96669, -5.18791], [-71.96799, -5.19745], [-71.96409, -5.20243], [-71.9542, -5.19853], [-71.95474, -5.2029], [-71.96308, -5.20829], [-71.96221, -5.21132], [-71.95275, -5.20735], [-71.94371, -5.1934], [-71.94501, -5.18489], [-71.94924, -5.17918], [-71.95959, -5.17947], [-71.96032, -5.17311], [-71.9569, -5.16996], [-71.9468, -5.16953], [-71.93604, -5.17647], [-71.92754, -5.16522], [-71.91461, -5.16853], [-71.91329, -5.16306], [-71.91838, -5.15807], [-71.90538, -5.15618], [-71.90551, -5.15161], [-71.91372, -5.14833], [-71.90332, -5.1424], [-71.90405, -5.12983], [-71.89993, -5.1411], [-71.8869, -5.14671], [-71.8808, -5.14083], [-71.87308, -5.14015], [-71.87159, -5.12964], [-71.86306, -5.12918], [-71.86669, -5.12121], [-71.87119, -5.12075], [-71.87438, -5.12595], [-71.88498, -5.12498], [-71.87013, -5.11466], [-71.87046, -5.10526], [-71.86604, -5.10759], [-71.8623, -5.11753], [-71.84661, -5.11945], [-71.8442, -5.10788], [-71.85244, -5.10415], [-71.84133, -5.09843], [-71.84475, -5.08776], [-71.83938, -5.08678], [-71.82957, -5.09106], [-71.82497, -5.08599], [-71.8257, -5.07193], [-71.83223, -5.06345], [-71.82481, -5.06622], [-71.81935, -5.07642], [-71.81141, -5.07306], [-71.81868, -5.0601], [-71.80743, -5.06035], [-71.80476, -5.05451], [-71.81551, -5.05086], [-71.81958, -5.04549], [-71.81305, -5.03352], [-71.8056, -5.02894], [-71.80422, -5.02225], [-71.79593, -5.02547], [-71.79991, -5.03701], [-71.79273, -5.04186], [-71.7901, -5.03753], [-71.79276, -5.02878], [-71.78273, -5.02114], [-71.78253, -5.01508], [-71.77035, -5.02138], [-71.76828, -5.00858], [-71.76031, -5.01638], [-71.75565, -5.01427], [-71.75918, -5.00072], [-71.74628, -5.00289], [-71.7475, -4.99308], [-71.75552, -4.98834], [-71.75941, -4.97707], [-71.7461, -4.97753], [-71.74922, -4.96816], [-71.74475, -4.96564], [-71.74261, -4.95786], [-71.73525, -4.95506], [-71.7396, -4.94785], [-71.73316, -4.95097], [-71.72795, -4.94645], [-71.72809, -4.94181], [-71.73305, -4.93732], [-71.73101, -4.93157], [-71.71018, -4.91965], [-71.70436, -4.92686], [-71.69661, -4.92391], [-71.69523, -4.91868], [-71.70455, -4.91209], [-71.70257, -4.90462], [-71.68979, -4.90414], [-71.68495, -4.90033], [-71.68838, -4.90782], [-71.68187, -4.90864], [-71.67298, -4.90091], [-71.67265, -4.89121], [-71.6619, -4.89876], [-71.65508, -4.88714], [-71.65065, -4.89507], [-71.65709, -4.9033], [-71.65203, -4.90698], [-71.64669, -4.90395], [-71.63983, -4.88893], [-71.63743, -4.90118], [-71.63171, -4.90328], [-71.62925, -4.89951], [-71.63297, -4.89052], [-71.63131, -4.87463], [-71.62163, -4.87394], [-71.61466, -4.88395], [-71.60931, -4.88373], [-71.60765, -4.87603], [-71.61765, -4.86281], [-71.61184, -4.86039], [-71.59977, -4.86982], [-71.59703, -4.86038], [-71.59907, -4.84779], [-71.58879, -4.85427], [-71.5804, -4.8498], [-71.57264, -4.85101], [-71.57452, -4.8606], [-71.56776, -4.86772], [-71.5631, -4.86674], [-71.56091, -4.849], [-71.5647, -4.83667], [-71.56928, -4.83572], [-71.57421, -4.84206], [-71.58022, -4.83935], [-71.57142, -4.82946], [-71.57407, -4.81532], [-71.56313, -4.8095], [-71.55915, -4.81733], [-71.55343, -4.81562], [-71.55744, -4.79974], [-71.56199, -4.79866], [-71.56719, -4.80332], [-71.56887, -4.80132], [-71.56215, -4.79048], [-71.55048, -4.79452], [-71.54514, -4.79127], [-71.54202, -4.77989], [-71.55086, -4.77764], [-71.53793, -4.76417], [-71.54221, -4.76136], [-71.5504, -4.76474], [-71.55037, -4.7616], [-71.54267, -4.75588], [-71.54192, -4.74765], [-71.53379, -4.74987], [-71.52899, -4.74373], [-71.52119, -4.74476], [-71.51469, -4.74037], [-71.50423, -4.7517], [-71.4987, -4.75021], [-71.49963, -4.74105], [-71.50775, -4.73176], [-71.50049, -4.72406], [-71.50009, -4.71542], [-71.496, -4.7132], [-71.49873, -4.70648], [-71.48364, -4.69984], [-71.48356, -4.68947], [-71.47462, -4.69462], [-71.47123, -4.69361], [-71.47297, -4.68129], [-71.46446, -4.68075], [-71.46219, -4.67755], [-71.47313, -4.67229], [-71.47411, -4.66698], [-71.46684, -4.66492], [-71.45701, -4.66736], [-71.45262, -4.66314], [-71.45489, -4.65569], [-71.46544, -4.6502], [-71.46504, -4.63882], [-71.45879, -4.63759], [-71.4589, -4.63391], [-71.46529, -4.63037], [-71.47349, -4.63481], [-71.47432, -4.62853], [-71.45651, -4.62405], [-71.44864, -4.62803], [-71.44958, -4.61549], [-71.45482, -4.60783], [-71.44452, -4.59873], [-71.43726, -4.59659], [-71.43813, -4.58478], [-71.44257, -4.57767], [-71.43545, -4.57716], [-71.42931, -4.58829], [-71.42306, -4.5842], [-71.42335, -4.57268], [-71.41302, -4.57983], [-71.41263, -4.57507], [-71.42007, -4.56327], [-71.41673, -4.5611], [-71.40583, -4.56305], [-71.41114, -4.55375], [-71.40916, -4.54642], [-71.41208, -4.53903], [-71.40479, -4.54252], [-71.39122, -4.53074], [-71.39256, -4.52578], [-71.40283, -4.52638], [-71.40816, -4.52142], [-71.40909, -4.50825], [-71.39841, -4.50695], [-71.39524, -4.50172], [-71.39855, -4.49742], [-71.40667, -4.50029], [-71.40825, -4.49682], [-71.40291, -4.49265], [-71.38706, -4.49647], [-71.38273, -4.48785], [-71.3869, -4.48474], [-71.39719, -4.48677], [-71.40261, -4.47886], [-71.40984, -4.47775], [-71.41166, -4.47431], [-71.40651, -4.47222], [-71.39773, -4.47745], [-71.3869, -4.47317], [-71.37376, -4.45713], [-71.37154, -4.44657], [-71.3769, -4.44082], [-71.38378, -4.43996], [-71.39527, -4.4464], [-71.39952, -4.44556], [-71.39751, -4.4373], [-71.38771, -4.42961], [-71.38066, -4.42909], [-71.36316, -4.43764], [-71.34682, -4.43103], [-71.34326, -4.444], [-71.32161, -4.44419], [-71.31564, -4.44731], [-71.31159, -4.466], [-71.30269, -4.45597], [-71.30166, -4.44772], [-71.30459, -4.44092], [-71.32007, -4.42731], [-71.31747, -4.41967], [-71.30691, -4.42181], [-71.29721, -4.43759], [-71.28784, -4.44409], [-71.27887, -4.44321], [-71.26314, -4.42963], [-71.26224, -4.42287], [-71.2684, -4.41072], [-71.26149, -4.40159], [-71.26165, -4.3961], [-71.26782, -4.39331], [-71.2773, -4.39977], [-71.28075, -4.39903], [-71.28013, -4.39436], [-71.27336, -4.38805], [-71.24494, -4.39456], [-71.23149, -4.38692], [-71.2268, -4.39264], [-71.22831, -4.40704], [-71.22392, -4.40982], [-71.21878, -4.40433], [-71.216, -4.38283], [-71.20374, -4.3817], [-71.2003, -4.38706], [-71.20759, -4.40348], [-71.20162, -4.42383], [-71.19559, -4.42621], [-71.18823, -4.42045], [-71.18718, -4.40249], [-71.18367, -4.39771], [-71.16275, -4.39289], [-71.15805, -4.40557], [-71.15094, -4.405], [-71.14775, -4.39715], [-71.15187, -4.38675], [-71.14826, -4.38358], [-71.13426, -4.38991], [-71.12285, -4.40881], [-71.116, -4.41226], [-71.1109, -4.40987], [-71.10757, -4.40196], [-71.10908, -4.38148], [-71.09089, -4.37644], [-71.08081, -4.37871], [-71.08023, -4.38496], [-71.08587, -4.39352], [-71.07858, -4.39857], [-71.05883, -4.39002], [-71.05531, -4.37484], [-71.05024, -4.3727], [-71.04664, -4.38022], [-71.04846, -4.39844], [-71.04167, -4.40388], [-71.02482, -4.39414], [-71.01934, -4.38398], [-71.01031, -4.38926], [-70.99665, -4.38832], [-70.98938, -4.38176], [-70.98762, -4.37415], [-70.99, -4.35946], [-70.99872, -4.35057], [-70.9956, -4.34847], [-70.97839, -4.36035], [-70.97207, -4.38075], [-70.9643, -4.38252], [-70.95073, -4.37753], [-70.9412, -4.38343], [-70.94514, -4.39236], [-70.95338, -4.39132], [-70.95588, -4.39418], [-70.95715, -4.39101], [-70.96114, -4.39384], [-70.96019, -4.39742], [-70.96623, -4.39581], [-70.9662, -4.40635], [-70.9692, -4.40633], [-70.96767, -4.41104], [-70.97106, -4.41405], [-70.96561, -4.41931], [-70.96355, -4.42821], [-70.95979, -4.4278], [-70.96074, -4.43207], [-70.9552, -4.43483], [-70.95881, -4.43633], [-70.95576, -4.44357], [-70.95995, -4.44651], [-70.95801, -4.44825], [-70.96058, -4.44916], [-70.96226, -4.46031], [-70.95999, -4.46054], [-70.96344, -4.46924], [-70.96028, -4.47245], [-70.96338, -4.4743], [-70.95862, -4.47993], [-70.9615, -4.48559], [-70.95372, -4.48865], [-70.95406, -4.50005], [-70.94872, -4.50521], [-70.94971, -4.50761], [-70.94729, -4.50691], [-70.94801, -4.51028], [-70.94457, -4.51283], [-70.94681, -4.51792], [-70.9434, -4.52197], [-70.94402, -4.52833], [-70.94737, -4.52912], [-70.95295, -4.53916], [-70.96037, -4.55958], [-70.96088, -4.57377], [-70.96457, -4.57731], [-70.9615, -4.5788], [-70.95861, -4.59194], [-70.95493, -4.59418], [-70.95625, -4.60303], [-70.94789, -4.62498], [-70.93575, -4.63539], [-70.93083, -4.64479], [-70.92501, -4.64809], [-70.91544, -4.64532], [-70.89914, -4.66312], [-70.89064, -4.65956], [-70.88449, -4.66411], [-70.87809, -4.6616], [-70.87306, -4.66326], [-70.86755, -4.6585], [-70.8403, -4.67695], [-70.82979, -4.67813], [-70.81981, -4.67739], [-70.81196, -4.6669], [-70.80343, -4.6652], [-70.78971, -4.67541], [-70.78139, -4.67281], [-70.77214, -4.68082], [-70.76199, -4.68267], [-70.76758, -4.67693], [-70.76158, -4.67452], [-70.76089, -4.6592], [-70.7653, -4.65832], [-70.76642, -4.66275], [-70.76783, -4.65805], [-70.75694, -4.65019], [-70.76417, -4.6467], [-70.75552, -4.63726], [-70.75611, -4.63368], [-70.76122, -4.63117], [-70.75752, -4.62756], [-70.75917, -4.62411], [-70.75141, -4.622], [-70.75118, -4.62531], [-70.75504, -4.62754], [-70.75137, -4.63102], [-70.74392, -4.62412], [-70.74712, -4.61472], [-70.75101, -4.61553], [-70.74169, -4.61329], [-70.74446, -4.60561], [-70.74261, -4.60109], [-70.73508, -4.59796], [-70.7314, -4.60649], [-70.7275, -4.60045], [-70.72381, -4.60466], [-70.71986, -4.60233], [-70.7144, -4.60545], [-70.71097, -4.59946], [-70.71247, -4.59522], [-70.70343, -4.59383], [-70.70225, -4.58681], [-70.69577, -4.58519], [-70.68881, -4.58773], [-70.68335, -4.58514], [-70.68416, -4.57937], [-70.67743, -4.5796], [-70.6794, -4.57169], [-70.66982, -4.56404], [-70.66322, -4.56218], [-70.66252, -4.57026], [-70.65902, -4.56989], [-70.66221, -4.57559], [-70.65433, -4.57403], [-70.65069, -4.56564], [-70.65219, -4.56082], [-70.65629, -4.56015], [-70.6525, -4.55696], [-70.64722, -4.56335], [-70.64134, -4.56123], [-70.63997, -4.56582], [-70.63543, -4.56526], [-70.63567, -4.57066], [-70.62843, -4.56703], [-70.62501, -4.56096], [-70.61044, -4.56631], [-70.60918, -4.5539], [-70.60366, -4.55123], [-70.60955, -4.54858], [-70.60627, -4.54065], [-70.60154, -4.53946], [-70.59771, -4.54564], [-70.59187, -4.53663], [-70.57899, -4.53692], [-70.57704, -4.53163], [-70.56876, -4.53259], [-70.56711, -4.52406], [-70.55419, -4.52617], [-70.55663, -4.52039], [-70.54796, -4.52571], [-70.5513, -4.51692], [-70.54425, -4.51845], [-70.54796, -4.51087], [-70.5367, -4.50566], [-70.54263, -4.50156], [-70.53518, -4.50101], [-70.53286, -4.50667], [-70.52689, -4.50936], [-70.52541, -4.49834], [-70.51563, -4.49337], [-70.50468, -4.49981], [-70.51101, -4.50267], [-70.50782, -4.50571], [-70.49652, -4.50066], [-70.49663, -4.50758], [-70.49982, -4.50734], [-70.50139, -4.51321], [-70.49971, -4.51572], [-70.50527, -4.51748], [-70.50753, -4.52237], [-70.50095, -4.53026], [-70.49637, -4.52918], [-70.49384, -4.53985], [-70.48989, -4.53903], [-70.48895, -4.54374], [-70.48097, -4.54449], [-70.48424, -4.55877], [-70.48071, -4.56005], [-70.48271, -4.56595], [-70.48037, -4.57335], [-70.47271, -4.575], [-70.4725, -4.58435], [-70.4673, -4.58471], [-70.46652, -4.58777], [-70.44783, -4.59027], [-70.44763, -4.59677], [-70.44122, -4.59833], [-70.43259, -4.60941], [-70.43028, -4.61854], [-70.42152, -4.62626], [-70.42463, -4.63294], [-70.42155, -4.63555], [-70.42509, -4.63894], [-70.42342, -4.64829], [-70.26168, -4.65119], [-70.2423, -4.63213], [-70.10198, -4.77089], [-70.0599, -4.76391], [-70.05056, -4.77025], [-70.028, -4.7666], [-70.02046, -4.76904], [-70.0088, -4.76213], [-70.00484, -4.76495], [-70.00056, -4.75895], [-69.99366, -4.76203], [-69.98265, -4.75791], [-69.97544, -4.75921], [-69.96205, -4.77074], [-69.957, -4.78425], [-69.96091, -4.79176], [-69.95662, -4.79933], [-69.94125, -4.80587], [-69.93909, -4.81055], [-69.92268, -4.82033], [-69.90451, -4.8255], [-69.89453, -4.83972], [-69.89242, -4.85059], [-69.87685, -4.86062], [-69.85964, -4.85606], [-69.82965, -4.85784], [-69.82164, -4.85566], [-69.81217, -4.85828], [-69.80538, -4.85435], [-69.79704, -4.85415], [-69.79165, -4.85903], [-69.78691, -4.8568], [-69.78535, -4.86015], [-69.78161, -4.85998], [-69.77975, -4.86568], [-69.77464, -4.86741], [-69.77487, -4.85638], [-69.76669, -4.85056], [-69.76312, -4.85154], [-69.75926, -4.84666], [-69.75427, -4.8472], [-69.7497, -4.85487], [-69.75172, -4.84357], [-69.74559, -4.8394], [-69.74266, -4.83128], [-69.73241, -4.83722], [-69.72644, -4.83419], [-69.72653, -4.82323], [-69.71837, -4.82673], [-69.72112, -4.82092], [-69.71604, -4.818], [-69.72129, -4.81597], [-69.72021, -4.81374], [-69.7158, -4.81182], [-69.71304, -4.81485], [-69.7066, -4.8142], [-69.70607, -4.80809], [-69.7017, -4.81755], [-69.70652, -4.81848], [-69.70137, -4.82293], [-69.69174, -4.81852], [-69.69128, -4.82392], [-69.68298, -4.82026], [-69.68034, -4.81329], [-69.67435, -4.81071], [-69.68574, -4.80644], [-69.68008, -4.8014], [-69.67852, -4.79384], [-69.67466, -4.79316], [-69.67366, -4.78833], [-69.669, -4.79109], [-69.66643, -4.78744], [-69.65881, -4.79222], [-69.65686, -4.78107], [-69.65223, -4.77842], [-69.65127, -4.77216], [-69.64697, -4.76997], [-69.64729, -4.77401], [-69.64393, -4.77338], [-69.64537, -4.7631], [-69.63816, -4.76771], [-69.6428, -4.75852], [-69.63335, -4.75765], [-69.63144, -4.75187], [-69.62414, -4.75255], [-69.61537, -4.76413], [-69.61411, -4.77275], [-69.61704, -4.77137], [-69.61971, -4.7747], [-69.61407, -4.779], [-69.61739, -4.77942], [-69.61702, -4.78498], [-69.61515, -4.78211], [-69.61226, -4.78331], [-69.61348, -4.79067], [-69.62187, -4.7949], [-69.62066, -4.80157], [-69.61477, -4.80829], [-69.62104, -4.81698], [-69.6159, -4.82429], [-69.61052, -4.82488], [-69.61487, -4.83278], [-69.6042, -4.84692], [-69.60604, -4.85209], [-69.60808, -4.84987], [-69.6106, -4.85175], [-69.60923, -4.85658], [-69.61556, -4.86226], [-69.61146, -4.8664], [-69.61379, -4.87364], [-69.62261, -4.88217], [-69.62197, -4.88926], [-69.62664, -4.89183], [-69.62334, -4.896], [-69.62692, -4.90177], [-69.62406, -4.90371], [-69.62264, -4.9014], [-69.6247, -4.90547], [-69.617, -4.91335], [-69.62548, -4.92234], [-69.62225, -4.92649], [-69.61912, -4.92576], [-69.62336, -4.93215], [-69.6186, -4.93293], [-69.61999, -4.93594], [-69.6153, -4.94275], [-69.61999, -4.94224], [-69.61797, -4.94901], [-69.6228, -4.95281], [-69.61773, -4.95489], [-69.61561, -4.96129], [-69.60812, -4.96786], [-69.59996, -4.96723], [-69.58909, -4.97521], [-69.58686, -4.96986], [-69.58139, -4.96968], [-69.5784, -4.97539], [-69.57331, -4.97672], [-69.57081, -4.98304], [-69.57977, -4.99672], [-69.57625, -5.01913], [-69.56386, -5.03072], [-69.56232, -5.03596], [-69.55519, -5.03914], [-69.50397, -5.08831], [-69.51558, -5.1086], [-69.51847, -5.12259], [-69.53045, -5.1305], [-69.53482, -5.14515], [-69.54116, -5.14935], [-69.54607, -5.15907], [-69.54954, -5.20231], [-69.55872, -5.21361], [-69.5573, -5.23014], [-69.43809, -5.32647], [-69.4115, -5.3359], [-69.41386, -5.3379], [-69.40919, -5.34335], [-69.41542, -5.34586], [-69.41678, -5.34105], [-69.41756, -5.35302], [-69.42511, -5.35161], [-69.43213, -5.35602], [-69.43289, -5.35912], [-69.42577, -5.36083], [-69.42554, -5.36501], [-69.42875, -5.37139], [-69.43072, -5.36778], [-69.43337, -5.36953], [-69.43069, -5.37533], [-69.4356, -5.37608], [-69.42987, -5.38377], [-69.4225, -5.38253], [-69.4047, -5.39071], [-69.39637, -5.65446], [-69.40331, -5.6597], [-69.40269, -5.66292], [-69.42115, -5.66378], [-69.42548, -5.67327], [-69.43755, -5.67773], [-69.43657, -5.68261], [-69.4413, -5.68956], [-69.44033, -5.81263], [-69.43491, -5.81409], [-69.43528, -5.82491], [-69.42993, -5.8322], [-69.43344, -5.82875], [-69.43663, -5.83149], [-69.43184, -5.83505], [-69.43305, -5.83825], [-69.42831, -5.84039], [-69.42997, -5.84516], [-69.43402, -5.84571], [-69.42849, -5.85861], [-69.43232, -5.86376], [-69.44389, -5.86386], [-69.44208, -5.86927], [-69.44545, -5.87436], [-69.44697, -5.87129], [-69.4514, -5.87587], [-69.44602, -5.87902], [-69.45215, -5.8845], [-69.44656, -5.89504], [-69.45097, -5.8966], [-69.44905, -5.90141], [-69.44225, -5.90617], [-69.43854, -5.9039], [-69.43776, -5.90695], [-69.44216, -5.91037], [-69.43051, -5.9189], [-69.43027, -5.93183], [-69.43828, -5.92956], [-69.43766, -5.93301], [-69.44134, -5.93356], [-69.44691, -5.94288], [-69.45486, -5.94613], [-69.45496, -5.9531], [-69.44991, -5.95803], [-69.45441, -5.96282], [-69.44781, -5.9662], [-69.44674, -5.97826], [-69.45933, -5.97982], [-69.45835, -5.98684], [-69.46771, -5.9877], [-69.46113, -5.9927], [-69.46633, -5.99557], [-69.46739, -5.99998], [-69.47243, -5.99602], [-69.47254, -6.00307], [-69.48312, -6.00508], [-69.48805, -6.01405], [-69.49367, -6.01534], [-69.49321, -6.02124], [-69.49928, -6.02754], [-69.49289, -6.03188], [-69.49901, -6.03315], [-69.50126, -6.04552], [-69.50578, -6.0436], [-69.50322, -6.05726], [-69.50772, -6.06498], [-69.51347, -6.06027], [-69.51488, -6.07273], [-69.52123, -6.07286], [-69.51404, -6.07785], [-69.51554, -6.08174], [-69.51865, -6.08023], [-69.52116, -6.08572], [-69.52314, -6.08146], [-69.52768, -6.08338], [-69.52232, -6.08899], [-69.53303, -6.09016], [-69.53869, -6.09617], [-69.54669, -6.0939], [-69.54966, -6.10419], [-69.55132, -6.09961], [-69.55944, -6.10408], [-69.5597, -6.10036], [-69.56328, -6.09928], [-69.56392, -6.10249], [-69.57253, -6.09994], [-69.58882, -6.10532], [-69.58714, -6.11021], [-69.60054, -6.11631], [-69.60117, -6.1185], [-69.59829, -6.11666], [-69.59707, -6.11973], [-69.60211, -6.12082], [-69.60219, -6.12494], [-69.60553, -6.12185], [-69.60697, -6.12458], [-69.60566, -6.12684], [-69.60621, -6.12821], [-69.60986, -6.12461], [-69.61225, -6.12996], [-69.6156, -6.13056], [-69.61722, -6.12748], [-69.62188, -6.13342], [-69.61925, -6.13734], [-69.62211, -6.13589], [-69.62286, -6.13906], [-69.63516, -6.13875], [-69.63924, -6.14308], [-69.63579, -6.14476], [-69.64942, -6.15411], [-69.64679, -6.15604], [-69.65004, -6.15781], [-69.64645, -6.1596], [-69.64957, -6.159], [-69.64971, -6.16352], [-69.65392, -6.16335], [-69.66076, -6.17503], [-69.66851, -6.17352], [-69.66875, -6.17941], [-69.67817, -6.17878], [-69.67666, -6.18206], [-69.68758, -6.1929], [-69.68897, -6.19028], [-69.69541, -6.19225], [-69.69835, -6.18952], [-69.70455, -6.19854], [-69.72407, -6.19609], [-69.72463, -6.20143], [-69.72994, -6.19763], [-69.73314, -6.20185], [-69.74154, -6.2023], [-69.74206, -6.20668], [-69.74392, -6.19879], [-69.74868, -6.19853], [-69.74778, -6.204], [-69.75513, -6.2044], [-69.75945, -6.21446], [-69.75695, -6.21754], [-69.75183, -6.21641], [-69.75609, -6.21943], [-69.75641, -6.22388], [-69.75394, -6.22543], [-69.75256, -6.22265], [-69.75154, -6.2274], [-69.74318, -6.23117], [-69.74584, -6.23326], [-69.7384, -6.24145], [-69.7402, -6.24777], [-69.74416, -6.24312], [-69.74744, -6.24484], [-69.74734, -6.2511], [-69.7577, -6.25517], [-69.75794, -6.26302], [-69.76056, -6.26047], [-69.77096, -6.27027], [-69.76804, -6.27216], [-69.77174, -6.27891], [-69.76827, -6.28993], [-69.77608, -6.28801], [-69.77709, -6.29332], [-69.78072, -6.29489], [-69.7785, -6.30449], [-69.78164, -6.30864], [-69.77984, -6.31256], [-69.78333, -6.31473], [-69.78164, -6.31983], [-69.78426, -6.31872], [-69.78395, -6.32262], [-69.78871, -6.32631], [-69.78899, -6.33024], [-69.78493, -6.33129], [-69.7883, -6.33155], [-69.78716, -6.33438], [-69.79027, -6.33596], [-69.78763, -6.341], [-69.79303, -6.34716], [-69.79494, -6.34446], [-69.79628, -6.35073], [-69.80389, -6.34539], [-69.81061, -6.35202], [-69.81626, -6.3525], [-69.81728, -6.34718], [-69.82766, -6.34627], [-69.83115, -6.34251], [-69.83987, -6.34605], [-69.8409, -6.34926], [-69.84392, -6.34659], [-69.84845, -6.3539], [-69.85669, -6.35847], [-69.8543, -6.36045], [-69.85819, -6.36257], [-69.85689, -6.36473], [-69.86055, -6.36342], [-69.86014, -6.36552], [-69.8705, -6.36916], [-69.87261, -6.38499], [-69.87874, -6.38845], [-69.87897, -6.403], [-69.88229, -6.40372], [-69.87654, -6.41149], [-69.87596, -6.41605], [-69.88026, -6.4207], [-69.87911, -6.42092], [-69.87843, -6.42243], [-69.88862, -6.42189], [-69.89025, -6.42614], [-69.8953, -6.42441], [-69.89618, -6.42658], [-69.90264, -6.42275], [-69.9087, -6.42762], [-69.91521, -6.42592], [-69.91475, -6.42952], [-69.92128, -6.43117], [-69.93188, -6.42577], [-69.94074, -6.43219], [-69.94129, -6.43819], [-69.94758, -6.43936], [-69.95018, -6.4367], [-69.95237, -6.44051], [-69.95558, -6.43624], [-69.9598, -6.43661], [-69.95859, -6.43821], [-69.96765, -6.43878], [-69.96827, -6.44241], [-69.97349, -6.44118], [-69.97547, -6.44435], [-69.97931, -6.44185], [-69.98381, -6.44515], [-69.98736, -6.44355], [-69.99612, -6.45394], [-70.00148, -6.44939], [-70.00805, -6.45338], [-70.00856, -6.45741], [-70.02004, -6.45713], [-70.02395, -6.46325], [-70.02732, -6.46236], [-70.03375, -6.46889], [-70.03934, -6.47], [-70.04146, -6.47675], [-70.04568, -6.47655], [-70.04657, -6.48017], [-70.05503, -6.48018], [-70.06484, -6.48633], [-70.06825, -6.49447], [-70.0724, -6.49492], [-70.07597, -6.49988], [-70.09163, -6.49411], [-70.09324, -6.49671], [-70.09801, -6.49253], [-70.10064, -6.49547], [-70.1065, -6.49288], [-70.11332, -6.49912], [-70.12312, -6.49677], [-70.12658, -6.50201], [-70.13409, -6.50114], [-70.13676, -6.50479], [-70.14246, -6.50157], [-70.16097, -6.50378], [-70.16785, -6.5022], [-70.16951, -6.4982], [-70.17496, -6.50159], [-70.17608, -6.49927], [-70.18805, -6.49926], [-70.19624, -6.50459], [-70.20076, -6.51364], [-70.21063, -6.51386], [-70.22144, -6.52594], [-70.23611, -6.53033], [-70.23598, -6.53507], [-70.25271, -6.53988], [-70.25405, -6.54396], [-70.28274, -6.56495], [-70.2964, -6.58352], [-70.30672, -6.587], [-70.33207, -6.58167], [-70.34254, -6.56825], [-70.36407, -6.55757], [-70.38071, -6.5581], [-70.40251, -6.56467], [-70.40367, -6.56902], [-70.41387, -6.57221], [-70.62632, -6.61823], [-70.82491, -6.71972], [-70.92484, -6.7165], [-70.98872, -6.64982], [-71.18776, -6.72588], [-71.38057, -6.7454], [-71.4591, -6.85675], [-71.51675, -6.85992], [-71.55001, -6.93627], [-71.64584, -6.96554], [-71.66669, -6.89187], [-71.71394, -6.91217], [-71.80426, -6.9127], [-71.78336, -6.99912], [-71.8995, -7.03361], [-71.89934, -7.13631], [-71.97991, -7.13076], [-72.02878, -7.10569], [-72.20854, -7.18435], [-72.31501, -7.20153], [-72.29945, -7.13287], [-72.37652, -7.14168], [-72.62403, -7.11451], [-72.69446, -6.99855], [-73.09138, -7.00144], [-73.21297, -6.94039], [-73.70314, -6.96116], [-73.70897, -6.94351], [-73.71385, -6.93959], [-73.71765, -6.91739], [-73.72519, -6.90905], [-73.71985, -6.89854]]]}}, {"type": "Feature", "properties": {"nome": "Vui-Uata-In", "etnia": "Tikúna", "fase": "Regularizada", "modalidade": "Tradicionalmente ocupada", "municipios": "Amaturá", "ha": 121198.5999, "uf": "AM"}, "geometry": {"type": "Polygon", "coordinates": [[[-68.24743, -3.38553], [-68.23661, -3.38597], [-68.23022, -3.39659], [-68.22406, -3.39997], [-68.2281, -3.40476], [-68.22478, -3.40511], [-68.22524, -3.40966], [-68.21574, -3.41568], [-68.21372, -3.42251], [-68.20798, -3.42191], [-68.21225, -3.43998], [-68.20402, -3.44684], [-68.20464, -3.45385], [-68.20078, -3.4623], [-68.20521, -3.46763], [-68.2031, -3.47162], [-68.17719, -3.48604], [-68.17627, -3.50276], [-68.18336, -3.51402], [-68.18211, -3.5201], [-68.18626, -3.53098], [-68.18348, -3.5377], [-68.18475, -3.54694], [-68.17756, -3.55336], [-68.22279, -3.56447], [-68.23543, -3.56243], [-68.24014, -3.57222], [-68.24674, -3.57226], [-68.25068, -3.58233], [-68.24544, -3.60418], [-68.26327, -3.64621], [-68.26557, -3.66028], [-68.26094, -3.68271], [-68.27451, -3.70336], [-68.30673, -3.70447], [-68.32035, -3.72087], [-68.37896, -3.72281], [-68.39479, -3.76031], [-68.44257, -3.7767], [-68.49022, -3.73403], [-68.5017, -3.70724], [-68.49896, -3.6791], [-68.5073, -3.64835], [-68.50665, -3.63289], [-68.50176, -3.62222], [-68.4956, -3.61938], [-68.48123, -3.60304], [-68.48541, -3.59603], [-68.49533, -3.5906], [-68.50369, -3.59464], [-68.51288, -3.59474], [-68.55171, -3.582], [-68.56119, -3.58221], [-68.56688, -3.57644], [-68.57856, -3.55233], [-68.58979, -3.55202], [-68.59744, -3.54313], [-68.60271, -3.52465], [-68.60072, -3.5079], [-68.61099, -3.49286], [-68.62342, -3.48297], [-68.62533, -3.47387], [-68.61845, -3.46204], [-68.60637, -3.44845], [-68.59944, -3.44471], [-68.59229, -3.44569], [-68.59368, -3.40636], [-68.54482, -3.40597], [-68.5467, -3.46193], [-68.53668, -3.46993], [-68.52184, -3.47315], [-68.50744, -3.4712], [-68.50355, -3.45784], [-68.49677, -3.45172], [-68.48517, -3.45282], [-68.47026, -3.46101], [-68.46251, -3.45314], [-68.46971, -3.44385], [-68.46219, -3.42836], [-68.26657, -3.4292], [-68.27427, -3.41765], [-68.27282, -3.40558], [-68.25485, -3.39144], [-68.24479, -3.3928], [-68.24178, -3.38816], [-68.25068, -3.38604], [-68.2457, -3.38018], [-68.24743, -3.38553]]]}}, {"type": "Feature", "properties": {"nome": "Waimiri-Atroari", "etnia": "Waimiri Atroari", "fase": "Regularizada", "modalidade": "Tradicionalmente ocupada", "municipios": "Novo Airão e Presidente Figueiredo e Rorainópolis e São João da Baliza e Urucará", "ha": 2585911.5689, "uf": "AM, RR"}, "geometry": {"type": "Polygon", "coordinates": [[[-60.1206, 0.4102], [-59.95891, 0.32539], [-59.95256, 0.31829], [-59.97439, 0.28326], [-59.96921, 0.27765], [-59.9535, 0.27067], [-59.95272, 0.24839], [-59.94718, 0.22404], [-59.93539, 0.21574], [-59.93775, 0.20126], [-59.92751, 0.1958], [-59.92684, 0.19102], [-59.92129, 0.18679], [-59.91357, 0.18655], [-59.9113, 0.18288], [-59.9076, 0.18507], [-59.90493, 0.18027], [-59.89476, 0.17716], [-59.89226, 0.17306], [-59.88784, 0.1751], [-59.8809, 0.1698], [-59.87628, 0.17161], [-59.86322, 0.15627], [-59.84785, 0.14935], [-59.84522, 0.1521], [-59.83166, 0.13862], [-59.80928, 0.13385], [-59.80708, 0.13004], [-59.80318, 0.13164], [-59.79641, 0.1212], [-59.78671, 0.11394], [-59.7568, 0.0988], [-59.7622, 0.09439], [-59.76217, 0.09015], [-59.77396, 0.08124], [-59.78294, 0.05658], [-59.79451, 0.05037], [-59.82021, 0.01472], [-59.8386, 0.00598], [-59.8433, 0.0], [-59.8391, -0.02889], [-59.84701, -0.04195], [-59.8581, -0.0483], [-59.85572, -0.06336], [-59.8584, -0.0784], [-59.85503, -0.08736], [-59.8447, -0.09846], [-59.83993, -0.14501], [-59.8368, -0.1526], [-59.82795, -0.15497], [-59.83183, -0.15851], [-59.83302, -0.16622], [-59.82135, -0.19822], [-59.85793, -0.36603], [-59.82872, -0.40326], [-59.8246, -0.40325], [-59.86177, -0.45667], [-59.89527, -0.45467], [-59.94613, -0.50931], [-59.95832, -0.56023], [-60.02535, -0.5807], [-60.08677, -0.52473], [-60.15755, -0.55244], [-60.16338, -0.59309], [-60.22203, -0.82065], [-60.22065, -0.82561], [-60.21375, -0.82668], [-60.20161, -0.83718], [-60.20369, -0.84539], [-60.18661, -0.86431], [-60.18588, -0.88106], [-60.19005, -0.89828], [-60.18563, -0.91545], [-60.18474, -0.96388], [-60.17707, -0.96962], [-60.15883, -0.96948], [-60.1559, -0.97927], [-60.14702, -0.98722], [-60.14559, -1.02268], [-60.12513, -1.02798], [-60.12281, -1.03283], [-60.12524, -1.06077], [-60.14114, -1.07992], [-60.14863, -1.09715], [-60.17313, -1.10972], [-60.18122, -1.12238], [-60.18599, -1.12473], [-60.18394, -1.1437], [-60.19092, -1.15761], [-60.18848, -1.16495], [-60.19619, -1.18023], [-60.20528, -1.17534], [-60.20349, -1.18182], [-60.2002, -1.17923], [-60.19762, -1.18189], [-60.19782, -1.19896], [-60.20355, -1.18917], [-60.19766, -1.20717], [-60.18319, -1.22134], [-60.18334, -1.22465], [-60.1915, -1.22193], [-60.18241, -1.22746], [-60.18497, -1.23337], [-60.19062, -1.23266], [-60.19062, -1.23619], [-60.18719, -1.2351], [-60.18511, -1.23841], [-60.19269, -1.24627], [-60.18839, -1.24894], [-60.19805, -1.24664], [-60.19877, -1.24433], [-60.19512, -1.24382], [-60.19777, -1.23951], [-60.20063, -1.24052], [-60.20071, -1.24535], [-60.20343, -1.24124], [-60.2015, -1.23901], [-60.20658, -1.24016], [-60.20365, -1.23389], [-60.19993, -1.23397], [-60.20423, -1.22381], [-60.20394, -1.23209], [-60.21209, -1.23376], [-60.22406, -1.22405], [-60.22327, -1.22153], [-60.21876, -1.22231], [-60.22127, -1.21966], [-60.22699, -1.22203], [-60.22792, -1.21433], [-60.22485, -1.21087], [-60.21984, -1.2136], [-60.22257, -1.20899], [-60.219, -1.20431], [-60.22843, -1.20972], [-60.23085, -1.21887], [-60.23858, -1.21967], [-60.24009, -1.21593], [-60.2363, -1.21513], [-60.24426, -1.20203], [-60.25678, -1.20046], [-60.27144, -1.20509], [-60.26802, -1.19378], [-60.27245, -1.2017], [-60.27588, -1.20098], [-60.27417, -1.19782], [-60.27639, -1.19508], [-60.27603, -1.19903], [-60.28404, -1.19868], [-60.27619, -1.1837], [-60.28448, -1.19616], [-60.28621, -1.1837], [-60.28778, -1.18674], [-60.29251, -1.18522], [-60.28706, -1.1894], [-60.28985, -1.19761], [-60.29293, -1.1938], [-60.29479, -1.19639], [-60.29851, -1.19301], [-60.30137, -1.19417], [-60.30617, -1.18214], [-60.3043, -1.19785], [-60.31095, -1.20124], [-60.31289, -1.19511], [-60.31448, -1.19941], [-60.32107, -1.1964], [-60.32232, -1.1897], [-60.34477, -1.18236], [-60.34762, -1.19002], [-60.35069, -1.18472], [-60.35222, -1.18988], [-60.34681, -1.19208], [-60.34988, -1.19459], [-60.355, -1.19503], [-60.36378, -1.18871], [-60.3813, -1.19301], [-60.38114, -1.19561], [-60.38632, -1.19041], [-60.39303, -1.19107], [-60.38341, -1.19716], [-60.38485, -1.20392], [-60.39691, -1.1997], [-60.39318, -1.2045], [-60.39593, -1.20889], [-60.40046, -1.20931], [-60.40604, -1.205], [-60.40305, -1.21225], [-60.41689, -1.20485], [-60.40693, -1.21168], [-60.40183, -1.22006], [-60.40611, -1.2221], [-60.40627, -1.22641], [-60.41306, -1.22601], [-60.4074, -1.22877], [-60.40966, -1.23252], [-60.40707, -1.23912], [-60.41311, -1.25691], [-60.41152, -1.2765], [-60.43116, -1.35089], [-60.52939, -1.67062], [-60.54297, -1.72367], [-60.5421, -1.75224], [-60.54704, -1.75894], [-60.54578, -1.77683], [-60.54996, -1.78477], [-60.5428, -1.79535], [-60.54887, -1.82379], [-60.53882, -1.83851], [-60.53985, -1.84432], [-60.55008, -1.87084], [-60.57514, -1.89009], [-60.61066, -1.8904], [-60.84289, -1.92484], [-60.87166, -1.86593], [-61.11638, -1.91804], [-61.1449, -1.93019], [-61.16522, -1.9257], [-61.17283, -1.92789], [-61.1861, -1.91989], [-61.1943, -1.925], [-61.1955, -1.91424], [-61.21012, -1.90578], [-61.21125, -1.91019], [-61.21255, -1.9077], [-61.21574, -1.91068], [-61.21433, -1.92295], [-61.23363, -1.90495], [-61.26893, -1.90993], [-61.27423, -1.90229], [-61.27677, -1.88725], [-61.27019, -1.87485], [-61.28503, -1.82501], [-61.32766, -1.74886], [-61.35475, -1.67553], [-61.33872, -1.629], [-61.44997, -1.21765], [-61.52042, -1.19248], [-61.30947, -0.77228], [-61.28697, -0.74251], [-61.2545, -0.7407], [-61.24216, -0.73322], [-61.23444, -0.71885], [-61.23436, -0.71017], [-61.24188, -0.69865], [-61.24263, -0.68129], [-61.24865, -0.67052], [-61.24784, -0.66296], [-61.25564, -0.65826], [-61.2581, -0.6498], [-61.25647, -0.63499], [-61.26108, -0.61838], [-61.26517, -0.61389], [-61.2628, -0.6109], [-61.26555, -0.59848], [-61.27633, -0.58989], [-61.27826, -0.57567], [-61.22872, -0.56007], [-61.22361, -0.55018], [-61.22684, -0.53686], [-61.2178, -0.52959], [-61.21767, -0.51351], [-61.22075, -0.51216], [-61.21984, -0.5238], [-61.22741, -0.51322], [-61.22208, -0.50003], [-61.21262, -0.4994], [-61.20141, -0.50673], [-61.18509, -0.50573], [-61.16756, -0.51554], [-61.16097, -0.51292], [-61.15859, -0.50551], [-61.16119, -0.4893], [-61.14298, -0.4744], [-61.12995, -0.44929], [-61.13094, -0.44104], [-61.12177, -0.40033], [-61.10215, -0.38791], [-61.08562, -0.36781], [-61.08751, -0.36555], [-61.08289, -0.35814], [-61.08135, -0.33501], [-61.08485, -0.33261], [-61.06861, -0.31473], [-61.05243, -0.32205], [-61.04251, -0.31834], [-61.03238, -0.3238], [-61.01652, -0.32132], [-61.00045, -0.31245], [-60.98531, -0.30839], [-60.97382, -0.31385], [-60.96985, -0.31108], [-60.96573, -0.29861], [-60.94602, -0.28945], [-60.94105, -0.27686], [-60.90505, -0.27025], [-60.88783, -0.27025], [-60.85033, -0.26017], [-60.84181, -0.27169], [-60.82926, -0.277], [-60.81977, -0.29324], [-60.81491, -0.2802], [-60.80638, -0.22821], [-60.80141, -0.2237], [-60.78121, -0.2283], [-60.76279, -0.24332], [-60.75771, -0.23617], [-60.70736, -0.21884], [-60.69193, -0.22761], [-60.69158, -0.22533], [-60.62336, -0.23592], [-60.60989, -0.22543], [-60.58632, -0.22192], [-60.58605, -0.20631], [-60.57881, -0.19184], [-60.58141, -0.18158], [-60.57802, -0.16277], [-60.57553, -0.15822], [-60.57021, -0.1573], [-60.56591, -0.14152], [-60.57644, -0.12745], [-60.57429, -0.12073], [-60.55897, -0.11077], [-60.5551, -0.11219], [-60.54656, -0.10315], [-60.53046, -0.09793], [-60.52818, -0.0881], [-60.5317, -0.07119], [-60.52529, -0.06481], [-60.52872, -0.05746], [-60.52202, -0.05524], [-60.52475, -0.05206], [-60.52009, -0.04913], [-60.51165, -0.04798], [-60.51139, -0.04347], [-60.50461, -0.03859], [-60.50505, -0.03116], [-60.49485, -0.01858], [-60.48157, -0.00866], [-60.46969, -0.00822], [-60.46415, -0.00486], [-60.45819, -0.01384], [-60.44761, -0.01918], [-60.44063, -0.01292], [-60.41296, -0.01096], [-60.39449, -0.00592], [-60.37567, -0.01025], [-60.3594, -0.00376], [-60.34657, 0.01201], [-60.34398, 0.03129], [-60.34605, 0.05287], [-60.34241, 0.07473], [-60.34933, 0.08723], [-60.35835, 0.12932], [-60.35098, 0.13336], [-60.33027, 0.15564], [-60.31214, 0.16109], [-60.3055, 0.15658], [-60.30079, 0.17218], [-60.30661, 0.191], [-60.30554, 0.20221], [-60.31582, 0.2101], [-60.31484, 0.26696], [-60.33319, 0.28651], [-60.34022, 0.30643], [-60.34894, 0.3111], [-60.34595, 0.3181], [-60.34936, 0.33048], [-60.35562, 0.33284], [-60.36542, 0.3521], [-60.36388, 0.36006], [-60.36694, 0.36319], [-60.36024, 0.37683], [-60.35229, 0.37888], [-60.34235, 0.37384], [-60.33092, 0.37743], [-60.32369, 0.38404], [-60.31244, 0.38646], [-60.27901, 0.37883], [-60.24545, 0.39205], [-60.22642, 0.39562], [-60.19886, 0.39465], [-60.18664, 0.38687], [-60.17555, 0.38737], [-60.16725, 0.38282], [-60.16134, 0.38638], [-60.14608, 0.38792], [-60.1206, 0.4102]]]}}, {"type": "Feature", "properties": {"nome": "Yanomami", "etnia": "Yanomámi", "fase": "Regularizada", "modalidade": "Tradicionalmente ocupada", "municipios": "Alto Alegre e Barcelos e Boa Vista e Caracaraí e Iracema e Mucajaí e Santa Isabel do Rio Negro e São Gabriel da Cachoeira", "ha": 9664975.48, "uf": "RR, AM"}, "geometry": {"type": "Polygon", "coordinates": [[[-66.20363, 0.78028], [-66.18578, 0.78084], [-66.17923, 0.76277], [-66.16971, 0.76383], [-66.16076, 0.75681], [-66.15655, 0.7577], [-66.14598, 0.7475], [-66.12289, 0.74745], [-66.10813, 0.76529], [-66.09803, 0.76623], [-66.09004, 0.759], [-66.07781, 0.76122], [-66.07535, 0.76596], [-66.07578, 0.78817], [-66.07104, 0.79228], [-66.06612, 0.80688], [-66.0506, 0.81225], [-66.04501, 0.81074], [-66.04062, 0.81596], [-66.03522, 0.81652], [-66.02339, 0.80756], [-66.01352, 0.80368], [-66.00676, 0.80475], [-65.99917, 0.81448], [-65.98628, 0.81734], [-65.98039, 0.82236], [-65.96701, 0.81387], [-65.96715, 0.83485], [-65.95324, 0.8514], [-65.95447, 0.85902], [-65.93977, 0.86392], [-65.94284, 0.87365], [-65.94086, 0.89105], [-65.91528, 0.89723], [-65.91545, 0.88925], [-65.91007, 0.88911], [-65.89821, 0.90288], [-65.89002, 0.90296], [-65.88222, 0.91992], [-65.89208, 0.92086], [-65.88836, 0.92867], [-65.89337, 0.93436], [-65.88703, 0.93435], [-65.88142, 0.93985], [-65.87879, 0.9349], [-65.86403, 0.93754], [-65.85461, 0.93531], [-65.85199, 0.93874], [-65.83624, 0.9432], [-65.83336, 0.94708], [-65.82794, 0.94721], [-65.82115, 0.95579], [-65.8179, 0.95564], [-65.81614, 0.95074], [-65.81281, 0.95671], [-65.79951, 0.9558], [-65.79646, 0.96358], [-65.79195, 0.96043], [-65.78498, 0.96555], [-65.77806, 0.96245], [-65.77687, 0.95798], [-65.7723, 0.95848], [-65.77031, 0.97076], [-65.76447, 0.96891], [-65.76412, 0.97841], [-65.75498, 0.98096], [-65.753, 0.98909], [-65.74277, 1.00101], [-65.71872, 0.9968], [-65.71378, 1.00182], [-65.70853, 1.00272], [-65.70587, 0.99905], [-65.69644, 1.003], [-65.69231, 0.99439], [-65.68753, 0.99176], [-65.6863, 0.98418], [-65.67677, 1.00051], [-65.66859, 1.00008], [-65.66548, 1.00754], [-65.6583, 1.01162], [-65.64812, 1.00402], [-65.64334, 1.00463], [-65.62814, 0.9884], [-65.62528, 0.99164], [-65.63212, 0.999], [-65.63203, 1.00527], [-65.62729, 1.01417], [-65.62252, 1.00948], [-65.61364, 1.0118], [-65.60763, 1.0018], [-65.5999, 0.9989], [-65.59314, 0.99876], [-65.58852, 1.00416], [-65.58504, 1.00102], [-65.5867, 0.99792], [-65.58371, 0.99096], [-65.58572, 0.98135], [-65.57391, 0.98595], [-65.57111, 0.99585], [-65.56345, 0.99266], [-65.55911, 0.98421], [-65.56457, 0.97799], [-65.56446, 0.97082], [-65.55742, 0.96673], [-65.54309, 0.97051], [-65.5463, 0.95644], [-65.53367, 0.95243], [-65.53275, 0.94653], [-65.53691, 0.94527], [-65.53685, 0.93951], [-65.52997, 0.93865], [-65.52285, 0.92209], [-65.51402, 0.92018], [-65.51236, 0.90772], [-65.50807, 0.90454], [-65.51179, 0.8925], [-65.50263, 0.88089], [-65.49759, 0.88073], [-65.49645, 0.87499], [-65.50228, 0.86992], [-65.50522, 0.86073], [-65.50169, 0.8523], [-65.50597, 0.84015], [-65.5044, 0.83542], [-65.50902, 0.83548], [-65.50857, 0.83159], [-65.51348, 0.82998], [-65.52175, 0.83124], [-65.52603, 0.82703], [-65.52625, 0.81593], [-65.53118, 0.81533], [-65.53189, 0.80377], [-65.5413, 0.80249], [-65.54287, 0.79505], [-65.54575, 0.79759], [-65.55077, 0.79464], [-65.54228, 0.78764], [-65.54692, 0.78237], [-65.54575, 0.77973], [-65.55195, 0.77422], [-65.56454, 0.773], [-65.56886, 0.76468], [-65.57489, 0.76325], [-65.57581, 0.74467], [-65.58387, 0.73635], [-65.59137, 0.72161], [-65.58497, 0.71465], [-65.57637, 0.71159], [-65.57109, 0.6927], [-65.57271, 0.68327], [-65.56836, 0.68077], [-65.56849, 0.67288], [-65.56566, 0.66891], [-65.55634, 0.66917], [-65.5557, 0.65338], [-65.5428, 0.64659], [-65.52959, 0.66865], [-65.51701, 0.66738], [-65.51217, 0.67017], [-65.50579, 0.6676], [-65.49854, 0.67798], [-65.49372, 0.67654], [-65.48566, 0.68014], [-65.48424, 0.68554], [-65.46167, 0.68299], [-65.45484, 0.68507], [-65.4524, 0.69001], [-65.44623, 0.68799], [-65.44137, 0.70068], [-65.43436, 0.69948], [-65.4316, 0.70371], [-65.42553, 0.7047], [-65.42533, 0.72198], [-65.41999, 0.72289], [-65.4241, 0.7307], [-65.41017, 0.74219], [-65.417, 0.74378], [-65.41782, 0.75271], [-65.41428, 0.7499], [-65.41014, 0.75415], [-65.39981, 0.75126], [-65.39898, 0.75814], [-65.39086, 0.75902], [-65.39576, 0.76586], [-65.40058, 0.7666], [-65.40076, 0.7726], [-65.39534, 0.77435], [-65.40183, 0.77971], [-65.3995, 0.78271], [-65.40095, 0.78991], [-65.39686, 0.79219], [-65.4018, 0.79585], [-65.40495, 0.8071], [-65.41185, 0.81229], [-65.40859, 0.81573], [-65.41192, 0.82392], [-65.40617, 0.82421], [-65.40146, 0.81966], [-65.39658, 0.82163], [-65.39834, 0.83039], [-65.39604, 0.84027], [-65.38265, 0.84548], [-65.38306, 0.85029], [-65.37928, 0.84696], [-65.37517, 0.84913], [-65.37784, 0.85544], [-65.37358, 0.85739], [-65.37171, 0.86475], [-65.36589, 0.86324], [-65.36098, 0.86732], [-65.35612, 0.86494], [-65.35314, 0.87393], [-65.35788, 0.88017], [-65.35537, 0.88585], [-65.35183, 0.88397], [-65.34558, 0.89022], [-65.34436, 0.89894], [-65.34051, 0.89937], [-65.34159, 0.90577], [-65.3373, 0.90621], [-65.33273, 0.9233], [-65.32802, 0.92034], [-65.31772, 0.92053], [-65.31949, 0.92851], [-65.30433, 0.94134], [-65.29821, 0.93846], [-65.28797, 0.94067], [-65.29061, 0.93606], [-65.28577, 0.93351], [-65.27128, 0.94038], [-65.26786, 0.93114], [-65.27129, 0.92425], [-65.26308, 0.9211], [-65.25944, 0.92434], [-65.25092, 0.91745], [-65.23281, 0.92808], [-65.22484, 0.92668], [-65.22054, 0.92966], [-65.2122, 0.92598], [-65.21191, 0.90697], [-65.21496, 0.90546], [-65.21267, 0.90257], [-65.20286, 0.90785], [-65.17452, 0.94136], [-65.16996, 0.9542], [-65.16975, 0.97241], [-65.16148, 0.98132], [-65.16173, 0.99704], [-65.15903, 1.00071], [-65.15544, 0.99929], [-65.14926, 1.00248], [-65.15219, 1.01125], [-65.16293, 1.00626], [-65.17529, 1.01576], [-65.17271, 1.0235], [-65.1648, 1.02836], [-65.16056, 1.04705], [-65.15636, 1.05045], [-65.15832, 1.05414], [-65.15526, 1.07319], [-65.15951, 1.08406], [-65.155, 1.08519], [-65.15257, 1.09914], [-65.15481, 1.10316], [-65.15184, 1.10874], [-65.15522, 1.11652], [-65.16019, 1.11693], [-65.16043, 1.1221], [-65.14594, 1.12387], [-65.14398, 1.12691], [-65.13125, 1.1212], [-65.13036, 1.12922], [-65.12208, 1.13644], [-65.12164, 1.14429], [-65.11741, 1.14376], [-65.10604, 1.15583], [-65.08769, 1.141], [-65.08661, 1.14442], [-65.07952, 1.14605], [-65.07242, 1.15233], [-65.06896, 1.14955], [-65.06975, 1.14437], [-65.06214, 1.1429], [-65.05954, 1.13076], [-65.06431, 1.12726], [-65.06258, 1.12322], [-65.06616, 1.11857], [-65.06258, 1.11108], [-65.05629, 1.11228], [-65.05235, 1.11748], [-65.04768, 1.11428], [-65.0433, 1.11657], [-65.03536, 1.11481], [-65.03154, 1.11795], [-65.02549, 1.11456], [-65.02162, 1.10608], [-65.01272, 1.10911], [-65.00555, 1.12958], [-64.99166, 1.13839], [-64.98482, 1.15692], [-64.97675, 1.16054], [-64.97418, 1.17144], [-64.96731, 1.17955], [-64.97392, 1.19269], [-64.96527, 1.19735], [-64.96381, 1.20665], [-64.95595, 1.21598], [-64.94651, 1.22204], [-64.93895, 1.21262], [-64.93172, 1.20941], [-64.92793, 1.21094], [-64.92576, 1.21738], [-64.91485, 1.22199], [-64.91323, 1.23368], [-64.90626, 1.23559], [-64.90395, 1.25135], [-64.889, 1.24666], [-64.88143, 1.22431], [-64.87246, 1.22302], [-64.8627, 1.23147], [-64.85814, 1.25217], [-64.84999, 1.26149], [-64.84374, 1.26364], [-64.84344, 1.27896], [-64.82166, 1.29233], [-64.80133, 1.31407], [-64.79382, 1.29912], [-64.78865, 1.3001], [-64.78413, 1.29202], [-64.78455, 1.27914], [-64.79038, 1.27364], [-64.78586, 1.2632], [-64.77492, 1.25432], [-64.75681, 1.22785], [-64.75019, 1.22491], [-64.74353, 1.22628], [-64.73992, 1.23327], [-64.73193, 1.23343], [-64.719, 1.24119], [-64.71958, 1.24922], [-64.71208, 1.25229], [-64.7098, 1.26563], [-64.70065, 1.28014], [-64.67597, 1.28521], [-64.66104, 1.29643], [-64.65823, 1.29318], [-64.65023, 1.29749], [-64.62891, 1.32203], [-64.61041, 1.33301], [-64.60738, 1.3387], [-64.58959, 1.33601], [-64.5772, 1.34056], [-64.57915, 1.34425], [-64.57491, 1.35458], [-64.58068, 1.35999], [-64.577, 1.37137], [-64.57861, 1.37723], [-64.57307, 1.38146], [-64.56716, 1.3965], [-64.55997, 1.40163], [-64.55759, 1.41334], [-64.54919, 1.41313], [-64.54561, 1.41633], [-64.53747, 1.41496], [-64.52679, 1.42834], [-64.52534, 1.44209], [-64.51127, 1.43522], [-64.5001, 1.44348], [-64.49856, 1.44808], [-64.49231, 1.44784], [-64.48474, 1.45466], [-64.48283, 1.46239], [-64.47001, 1.46885], [-64.46645, 1.47489], [-64.45061, 1.47872], [-64.44674, 1.47067], [-64.43268, 1.47226], [-64.42528, 1.48022], [-64.42244, 1.49003], [-64.41035, 1.50104], [-64.40874, 1.51305], [-64.3909, 1.52963], [-64.38165, 1.51875], [-64.37873, 1.52424], [-64.36976, 1.5248], [-64.36301, 1.51938], [-64.35182, 1.52059], [-64.34697, 1.51771], [-64.34789, 1.49488], [-64.35745, 1.48174], [-64.37293, 1.47196], [-64.37774, 1.46345], [-64.37655, 1.45765], [-64.37244, 1.45689], [-64.37261, 1.45138], [-64.38204, 1.44344], [-64.3894, 1.44446], [-64.38863, 1.43976], [-64.39284, 1.4344], [-64.38975, 1.43039], [-64.39115, 1.426], [-64.40153, 1.42001], [-64.40174, 1.41152], [-64.40834, 1.40908], [-64.40986, 1.403], [-64.40059, 1.39893], [-64.38923, 1.38598], [-64.38054, 1.39264], [-64.37604, 1.39065], [-64.37698, 1.38438], [-64.36843, 1.38474], [-64.35487, 1.37955], [-64.3569, 1.3751], [-64.35316, 1.37521], [-64.34475, 1.36346], [-64.33777, 1.36123], [-64.33565, 1.3702], [-64.34328, 1.37547], [-64.34021, 1.37831], [-64.34303, 1.38154], [-64.33274, 1.39265], [-64.32488, 1.39589], [-64.327, 1.40102], [-64.32145, 1.40665], [-64.3277, 1.42099], [-64.32291, 1.4296], [-64.32332, 1.43804], [-64.31489, 1.43759], [-64.31358, 1.44686], [-64.309, 1.44871], [-64.31124, 1.45333], [-64.30403, 1.45602], [-64.30155, 1.46414], [-64.2901, 1.46948], [-64.2845, 1.47759], [-64.27732, 1.47417], [-64.27478, 1.48279], [-64.26499, 1.48216], [-64.26059, 1.50227], [-64.25534, 1.49765], [-64.24002, 1.5076], [-64.21635, 1.5066], [-64.20578, 1.51781], [-64.19731, 1.51997], [-64.19231, 1.52975], [-64.1964, 1.53536], [-64.1921, 1.5466], [-64.17302, 1.56682], [-64.17323, 1.57239], [-64.16827, 1.57958], [-64.15344, 1.57301], [-64.14931, 1.58042], [-64.13143, 1.57634], [-64.12544, 1.57845], [-64.12247, 1.58473], [-64.11477, 1.58869], [-64.11074, 1.60777], [-64.0989, 1.61003], [-64.08677, 1.64427], [-64.07497, 1.65073], [-64.06537, 1.67629], [-64.06923, 1.69064], [-64.06122, 1.70139], [-64.07332, 1.72364], [-64.06408, 1.73314], [-64.0661, 1.74411], [-64.0772, 1.7487], [-64.08018, 1.75586], [-64.07301, 1.75971], [-64.07235, 1.76472], [-64.06596, 1.76858], [-64.05971, 1.78066], [-64.0622, 1.79508], [-64.05897, 1.80379], [-64.05128, 1.80789], [-64.04992, 1.81848], [-64.05023, 1.82744], [-64.057, 1.82783], [-64.05564, 1.8358], [-64.06605, 1.8445], [-64.06943, 1.85242], [-64.06624, 1.85373], [-64.06481, 1.86805], [-64.06174, 1.86923], [-64.05782, 1.87967], [-64.06259, 1.90075], [-64.05712, 1.90259], [-64.06021, 1.90591], [-64.05655, 1.91054], [-64.06278, 1.91457], [-64.05878, 1.92002], [-64.06111, 1.92448], [-64.05019, 1.93396], [-64.04454, 1.93482], [-64.03595, 1.94604], [-64.03077, 1.94291], [-64.02077, 1.94723], [-64.01401, 1.9543], [-64.01698, 1.95756], [-64.00518, 1.9617], [-64.00206, 1.97229], [-63.99339, 1.97605], [-63.99245, 1.98238], [-63.98557, 1.97779], [-63.97194, 1.99127], [-63.96443, 1.98968], [-63.95758, 1.99324], [-63.94473, 1.98376], [-63.9434, 1.98722], [-63.93858, 1.98823], [-63.94011, 1.99095], [-63.93654, 1.99113], [-63.93644, 1.98744], [-63.93085, 1.98308], [-63.92739, 1.98505], [-63.92137, 1.98187], [-63.92052, 1.98463], [-63.90832, 1.98531], [-63.90317, 1.99341], [-63.89279, 1.98923], [-63.89074, 1.98258], [-63.8837, 1.98315], [-63.8727, 1.97622], [-63.86483, 1.97583], [-63.85848, 1.98088], [-63.85761, 1.97371], [-63.85198, 1.97535], [-63.84788, 1.96385], [-63.83944, 1.96151], [-63.8387, 1.96752], [-63.83206, 1.96754], [-63.83134, 1.9793], [-63.82318, 1.9849], [-63.8247, 1.99392], [-63.81883, 1.99409], [-63.80884, 1.98722], [-63.80577, 1.99], [-63.80032, 1.98879], [-63.79023, 1.9808], [-63.78102, 1.98266], [-63.77555, 1.99787], [-63.77043, 1.99756], [-63.76399, 2.00552], [-63.75919, 1.99881], [-63.74958, 1.99503], [-63.7486, 2.00205], [-63.74051, 2.00133], [-63.74363, 2.01125], [-63.74016, 2.01813], [-63.73307, 2.018], [-63.72983, 2.02883], [-63.72557, 2.02899], [-63.71303, 2.04037], [-63.7054, 2.04049], [-63.70037, 2.04891], [-63.69726, 2.0446], [-63.69131, 2.04408], [-63.68665, 2.03725], [-63.69086, 2.02076], [-63.67889, 2.02245], [-63.6704, 2.01825], [-63.66426, 2.01908], [-63.66064, 2.02341], [-63.66199, 2.04081], [-63.65942, 2.04317], [-63.66337, 2.04973], [-63.66348, 2.05892], [-63.65957, 2.06587], [-63.66185, 2.06739], [-63.65439, 2.07127], [-63.64433, 2.06786], [-63.64137, 2.07109], [-63.63763, 2.06948], [-63.63689, 2.07337], [-63.63272, 2.07199], [-63.63021, 2.07775], [-63.63325, 2.07956], [-63.63293, 2.08595], [-63.61691, 2.09428], [-63.61636, 2.09894], [-63.62034, 2.10055], [-63.62023, 2.10366], [-63.61433, 2.10908], [-63.60823, 2.10722], [-63.59367, 2.12267], [-63.58215, 2.1173], [-63.57732, 2.12367], [-63.57021, 2.12097], [-63.56407, 2.13305], [-63.55475, 2.13209], [-63.55232, 2.12894], [-63.54717, 2.13448], [-63.5439, 2.12871], [-63.53427, 2.13157], [-63.52407, 2.12152], [-63.51651, 2.12268], [-63.5116, 2.11233], [-63.5073, 2.11058], [-63.50083, 2.11577], [-63.49267, 2.11448], [-63.48646, 2.12152], [-63.47521, 2.12378], [-63.47653, 2.13276], [-63.47361, 2.14155], [-63.46503, 2.13948], [-63.46236, 2.13395], [-63.44845, 2.12616], [-63.43743, 2.12376], [-63.43285, 2.12652], [-63.43339, 2.13046], [-63.42969, 2.12986], [-63.4309, 2.13515], [-63.42728, 2.13829], [-63.42624, 2.13271], [-63.42064, 2.13124], [-63.414, 2.13921], [-63.41056, 2.13782], [-63.40409, 2.14667], [-63.39268, 2.14889], [-63.39576, 2.15723], [-63.39494, 2.17443], [-63.38949, 2.18343], [-63.39762, 2.18822], [-63.39998, 2.20199], [-63.38524, 2.20242], [-63.3813, 2.20822], [-63.37503, 2.20806], [-63.37162, 2.21157], [-63.37608, 2.21629], [-63.37428, 2.22135], [-63.3822, 2.22766], [-63.3772, 2.23185], [-63.37378, 2.24158], [-63.36721, 2.24233], [-63.36985, 2.249], [-63.36693, 2.26191], [-63.36037, 2.26954], [-63.36121, 2.27828], [-63.36491, 2.28017], [-63.36802, 2.28946], [-63.36063, 2.30109], [-63.36726, 2.31575], [-63.36258, 2.31845], [-63.3608, 2.32617], [-63.36831, 2.33592], [-63.37632, 2.3404], [-63.37653, 2.35589], [-63.37544, 2.36175], [-63.36968, 2.36236], [-63.35511, 2.38467], [-63.3561, 2.38818], [-63.36112, 2.38697], [-63.36509, 2.39252], [-63.36709, 2.41251], [-63.37186, 2.41714], [-63.37272, 2.42598], [-63.38193, 2.42644], [-63.38716, 2.43152], [-63.38992, 2.42537], [-63.39423, 2.42928], [-63.40081, 2.42951], [-63.40232, 2.434], [-63.40641, 2.4353], [-63.40576, 2.44059], [-63.41024, 2.43967], [-63.41276, 2.44263], [-63.41061, 2.44525], [-63.41339, 2.45273], [-63.41838, 2.45233], [-63.42235, 2.44444], [-63.42721, 2.44691], [-63.43519, 2.44253], [-63.43547, 2.43599], [-63.44156, 2.42942], [-63.44151, 2.41766], [-63.4479, 2.41146], [-63.45203, 2.41414], [-63.45532, 2.41251], [-63.45585, 2.40253], [-63.46421, 2.40135], [-63.47249, 2.41374], [-63.47092, 2.42255], [-63.47578, 2.42408], [-63.48047, 2.43366], [-63.48818, 2.42762], [-63.48788, 2.43611], [-63.49436, 2.43676], [-63.49865, 2.42653], [-63.50519, 2.42396], [-63.51427, 2.42523], [-63.51869, 2.42082], [-63.52763, 2.42124], [-63.53575, 2.42742], [-63.53912, 2.42532], [-63.5468, 2.42766], [-63.55505, 2.42149], [-63.55611, 2.42751], [-63.5528, 2.42952], [-63.55534, 2.44709], [-63.56734, 2.43559], [-63.56738, 2.44231], [-63.57265, 2.44692], [-63.58238, 2.45209], [-63.59055, 2.45226], [-63.59256, 2.45627], [-63.60152, 2.45694], [-63.60407, 2.44882], [-63.61208, 2.44856], [-63.61401, 2.44371], [-63.61948, 2.44204], [-63.62225, 2.44765], [-63.62614, 2.44735], [-63.63382, 2.43976], [-63.63954, 2.44599], [-63.64568, 2.44652], [-63.6537, 2.43921], [-63.65917, 2.44359], [-63.66449, 2.44059], [-63.66869, 2.44526], [-63.6824, 2.44219], [-63.68894, 2.44666], [-63.69095, 2.45769], [-63.70155, 2.459], [-63.7114, 2.45381], [-63.71224, 2.44909], [-63.719, 2.44372], [-63.72526, 2.45133], [-63.73264, 2.45372], [-63.73617, 2.45221], [-63.73627, 2.44645], [-63.74856, 2.44097], [-63.75896, 2.44668], [-63.76756, 2.44169], [-63.77379, 2.44638], [-63.77427, 2.45311], [-63.78133, 2.45667], [-63.787, 2.45537], [-63.79146, 2.46156], [-63.79453, 2.45994], [-63.79807, 2.46325], [-63.79778, 2.47079], [-63.80382, 2.47134], [-63.80618, 2.47578], [-63.81331, 2.47579], [-63.81693, 2.48596], [-63.82344, 2.48721], [-63.82456, 2.49089], [-63.82927, 2.48682], [-63.83643, 2.48622], [-63.84546, 2.49558], [-63.87398, 2.48117], [-63.8815, 2.46965], [-63.89233, 2.46577], [-63.91109, 2.47321], [-63.92661, 2.47169], [-63.92711, 2.46542], [-63.93589, 2.45656], [-63.94001, 2.46305], [-63.95534, 2.45978], [-63.96126, 2.47388], [-63.97658, 2.4656], [-63.99832, 2.47578], [-64.00057, 2.47982], [-64.00853, 2.48094], [-64.01422, 2.47767], [-64.01891, 2.46392], [-64.02355, 2.4648], [-64.02806, 2.47477], [-64.03223, 2.47247], [-64.03286, 2.48282], [-64.03974, 2.4854], [-64.04287, 2.49587], [-64.05568, 2.49663], [-64.06034, 2.50044], [-64.06098, 2.50589], [-64.04552, 2.52814], [-64.04434, 2.53585], [-64.04903, 2.54915], [-64.04453, 2.55438], [-64.04932, 2.56707], [-64.04506, 2.57777], [-64.03765, 2.57992], [-64.03369, 2.57491], [-64.02793, 2.57742], [-64.02695, 2.59233], [-64.01918, 2.59402], [-64.01828, 2.59842], [-64.0103, 2.6049], [-64.01237, 2.61789], [-64.00766, 2.62234], [-64.00823, 2.62678], [-63.99733, 2.63225], [-63.99075, 2.64637], [-63.98653, 2.64818], [-63.98753, 2.66166], [-63.99147, 2.66961], [-63.98681, 2.68732], [-63.99743, 2.6909], [-64.00102, 2.69932], [-64.00832, 2.706], [-64.00698, 2.70941], [-63.99672, 2.71109], [-63.9958, 2.71513], [-63.98728, 2.7161], [-63.98868, 2.73258], [-64.00397, 2.73817], [-64.00535, 2.75997], [-63.9994, 2.76116], [-63.99764, 2.76857], [-64.01734, 2.77683], [-64.01437, 2.78589], [-64.01962, 2.79619], [-64.01521, 2.81147], [-64.02092, 2.81518], [-64.02065, 2.81983], [-64.02526, 2.82494], [-64.03343, 2.82611], [-64.03375, 2.83065], [-64.04291, 2.82956], [-64.04189, 2.83512], [-64.05603, 2.86129], [-64.06144, 2.86384], [-64.06338, 2.86908], [-64.07392, 2.87048], [-64.08024, 2.87585], [-64.07942, 2.88192], [-64.06691, 2.8914], [-64.07096, 2.90265], [-64.07778, 2.90272], [-64.07052, 2.91657], [-64.07129, 2.92419], [-64.07729, 2.92378], [-64.08421, 2.9278], [-64.0844, 2.9313], [-64.09234, 2.93229], [-64.09889, 2.95014], [-64.10806, 2.95422], [-64.10914, 2.96385], [-64.10368, 2.97388], [-64.10744, 2.97914], [-64.11641, 2.97869], [-64.1183, 2.9856], [-64.12319, 2.98814], [-64.12671, 2.98504], [-64.13538, 2.98638], [-64.13786, 2.9922], [-64.14455, 2.98586], [-64.16105, 2.98489], [-64.15914, 2.99726], [-64.1471, 3.01056], [-64.14925, 3.01773], [-64.14572, 3.01945], [-64.14458, 3.02573], [-64.14945, 3.03257], [-64.14821, 3.03803], [-64.15619, 3.04], [-64.15851, 3.0476], [-64.16283, 3.04971], [-64.17871, 3.05122], [-64.1753, 3.06555], [-64.18576, 3.06621], [-64.19875, 3.08162], [-64.20691, 3.08142], [-64.21373, 3.09034], [-64.21894, 3.09071], [-64.21585, 3.10106], [-64.21947, 3.10534], [-64.2187, 3.11371], [-64.23029, 3.13788], [-64.2294, 3.14099], [-64.22323, 3.14062], [-64.22338, 3.14722], [-64.21885, 3.15434], [-64.21111, 3.15453], [-64.20057, 3.16314], [-64.19248, 3.15945], [-64.18143, 3.16513], [-64.16958, 3.2016], [-64.15873, 3.20694], [-64.15637, 3.21357], [-64.15393, 3.22725], [-64.15841, 3.24485], [-64.15221, 3.24766], [-64.1524, 3.25429], [-64.14463, 3.26121], [-64.14482, 3.26445], [-64.13872, 3.26703], [-64.137, 3.27233], [-64.11726, 3.27842], [-64.11724, 3.28596], [-64.12345, 3.29163], [-64.11562, 3.31365], [-64.11917, 3.32114], [-64.11493, 3.3347], [-64.12134, 3.33929], [-64.12565, 3.33872], [-64.12738, 3.34593], [-64.1337, 3.34519], [-64.13591, 3.35109], [-64.13291, 3.36374], [-64.13985, 3.3651], [-64.14519, 3.36162], [-64.14783, 3.37181], [-64.14736, 3.3814], [-64.13999, 3.38346], [-64.14198, 3.38952], [-64.13631, 3.38919], [-64.1351, 3.39342], [-64.12735, 3.39416], [-64.12147, 3.40328], [-64.12223, 3.41505], [-64.11693, 3.42174], [-64.12352, 3.43068], [-64.12288, 3.43816], [-64.12734, 3.43908], [-64.12916, 3.44677], [-64.12298, 3.4484], [-64.12532, 3.45283], [-64.11802, 3.46904], [-64.12792, 3.4724], [-64.13062, 3.47635], [-64.12872, 3.48297], [-64.13346, 3.48818], [-64.14166, 3.48473], [-64.14944, 3.49471], [-64.15194, 3.49013], [-64.15852, 3.49161], [-64.16313, 3.49706], [-64.16197, 3.50289], [-64.17697, 3.50381], [-64.17829, 3.5067], [-64.17505, 3.50893], [-64.17884, 3.51492], [-64.17782, 3.52196], [-64.19255, 3.52345], [-64.17366, 3.53792], [-64.17012, 3.54922], [-64.17163, 3.5561], [-64.17558, 3.55626], [-64.17828, 3.56538], [-64.18621, 3.56967], [-64.18524, 3.57786], [-64.18833, 3.58318], [-64.19278, 3.57815], [-64.19833, 3.57833], [-64.2001, 3.58342], [-64.196, 3.59655], [-64.19909, 3.60162], [-64.20409, 3.60478], [-64.20909, 3.60162], [-64.22141, 3.60962], [-64.21794, 3.61603], [-64.22508, 3.61791], [-64.22312, 3.62631], [-64.2261, 3.63109], [-64.23766, 3.6318], [-64.23943, 3.62705], [-64.24381, 3.62578], [-64.24335, 3.62009], [-64.24861, 3.62013], [-64.24637, 3.63232], [-64.23869, 3.63516], [-64.23668, 3.64437], [-64.23382, 3.64523], [-64.24425, 3.66059], [-64.25057, 3.6632], [-64.24932, 3.65782], [-64.26475, 3.65047], [-64.27077, 3.65325], [-64.27442, 3.65029], [-64.28224, 3.65138], [-64.28666, 3.65585], [-64.29369, 3.65362], [-64.30912, 3.66887], [-64.30814, 3.67208], [-64.30255, 3.6734], [-64.30213, 3.68292], [-64.31828, 3.7135], [-64.33435, 3.70752], [-64.33448, 3.71209], [-64.33928, 3.71436], [-64.33926, 3.7197], [-64.34409, 3.72151], [-64.34621, 3.72959], [-64.35387, 3.73075], [-64.36417, 3.74682], [-64.37034, 3.74672], [-64.37701, 3.75314], [-64.38414, 3.75413], [-64.39209, 3.76592], [-64.40659, 3.76712], [-64.41377, 3.77785], [-64.42705, 3.77724], [-64.43861, 3.77249], [-64.44627, 3.77934], [-64.45698, 3.78217], [-64.46399, 3.79985], [-64.46302, 3.80699], [-64.47422, 3.83048], [-64.48552, 3.82019], [-64.50207, 3.82559], [-64.49896, 3.83476], [-64.51147, 3.8383], [-64.51513, 3.84869], [-64.52145, 3.84947], [-64.52552, 3.85382], [-64.52117, 3.86056], [-64.53102, 3.86957], [-64.5343, 3.87833], [-64.55091, 3.88662], [-64.56591, 3.89999], [-64.55082, 3.92538], [-64.55626, 3.92749], [-64.5633, 3.92512], [-64.56693, 3.93324], [-64.57856, 3.93587], [-64.58079, 3.94115], [-64.5884, 3.93934], [-64.58533, 3.94828], [-64.59515, 3.96174], [-64.60282, 3.96283], [-64.61086, 3.97117], [-64.61529, 3.9679], [-64.6195, 3.97135], [-64.6275, 3.96981], [-64.64041, 3.97741], [-64.64643, 3.99509], [-64.67132, 3.99066], [-64.67184, 3.99575], [-64.68139, 4.00631], [-64.68032, 4.01263], [-64.68699, 4.01534], [-64.69035, 4.01064], [-64.70088, 4.00692], [-64.70515, 4.01365], [-64.70562, 4.0269], [-64.71422, 4.02967], [-64.71536, 4.03294], [-64.7345, 4.02272], [-64.73899, 4.0377], [-64.74729, 4.04567], [-64.75889, 4.04593], [-64.76618, 4.05341], [-64.77268, 4.05364], [-64.77284, 4.05711], [-64.76209, 4.06141], [-64.77236, 4.07395], [-64.76821, 4.08236], [-64.77272, 4.09753], [-64.7675, 4.10941], [-64.77997, 4.12403], [-64.7769, 4.13054], [-64.77739, 4.14127], [-64.78487, 4.14745], [-64.78483, 4.15336], [-64.79683, 4.15263], [-64.80216, 4.16817], [-64.79283, 4.18318], [-64.80225, 4.1839], [-64.80568, 4.18759], [-64.80833, 4.19325], [-64.80435, 4.20021], [-64.8216, 4.19486], [-64.82559, 4.20612], [-64.82381, 4.21692], [-64.82691, 4.21993], [-64.82492, 4.22628], [-64.82002, 4.22868], [-64.82613, 4.23323], [-64.81499, 4.24284], [-64.8161, 4.24882], [-64.80969, 4.24975], [-64.8059, 4.25634], [-64.81223, 4.26843], [-64.79303, 4.27675], [-64.79054, 4.29116], [-64.78752, 4.2883], [-64.78217, 4.2912], [-64.77742, 4.28789], [-64.77481, 4.27988], [-64.7675, 4.27791], [-64.75814, 4.28045], [-64.75569, 4.27388], [-64.74334, 4.27237], [-64.73653, 4.28039], [-64.73286, 4.2769], [-64.72664, 4.26588], [-64.7244, 4.2548], [-64.72715, 4.24923], [-64.71518, 4.24311], [-64.70989, 4.23081], [-64.70696, 4.20902], [-64.69801, 4.20398], [-64.68873, 4.20429], [-64.68829, 4.19259], [-64.67851, 4.19089], [-64.67931, 4.18272], [-64.67006, 4.17762], [-64.66254, 4.16438], [-64.64745, 4.15492], [-64.63851, 4.15867], [-64.64068, 4.15285], [-64.63465, 4.14615], [-64.63718, 4.13862], [-64.63289, 4.13534], [-64.63529, 4.12457], [-64.62985, 4.11521], [-64.6183, 4.1161], [-64.61047, 4.11067], [-64.6024, 4.11412], [-64.59101, 4.10848], [-64.58913, 4.11369], [-64.58518, 4.11499], [-64.57895, 4.11284], [-64.57614, 4.10559], [-64.56378, 4.10073], [-64.54772, 4.11007], [-64.54415, 4.1041], [-64.53168, 4.11769], [-64.51982, 4.11862], [-64.51625, 4.11082], [-64.50179, 4.10567], [-64.49297, 4.11336], [-64.48977, 4.11033], [-64.48708, 4.11174], [-64.49023, 4.13234], [-64.48316, 4.13121], [-64.47404, 4.13985], [-64.46885, 4.13318], [-64.46042, 4.13261], [-64.45329, 4.128], [-64.45321, 4.12055], [-64.43898, 4.11536], [-64.43399, 4.11696], [-64.43091, 4.12854], [-64.42599, 4.13124], [-64.42126, 4.14383], [-64.41034, 4.13366], [-64.39212, 4.13718], [-64.3794, 4.13358], [-64.37938, 4.14314], [-64.36587, 4.14328], [-64.36527, 4.13935], [-64.36111, 4.13752], [-64.35299, 4.1453], [-64.34665, 4.14368], [-64.33943, 4.14645], [-64.33547, 4.13381], [-64.32901, 4.13748], [-64.31959, 4.12968], [-64.31897, 4.12584], [-64.30916, 4.12268], [-64.30348, 4.13341], [-64.30726, 4.13925], [-64.29511, 4.16117], [-64.2754, 4.15056], [-64.26243, 4.1493], [-64.26518, 4.14096], [-64.27476, 4.13598], [-64.25416, 4.12727], [-64.24827, 4.11866], [-64.23543, 4.11693], [-64.22718, 4.12321], [-64.21984, 4.12188], [-64.19052, 4.10362], [-64.18465, 4.10273], [-64.17681, 4.09419], [-64.16911, 4.09593], [-64.16328, 4.09249], [-64.16094, 4.10043], [-64.155, 4.096], [-64.1469, 4.09676], [-64.14271, 4.10013], [-64.14162, 4.10672], [-64.1359, 4.10709], [-64.12132, 4.07164], [-64.10575, 4.06881], [-64.10662, 4.06231], [-64.09895, 4.06129], [-64.10008, 4.04988], [-64.09624, 4.04199], [-64.0865, 4.02956], [-64.07277, 4.0208], [-64.07117, 4.00741], [-64.06036, 3.99518], [-64.05335, 3.97594], [-64.04497, 3.9674], [-64.03554, 3.97696], [-64.02337, 3.97577], [-64.019, 3.97154], [-64.01603, 3.95552], [-64.00862, 3.94633], [-64.01077, 3.93943], [-64.0086, 3.93224], [-64.00405, 3.93081], [-64.0, 3.92263], [-63.99631, 3.90396], [-63.98607, 3.89724], [-63.98132, 3.89991], [-63.97633, 3.89818], [-63.97372, 3.8871], [-63.96812, 3.88108], [-63.96624, 3.86955], [-63.96163, 3.87627], [-63.95462, 3.87871], [-63.95865, 3.88173], [-63.95757, 3.8855], [-63.93914, 3.90089], [-63.93258, 3.92213], [-63.92016, 3.92874], [-63.91783, 3.93356], [-63.90664, 3.93895], [-63.89684, 3.92914], [-63.88567, 3.93479], [-63.88159, 3.929], [-63.88093, 3.9351], [-63.87474, 3.93691], [-63.87048, 3.93431], [-63.86561, 3.94578], [-63.8608, 3.94742], [-63.84962, 3.94834], [-63.82929, 3.93979], [-63.81792, 3.93738], [-63.81058, 3.93934], [-63.8005, 3.93385], [-63.77846, 3.93451], [-63.7723, 3.93908], [-63.76431, 3.93732], [-63.76122, 3.94275], [-63.74374, 3.93461], [-63.73866, 3.92828], [-63.741, 3.91781], [-63.73635, 3.9142], [-63.72475, 3.91615], [-63.69292, 3.91176], [-63.68371, 3.90711], [-63.66599, 3.90994], [-63.65712, 3.93936], [-63.63776, 3.95651], [-63.64229, 3.96292], [-63.64371, 3.97804], [-63.64108, 3.98122], [-63.6186, 3.96245], [-63.59367, 3.92282], [-63.58612, 3.91737], [-63.58631, 3.9112], [-63.5909, 3.91123], [-63.59582, 3.90475], [-63.58201, 3.89893], [-63.57029, 3.88896], [-63.55783, 3.88755], [-63.55071, 3.86375], [-63.53802, 3.86549], [-63.5299, 3.8548], [-63.5203, 3.85493], [-63.5135, 3.84815], [-63.50312, 3.84944], [-63.49864, 3.84027], [-63.49782, 3.85215], [-63.50512, 3.85799], [-63.5046, 3.86481], [-63.50152, 3.87023], [-63.49377, 3.86946], [-63.49543, 3.8758], [-63.48431, 3.88469], [-63.47927, 3.88436], [-63.47217, 3.87196], [-63.4666, 3.87398], [-63.46333, 3.87168], [-63.46304, 3.86133], [-63.45124, 3.85873], [-63.43638, 3.87147], [-63.43364, 3.87992], [-63.43703, 3.88624], [-63.41513, 3.90157], [-63.41271, 3.91483], [-63.41884, 3.92352], [-63.41795, 3.9347], [-63.43179, 3.93741], [-63.45114, 3.95569], [-63.4507, 3.96089], [-63.44152, 3.96363], [-63.43366, 3.97314], [-63.42567, 3.97679], [-63.39232, 3.97912], [-63.36183, 3.96079], [-63.33386, 3.95269], [-63.32477, 3.93661], [-63.31887, 3.93222], [-63.31139, 3.93182], [-63.3099, 3.92503], [-63.30376, 3.92115], [-63.2921, 3.92015], [-63.2834, 3.92574], [-63.27713, 3.92066], [-63.27002, 3.92447], [-63.266, 3.92169], [-63.25191, 3.92422], [-63.24555, 3.91579], [-63.2372, 3.91459], [-63.2248, 3.91849], [-63.21788, 3.91732], [-63.21811, 3.91121], [-63.23386, 3.87902], [-63.22758, 3.87041], [-63.22608, 3.86097], [-63.22742, 3.83292], [-63.2194, 3.8316], [-63.20359, 3.81362], [-63.18678, 3.81655], [-63.16756, 3.805], [-63.15706, 3.80626], [-63.13804, 3.80151], [-63.12491, 3.80459], [-63.09951, 3.79396], [-63.08818, 3.77642], [-63.08875, 3.76997], [-63.07589, 3.76996], [-63.07684, 3.76396], [-63.07213, 3.75031], [-63.06397, 3.74705], [-63.05953, 3.74066], [-63.06387, 3.73439], [-63.06817, 3.71391], [-63.06453, 3.7072], [-63.06578, 3.70107], [-63.07693, 3.69505], [-63.07291, 3.6867], [-63.06014, 3.68222], [-63.04529, 3.67063], [-63.03292, 3.67057], [-63.02944, 3.66745], [-63.02727, 3.65207], [-62.99138, 3.61826], [-62.97272, 3.61331], [-62.96143, 3.61441], [-62.95945, 3.61143], [-62.95097, 3.61114], [-62.94322, 3.6222], [-62.92992, 3.63322], [-62.92044, 3.65426], [-62.9215, 3.67495], [-62.91426, 3.67553], [-62.90775, 3.6708], [-62.88922, 3.67895], [-62.88041, 3.69393], [-62.87101, 3.70279], [-62.85158, 3.71269], [-62.83731, 3.73721], [-62.79776, 3.72478], [-62.78434, 3.6983], [-62.75121, 3.67427], [-62.74428, 3.6742], [-62.74405, 3.68776], [-62.73594, 3.6921], [-62.73104, 3.70459], [-62.73229, 3.73824], [-62.74054, 3.75341], [-62.74033, 3.76682], [-62.73501, 3.77794], [-62.73672, 3.78894], [-62.72691, 3.80422], [-62.72831, 3.80758], [-62.74181, 3.8116], [-62.74869, 3.81854], [-62.75843, 3.82201], [-62.77409, 3.8353], [-62.77426, 3.83841], [-62.75655, 3.84584], [-62.75645, 3.85803], [-62.77629, 3.87466], [-62.77631, 3.88067], [-62.78914, 3.89374], [-62.78848, 3.90352], [-62.78264, 3.916], [-62.78357, 3.9334], [-62.77357, 3.9341], [-62.7627, 3.9412], [-62.74704, 3.97176], [-62.75056, 3.97982], [-62.76185, 3.98394], [-62.76811, 4.00681], [-62.76368, 4.01456], [-62.74967, 4.02155], [-62.75241, 4.02643], [-62.75055, 4.03352], [-62.7336, 4.03929], [-62.7114, 4.03528], [-62.70271, 4.03047], [-62.68994, 4.03199], [-62.6804, 4.03855], [-62.65952, 4.0348], [-62.65488, 4.04488], [-62.64414, 4.04988], [-62.63071, 4.04025], [-62.60867, 4.04389], [-62.60143, 4.03629], [-62.59374, 4.03503], [-62.58056, 4.0257], [-62.57998, 4.01854], [-62.57422, 4.01423], [-62.55714, 4.01617], [-62.55406, 4.02042], [-62.55904, 4.02329], [-62.56213, 4.03781], [-62.5479, 4.04496], [-62.53871, 4.04009], [-62.5332, 4.04916], [-62.54304, 4.06251], [-62.53995, 4.07897], [-62.54913, 4.07662], [-62.5569, 4.0794], [-62.54848, 4.09699], [-62.55043, 4.09926], [-62.54805, 4.11232], [-62.54301, 4.10875], [-62.53419, 4.11263], [-62.54161, 4.12304], [-62.53837, 4.13571], [-62.53498, 4.13616], [-62.52872, 4.12983], [-62.51023, 4.13034], [-62.50772, 4.13497], [-62.51105, 4.13971], [-62.50495, 4.14629], [-62.4864, 4.13468], [-62.47276, 4.13526], [-62.46322, 4.1411], [-62.46279, 4.15224], [-62.45711, 4.15853], [-62.46598, 4.16463], [-62.46577, 4.17589], [-62.46168, 4.17883], [-62.44879, 4.17511], [-62.44784, 4.17997], [-62.43543, 4.18365], [-62.40122, 4.17969], [-62.39652, 4.17449], [-62.38785, 4.17815], [-62.37077, 4.16436], [-62.36531, 4.16387], [-62.36299, 4.17166], [-62.35409, 4.16476], [-62.35043, 4.15132], [-62.33827, 4.14481], [-62.3357, 4.13761], [-62.33086, 4.13556], [-62.31826, 4.13941], [-62.3157, 4.13656], [-62.30081, 4.13662], [-62.29304, 4.14163], [-62.27746, 4.12978], [-62.2693, 4.13187], [-62.2481, 4.12698], [-62.24194, 4.11661], [-62.23464, 4.11889], [-62.22522, 4.11425], [-62.22078, 4.11533], [-62.21688, 4.11024], [-62.20422, 4.11042], [-62.19771, 4.11359], [-62.19309, 4.10957], [-62.18776, 4.09624], [-62.16547, 4.09011], [-62.14505, 4.07543], [-62.14141, 4.07703], [-62.13921, 4.08366], [-62.12694, 4.08479], [-62.12239, 4.08901], [-62.11803, 4.08696], [-62.11084, 4.09189], [-62.11796, 4.10542], [-62.1162, 4.11809], [-62.10328, 4.11538], [-62.0977, 4.12057], [-62.09813, 4.1278], [-62.08263, 4.12175], [-62.07176, 4.12388], [-62.0727, 4.15424], [-62.06674, 4.15773], [-62.05237, 4.13941], [-62.04238, 4.13249], [-62.03612, 4.12182], [-62.02383, 4.11761], [-62.02533, 4.10557], [-62.02136, 4.10343], [-62.02111, 4.09154], [-62.01466, 4.07336], [-62.01836, 4.07026], [-62.01606, 4.05424], [-62.03086, 4.03445], [-62.07166, 4.03814], [-62.09821, 4.03491], [-62.09863, 4.02825], [-62.09111, 4.02254], [-62.08849, 4.01215], [-62.09372, 4.01175], [-62.1002, 4.0016], [-62.08969, 3.98583], [-62.0928, 3.98061], [-62.08165, 3.97554], [-62.07471, 3.96536], [-62.09017, 3.94667], [-62.07845, 3.93463], [-62.07721, 3.92792], [-62.07124, 3.92667], [-62.06554, 3.91427], [-62.06553, 3.90582], [-62.07516, 3.88655], [-62.05263, 3.88683], [-62.05371, 3.88427], [-62.0499, 3.88237], [-62.04537, 3.87194], [-62.04672, 3.86647], [-62.04235, 3.86678], [-62.04122, 3.8618], [-62.03303, 3.85475], [-62.03554, 3.84838], [-62.03265, 3.84397], [-62.03522, 3.83933], [-62.03842, 3.84124], [-62.03692, 3.82781], [-62.06121, 3.80099], [-62.0632, 3.78031], [-62.0686, 3.76989], [-62.07501, 3.776], [-62.08039, 3.76977], [-62.08602, 3.77281], [-62.08724, 3.76665], [-62.09758, 3.76514], [-62.09804, 3.75571], [-62.10308, 3.75117], [-62.1096, 3.75141], [-62.14939, 3.69344], [-62.14949, 3.67912], [-62.17016, 3.65486], [-62.17533, 3.64401], [-62.18562, 3.63927], [-62.17838, 3.62388], [-62.18312, 3.61755], [-62.18244, 3.61202], [-62.20352, 3.60555], [-62.20686, 3.60715], [-62.22047, 3.59642], [-62.22814, 3.58355], [-62.23416, 3.58426], [-62.23543, 3.57979], [-62.24286, 3.58662], [-62.25089, 3.5854], [-62.25194, 3.58033], [-62.24673, 3.57314], [-62.25056, 3.57253], [-62.25053, 3.56801], [-62.25393, 3.56823], [-62.25283, 3.56054], [-62.24813, 3.55653], [-62.24991, 3.55095], [-62.24589, 3.54577], [-62.24631, 3.53965], [-62.24752, 3.53281], [-62.25538, 3.52639], [-62.2545, 3.52298], [-62.25802, 3.52239], [-62.25525, 3.51477], [-62.25735, 3.51587], [-62.25812, 3.51134], [-62.25435, 3.50269], [-62.24052, 3.50457], [-62.24058, 3.4996], [-62.22237, 3.49009], [-62.2226, 3.48582], [-62.21459, 3.47962], [-62.21889, 3.46849], [-62.21669, 3.46357], [-62.21349, 3.46316], [-62.21311, 3.46745], [-62.20179, 3.45692], [-62.19185, 3.45545], [-62.19163, 3.44964], [-62.1851, 3.44603], [-62.17531, 3.4473], [-62.17042, 3.44241], [-62.16321, 3.44775], [-62.15611, 3.43979], [-62.15569, 3.43269], [-62.1618, 3.43111], [-62.16249, 3.42681], [-62.17091, 3.42267], [-62.17302, 3.41311], [-62.18022, 3.4038], [-62.14287, 3.27386], [-62.13616, 3.26217], [-62.13732, 3.24958], [-62.12614, 3.24985], [-62.12484, 3.24705], [-62.12304, 3.24923], [-62.11192, 3.24057], [-62.09079, 3.24844], [-62.08895, 3.22855], [-62.08689, 3.23194], [-62.07599, 3.22998], [-62.07315, 3.23421], [-62.06563, 3.22238], [-62.05819, 3.22387], [-62.03522, 3.14629], [-62.0392, 3.14297], [-62.03956, 3.13206], [-61.97704, 3.06959], [-61.91621, 2.98549], [-61.91018, 2.9705], [-61.91779, 2.94703], [-61.9197, 2.92997], [-61.90706, 2.90762], [-61.90709, 2.87356], [-61.86845, 2.81591], [-61.86263, 2.75999], [-61.85615, 2.76009], [-61.84075, 2.74174], [-61.83971, 2.72916], [-61.8444, 2.71717], [-61.83747, 2.69859], [-61.83325, 2.69672], [-61.7928, 2.63271], [-61.8103, 2.55601], [-61.7811, 2.53451], [-61.7616, 2.50761], [-61.7586, 2.50651], [-61.7543, 2.50801], [-61.75205, 2.50706], [-61.75565, 2.49986], [-61.76643, 2.50083], [-61.77323, 2.48737], [-61.78659, 2.49131], [-61.78893, 2.48851], [-61.79217, 2.49182], [-61.79429, 2.48776], [-61.79628, 2.49257], [-61.79979, 2.49266], [-61.80041, 2.48941], [-61.80145, 2.49334], [-61.80405, 2.49054], [-61.81253, 2.49078], [-61.8109, 2.48906], [-61.81341, 2.48963], [-61.81485, 2.48558], [-61.82138, 2.48895], [-61.82344, 2.48553], [-61.8256, 2.48871], [-61.83019, 2.47642], [-61.83227, 2.47953], [-61.84223, 2.47724], [-61.8447, 2.46422], [-61.85426, 2.45939], [-61.85484, 2.45469], [-61.86285, 2.45249], [-61.8657, 2.4374], [-61.87241, 2.43753], [-61.86989, 2.43506], [-61.87579, 2.43157], [-61.87548, 2.42218], [-61.87853, 2.42224], [-61.87809, 2.41745], [-61.888, 2.41075], [-61.88628, 2.40766], [-61.8891, 2.40367], [-61.88672, 2.40261], [-61.89277, 2.39248], [-61.90531, 2.38794], [-61.91061, 2.38209], [-61.9111, 2.38474], [-61.91708, 2.38319], [-61.91547, 2.38035], [-61.91898, 2.37799], [-61.92883, 2.38154], [-61.93565, 2.37914], [-61.93647, 2.38187], [-61.939, 2.3749], [-61.94777, 2.37527], [-61.94958, 2.37269], [-61.95208, 2.37609], [-61.9564, 2.37497], [-61.95636, 2.38284], [-61.96038, 2.38668], [-61.96653, 2.38358], [-61.97108, 2.38535], [-61.9779, 2.37769], [-61.98214, 2.38171], [-61.99276, 2.3829], [-62.00003, 2.39064], [-62.00895, 2.39031], [-62.01318, 2.39468], [-62.01708, 2.39263], [-62.01849, 2.38434], [-62.02418, 2.38103], [-62.02406, 2.37383], [-62.03456, 2.35674], [-62.03437, 2.33305], [-62.02465, 2.31885], [-62.01818, 2.31468], [-62.02149, 2.30195], [-62.01712, 2.29261], [-62.04177, 2.16376], [-62.0208, 2.16128], [-62.022, 2.15191], [-62.01928, 2.14419], [-62.02388, 2.13616], [-62.01764, 2.12642], [-62.01031, 2.12443], [-62.00001, 2.10207], [-61.99249, 2.09646], [-61.98042, 2.0771], [-61.97436, 2.05239], [-61.94991, 2.04016], [-61.94728, 2.03513], [-61.92795, 2.04019], [-61.91505, 2.02607], [-61.9129, 2.01494], [-61.89366, 2.00219], [-61.88928, 2.00365], [-61.88229, 2.01346], [-61.8828, 2.011], [-61.8739, 2.00394], [-61.85173, 2.01824], [-61.84767, 2.01718], [-61.84577, 2.02115], [-61.82916, 2.02521], [-61.83044, 2.02914], [-61.82744, 2.03324], [-61.82152, 2.03307], [-61.7975, 2.04348], [-61.79097, 2.04088], [-61.79313, 2.03488], [-61.78461, 2.03492], [-61.78302, 2.02918], [-61.77114, 2.02358], [-61.76261, 2.02777], [-61.75749, 2.02667], [-61.74318, 2.04048], [-61.7325, 2.03664], [-61.72715, 2.03029], [-61.71779, 2.02817], [-61.71514, 2.02173], [-61.70892, 2.02309], [-61.70052, 2.03249], [-61.69916, 2.04618], [-61.69549, 2.04929], [-61.69196, 2.04194], [-61.68578, 2.04428], [-61.6705, 2.04247], [-61.66935, 2.03192], [-61.66489, 2.02797], [-61.6478, 2.0392], [-61.64473, 2.0323], [-61.63983, 2.03152], [-61.64067, 2.02565], [-61.63718, 2.02764], [-61.63228, 2.02314], [-61.62468, 2.0253], [-61.61536, 2.02287], [-61.60335, 2.03386], [-61.59964, 2.02342], [-61.58101, 2.01941], [-61.57986, 2.00729], [-61.5731, 2.00857], [-61.57233, 2.0123], [-61.57122, 2.01021], [-61.56888, 2.01952], [-61.56281, 2.01676], [-61.55987, 2.00811], [-61.55599, 2.00787], [-61.54576, 1.99769], [-61.54038, 1.99624], [-61.53428, 2.00308], [-61.528, 1.99754], [-61.51706, 1.99618], [-61.48799, 2.01161], [-61.47222, 2.01164], [-61.47962, 2.01673], [-61.47856, 2.01986], [-61.48141, 2.01904], [-61.48026, 2.0248], [-61.48371, 2.02513], [-61.47934, 2.03672], [-61.48954, 2.04259], [-61.4896, 2.05005], [-61.49435, 2.05841], [-61.48932, 2.07048], [-61.48929, 2.0841], [-61.49526, 2.09405], [-61.49897, 2.09486], [-61.48885, 2.10395], [-61.48996, 2.12562], [-61.47585, 2.14252], [-61.47667, 2.15508], [-61.48236, 2.15737], [-61.48203, 2.16267], [-61.49091, 2.17401], [-61.49334, 2.18392], [-61.50131, 2.18678], [-61.50042, 2.19159], [-61.5124, 2.21077], [-61.5081, 2.21824], [-61.50804, 2.22405], [-61.51123, 2.22637], [-61.50776, 2.22719], [-61.50749, 2.23321], [-61.35482, 2.17302], [-61.36525, 2.16176], [-61.36196, 2.15821], [-61.35729, 2.12022], [-61.34134, 2.0718], [-61.33601, 2.06533], [-61.33291, 2.04585], [-61.33684, 2.03612], [-61.33461, 2.02366], [-61.34102, 2.01563], [-61.35395, 2.01012], [-61.363, 1.9926], [-61.3872, 1.9785], [-61.3995, 1.9776], [-61.3914, 1.9567], [-61.3883, 1.9532], [-61.3834, 1.9542], [-61.3757, 1.94451], [-61.38923, 1.92329], [-61.39899, 1.91652], [-61.39887, 1.90426], [-61.40535, 1.88644], [-61.41108, 1.88521], [-61.4143, 1.87688], [-61.41781, 1.87619], [-61.4176, 1.87153], [-61.42568, 1.8739], [-61.42158, 1.86158], [-61.42601, 1.85994], [-61.42065, 1.84856], [-61.42162, 1.8406], [-61.42456, 1.84198], [-61.42052, 1.83901], [-61.42083, 1.82929], [-61.42823, 1.82828], [-61.42682, 1.8333], [-61.42946, 1.83397], [-61.43144, 1.82815], [-61.44064, 1.82872], [-61.4426, 1.82529], [-61.44365, 1.82865], [-61.448, 1.81939], [-61.44365, 1.81078], [-61.44625, 1.80083], [-61.44212, 1.7993], [-61.44621, 1.79742], [-61.44649, 1.78907], [-61.44035, 1.7853], [-61.43891, 1.78009], [-61.45035, 1.77881], [-61.44337, 1.77651], [-61.44531, 1.76914], [-61.56347, 1.75484], [-61.57068, 1.76583], [-61.56839, 1.79481], [-61.5788, 1.81942], [-61.68528, 1.75489], [-61.71955, 1.74066], [-61.77899, 1.71892], [-61.78932, 1.72384], [-61.80523, 1.71428], [-61.83393, 1.70925], [-61.83916, 1.70474], [-61.84696, 1.70367], [-61.85206, 1.70728], [-61.89919, 1.62884], [-61.90263, 1.6284], [-61.90866, 1.61017], [-61.90527, 1.60707], [-61.90605, 1.60115], [-61.91045, 1.60162], [-61.91314, 1.59496], [-61.91957, 1.59851], [-61.91633, 1.59011], [-61.9187, 1.58532], [-61.92534, 1.58914], [-61.92717, 1.5854], [-61.93207, 1.58516], [-61.924, 1.57446], [-61.93256, 1.55739], [-61.94121, 1.55161], [-61.9412, 1.54621], [-61.94632, 1.53964], [-61.96079, 1.53953], [-62.12198, 1.40015], [-62.12563, 1.38488], [-62.13785, 1.38136], [-62.14275, 1.39146], [-62.13801, 1.39484], [-62.13907, 1.39952], [-62.14638, 1.40552], [-62.15494, 1.40333], [-62.16832, 1.41101], [-62.17748, 1.40675], [-62.18238, 1.41168], [-62.19379, 1.40489], [-62.20333, 1.42117], [-62.22896, 1.41004], [-62.23443, 1.41358], [-62.22852, 1.36757], [-62.2238, 1.35904], [-62.22497, 1.33947], [-62.22128, 1.32965], [-62.21294, 1.32849], [-62.2027, 1.31562], [-62.20748, 1.31122], [-62.21729, 1.31002], [-62.22543, 1.30008], [-62.22344, 1.27148], [-62.2112, 1.25629], [-62.18678, 1.24456], [-62.18522, 1.23505], [-62.17364, 1.21323], [-62.17566, 1.19658], [-62.16784, 1.17675], [-62.17003, 1.1475], [-62.17404, 1.13441], [-62.17277, 1.09961], [-62.17745, 1.08642], [-62.18539, 1.07641], [-62.17855, 1.06954], [-62.17485, 1.07107], [-62.17723, 1.06147], [-62.18, 1.0608], [-62.18158, 1.06777], [-62.19022, 1.07288], [-62.19388, 1.0712], [-62.18966, 1.06713], [-62.19108, 1.05996], [-62.20193, 1.06403], [-62.20297, 1.06971], [-62.19615, 1.06832], [-62.19565, 1.07125], [-62.20869, 1.0754], [-62.20703, 1.08171], [-62.20978, 1.08295], [-62.21662, 1.07873], [-62.21962, 1.07263], [-62.22747, 1.07318], [-62.2291, 1.06633], [-62.22587, 1.05823], [-62.2357, 1.06165], [-62.23991, 1.05069], [-62.24396, 1.05905], [-62.2412, 1.0655], [-62.254, 1.07314], [-62.26113, 1.07144], [-62.26429, 1.06455], [-62.27051, 1.06947], [-62.27785, 1.0613], [-62.2831, 1.06416], [-62.28946, 1.06098], [-62.29493, 1.06241], [-62.31183, 1.07929], [-62.31371, 1.09982], [-62.32185, 1.09932], [-62.33681, 1.09214], [-62.34451, 1.09918], [-62.3546, 1.1017], [-62.3641, 1.11117], [-62.37124, 1.11038], [-62.37627, 1.09997], [-62.38024, 1.10101], [-62.38873, 1.108], [-62.38997, 1.11483], [-62.37663, 1.13219], [-62.37614, 1.14747], [-62.39664, 1.15326], [-62.39357, 1.15904], [-62.37849, 1.17057], [-62.39101, 1.18241], [-62.39919, 1.18396], [-62.41121, 1.19295], [-62.41533, 1.201], [-62.42244, 1.20119], [-62.42394, 1.21121], [-62.43217, 1.21694], [-62.44822, 1.24149], [-62.61526, 1.11941], [-62.61378, 1.11059], [-62.62779, 1.07369], [-62.64885, 1.05288], [-62.66706, 1.01411], [-62.66588, 1.0049], [-62.66951, 0.99663], [-62.66049, 0.99352], [-62.65469, 0.98743], [-62.63694, 0.95703], [-62.61589, 0.9446], [-62.61449, 0.9106], [-62.61855, 0.90256], [-62.631, 0.89243], [-62.63139, 0.88311], [-62.62389, 0.879], [-62.60958, 0.88702], [-62.59718, 0.86001], [-62.60166, 0.84872], [-62.597, 0.84808], [-62.58618, 0.85542], [-62.58523, 0.84904], [-62.59157, 0.84693], [-62.59156, 0.84241], [-62.6849, 0.81506], [-62.75622, 0.91447], [-62.76885, 0.88219], [-62.79192, 0.86376], [-62.79303, 0.87072], [-62.81298, 0.90766], [-62.83389, 0.92929], [-62.83942, 0.94632], [-62.85467, 0.97371], [-62.87035, 0.97984], [-62.89329, 0.99553], [-62.856, 1.0299], [-62.85855, 1.0381], [-62.87543, 1.05044], [-62.89071, 1.05047], [-62.91518, 1.06742], [-62.92251, 1.06713], [-62.93345, 1.05912], [-62.94246, 1.06759], [-62.94839, 1.08668], [-62.95533, 1.07574], [-62.96413, 1.07676], [-62.9702, 1.06798], [-62.98471, 1.06336], [-63.00223, 1.06629], [-63.01475, 1.07936], [-63.01892, 1.09732], [-63.0677, 1.15803], [-63.1287, 1.28161], [-63.13532, 1.28404], [-63.14436, 1.29695], [-63.16453, 1.29397], [-63.17525, 1.30975], [-63.18899, 1.30922], [-63.19968, 1.31315], [-63.21123, 1.32241], [-63.21954, 1.31368], [-63.23761, 1.31552], [-63.2515, 1.34053], [-63.25516, 1.33254], [-63.27098, 1.31769], [-63.32369, 1.28598], [-63.36506, 1.27466], [-63.4127, 1.26741], [-63.43457, 1.25191], [-63.47927, 1.23101], [-63.50052, 1.22878], [-63.49456, 1.22061], [-63.48365, 1.18312], [-63.4916, 1.15591], [-63.49241, 1.09442], [-63.50852, 1.08467], [-63.54087, 1.07768], [-63.5533, 1.08914], [-63.57269, 1.09621], [-63.58867, 1.09184], [-63.61553, 1.09621], [-63.6203, 1.10112], [-63.62401, 1.11372], [-63.67697, 1.10383], [-63.68915, 1.09556], [-63.70902, 1.09121], [-63.71727, 1.08067], [-63.72471, 1.05317], [-63.73157, 1.04901], [-63.73153, 1.04454], [-63.73703, 1.04041], [-63.7391, 1.02542], [-63.73636, 1.01665], [-63.75312, 1.00059], [-63.77567, 0.94152], [-63.81437, 0.91517], [-63.82614, 0.91108], [-63.83857, 0.91097], [-63.84207, 0.89704], [-63.853, 0.88538], [-63.8761, 0.88549], [-63.88088, 0.88869], [-63.88856, 0.88567], [-63.90191, 0.88915], [-63.90821, 0.89794], [-63.90536, 0.90425], [-63.90485, 0.92365], [-63.91031, 0.93793], [-63.91727, 0.94269], [-64.28912, 0.78365], [-64.46164, 0.7812], [-64.60331, 0.71226], [-64.67302, 0.70978], [-64.81194, 0.63219], [-64.88774, 0.57149], [-64.90426, 0.54746], [-64.94326, 0.43601], [-64.96329, 0.42408], [-64.97573, 0.39258], [-65.01677, -0.25401], [-64.99444, -0.25237], [-64.98528, -0.25851], [-64.98249, -0.2641], [-64.98324, -0.27622], [-64.97342, -0.30149], [-64.96045, -0.30824], [-64.96688, -0.31344], [-64.99087, -0.32186], [-65.00461, -0.31896], [-65.11964, -0.31915], [-65.12586, -0.32322], [-65.14197, -0.31553], [-65.14533, -0.31803], [-65.15002, -0.30859], [-65.13983, -0.28654], [-65.14367, -0.2684], [-65.17543, -0.23242], [-65.18356, -0.21404], [-65.1848, -0.21755], [-65.19713, -0.20919], [-65.20214, -0.21191], [-65.20484, -0.20746], [-65.21167, -0.20766], [-65.21403, -0.20112], [-65.21997, -0.20023], [-65.21899, -0.1902], [-65.22297, -0.18851], [-65.21948, -0.18307], [-65.22149, -0.17708], [-65.2349, -0.18223], [-65.23568, -0.1713], [-65.24075, -0.16907], [-65.24089, -0.16447], [-65.24689, -0.16383], [-65.24315, -0.15948], [-65.24767, -0.1569], [-65.24497, -0.15132], [-65.24979, -0.13856], [-65.24119, -0.12852], [-65.23711, -0.12965], [-65.23494, -0.12313], [-65.23539, -0.11531], [-65.24674, -0.10927], [-65.24934, -0.09597], [-65.25602, -0.08771], [-65.25258, -0.0838], [-65.25813, -0.06837], [-65.24786, -0.05279], [-65.25395, -0.04913], [-65.25459, -0.03187], [-65.26776, -0.01678], [-65.27701, -0.01306], [-65.28157, 0.00193], [-65.27632, 0.01726], [-65.27843, 0.02725], [-65.27411, 0.03798], [-65.2747, 0.04702], [-65.26488, 0.05281], [-65.26272, 0.07125], [-65.26734, 0.07714], [-65.25895, 0.10145], [-65.26948, 0.31683], [-65.29138, 0.30447], [-65.34923, 0.28354], [-65.39219, 0.26016], [-65.43404, 0.25999], [-65.48634, 0.26819], [-65.53504, 0.25246], [-65.58458, 0.24232], [-65.63756, 0.22234], [-65.64669, 0.22243], [-65.66732, 0.23064], [-65.69146, 0.22198], [-65.74837, 0.21372], [-65.78419, 0.20284], [-65.86506, 0.21775], [-65.9512, 0.20899], [-66.00005, 0.2106], [-66.01923, 0.21806], [-66.03468, 0.208], [-66.03219, 0.20369], [-66.03474, 0.19705], [-66.03713, 0.20025], [-66.04515, 0.191], [-66.0561, 0.19034], [-66.0527, 0.18796], [-66.06025, 0.17965], [-66.05708, 0.17259], [-66.06345, 0.16509], [-66.06101, 0.16335], [-66.06275, 0.15754], [-66.0709, 0.15167], [-66.06594, 0.14306], [-66.068, 0.14101], [-66.06607, 0.13637], [-66.07029, 0.13523], [-66.06882, 0.12814], [-66.07279, 0.12812], [-66.07402, 0.12396], [-66.0793, 0.12195], [-66.08101, 0.11532], [-66.07862, 0.10614], [-66.08029, 0.09481], [-66.08746, 0.08683], [-66.08318, 0.08519], [-66.08402, 0.07459], [-66.09256, 0.07645], [-66.0943, 0.07324], [-66.08836, 0.05801], [-66.10219, 0.04019], [-66.11091, 0.04505], [-66.11558, 0.03663], [-66.12133, 0.04359], [-66.13932, 0.05007], [-66.15137, 0.07288], [-66.15813, 0.07229], [-66.16465, 0.07616], [-66.16295, 0.08789], [-66.17442, 0.09726], [-66.17829, 0.10996], [-66.19862, 0.11263], [-66.20849, 0.10675], [-66.218, 0.11017], [-66.22535, 0.10692], [-66.23367, 0.11077], [-66.24504, 0.10743], [-66.25056, 0.1147], [-66.27195, 0.12726], [-66.277, 0.12388], [-66.27771, 0.11471], [-66.28312, 0.11459], [-66.29282, 0.1335], [-66.30072, 0.13604], [-66.30707, 0.1337], [-66.30996, 0.14078], [-66.3182, 0.14165], [-66.32922, 0.14823], [-66.33368, 0.1594], [-66.34145, 0.16817], [-66.35713, 0.17636], [-66.37821, 0.16984], [-66.38105, 0.17584], [-66.39224, 0.17854], [-66.39189, 0.19229], [-66.39952, 0.19776], [-66.40175, 0.20527], [-66.41173, 0.20336], [-66.4066, 0.21157], [-66.40698, 0.21746], [-66.41595, 0.22566], [-66.4184, 0.23228], [-66.42347, 0.23182], [-66.41847, 0.23665], [-66.41108, 0.23244], [-66.41204, 0.23919], [-66.40865, 0.24464], [-66.4299, 0.25101], [-66.42754, 0.25755], [-66.43137, 0.2581], [-66.43495, 0.26386], [-66.44435, 0.26605], [-66.44124, 0.27095], [-66.44773, 0.26487], [-66.45387, 0.26625], [-66.45705, 0.27069], [-66.45334, 0.27958], [-66.45305, 0.30416], [-66.45804, 0.32224], [-66.45791, 0.34439], [-66.46336, 0.35224], [-66.4664, 0.37201], [-66.47694, 0.39914], [-66.47347, 0.41557], [-66.47447, 0.43127], [-66.45901, 0.45309], [-66.46053, 0.47849], [-66.44596, 0.486], [-66.40426, 0.52076], [-66.39559, 0.50735], [-66.38615, 0.50017], [-66.37547, 0.49847], [-66.35295, 0.50518], [-66.34338, 0.5024], [-66.34598, 0.51228], [-66.33438, 0.52218], [-66.32902, 0.53519], [-66.29154, 0.56528], [-66.29226, 0.57515], [-66.28169, 0.59113], [-66.2724, 0.5987], [-66.26685, 0.61037], [-66.25584, 0.61457], [-66.23645, 0.69096], [-66.24766, 0.69174], [-66.25414, 0.70288], [-66.26141, 0.70665], [-66.26352, 0.71382], [-66.28227, 0.71135], [-66.3118, 0.73078], [-66.31738, 0.74189], [-66.31481, 0.74876], [-66.31057, 0.74501], [-66.20363, 0.78028]]]}}, {"type": "Feature", "properties": {"nome": "Zuruahã", "etnia": "Zuruahã", "fase": "Regularizada", "modalidade": "Tradicionalmente ocupada", "municipios": "Tapauá", "ha": 239069.7403, "uf": "AM"}, "geometry": {"type": "Polygon", "coordinates": [[[-66.22687, -6.6083], [-66.22465, -6.62219], [-66.21752, -6.624], [-66.21164, -6.64557], [-66.21264, -6.68186], [-66.22321, -6.69978], [-66.22394, -6.71203], [-66.22911, -6.72232], [-66.21968, -6.74353], [-66.21323, -6.7474], [-66.19562, -6.74823], [-66.18504, -6.75586], [-66.17342, -6.75544], [-66.16294, -6.7607], [-66.15956, -6.7814], [-66.1521, -6.79918], [-66.13126, -6.79905], [-66.12351, -6.80298], [-66.10449, -6.80083], [-66.09955, -6.81002], [-66.08516, -6.8216], [-66.09446, -6.82651], [-66.09274, -6.82788], [-66.09636, -6.82979], [-66.0991, -6.84284], [-66.10752, -6.8459], [-66.11398, -6.85719], [-66.11869, -6.85588], [-66.12213, -6.86082], [-66.13024, -6.8631], [-66.1272, -6.865], [-66.12953, -6.86888], [-66.13591, -6.8621], [-66.14469, -6.85924], [-66.15051, -6.86352], [-66.1505, -6.8689], [-66.14653, -6.87182], [-66.15757, -6.87083], [-66.15618, -6.87534], [-66.1615, -6.87528], [-66.16857, -6.8683], [-66.17082, -6.87118], [-66.17266, -6.86652], [-66.1913, -6.86679], [-66.20296, -6.87331], [-66.20009, -6.87861], [-66.20318, -6.87943], [-66.20478, -6.88793], [-66.19815, -6.89647], [-66.19993, -6.90434], [-66.19576, -6.90739], [-66.19629, -6.92206], [-66.19219, -6.92504], [-66.19371, -6.93277], [-66.18999, -6.93752], [-66.20192, -6.94358], [-66.20464, -6.94815], [-66.20071, -6.96187], [-66.21014, -6.97262], [-66.2086, -6.97745], [-66.21881, -6.97861], [-66.2235, -6.98308], [-66.22315, -6.98726], [-66.22633, -6.98879], [-66.22446, -6.99105], [-66.2299, -6.99874], [-66.22471, -7.00067], [-66.23181, -7.00416], [-66.23353, -7.0123], [-66.24578, -7.02161], [-66.24205, -7.02747], [-66.24376, -7.03449], [-66.24199, -7.03277], [-66.23521, -7.04021], [-66.23547, -7.05223], [-66.23743, -7.0512], [-66.239, -7.05512], [-66.23581, -7.057], [-66.23475, -7.07021], [-66.23096, -7.0774], [-66.22926, -7.07594], [-66.22256, -7.08333], [-66.22362, -7.09897], [-66.2196, -7.10274], [-66.22581, -7.10592], [-66.21669, -7.11912], [-66.21564, -7.14179], [-66.21081, -7.1461], [-66.21508, -7.14927], [-66.21356, -7.15421], [-66.22325, -7.16119], [-66.23163, -7.16263], [-66.23513, -7.15921], [-66.24431, -7.15746], [-66.25067, -7.15984], [-66.26257, -7.15436], [-66.27163, -7.15421], [-66.27458, -7.1502], [-66.28423, -7.1501], [-66.28729, -7.15502], [-66.29636, -7.15027], [-66.30217, -7.15367], [-66.30912, -7.14772], [-66.31137, -7.14968], [-66.31348, -7.14376], [-66.31831, -7.14704], [-66.32746, -7.14675], [-66.33089, -7.15144], [-66.33811, -7.1529], [-66.33848, -7.16003], [-66.3458, -7.15586], [-66.35112, -7.16057], [-66.35829, -7.15828], [-66.36071, -7.16042], [-66.36401, -7.15758], [-66.36985, -7.15938], [-66.38096, -7.14604], [-66.38311, -7.14803], [-66.40658, -7.12777], [-66.41197, -7.12736], [-66.41366, -7.13074], [-66.42332, -7.1259], [-66.4256, -7.12742], [-66.44324, -7.11012], [-66.44522, -7.11281], [-66.45727, -7.11094], [-66.46495, -7.11686], [-66.47704, -7.10434], [-66.48104, -7.11065], [-66.48886, -7.11164], [-66.48702, -7.11503], [-66.50702, -7.12885], [-66.51704, -7.12189], [-66.52201, -7.12319], [-66.5235, -7.11662], [-66.53086, -7.11517], [-66.53631, -7.10814], [-66.54135, -7.10944], [-66.54647, -7.10569], [-66.55295, -7.1104], [-66.56004, -7.10442], [-66.56507, -7.10585], [-66.56877, -7.10155], [-66.58343, -7.09878], [-66.58836, -7.1027], [-66.59221, -7.10103], [-66.59776, -7.10677], [-66.60211, -7.10445], [-66.60511, -7.10917], [-66.61257, -7.11221], [-66.62031, -7.10978], [-66.63368, -7.11307], [-66.65702, -7.12693], [-66.66584, -7.12353], [-66.6732, -7.12477], [-66.688, -7.11311], [-66.70368, -7.10906], [-66.70556, -7.09212], [-66.71213, -7.08624], [-66.73572, -7.08017], [-66.7367, -7.07692], [-66.72982, -7.07138], [-66.73379, -7.05525], [-66.72775, -7.02673], [-66.73101, -7.01949], [-66.72183, -7.01466], [-66.69214, -7.00902], [-66.68404, -6.98344], [-66.67834, -6.97978], [-66.65603, -6.98396], [-66.63131, -6.9821], [-66.6245, -6.97004], [-66.61628, -6.96488], [-66.61111, -6.94227], [-66.602, -6.93495], [-66.58911, -6.93211], [-66.57317, -6.91154], [-66.57421, -6.87779], [-66.56969, -6.87305], [-66.58072, -6.86656], [-66.58033, -6.83815], [-66.57531, -6.8338], [-66.57776, -6.81922], [-66.57608, -6.80822], [-66.57039, -6.79936], [-66.56126, -6.79432], [-66.55768, -6.78067], [-66.54853, -6.76494], [-66.5387, -6.74988], [-66.52972, -6.74301], [-66.53081, -6.73363], [-66.52277, -6.73746], [-66.51588, -6.73326], [-66.51288, -6.7369], [-66.50589, -6.72964], [-66.50514, -6.73626], [-66.50004, -6.74191], [-66.49095, -6.7343], [-66.49281, -6.72947], [-66.48696, -6.72649], [-66.48682, -6.7389], [-66.48094, -6.74101], [-66.47409, -6.7375], [-66.47048, -6.728], [-66.46461, -6.73539], [-66.47035, -6.73749], [-66.47007, -6.74096], [-66.4576, -6.74253], [-66.4554, -6.73168], [-66.44666, -6.72979], [-66.44714, -6.7216], [-66.44152, -6.72296], [-66.42306, -6.7168], [-66.4235, -6.70891], [-66.41803, -6.70781], [-66.41489, -6.6969], [-66.42017, -6.69056], [-66.41934, -6.67984], [-66.40949, -6.6786], [-66.40487, -6.66334], [-66.38966, -6.66113], [-66.39295, -6.65568], [-66.40025, -6.65635], [-66.40035, -6.65199], [-66.38907, -6.6423], [-66.38403, -6.6519], [-66.37916, -6.65249], [-66.38164, -6.64277], [-66.37963, -6.63903], [-66.37505, -6.64808], [-66.3688, -6.64475], [-66.36432, -6.64787], [-66.36025, -6.64244], [-66.36175, -6.637], [-66.35407, -6.63287], [-66.35451, -6.62667], [-66.33888, -6.62014], [-66.3274, -6.62123], [-66.31362, -6.6165], [-66.30743, -6.60897], [-66.30823, -6.59242], [-66.28883, -6.60386], [-66.28127, -6.61505], [-66.27021, -6.61572], [-66.26578, -6.62121], [-66.25942, -6.61517], [-66.25942, -6.61102], [-66.2529, -6.61679], [-66.24569, -6.61507], [-66.24333, -6.5933], [-66.23602, -6.592], [-66.23261, -6.60374], [-66.22687, -6.6083]]]}}, {"type": "Feature", "properties": {"nome": "Apurinã do Alto Tupana", "etnia": "Apurinã", "fase": "Delimitada", "modalidade": "Tradicionalmente ocupada", "municipios": "Beruri e Borba e Manaquiri", "ha": 251388.9111, "uf": "AM"}, "geometry": {"type": "MultiPolygon", "coordinates": [[[[-60.81223, -4.19795], [-60.80631, -4.18336], [-60.80406, -4.18707], [-60.80183, -4.18412], [-60.79435, -4.19396], [-60.79457, -4.19937], [-60.81223, -4.19795]]], [[[-60.92811, -3.89507], [-60.92093, -3.90726], [-60.9211, -3.92029], [-60.9125, -3.92709], [-60.91455, -3.93427], [-60.85093, -3.98119], [-60.83623, -3.97995], [-60.82744, -3.98971], [-60.83998, -4.01951], [-60.84807, -4.02562], [-60.85795, -4.02552], [-60.85624, -4.02964], [-60.86365, -4.05167], [-60.89614, -4.05694], [-60.8933, -4.07106], [-60.89485, -4.08247], [-60.89148, -4.09028], [-60.9276, -4.11524], [-60.94089, -4.19001], [-60.9405, -4.26884], [-60.9586, -4.34823], [-61.10128, -4.43073], [-61.34176, -4.42044], [-61.38814, -4.36073], [-61.50033, -4.39741], [-61.51249, -4.46002], [-61.53731, -4.48187], [-61.61067, -4.36509], [-61.53154, -4.28523], [-61.52531, -4.2833], [-61.51532, -4.25093], [-61.48182, -4.20916], [-61.44985, -4.21933], [-61.33473, -4.09973], [-61.29875, -4.09325], [-61.27072, -4.07372], [-61.06795, -4.08178], [-61.02549, -4.02211], [-61.03655, -4.00048], [-61.04531, -3.99214], [-61.05088, -3.99303], [-61.05199, -3.98841], [-61.03313, -3.97444], [-61.02652, -3.97566], [-61.01299, -3.96711], [-61.0058, -3.95734], [-61.00937, -3.9485], [-61.00142, -3.94274], [-60.99579, -3.94303], [-60.98831, -3.93786], [-60.97956, -3.94085], [-60.97216, -3.93936], [-60.97401, -3.93785], [-60.96835, -3.93503], [-60.96552, -3.9258], [-60.96448, -3.92015], [-60.968, -3.91817], [-60.96284, -3.91], [-60.96442, -3.90619], [-60.96042, -3.90478], [-60.95433, -3.90851], [-60.95077, -3.90354], [-60.93594, -3.90077], [-60.92811, -3.89507]]]]}}, {"type": "Feature", "properties": {"nome": "Sapotal", "etnia": "Kokama", "fase": "Regularizada", "modalidade": "Tradicionalmente ocupada", "municipios": "Tabatinga", "ha": 1264.4661, "uf": "AM"}, "geometry": {"type": "Polygon", "coordinates": [[[-69.53525, -4.27965], [-69.54314, -4.2734], [-69.52868, -4.24668], [-69.51827, -4.23228], [-69.50221, -4.22652], [-69.49677, -4.23196], [-69.50692, -4.25058], [-69.52834, -4.27626], [-69.53525, -4.27965]]]}}, {"type": "Feature", "properties": {"nome": "Barro Alto", "etnia": "Kokama", "fase": "Regularizada", "modalidade": "Tradicionalmente ocupada", "municipios": "Tonantins", "ha": 1937.1679, "uf": "AM"}, "geometry": {"type": "MultiPolygon", "coordinates": [[[[-67.65243, -2.80082], [-67.64476, -2.83123], [-67.65505, -2.83362], [-67.67246, -2.80906], [-67.65243, -2.80082]]], [[[-67.67071, -2.78427], [-67.67797, -2.79097], [-67.71283, -2.69958], [-67.69618, -2.70946], [-67.67068, -2.77346], [-67.67359, -2.77554], [-67.67071, -2.78427]]]]}}, {"type": "Feature", "properties": {"nome": "Apurinã do Igarapé Mucuim", "etnia": "Apurinã", "fase": "Regularizada", "modalidade": "Tradicionalmente ocupada", "municipios": "Lábrea", "ha": 73350.6121, "uf": "AM"}, "geometry": {"type": "Polygon", "coordinates": [[[-66.15976, -7.60849], [-66.15123, -7.50052], [-66.12201, -7.44722], [-66.11577, -7.44639], [-66.10625, -7.43585], [-66.09509, -7.43058], [-66.08965, -7.41701], [-66.06937, -7.41874], [-66.0619, -7.42512], [-66.0518, -7.42529], [-66.02762, -7.44001], [-66.01373, -7.43935], [-66.0014, -7.43147], [-65.99107, -7.43269], [-65.98436, -7.42945], [-65.96226, -7.4369], [-65.95539, -7.42628], [-65.94686, -7.42051], [-65.93593, -7.424], [-65.92583, -7.43451], [-65.92085, -7.43456], [-65.91995, -7.44338], [-65.91521, -7.45028], [-65.90963, -7.452], [-65.88276, -7.64651], [-65.89965, -7.66786], [-65.90477, -7.65731], [-65.92018, -7.64847], [-65.92823, -7.64765], [-65.93942, -7.66001], [-65.95344, -7.66753], [-65.98241, -7.67655], [-66.00664, -7.67958], [-66.0211, -7.70339], [-66.03306, -7.71282], [-66.04388, -7.71537], [-66.06235, -7.71297], [-66.06907, -7.70668], [-66.07691, -7.6694], [-66.08615, -7.66074], [-66.09649, -7.65963], [-66.12792, -7.67311], [-66.15358, -7.67247], [-66.15225, -7.66207], [-66.14373, -7.65599], [-66.12589, -7.66302], [-66.11314, -7.66426], [-66.10468, -7.66107], [-66.09987, -7.65172], [-66.10664, -7.63963], [-66.1301, -7.63329], [-66.1351, -7.61432], [-66.14179, -7.61376], [-66.14713, -7.62218], [-66.15976, -7.60849]]]}}, {"type": "Feature", "properties": {"nome": "Lago do Correio", "etnia": "Kokama,Tikúna", "fase": "Regularizada", "modalidade": "Tradicionalmente ocupada", "municipios": "Santo Antônio do Içá", "ha": 13209.7815, "uf": "AM"}, "geometry": {"type": "MultiPolygon", "coordinates": [[[[-69.07968, -2.98858], [-69.04439, -2.99956], [-69.05091, -3.03407], [-69.06219, -3.03752], [-69.07016, -3.03635], [-69.0798, -3.0266], [-69.08307, -3.01864], [-69.07968, -2.98858]]], [[[-69.00319, -2.96025], [-69.02462, -2.98699], [-69.02406, -2.99656], [-69.05527, -2.9879], [-69.08353, -2.97656], [-69.09407, -2.96221], [-69.10412, -2.95573], [-69.10106, -2.88936], [-69.02031, -2.87336], [-69.00638, -2.91745], [-69.00319, -2.96025]]]]}}, {"type": "Feature", "properties": {"nome": "Guanabara", "etnia": "Kokama", "fase": "Declarada", "modalidade": "Tradicionalmente ocupada", "municipios": "Benjamin Constant", "ha": 15600, "uf": "AM"}, "geometry": {"type": "Polygon", "coordinates": [[[-69.88514, -4.4069], [-69.8817, -4.4143], [-69.87862, -4.41237], [-69.87842, -4.41763], [-69.86044, -4.42287], [-69.82742, -4.51941], [-69.82901, -4.53387], [-69.82184, -4.53063], [-69.79471, -4.52461], [-69.79366, -4.52578], [-69.80049, -4.54254], [-69.80046, -4.55453], [-69.80631, -4.5635], [-69.82011, -4.57341], [-69.83042, -4.5738], [-69.84056, -4.58933], [-69.85621, -4.60307], [-69.87398, -4.60665], [-69.8954, -4.62619], [-69.89547, -4.64108], [-69.90402, -4.65001], [-69.89404, -4.66882], [-69.89769, -4.70888], [-69.90168, -4.71804], [-69.90099, -4.74387], [-69.92838, -4.57017], [-69.8481, -4.53457], [-69.8858, -4.44656], [-69.90192, -4.43869], [-69.9161, -4.41564], [-69.91423, -4.40505], [-69.88514, -4.4069]]]}}, {"type": "Feature", "properties": {"nome": "Paiol, Cajual e Palhal", "etnia": "Apurinã", "fase": "Delimitada", "modalidade": "Tradicionalmente ocupada", "municipios": "Manaquiri", "ha": 114601.086, "uf": "AM"}, "geometry": {"type": "Polygon", "coordinates": [[[-60.90121, -3.83379], [-60.89428, -3.83173], [-60.89171, -3.82434], [-60.88683, -3.82393], [-60.87459, -3.81345], [-60.86471, -3.81317], [-60.85944, -3.81915], [-60.85281, -3.81888], [-60.85061, -3.82235], [-60.84732, -3.82008], [-60.84749, -3.8231], [-60.84366, -3.82198], [-60.84112, -3.82323], [-60.84284, -3.82525], [-60.83759, -3.82674], [-60.83059, -3.82381], [-60.8315, -3.82898], [-60.82797, -3.82608], [-60.82191, -3.82824], [-60.81915, -3.82406], [-60.81122, -3.82604], [-60.8112, -3.82318], [-60.80705, -3.82455], [-60.80281, -3.81956], [-60.80033, -3.82172], [-60.7946, -3.8195], [-60.79625, -3.87308], [-60.73617, -3.87377], [-60.7393, -3.85556], [-60.7498, -3.8412], [-60.7462, -3.81841], [-60.75319, -3.82199], [-60.75872, -3.81838], [-60.77273, -3.82278], [-60.7744, -3.81225], [-60.78127, -3.80637], [-60.77922, -3.79508], [-60.79391, -3.77128], [-60.79156, -3.73325], [-60.72402, -3.72023], [-60.65997, -3.70273], [-60.65305, -3.70574], [-60.64139, -3.71582], [-60.63944, -3.72175], [-60.64179, -3.76363], [-60.64469, -3.77158], [-60.63725, -3.78568], [-60.6336, -3.786], [-60.63492, -3.79014], [-60.63239, -3.79094], [-60.63038, -3.78547], [-60.6262, -3.78765], [-60.62875, -3.7925], [-60.62492, -3.79914], [-60.60385, -3.81888], [-60.57249, -3.83593], [-60.57566, -3.84742], [-60.57477, -3.87315], [-60.59157, -3.90143], [-60.5958, -3.91909], [-60.59441, -3.96218], [-60.60583, -3.98117], [-60.60546, -4.0018], [-60.75929, -4.11651], [-60.76192, -4.11283], [-60.8062, -4.14712], [-60.81108, -4.1488], [-60.84927, -4.1156], [-60.90864, -4.14769], [-60.91652, -4.14813], [-60.92442, -4.13042], [-60.92941, -4.12753], [-60.92786, -4.11608], [-60.89148, -4.09028], [-60.89485, -4.08247], [-60.8933, -4.07106], [-60.89614, -4.05694], [-60.86365, -4.05167], [-60.85624, -4.02964], [-60.85795, -4.02552], [-60.84807, -4.02562], [-60.83998, -4.01951], [-60.82744, -3.98971], [-60.83623, -3.97995], [-60.84971, -3.98174], [-60.86268, -3.97319], [-60.91455, -3.93427], [-60.91314, -3.92567], [-60.9211, -3.92029], [-60.92093, -3.90726], [-60.92816, -3.89305], [-60.92437, -3.89179], [-60.92381, -3.88514], [-60.89902, -3.85714], [-60.8961, -3.84682], [-60.90121, -3.83379]]]}}, {"type": "Feature", "properties": {"nome": "Ponciano", "etnia": "Múra", "fase": "Declarada", "modalidade": "Tradicionalmente ocupada", "municipios": "Careiro da Várzea", "ha": 4329, "uf": "AM"}, "geometry": {"type": "Polygon", "coordinates": [[[-59.44329, -3.45782], [-59.43361, -3.50515], [-59.43906, -3.51108], [-59.43487, -3.50979], [-59.43353, -3.51226], [-59.43862, -3.51851], [-59.43695, -3.52368], [-59.4426, -3.52858], [-59.43988, -3.5283], [-59.44117, -3.53375], [-59.43975, -3.53678], [-59.43831, -3.53276], [-59.4286, -3.54148], [-59.43499, -3.55647], [-59.45986, -3.56857], [-59.46467, -3.56304], [-59.46902, -3.54578], [-59.46547, -3.5402], [-59.47544, -3.5286], [-59.47416, -3.52585], [-59.47063, -3.52676], [-59.473, -3.52291], [-59.46842, -3.51922], [-59.46791, -3.51233], [-59.4705, -3.50827], [-59.48072, -3.51021], [-59.4797, -3.50488], [-59.48287, -3.50235], [-59.47832, -3.49351], [-59.48205, -3.47785], [-59.47682, -3.479], [-59.44329, -3.45782]]]}}, {"type": "Feature", "properties": {"nome": "Prosperidade", "etnia": "Kokama", "fase": "Regularizada", "modalidade": "Tradicionalmente ocupada", "municipios": "Tonantins", "ha": 5572.8552, "uf": "AM"}, "geometry": {"type": "MultiPolygon", "coordinates": [[[[-67.49629, -2.73051], [-67.50191, -2.731], [-67.4961, -2.71918], [-67.47243, -2.70068], [-67.48523, -2.72266], [-67.49629, -2.73051]]], [[[-67.47142, -2.61783], [-67.4325, -2.62774], [-67.45255, -2.65785], [-67.44916, -2.66751], [-67.45236, -2.67423], [-67.4743, -2.69741], [-67.49407, -2.71188], [-67.51104, -2.73423], [-67.50893, -2.70512], [-67.51521, -2.70123], [-67.51416, -2.6969], [-67.51752, -2.69282], [-67.52646, -2.6916], [-67.52071, -2.68429], [-67.51815, -2.65921], [-67.50365, -2.65488], [-67.49058, -2.65709], [-67.4755, -2.65035], [-67.47803, -2.63609], [-67.47356, -2.62603], [-67.46896, -2.62406], [-67.47142, -2.61783]]]]}}, {"type": "Feature", "properties": {"nome": "Riozinho", "etnia": "Kokama,Tikúna", "fase": "Declarada", "modalidade": "Tradicionalmente ocupada", "municipios": "Jutaí,Juruá", "ha": 362495, "uf": "AM"}, "geometry": {"type": "Polygon", "coordinates": [[[-66.99873, -3.02195], [-66.79163, -3.14642], [-66.76895, -3.16859], [-66.77654, -3.17964], [-66.77644, -3.18696], [-66.77949, -3.18413], [-66.78186, -3.18812], [-66.7827, -3.18497], [-66.7867, -3.19213], [-66.79633, -3.19565], [-66.7992, -3.20579], [-66.79486, -3.2224], [-66.79825, -3.22917], [-66.79672, -3.24424], [-66.81034, -3.26252], [-66.81071, -3.27004], [-66.80466, -3.27345], [-66.81535, -3.28418], [-66.81164, -3.28875], [-66.81398, -3.29751], [-66.82265, -3.30088], [-66.82924, -3.31129], [-66.82876, -3.32053], [-66.83368, -3.32439], [-66.83644, -3.33414], [-66.84276, -3.3383], [-66.84266, -3.34668], [-66.85725, -3.35385], [-66.87615, -3.35266], [-66.87589, -3.35534], [-66.88256, -3.35655], [-66.88898, -3.36378], [-66.89149, -3.37399], [-66.90008, -3.38023], [-66.90192, -3.38926], [-66.9086, -3.39601], [-66.90424, -3.40177], [-66.90658, -3.4075], [-66.90195, -3.41151], [-66.90638, -3.41599], [-66.90243, -3.4476], [-66.9051, -3.45075], [-66.87618, -3.48001], [-66.8539, -3.49303], [-66.84646, -3.49302], [-66.83675, -3.5064], [-66.83714, -3.51366], [-66.82976, -3.52734], [-66.83158, -3.54021], [-66.83696, -3.55032], [-66.83801, -3.56427], [-66.8507, -3.56979], [-66.86368, -3.59838], [-66.85643, -3.62997], [-66.86442, -3.64746], [-66.86426, -3.65769], [-66.89025, -3.66966], [-66.90303, -3.6698], [-66.91525, -3.67921], [-66.92538, -3.67625], [-66.94826, -3.6978], [-66.93056, -3.75002], [-66.93599, -3.77652], [-66.92149, -3.79826], [-66.91153, -3.80698], [-66.8984, -3.83276], [-66.89376, -3.85692], [-66.89243, -3.89373], [-66.86118, -3.92405], [-66.8565, -3.94073], [-66.87323, -3.99517], [-66.90728, -4.0692], [-66.9268, -4.06694], [-66.94345, -4.07117], [-66.94992, -4.0669], [-66.964, -4.06757], [-66.96704, -4.06343], [-66.98106, -4.05875], [-66.99898, -4.07711], [-67.0156, -4.07162], [-67.03929, -4.04123], [-67.04689, -4.03996], [-67.05135, -4.043], [-67.05515, -4.0407], [-67.07778, -4.05357], [-67.07848, -4.04687], [-67.08164, -4.04915], [-67.08668, -4.04528], [-67.0891, -4.04843], [-67.09461, -4.04707], [-67.10735, -4.03762], [-67.10972, -4.04122], [-67.11827, -4.03806], [-67.11964, -4.04132], [-67.12281, -4.04006], [-67.12681, -4.03381], [-67.13538, -4.03138], [-67.14336, -4.0149], [-67.15312, -4.01122], [-67.1514, -4.00666], [-67.15636, -4.00827], [-67.15519, -4.00531], [-67.16595, -3.99126], [-67.16456, -3.98598], [-67.17094, -3.98368], [-67.17277, -3.96837], [-67.17036, -3.96487], [-67.17572, -3.96721], [-67.17312, -3.9616], [-67.17573, -3.96157], [-67.17568, -3.95785], [-67.17903, -3.95901], [-67.18159, -3.94921], [-67.17787, -3.94897], [-67.17781, -3.94493], [-67.18062, -3.94518], [-67.18498, -3.93912], [-67.18416, -3.93477], [-67.18882, -3.93569], [-67.18911, -3.93151], [-67.19805, -3.92212], [-67.20366, -3.92158], [-67.2018, -3.91877], [-67.19691, -3.91921], [-67.1975, -3.90766], [-67.19345, -3.90477], [-67.19694, -3.90353], [-67.18974, -3.90271], [-67.18937, -3.89571], [-67.19465, -3.89447], [-67.18548, -3.87823], [-67.19059, -3.878], [-67.19273, -3.86652], [-67.19931, -3.86379], [-67.19262, -3.86082], [-67.19103, -3.86433], [-67.18636, -3.86017], [-67.1906, -3.85351], [-67.18233, -3.85388], [-67.18455, -3.848], [-67.17991, -3.84687], [-67.18156, -3.84165], [-67.17477, -3.8405], [-67.17621, -3.8308], [-67.18144, -3.82907], [-67.17967, -3.82332], [-67.18345, -3.82194], [-67.18724, -3.81209], [-67.18727, -3.80404], [-67.18351, -3.80663], [-67.18177, -3.80466], [-67.18844, -3.79437], [-67.18496, -3.78769], [-67.18886, -3.79009], [-67.19191, -3.78799], [-67.18977, -3.78532], [-67.1929, -3.77957], [-67.19465, -3.78549], [-67.20157, -3.78442], [-67.20174, -3.77835], [-67.20801, -3.7756], [-67.20179, -3.77541], [-67.19873, -3.76783], [-67.20156, -3.764], [-67.19841, -3.76234], [-67.20485, -3.75896], [-67.21091, -3.76142], [-67.20868, -3.75611], [-67.21255, -3.75167], [-67.20937, -3.74632], [-67.21733, -3.74087], [-67.21257, -3.73842], [-67.21475, -3.73431], [-67.21118, -3.72983], [-67.21101, -3.71897], [-67.21626, -3.71432], [-67.219, -3.71772], [-67.21843, -3.70938], [-67.22204, -3.71405], [-67.22602, -3.70884], [-67.22312, -3.70269], [-67.22695, -3.69614], [-67.22074, -3.68655], [-67.22618, -3.68403], [-67.23019, -3.67624], [-67.21799, -3.66411], [-67.21921, -3.65743], [-67.22326, -3.65605], [-67.22141, -3.65225], [-67.22515, -3.65278], [-67.22209, -3.64643], [-67.22652, -3.64397], [-67.22023, -3.64016], [-67.21694, -3.63564], [-67.21861, -3.63365], [-67.21472, -3.63329], [-67.21655, -3.62864], [-67.21312, -3.62325], [-67.21016, -3.62556], [-67.20732, -3.62101], [-67.20168, -3.6226], [-67.1998, -3.62016], [-67.20448, -3.61678], [-67.19963, -3.61151], [-67.20381, -3.60808], [-67.20218, -3.60433], [-67.20498, -3.60087], [-67.19907, -3.59585], [-67.20435, -3.59594], [-67.2033, -3.5911], [-67.19793, -3.58935], [-67.20259, -3.58193], [-67.20491, -3.56707], [-67.20098, -3.561], [-67.20976, -3.56023], [-67.21091, -3.55702], [-67.19573, -3.55253], [-67.19294, -3.54623], [-67.18454, -3.54314], [-67.18948, -3.53933], [-67.19433, -3.54164], [-67.1978, -3.52788], [-67.1952, -3.52579], [-67.18913, -3.52865], [-67.19142, -3.52454], [-67.18796, -3.51805], [-67.19385, -3.51726], [-67.18508, -3.51431], [-67.18519, -3.50889], [-67.18656, -3.51205], [-67.18975, -3.50996], [-67.18732, -3.50345], [-67.1829, -3.50411], [-67.17785, -3.49856], [-67.17929, -3.49504], [-67.17193, -3.49156], [-67.17412, -3.48618], [-67.16726, -3.4855], [-67.16474, -3.47951], [-67.16824, -3.47469], [-67.16957, -3.46148], [-67.17195, -3.46154], [-67.1716, -3.47001], [-67.17404, -3.45981], [-67.1712, -3.45627], [-67.16368, -3.45539], [-67.16454, -3.4516], [-67.16044, -3.44748], [-67.1644, -3.44384], [-67.16346, -3.43834], [-67.15619, -3.44121], [-67.15776, -3.43256], [-67.14717, -3.4218], [-67.14796, -3.40248], [-67.14484, -3.39906], [-67.15079, -3.39813], [-67.15425, -3.38912], [-67.15096, -3.38012], [-67.14783, -3.38841], [-67.14409, -3.38704], [-67.14843, -3.3783], [-67.14319, -3.37547], [-67.14369, -3.37144], [-67.14493, -3.36752], [-67.1481, -3.36846], [-67.14879, -3.36215], [-67.1437, -3.35979], [-67.1456, -3.35579], [-67.14313, -3.35164], [-67.13474, -3.34742], [-67.13119, -3.33372], [-67.12061, -3.32456], [-67.12457, -3.3212], [-67.12275, -3.31619], [-67.12539, -3.31033], [-67.12029, -3.30455], [-67.12587, -3.3022], [-67.12866, -3.2964], [-67.12837, -3.28187], [-67.1336, -3.28329], [-67.13711, -3.27654], [-67.13498, -3.27456], [-67.13222, -3.27826], [-67.12509, -3.26973], [-67.12732, -3.26716], [-67.11699, -3.25578], [-67.11659, -3.24653], [-67.12194, -3.24152], [-67.12706, -3.24607], [-67.13452, -3.24365], [-67.13188, -3.23682], [-67.13739, -3.22996], [-67.13556, -3.22372], [-67.13811, -3.2208], [-67.13282, -3.21858], [-67.13571, -3.21424], [-67.1315, -3.20739], [-67.12782, -3.2135], [-67.12254, -3.21246], [-67.12125, -3.20318], [-67.12499, -3.19995], [-67.11943, -3.19636], [-67.11353, -3.18303], [-67.10816, -3.17913], [-67.1121, -3.17024], [-67.10198, -3.15502], [-67.1014, -3.14598], [-67.10634, -3.13398], [-67.10108, -3.13667], [-67.10232, -3.12396], [-67.09769, -3.1238], [-67.0971, -3.12884], [-67.09209, -3.1222], [-67.08562, -3.11996], [-67.07731, -3.12354], [-67.07227, -3.10022], [-67.06966, -3.09863], [-67.07619, -3.0924], [-67.07309, -3.09126], [-67.07533, -3.08727], [-67.06881, -3.08664], [-67.06525, -3.07785], [-67.05127, -3.08076], [-67.07427, -3.03742], [-67.05961, -3.02928], [-67.05962, -3.01784], [-67.0531, -3.00006], [-66.99874, -3.01918], [-66.99873, -3.02195]]]}}, {"type": "Feature", "properties": {"nome": "Santa Cruz da Nova Aliança", "etnia": "Kokama", "fase": "Regularizada", "modalidade": "Tradicionalmente ocupada", "municipios": "Tonantins", "ha": 5969.2201, "uf": "AM"}, "geometry": {"type": "MultiPolygon", "coordinates": [[[[-67.66178, -2.83602], [-67.64505, -2.87584], [-67.68863, -2.8601], [-67.71211, -2.83625], [-67.68533, -2.81607], [-67.66178, -2.83602]]], [[[-67.70511, -2.81246], [-67.75934, -2.69053], [-67.74511, -2.68059], [-67.73406, -2.68703], [-67.68926, -2.79849], [-67.70511, -2.81246]]]]}}, {"type": "Feature", "properties": {"nome": "Sururuá", "etnia": "Kokama", "fase": "Declarada", "modalidade": "Tradicionalmente ocupada", "municipios": "São Paulo de Olivença,Benjamin Constant", "ha": 36125, "uf": "AM"}, "geometry": {"type": "Polygon", "coordinates": [[[-69.49622, -4.42537], [-69.46493, -4.4541], [-69.455, -4.47319], [-69.43469, -4.47951], [-69.43815, -4.48263], [-69.43825, -4.4933], [-69.4469, -4.48714], [-69.44475, -4.49364], [-69.45111, -4.49382], [-69.45876, -4.50201], [-69.45251, -4.5019], [-69.45269, -4.50905], [-69.44551, -4.51075], [-69.45339, -4.51473], [-69.45335, -4.52129], [-69.44757, -4.52404], [-69.45498, -4.5268], [-69.45819, -4.52422], [-69.45608, -4.51906], [-69.45831, -4.51895], [-69.46321, -4.52591], [-69.45755, -4.52814], [-69.45656, -4.53189], [-69.46648, -4.53001], [-69.46794, -4.53598], [-69.4753, -4.53938], [-69.47432, -4.54459], [-69.46366, -4.54782], [-69.47808, -4.5487], [-69.47265, -4.55872], [-69.47786, -4.56046], [-69.47712, -4.56569], [-69.46982, -4.56699], [-69.47513, -4.56955], [-69.4785, -4.57616], [-69.48632, -4.57638], [-69.49031, -4.58086], [-69.48571, -4.58769], [-69.48674, -4.59338], [-69.4912, -4.58521], [-69.49942, -4.5927], [-69.49806, -4.59674], [-69.492, -4.59563], [-69.48948, -4.59808], [-69.49696, -4.61103], [-69.50116, -4.61262], [-69.50602, -4.59846], [-69.547, -4.59306], [-69.55591, -4.5975], [-69.5716, -4.58942], [-69.5774, -4.57959], [-69.59117, -4.56981], [-69.59664, -4.56173], [-69.59812, -4.55607], [-69.58634, -4.54906], [-69.58588, -4.53896], [-69.60303, -4.53763], [-69.61536, -4.5304], [-69.65035, -4.52992], [-69.63499, -4.50354], [-69.61348, -4.50402], [-69.62277, -4.50964], [-69.61583, -4.5159], [-69.59912, -4.50104], [-69.59601, -4.49361], [-69.60068, -4.48623], [-69.60952, -4.48555], [-69.60228, -4.46025], [-69.6058, -4.42716], [-69.6153, -4.42629], [-69.61924, -4.42236], [-69.61989, -4.39067], [-69.63836, -4.38125], [-69.64191, -4.3761], [-69.64096, -4.36874], [-69.60256, -4.34035], [-69.50131, -4.42406], [-69.49622, -4.42537]]]}}, {"type": "Feature", "properties": {"nome": "Vista Alegre", "etnia": "Múra", "fase": "Declarada", "modalidade": "Tradicionalmente ocupada", "municipios": "Manaquiri", "ha": 13206, "uf": "AM"}, "geometry": {"type": "Polygon", "coordinates": [[[-60.46616, -3.64395], [-60.45605, -3.64259], [-60.44509, -3.65051], [-60.44545, -3.66212], [-60.45248, -3.67209], [-60.452, -3.67758], [-60.44806, -3.68155], [-60.43597, -3.68227], [-60.43201, -3.69366], [-60.42423, -3.69935], [-60.42929, -3.70312], [-60.42358, -3.70681], [-60.42675, -3.71205], [-60.43748, -3.71454], [-60.43863, -3.71203], [-60.45413, -3.70905], [-60.45749, -3.71743], [-60.453, -3.72397], [-60.4597, -3.72677], [-60.45008, -3.72398], [-60.45121, -3.74165], [-60.4482, -3.73966], [-60.43632, -3.75377], [-60.43175, -3.75409], [-60.43255, -3.75704], [-60.42631, -3.75525], [-60.42584, -3.75958], [-60.41549, -3.76389], [-60.45363, -3.7789], [-60.51499, -3.78414], [-60.49537, -3.76254], [-60.50894, -3.71983], [-60.5238, -3.71683], [-60.52432, -3.72231], [-60.53519, -3.72528], [-60.53772, -3.72238], [-60.53897, -3.72557], [-60.54505, -3.71833], [-60.5543, -3.72064], [-60.55722, -3.71665], [-60.55366, -3.70887], [-60.55573, -3.70462], [-60.54367, -3.68503], [-60.48947, -3.65227], [-60.47722, -3.63315], [-60.46616, -3.64395]]]}}, {"type": "Feature", "properties": {"nome": "Porto Limoeiro", "etnia": "Tikúna", "fase": "Regularizada", "modalidade": "Tradicionalmente ocupada", "municipios": "Santo Antônio do Içá", "ha": 4587.7205, "uf": "AM"}, "geometry": {"type": "Polygon", "coordinates": [[[-68.93933, -2.99352], [-68.93197, -3.00934], [-68.91872, -3.01674], [-68.92791, -3.02929], [-68.92609, -3.12764], [-68.95504, -3.12971], [-68.94824, -3.12291], [-68.94386, -3.10984], [-68.9594, -3.08209], [-68.9569, -3.06065], [-68.9632, -3.03798], [-68.93933, -2.99352]]]}}, {"type": "Feature", "properties": {"nome": "São Domingos do Jacapari e Estação", "etnia": "Kokama", "fase": "Regularizada", "modalidade": "Tradicionalmente ocupada", "municipios": "Tonantins,Jutaí", "ha": 134781.7512, "uf": "AM"}, "geometry": {"type": "Polygon", "coordinates": [[[-67.24625, -2.6569], [-67.23209, -2.67262], [-67.23077, -2.68123], [-67.22344, -2.68946], [-67.19036, -2.70291], [-67.17789, -2.81937], [-67.18696, -2.81511], [-67.19079, -2.81931], [-67.19118, -2.83555], [-67.20403, -2.83397], [-67.20435, -2.84074], [-67.20746, -2.84243], [-67.20353, -2.8503], [-67.27609, -2.98598], [-67.46857, -3.06561], [-67.48123, -3.04834], [-67.48255, -3.03762], [-67.47535, -3.0363], [-67.47538, -3.02874], [-67.47965, -3.02198], [-67.47387, -3.01729], [-67.5031, -2.87378], [-67.55244, -2.80731], [-67.55634, -2.78282], [-67.58301, -2.77589], [-67.56995, -2.76624], [-67.5322, -2.76519], [-67.50552, -2.75884], [-67.477, -2.74136], [-67.46085, -2.72221], [-67.44885, -2.69541], [-67.44001, -2.69416], [-67.43312, -2.68894], [-67.43027, -2.67334], [-67.40133, -2.658], [-67.39725, -2.63835], [-67.38376, -2.62389], [-67.36689, -2.59381], [-67.3493, -2.57082], [-67.33548, -2.56146], [-67.3129, -2.56628], [-67.31595, -2.56977], [-67.29537, -2.59373], [-67.27625, -2.62621], [-67.27274, -2.63734], [-67.24625, -2.6569]]]}}, {"type": "Feature", "properties": {"nome": "Boa Vista - AM", "etnia": "Múra", "fase": "Regularizada", "modalidade": "Tradicionalmente ocupada", "municipios": "Careiro da Várzea", "ha": 337.3562, "uf": "AM"}, "geometry": {"type": "MultiPolygon", "coordinates": [[[[-59.38171, -3.22615], [-59.37453, -3.22921], [-59.36232, -3.23991], [-59.38318, -3.22918], [-59.3928, -3.23134], [-59.39091, -3.22699], [-59.38171, -3.22615]]], [[[-59.39442, -3.22508], [-59.38227, -3.22452], [-59.39355, -3.22715], [-59.39442, -3.22508]]], [[[-59.37903, -3.22148], [-59.3671, -3.22061], [-59.36229, -3.21524], [-59.35595, -3.2198], [-59.37531, -3.22757], [-59.38189, -3.22421], [-59.38691, -3.21556], [-59.38343, -3.21245], [-59.37903, -3.22148]]]]}}, {"type": "Feature", "properties": {"nome": "Cué Cué/ Marabitanas", "etnia": "Baré", "fase": "Declarada", "modalidade": "Tradicionalmente ocupada", "municipios": "São Gabriel da Cachoeira", "ha": 808645, "uf": "AM"}, "geometry": {"type": "MultiPolygon", "coordinates": [[[[-67.08999, 1.16526], [-66.85701, 1.22755], [-66.31442, 0.74711], [-66.31738, 0.74189], [-66.3118, 0.73078], [-66.28227, 0.71135], [-66.26352, 0.71382], [-66.26141, 0.70665], [-66.25414, 0.70288], [-66.24766, 0.69174], [-66.23647, 0.69086], [-66.25584, 0.61457], [-66.2612, 0.61467], [-66.27463, 0.62684], [-66.27679, 0.62481], [-66.30651, 0.64547], [-66.37449, 0.67673], [-66.3871, 0.67933], [-66.39812, 0.67668], [-66.42387, 0.67844], [-66.43856, 0.68515], [-66.45835, 0.69975], [-66.45946, 0.70659], [-66.46351, 0.70827], [-66.47291, 0.70656], [-66.50257, 0.6865], [-66.51667, 0.69322], [-66.53296, 0.68817], [-66.53668, 0.67948], [-66.54465, 0.67428], [-66.58574, 0.68007], [-66.60263, 0.68791], [-66.60374, 0.68298], [-66.61322, 0.68245], [-66.61778, 0.67654], [-66.64665, 0.65996], [-66.6817, 0.58879], [-66.70157, 0.57476], [-66.70821, 0.57372], [-66.71659, 0.57828], [-66.72684, 0.5877], [-66.73218, 0.58763], [-66.73588, 0.59492], [-66.74229, 0.59445], [-66.75627, 0.60181], [-66.76082, 0.5984], [-66.7697, 0.60023], [-66.77411, 0.5928], [-66.7683, 0.58993], [-66.75462, 0.57239], [-66.76181, 0.55192], [-66.81195, 0.52178], [-66.81744, 0.50784], [-66.91245, 0.37946], [-66.86059, 0.22131], [-66.85791, 0.19552], [-66.8536, 0.18494], [-66.83849, 0.17424], [-66.81442, 0.16437], [-66.83153, 0.15307], [-66.87359, 0.11559], [-66.90703, 0.09603], [-66.91789, 0.08268], [-66.92866, 0.05729], [-66.95965, 0.04752], [-67.01188, 0.01898], [-67.05103, 0.02161], [-67.075, 0.00605], [-67.08332, -0.00378], [-67.08788, -0.05592], [-67.09405, -0.07836], [-67.10906, -0.08928], [-67.11941, -0.11108], [-67.12133, -0.10605], [-67.1275, -0.10236], [-67.12267, -0.09147], [-67.12474, -0.08609], [-67.13114, -0.0825], [-67.12764, -0.07742], [-67.13238, -0.06303], [-67.15391, -0.0406], [-67.15485, -0.03405], [-67.1618, -0.02922], [-67.16757, -0.01754], [-67.1964, 0.00178], [-67.20975, 0.0004], [-67.22868, 0.00573], [-67.24534, 0.02268], [-67.26621, 0.02788], [-67.269, 0.03419], [-67.25872, 0.06253], [-67.25988, 0.06941], [-67.26747, 0.0785], [-67.27489, 0.08146], [-67.28243, 0.09262], [-67.30618, 0.10711], [-67.30986, 0.11687], [-67.31538, 0.11889], [-67.32282, 0.13067], [-67.32878, 0.15159], [-67.32651, 0.16342], [-67.33144, 0.17771], [-67.32213, 0.20088], [-67.32508, 0.23212], [-67.32375, 0.26495], [-67.3139, 0.29112], [-67.31148, 0.35327], [-67.29963, 0.38507], [-67.30924, 0.42642], [-67.32205, 0.45516], [-67.31958, 0.47365], [-67.31075, 0.47065], [-67.31253, 0.4775], [-67.2999, 0.49586], [-67.29734, 0.50394], [-67.29911, 0.51054], [-67.29408, 0.51991], [-67.27752, 0.52691], [-67.26392, 0.52503], [-67.25608, 0.53203], [-67.25584, 0.55027], [-67.26183, 0.57316], [-67.25527, 0.58023], [-67.24832, 0.60103], [-67.24906, 0.62612], [-67.24063, 0.63854], [-67.23073, 0.63844], [-67.22185, 0.64889], [-67.21298, 0.65214], [-67.21229, 0.65579], [-67.22895, 0.71434], [-67.22836, 0.73445], [-67.23102, 0.74244], [-67.22856, 0.74746], [-67.23723, 0.75702], [-67.24093, 0.76885], [-67.23403, 0.78443], [-67.24162, 0.8071], [-67.23398, 0.80887], [-67.23216, 0.82164], [-67.23679, 0.83041], [-67.24517, 0.83248], [-67.24872, 0.85358], [-67.23689, 0.86225], [-67.2187, 0.89754], [-67.21111, 0.90809], [-67.20204, 0.91188], [-67.20056, 0.92095], [-67.19506, 0.92892], [-67.18726, 0.9352], [-67.18268, 0.93339], [-67.17843, 0.93624], [-67.18008, 0.94096], [-67.19221, 0.94915], [-67.19303, 0.95531], [-67.17853, 0.96122], [-67.17326, 0.96787], [-67.15595, 0.97452], [-67.15344, 0.98128], [-67.15837, 0.9866], [-67.15519, 0.99155], [-67.15658, 0.99465], [-67.15275, 0.99417], [-67.15105, 0.99831], [-67.14176, 0.99706], [-67.13703, 1.00121], [-67.13919, 1.00496], [-67.13315, 1.00532], [-67.13215, 1.01189], [-67.12129, 1.00328], [-67.11575, 1.00691], [-67.10908, 1.00546], [-67.10616, 1.0121], [-67.09828, 1.01479], [-67.09498, 1.02342], [-67.08008, 1.03728], [-67.08061, 1.04384], [-67.07036, 1.0508], [-67.05827, 1.08521], [-67.05131, 1.09054], [-67.04475, 1.09015], [-67.02625, 1.10816], [-67.01946, 1.10699], [-67.08999, 1.16526]]], [[[-67.31248, 0.47161], [-67.31924, 0.47495], [-67.31954, 0.47609], [-67.31465, 0.47826], [-67.31248, 0.47161]]]]}}, {"type": "Feature", "properties": {"nome": "Aracá-Padauiri (Baixo Rio Negro)", "etnia": "Baré e Makuráp e Tukano", "fase": "Delimitada", "modalidade": "Tradicionalmente ocupada", "municipios": "Barcelos", "ha": 3388299.225, "uf": "AM"}, "geometry": {"type": "MultiPolygon", "coordinates": [[[[-64.2896, 0.78327], [-64.06573, 0.87691], [-64.06657, 0.87983], [-63.91755, 0.94248], [-63.90999, 0.93941], [-63.90719, 0.93113], [-63.90425, 0.9157], [-63.90504, 0.90594], [-63.9091, 0.89935], [-63.90296, 0.8909], [-63.88842, 0.88671], [-63.88026, 0.8902], [-63.87559, 0.88624], [-63.86562, 0.88818], [-63.85432, 0.88435], [-63.84725, 0.89112], [-63.83909, 0.91183], [-63.82529, 0.91171], [-63.81492, 0.91539], [-63.78141, 0.93752], [-63.77382, 0.94696], [-63.76598, 0.97493], [-63.75892, 0.98359], [-63.75245, 0.99986], [-63.74626, 1.00841], [-63.73241, 1.01847], [-63.70371, 1.00964], [-63.69822, 1.00116], [-63.51494, 0.99065], [-63.51652, 0.98578], [-63.51333, 0.97696], [-63.51887, 0.97071], [-63.52394, 0.95061], [-63.52326, 0.94164], [-63.53149, 0.92872], [-63.53326, 0.91849], [-63.52742, 0.90779], [-63.52349, 0.90608], [-63.52593, 0.90267], [-63.52327, 0.89312], [-63.52563, 0.88017], [-63.53037, 0.86985], [-63.52338, 0.83597], [-63.52101, 0.83646], [-63.51953, 0.82993], [-63.51189, 0.82246], [-63.51168, 0.81736], [-63.49521, 0.80829], [-63.48404, 0.79421], [-63.46867, 0.79015], [-63.46687, 0.78291], [-63.45471, 0.77765], [-63.45324, 0.75995], [-63.43832, 0.75605], [-63.43084, 0.7438], [-63.43239, 0.73638], [-63.42778, 0.72955], [-63.42147, 0.73051], [-63.41935, 0.72683], [-63.41013, 0.72608], [-63.40398, 0.71826], [-63.39261, 0.7177], [-63.38251, 0.71066], [-63.37685, 0.71215], [-63.37183, 0.7029], [-63.35927, 0.72301], [-63.34761, 0.7321], [-63.34699, 0.74221], [-63.34073, 0.74693], [-63.33359, 0.76463], [-63.33926, 0.79252], [-63.3491, 0.80164], [-63.34696, 0.81202], [-63.33674, 0.82312], [-63.32825, 0.82303], [-63.32005, 0.82788], [-63.31656, 0.84034], [-63.30831, 0.84952], [-63.29364, 0.84901], [-63.26668, 0.83088], [-63.23723, 0.81935], [-63.22818, 0.8081], [-63.22645, 0.80076], [-63.21895, 0.79658], [-63.21362, 0.78443], [-63.20353, 0.78023], [-63.1938, 0.78273], [-63.1907, 0.78], [-63.1797, 0.75199], [-63.16803, 0.74541], [-63.13768, 0.7608], [-63.12476, 0.76035], [-63.12196, 0.76522], [-63.11626, 0.76725], [-63.10751, 0.7631], [-63.09609, 0.771], [-63.07881, 0.77007], [-63.0769, 0.76667], [-63.06106, 0.76072], [-63.04352, 0.76997], [-63.03933, 0.76935], [-63.03631, 0.77563], [-63.01934, 0.78488], [-63.00931, 0.7821], [-63.00328, 0.78445], [-62.99869, 0.78101], [-62.9895, 0.7826], [-62.97651, 0.77739], [-62.97177, 0.77948], [-62.96647, 0.77059], [-62.96101, 0.77326], [-62.92584, 0.76575], [-62.90633, 0.74384], [-62.90052, 0.74079], [-62.89684, 0.7424], [-62.88583, 0.73602], [-62.81626, 0.92368], [-62.79492, 0.89958], [-62.77989, 0.87091], [-62.77673, 0.86368], [-62.77921, 0.85311], [-62.77277, 0.83902], [-62.76258, 0.83341], [-62.75421, 0.82014], [-62.75987, 0.80986], [-62.76587, 0.77881], [-62.77458, 0.76071], [-62.7733, 0.74981], [-62.6554, 0.74824], [-62.64475, 0.73867], [-62.64185, 0.71003], [-62.63805, 0.70142], [-62.62229, 0.69244], [-62.61101, 0.69008], [-62.6059, 0.69401], [-62.60608, 0.70239], [-62.59782, 0.69653], [-62.5783, 0.7056], [-62.5732, 0.7177], [-62.57959, 0.72323], [-62.57875, 0.72618], [-62.5592, 0.73444], [-62.54372, 0.74688], [-62.54678, 0.74642], [-62.54416, 0.75748], [-62.55709, 0.76711], [-62.55747, 0.77685], [-62.55257, 0.78433], [-62.5521, 0.79468], [-62.54783, 0.79717], [-62.53837, 0.79486], [-62.53527, 0.80426], [-62.526, 0.80952], [-62.52045, 0.82016], [-62.52204, 0.8311], [-62.51776, 0.84204], [-62.50224, 0.84998], [-62.48536, 0.86881], [-62.48096, 0.84281], [-62.46597, 0.82912], [-62.45759, 0.7852], [-62.46297, 0.7768], [-62.50037, 0.74793], [-62.52843, 0.71019], [-62.53812, 0.67517], [-62.53025, 0.63941], [-62.55748, 0.63549], [-62.55113, 0.59185], [-62.56269, 0.57561], [-62.56213, 0.54686], [-62.57822, 0.54682], [-62.58516, 0.5348], [-62.58273, 0.53112], [-62.58602, 0.52191], [-62.58415, 0.51624], [-62.58023, 0.51491], [-62.57575, 0.4971], [-62.57992, 0.49565], [-62.58182, 0.48899], [-62.59309, 0.47814], [-62.5916, 0.47409], [-62.59449, 0.4686], [-62.60832, 0.46947], [-62.61493, 0.46604], [-62.61762, 0.45414], [-62.61541, 0.44695], [-62.62129, 0.44328], [-62.62448, 0.43531], [-62.63308, 0.43429], [-62.63682, 0.42922], [-62.63594, 0.42576], [-62.62237, 0.41757], [-62.61865, 0.40812], [-62.62102, 0.39957], [-62.60875, 0.39183], [-62.60932, 0.3843], [-62.62271, 0.37356], [-62.62754, 0.36466], [-62.62618, 0.35798], [-62.61983, 0.35412], [-62.61607, 0.34625], [-62.61343, 0.31933], [-62.60732, 0.3174], [-62.59913, 0.3089], [-62.59358, 0.30915], [-62.58528, 0.29731], [-62.58614, 0.29261], [-62.57844, 0.28761], [-62.58141, 0.28031], [-62.58034, 0.25652], [-62.57629, 0.24702], [-62.57994, 0.24312], [-62.57992, 0.23442], [-62.56602, 0.21332], [-62.56786, 0.20578], [-62.56331, 0.19522], [-62.56887, 0.19112], [-62.56202, 0.18147], [-62.57371, 0.15804], [-62.56078, 0.15235], [-62.55561, 0.14384], [-62.55047, 0.14264], [-62.55198, 0.13545], [-62.54619, 0.13077], [-62.54278, 0.11967], [-62.53836, 0.11757], [-62.53372, 0.1036], [-62.53677, 0.09794], [-62.53472, 0.08892], [-62.52908, 0.08584], [-62.53648, 0.07827], [-62.53749, 0.07124], [-62.55222, 0.06199], [-62.54607, 0.04807], [-62.56576, 0.03309], [-62.55697, 0.01775], [-62.56486, 0.00676], [-62.56798, -0.00795], [-62.57566, -0.00964], [-62.58004, -0.01664], [-62.56997, -0.02926], [-62.56002, -0.02898], [-62.54731, -0.04357], [-62.55497, -0.05056], [-62.55356, -0.05517], [-62.55612, -0.05718], [-62.55466, -0.06205], [-62.54977, -0.06282], [-62.54994, -0.06818], [-62.63975, -0.15861], [-62.64199, -0.16976], [-62.63944, -0.18626], [-62.64345, -0.19379], [-62.65251, -0.19857], [-62.65773, -0.20658], [-62.66053, -0.22218], [-62.66564, -0.22565], [-62.66713, -0.25104], [-62.67306, -0.26359], [-62.67953, -0.26918], [-62.67809, -0.27527], [-62.68122, -0.28231], [-62.67506, -0.28454], [-62.6696, -0.29711], [-62.67439, -0.30564], [-62.67996, -0.30876], [-62.68224, -0.31694], [-62.67892, -0.33775], [-62.68105, -0.34738], [-62.68786, -0.35286], [-62.68975, -0.38189], [-62.69766, -0.39569], [-62.7028, -0.39718], [-62.69583, -0.40569], [-62.69467, -0.41799], [-62.68937, -0.42871], [-62.70078, -0.43348], [-62.70432, -0.44206], [-62.70842, -0.48424], [-62.73535, -0.54109], [-62.77549, -0.55766], [-62.78253, -0.55076], [-62.81842, -0.55417], [-62.84567, -0.54558], [-62.85088, -0.54791], [-62.8553, -0.54438], [-62.88949, -0.5416], [-62.89091, -0.56803], [-62.89471, -0.57352], [-62.89156, -0.58521], [-62.89777, -0.60585], [-62.89131, -0.61903], [-62.86906, -0.63049], [-62.86748, -0.63617], [-62.87544, -0.64214], [-62.90051, -0.63962], [-62.92854, -0.63274], [-63.26378, -0.36441], [-63.63196, -0.33319], [-63.66701, -0.31102], [-63.69309, -0.28921], [-63.71007, -0.28321], [-63.72655, -0.28306], [-63.743, -0.29151], [-63.76127, -0.29451], [-63.8089, -0.28921], [-63.83637, -0.29133], [-63.86132, -0.28668], [-63.88407, -0.28935], [-63.89307, -0.28768], [-63.91607, -0.27484], [-63.97621, -0.27889], [-63.98892, -0.27417], [-63.99793, -0.26312], [-64.01403, -0.2551], [-64.05634, -0.25177], [-64.06869, -0.25605], [-64.09562, -0.24457], [-64.11151, -0.25279], [-64.11329, -0.25815], [-64.13019, -0.26393], [-64.14277, -0.27571], [-64.15047, -0.27523], [-64.16964, -0.26454], [-64.20268, -0.27592], [-64.20892, -0.28102], [-64.21068, -0.29206], [-64.21839, -0.29548], [-64.22423, -0.29458], [-64.23298, -0.28194], [-64.25063, -0.27266], [-64.25954, -0.27396], [-64.26171, -0.28232], [-64.25746, -0.28803], [-64.26612, -0.28933], [-64.2779, -0.28513], [-64.2769, -0.27908], [-64.28821, -0.27818], [-64.29056, -0.27516], [-64.29482, -0.27885], [-64.29666, -0.27377], [-64.29989, -0.2747], [-64.30738, -0.26768], [-64.3264, -0.26391], [-64.32645, -0.26754], [-64.33065, -0.268], [-64.33412, -0.26733], [-64.33489, -0.26291], [-64.34166, -0.26382], [-64.34185, -0.26147], [-64.36004, -0.26599], [-64.36316, -0.27233], [-64.3718, -0.26936], [-64.39535, -0.27221], [-64.41032, -0.28065], [-64.40816, -0.28863], [-64.41949, -0.30235], [-64.43227, -0.30464], [-64.44337, -0.31135], [-64.45233, -0.30831], [-64.4619, -0.32293], [-64.47631, -0.33258], [-64.48351, -0.34292], [-64.50126, -0.34495], [-64.51372, -0.25726], [-64.67948, -0.22212], [-64.70643, -0.20438], [-64.72291, -0.19943], [-64.72298, -0.1916], [-64.7338, -0.1792], [-64.74784, -0.17856], [-64.75357, -0.16477], [-64.74754, -0.16362], [-64.74776, -0.16704], [-64.74333, -0.1641], [-64.74181, -0.16864], [-64.73388, -0.15724], [-64.72901, -0.15788], [-64.72906, -0.14782], [-64.71804, -0.1355], [-64.71753, -0.13119], [-64.72779, -0.11865], [-64.71358, -0.11268], [-64.71136, -0.09951], [-64.71664, -0.09243], [-64.71712, -0.08694], [-64.71457, -0.08567], [-64.71799, -0.08376], [-64.71648, -0.07493], [-64.72198, -0.07677], [-64.72503, -0.07397], [-64.72104, -0.07203], [-64.72224, -0.06766], [-64.71835, -0.06331], [-64.72137, -0.05819], [-64.71052, -0.04768], [-64.70582, -0.03462], [-64.71298, -0.02514], [-64.70918, -0.02331], [-64.71573, -0.01985], [-64.71545, -0.00649], [-64.72744, -0.00454], [-64.73283, 0.02469], [-64.74851, 0.03242], [-64.75601, 0.04375], [-64.73281, 0.08265], [-64.74375, 0.10005], [-64.74351, 0.1059], [-64.73975, 0.10637], [-64.74008, 0.11619], [-64.73719, 0.11721], [-64.74391, 0.12888], [-64.7413, 0.13591], [-64.74905, 0.14168], [-64.748, 0.14635], [-64.76366, 0.14954], [-64.76429, 0.1584], [-64.76192, 0.15979], [-64.76847, 0.16775], [-64.77399, 0.16874], [-64.77599, 0.17708], [-64.78562, 0.17813], [-64.78557, 0.18546], [-64.79103, 0.19343], [-64.79463, 0.19085], [-64.80012, 0.19627], [-64.79693, 0.20268], [-64.80009, 0.21988], [-64.79711, 0.2368], [-64.7847, 0.26107], [-64.76755, 0.27359], [-64.76432, 0.29725], [-64.77142, 0.31217], [-64.7708, 0.33142], [-64.79312, 0.36018], [-64.79378, 0.37099], [-64.78695, 0.39124], [-64.79073, 0.39671], [-64.78275, 0.41682], [-64.78542, 0.42727], [-64.79732, 0.44182], [-64.80792, 0.44633], [-64.81246, 0.45064], [-64.8125, 0.455], [-64.8204, 0.46012], [-64.822, 0.46473], [-64.81704, 0.47049], [-64.81746, 0.48169], [-64.82552, 0.49128], [-64.83287, 0.51031], [-64.83794, 0.51062], [-64.84732, 0.52491], [-64.8425, 0.54715], [-64.85059, 0.56453], [-64.84841, 0.58546], [-64.83776, 0.59446], [-64.83153, 0.61655], [-64.81194, 0.6322], [-64.67352, 0.70944], [-64.6038, 0.71191], [-64.46215, 0.78084], [-64.2896, 0.78327]]], [[[-64.40336, -0.35336], [-64.43053, -0.36561], [-64.44609, -0.36795], [-64.43962, -0.3579], [-64.43225, -0.35349], [-64.40336, -0.35336]]], [[[-64.26433, -0.34758], [-64.23142, -0.35777], [-64.24211, -0.37288], [-64.2742, -0.38514], [-64.34281, -0.38101], [-64.38421, -0.37271], [-64.41003, -0.37671], [-64.419, -0.37463], [-64.41489, -0.36344], [-64.39723, -0.35708], [-64.3446, -0.35085], [-64.31462, -0.35282], [-64.26433, -0.34758]]], [[[-64.22283, -0.35204], [-64.23312, -0.35125], [-64.23429, -0.3466], [-64.20251, -0.34506], [-64.22283, -0.35204]]], [[[-64.15464, -0.32264], [-64.10316, -0.30322], [-64.07102, -0.27838], [-64.0421, -0.26544], [-63.98802, -0.2841], [-63.98173, -0.28717], [-63.97494, -0.29652], [-63.96114, -0.2958], [-63.94163, -0.28354], [-63.92692, -0.28382], [-63.90452, -0.28993], [-63.90009, -0.29991], [-63.87674, -0.30857], [-63.89384, -0.31595], [-63.92351, -0.32275], [-63.93466, -0.33037], [-63.95296, -0.33557], [-63.96566, -0.33517], [-63.99557, -0.3179], [-64.01552, -0.31439], [-64.03752, -0.31878], [-64.06754, -0.31851], [-64.09265, -0.32589], [-64.13777, -0.33159], [-64.15154, -0.3387], [-64.19176, -0.34321], [-64.15464, -0.32264]]], [[[-64.03982, -0.33316], [-64.01175, -0.32911], [-63.98416, -0.34424], [-63.9569, -0.34631], [-63.9692, -0.34875], [-64.00007, -0.34313], [-64.04583, -0.34702], [-64.092, -0.33873], [-64.08739, -0.33409], [-64.0748, -0.33167], [-64.03982, -0.33316]]], [[[-63.96967, -0.33985], [-63.97466, -0.34331], [-63.98376, -0.34285], [-63.9906, -0.33982], [-63.99779, -0.33034], [-63.99095, -0.3305], [-63.96967, -0.33985]]], [[[-63.91052, -0.34076], [-63.9324, -0.34832], [-63.95358, -0.34697], [-63.93917, -0.34079], [-63.91052, -0.34076]]], [[[-63.89343, -0.34814], [-63.90325, -0.35288], [-63.92292, -0.35303], [-63.91229, -0.34728], [-63.89343, -0.34814]]], [[[-63.86972, -0.33612], [-63.89409, -0.34317], [-63.90823, -0.33996], [-63.8876, -0.33522], [-63.86972, -0.33612]]], [[[-63.89054, -0.32879], [-63.90522, -0.33314], [-63.90945, -0.33216], [-63.90376, -0.32757], [-63.89054, -0.32879]]], [[[-63.87634, -0.31906], [-63.88576, -0.32433], [-63.89787, -0.32259], [-63.89631, -0.3202], [-63.87634, -0.31906]]], [[[-63.87324, -0.31926], [-63.84299, -0.31085], [-63.82836, -0.31161], [-63.81384, -0.31678], [-63.85232, -0.33272], [-63.88035, -0.32693], [-63.87324, -0.31926]]], [[[-63.87208, -0.31007], [-63.868, -0.31026], [-63.87366, -0.31172], [-63.87208, -0.31007]]], [[[-63.88394, -0.2992], [-63.87993, -0.29971], [-63.85104, -0.30074], [-63.87506, -0.30406], [-63.88394, -0.2992]]], [[[-63.87623, -0.29346], [-63.85995, -0.29095], [-63.8476, -0.29631], [-63.86656, -0.29658], [-63.87623, -0.29346]]], [[[-64.28404, -0.69914], [-64.31628, -0.74966], [-64.35936, -0.80589], [-64.4004, -0.82004], [-64.47376, -0.81986], [-64.5491, -0.80117], [-64.54441, -0.78763], [-64.55423, -0.76073], [-64.53637, -0.73883], [-64.53999, -0.70368], [-64.54828, -0.69755], [-64.57211, -0.70629], [-64.58757, -0.69269], [-64.60073, -0.69371], [-64.611, -0.68924], [-64.61589, -0.66997], [-64.61351, -0.66196], [-64.61552, -0.65011], [-64.63311, -0.63278], [-64.64026, -0.60662], [-64.63923, -0.60034], [-64.64766, -0.58878], [-64.64594, -0.58623], [-64.65241, -0.57009], [-64.6525, -0.56367], [-64.64127, -0.55486], [-64.64064, -0.54973], [-64.64199, -0.53904], [-64.6468, -0.53367], [-64.64645, -0.53054], [-64.64225, -0.52977], [-64.64174, -0.52235], [-64.64335, -0.52396], [-64.65209, -0.51761], [-64.65323, -0.50571], [-64.6436, -0.50249], [-64.63981, -0.49549], [-64.62212, -0.49881], [-64.61339, -0.48803], [-64.61472, -0.48103], [-64.5928, -0.47583], [-64.58084, -0.46947], [-64.57898, -0.46625], [-64.58693, -0.46972], [-64.57794, -0.46275], [-64.50905, -0.45657], [-64.48956, -0.44296], [-64.48143, -0.4424], [-64.47434, -0.42668], [-64.4476, -0.42537], [-64.4312, -0.4113], [-64.42315, -0.41232], [-64.41141, -0.42486], [-64.40435, -0.42817], [-64.38454, -0.42948], [-64.37496, -0.42647], [-64.3695, -0.41829], [-64.36734, -0.40761], [-64.35858, -0.40521], [-64.34201, -0.41888], [-64.31445, -0.42704], [-64.28487, -0.41462], [-64.26068, -0.40938], [-64.23671, -0.39668], [-64.19096, -0.38914], [-64.17074, -0.37583], [-64.15184, -0.36945], [-64.13569, -0.36949], [-64.10071, -0.37758], [-64.06229, -0.37297], [-64.02958, -0.37446], [-63.99766, -0.38318], [-63.97783, -0.3811], [-63.93927, -0.36553], [-63.89867, -0.36531], [-63.87461, -0.35716], [-63.85876, -0.35795], [-63.84447, -0.35463], [-63.83218, -0.35685], [-63.78633, -0.34941], [-63.75711, -0.35543], [-63.77136, -0.38296], [-63.79731, -0.38065], [-63.80326, -0.38624], [-63.81516, -0.3786], [-63.82134, -0.39009], [-63.8134, -0.39378], [-63.82067, -0.40186], [-63.82481, -0.39601], [-63.83195, -0.40003], [-63.83388, -0.39584], [-63.8349, -0.39927], [-63.8443, -0.39813], [-63.84414, -0.40428], [-63.84786, -0.39924], [-63.8479, -0.40418], [-63.85316, -0.40545], [-63.85574, -0.40203], [-63.86375, -0.40584], [-63.86323, -0.40971], [-63.86772, -0.41064], [-63.868, -0.4146], [-63.87145, -0.41269], [-63.87492, -0.41589], [-63.87781, -0.4131], [-63.88879, -0.42204], [-63.89427, -0.41989], [-63.90839, -0.43433], [-63.91634, -0.43286], [-63.92064, -0.44063], [-63.92461, -0.44003], [-63.93113, -0.44767], [-63.9365, -0.44753], [-63.93615, -0.45185], [-63.94299, -0.45182], [-63.94496, -0.45668], [-63.94802, -0.45533], [-63.94904, -0.46436], [-63.95657, -0.46675], [-63.95474, -0.47443], [-63.95959, -0.47455], [-63.96267, -0.48101], [-63.97151, -0.48124], [-63.97446, -0.47842], [-63.98385, -0.48218], [-63.98739, -0.47699], [-63.99207, -0.48063], [-63.9996, -0.47794], [-64.00857, -0.49051], [-64.01602, -0.49245], [-64.01911, -0.49732], [-64.02205, -0.49187], [-64.02602, -0.4936], [-64.02814, -0.50189], [-64.03976, -0.50232], [-64.04428, -0.49642], [-64.05091, -0.49614], [-64.0532, -0.50138], [-64.0506, -0.50514], [-64.06023, -0.50592], [-64.06811, -0.51234], [-64.07185, -0.50636], [-64.07532, -0.50895], [-64.08831, -0.50563], [-64.09221, -0.50981], [-64.11068, -0.51111], [-64.11957, -0.50799], [-64.12282, -0.51004], [-64.13841, -0.50806], [-64.15106, -0.51498], [-64.15764, -0.51496], [-64.15967, -0.51948], [-64.16534, -0.51688], [-64.17768, -0.52023], [-64.17773, -0.52547], [-64.18242, -0.52822], [-64.18993, -0.52517], [-64.21241, -0.52835], [-64.2278, -0.524], [-64.25044, -0.54496], [-64.25654, -0.55898], [-64.25318, -0.56761], [-64.24476, -0.57499], [-64.24455, -0.58292], [-64.23375, -0.58499], [-64.28404, -0.69914]]]]}}, {"type": "Feature", "properties": {"nome": "Tenharim Marmelos (Gleba B)", "etnia": "Tenharim", "fase": "Regularizada", "modalidade": "Tradicionalmente ocupada", "municipios": "Humaitá,Manicoré", "ha": 474741.6023, "uf": "AM"}, "geometry": {"type": "Polygon", "coordinates": [[[-61.67971, -6.56297], [-61.66366, -6.58138], [-61.66232, -6.5891], [-61.67312, -6.6111], [-61.68466, -6.61641], [-61.68769, -6.6211], [-61.68153, -6.64169], [-61.68237, -6.65137], [-61.6921, -6.66635], [-61.6903, -6.68308], [-61.67445, -6.70375], [-61.65161, -6.70547], [-61.63518, -6.72096], [-61.6385, -6.72637], [-61.64973, -6.72998], [-61.68679, -6.87735], [-61.74326, -6.97313], [-61.78753, -7.07026], [-61.79068, -7.09375], [-61.79418, -7.21574], [-61.82201, -7.25494], [-61.81525, -7.25987], [-61.82021, -7.28155], [-61.8108, -7.29133], [-61.80604, -7.30444], [-61.78764, -7.31809], [-61.79023, -7.34341], [-61.73736, -7.54309], [-61.64172, -7.49651], [-61.60183, -7.58363], [-61.54779, -7.55589], [-61.54232, -7.56637], [-61.54919, -7.57334], [-61.54072, -7.59007], [-61.54707, -7.6057], [-61.54724, -7.61633], [-61.56336, -7.62102], [-61.57186, -7.63035], [-61.58116, -7.63128], [-61.59324, -7.6491], [-61.6163, -7.65055], [-61.63241, -7.67777], [-61.6324, -7.68623], [-61.64059, -7.69148], [-61.64443, -7.70298], [-61.64845, -7.70645], [-61.65696, -7.70508], [-61.66116, -7.71142], [-61.67271, -7.71872], [-61.67684, -7.72625], [-61.67978, -7.72548], [-61.69011, -7.73442], [-61.69174, -7.73225], [-61.70247, -7.73364], [-61.7075, -7.74155], [-61.71242, -7.73262], [-61.71563, -7.73662], [-61.72058, -7.73475], [-61.7103, -7.75924], [-61.71175, -7.77033], [-61.71507, -7.774], [-61.72451, -7.7723], [-61.7326, -7.77776], [-61.82838, -7.81154], [-62.16384, -7.81168], [-62.1667, -7.77696], [-62.19475, -7.77008], [-62.18047, -7.71446], [-62.21963, -7.67054], [-62.23372, -7.52179], [-62.19445, -7.4564], [-62.16681, -7.45602], [-62.17099, -7.45136], [-62.17151, -7.4172], [-62.18148, -7.34576], [-62.19188, -7.34142], [-62.17019, -7.20297], [-62.09662, -7.14257], [-62.0008, -7.10607], [-61.91333, -7.0293], [-61.87744, -6.98083], [-61.80848, -6.82639], [-61.79628, -6.70156], [-61.73719, -6.63312], [-61.70281, -6.62363], [-61.70685, -6.61647], [-61.70168, -6.60817], [-61.70888, -6.59101], [-61.70443, -6.5748], [-61.68772, -6.57032], [-61.68566, -6.56496], [-61.67971, -6.56297]]]}}, {"type": "Feature", "properties": {"nome": "Jacareúba/Katauixi (restrição uso)", "etnia": "Isolados", "fase": "Em Estudo", "modalidade": "Interditada", "municipios": "Canutama,Lábrea", "ha": 647386, "uf": "AM"}, "geometry": {"type": "Polygon", "coordinates": [[[-64.41955, -7.65736], [-64.41634, -7.66757], [-64.40893, -7.67366], [-64.40807, -7.68004], [-64.40093, -7.68988], [-64.40501, -7.71564], [-64.38805, -7.73844], [-64.38016, -7.76513], [-64.36783, -7.77118], [-64.35356, -7.76863], [-64.33713, -7.77349], [-64.33107, -7.7724], [-64.32017, -7.79999], [-64.31158, -7.80472], [-64.30047, -7.82536], [-64.29084, -7.83539], [-64.26741, -7.84148], [-64.2579, -7.83413], [-64.24805, -7.81931], [-64.23856, -7.81503], [-64.22927, -7.81519], [-64.23461, -7.81914], [-64.23336, -7.82244], [-64.23717, -7.82411], [-64.24276, -7.83777], [-64.22921, -7.8579], [-64.22941, -7.86012], [-64.23383, -7.8596], [-64.23161, -7.86636], [-64.23364, -7.8713], [-64.22532, -7.88546], [-64.22809, -7.8903], [-64.23753, -7.88972], [-64.23893, -7.8932], [-64.23398, -7.90534], [-64.22788, -7.9075], [-64.23992, -7.91849], [-64.23644, -7.92678], [-64.23513, -7.94938], [-64.22985, -7.95464], [-64.22025, -7.95379], [-64.2303, -7.96553], [-64.23008, -7.9705], [-64.22544, -7.97388], [-64.21399, -7.973], [-64.21118, -7.963], [-64.20744, -7.96196], [-64.19336, -7.98101], [-64.18614, -7.986], [-64.18358, -7.9928], [-64.17547, -7.99368], [-64.17541, -7.99836], [-64.16951, -7.99686], [-64.17266, -7.99427], [-64.17132, -7.99069], [-64.16019, -7.98751], [-64.14952, -7.98856], [-64.14057, -7.99214], [-64.13616, -7.99873], [-64.13853, -8.00241], [-64.13369, -8.0034], [-64.13481, -8.0097], [-64.12754, -8.01048], [-64.12903, -8.01459], [-64.12397, -8.01634], [-64.1305, -8.02096], [-64.12662, -8.02964], [-64.13011, -8.02922], [-64.1279, -8.03334], [-64.13541, -8.04203], [-64.13204, -8.05731], [-64.14088, -8.06009], [-64.13775, -8.06155], [-64.14316, -8.06435], [-64.13877, -8.06632], [-64.13818, -8.07253], [-64.13131, -8.07236], [-64.1325, -8.076], [-64.13799, -8.07619], [-64.13957, -8.08179], [-64.13256, -8.08551], [-64.13287, -8.09122], [-64.13601, -8.08946], [-64.14019, -8.09196], [-64.14005, -8.09643], [-64.14661, -8.09777], [-64.14691, -8.1032], [-64.14256, -8.10372], [-64.14401, -8.10649], [-64.13735, -8.11175], [-64.13874, -8.12394], [-64.14125, -8.12642], [-64.14383, -8.12374], [-64.153, -8.12952], [-64.15176, -8.13153], [-64.14896, -8.12906], [-64.14622, -8.13595], [-64.14092, -8.13675], [-64.14013, -8.14509], [-64.13497, -8.14817], [-64.13745, -8.15543], [-64.14176, -8.15403], [-64.13957, -8.15801], [-64.14509, -8.16295], [-64.14091, -8.16705], [-64.13837, -8.16397], [-64.13447, -8.16858], [-64.13683, -8.17053], [-64.13529, -8.17479], [-64.14267, -8.17716], [-64.13826, -8.17923], [-64.13796, -8.18527], [-64.12985, -8.18966], [-64.13062, -8.186], [-64.1266, -8.18335], [-64.12741, -8.18733], [-64.12271, -8.18851], [-64.12705, -8.19242], [-64.12292, -8.20199], [-64.12903, -8.20157], [-64.12957, -8.20598], [-64.12697, -8.2051], [-64.12598, -8.21225], [-64.12047, -8.21487], [-64.12256, -8.21791], [-64.11548, -8.22001], [-64.11049, -8.22714], [-64.09902, -8.23125], [-64.09825, -8.23616], [-64.10837, -8.24999], [-64.10436, -8.25355], [-64.10197, -8.24879], [-64.09623, -8.25152], [-64.0973, -8.27239], [-64.10052, -8.27095], [-64.11157, -8.27569], [-64.11358, -8.28363], [-64.12012, -8.28581], [-64.11684, -8.28839], [-64.11294, -8.28599], [-64.11037, -8.29713], [-64.09884, -8.29095], [-64.09952, -8.29506], [-64.10942, -8.30272], [-64.10517, -8.30843], [-64.11023, -8.31586], [-64.10662, -8.32088], [-64.10311, -8.31636], [-64.09428, -8.32409], [-64.09347, -8.34149], [-64.09611, -8.33955], [-64.10146, -8.34583], [-64.1013, -8.3436], [-64.10593, -8.34495], [-64.10564, -8.34896], [-64.12002, -8.34902], [-64.13171, -8.35961], [-64.12867, -8.36273], [-64.1291, -8.37221], [-64.13555, -8.37324], [-64.12057, -8.3837], [-64.12353, -8.38914], [-64.11117, -8.39415], [-64.11345, -8.39767], [-64.11025, -8.39849], [-64.11479, -8.40093], [-64.10935, -8.40474], [-64.10948, -8.41224], [-64.11371, -8.4119], [-64.12187, -8.4204], [-64.11577, -8.43111], [-64.13121, -8.43554], [-64.12499, -8.43988], [-64.12902, -8.44409], [-64.13754, -8.44445], [-64.13814, -8.44222], [-64.13977, -8.44449], [-64.14159, -8.44069], [-64.1488, -8.44761], [-64.15225, -8.4463], [-64.16019, -8.45081], [-64.15562, -8.45445], [-64.16678, -8.46683], [-64.16819, -8.47376], [-64.17255, -8.47604], [-64.16963, -8.47868], [-64.18528, -8.48042], [-64.18521, -8.51996], [-64.1813, -8.52656], [-64.17385, -8.52832], [-64.19676, -8.52377], [-64.21199, -8.53326], [-64.20892, -8.53847], [-64.21182, -8.54258], [-64.20804, -8.5494], [-64.20569, -8.54851], [-64.21096, -8.55124], [-64.2051, -8.55471], [-64.21092, -8.5587], [-64.21121, -8.56809], [-64.20679, -8.57114], [-64.20668, -8.56888], [-64.20229, -8.56969], [-64.20923, -8.57649], [-64.20715, -8.58397], [-64.21141, -8.58338], [-64.21506, -8.58802], [-64.2257, -8.58414], [-64.2318, -8.59129], [-64.25231, -8.60284], [-64.2709, -8.62355], [-64.29875, -8.63011], [-64.30836, -8.63937], [-64.31578, -8.65867], [-64.32562, -8.66898], [-64.34815, -8.67963], [-64.35797, -8.67825], [-64.36963, -8.6815], [-64.33109, -8.70173], [-64.28655, -8.76795], [-64.27571, -8.75689], [-64.24861, -8.76284], [-64.26172, -8.78814], [-64.27963, -8.80357], [-64.28983, -8.8083], [-64.27016, -8.85795], [-64.27346, -8.86256], [-64.29886, -8.86452], [-64.30411, -8.85645], [-64.32705, -8.85543], [-64.33394, -8.85691], [-64.33376, -8.86486], [-64.33691, -8.86738], [-64.34926, -8.87118], [-64.35413, -8.86898], [-64.36076, -8.87736], [-64.36726, -8.87881], [-64.3754, -8.87861], [-64.38479, -8.86841], [-64.41457, -8.85425], [-64.42551, -8.85706], [-64.44437, -8.87075], [-64.45495, -8.86468], [-64.48224, -8.86809], [-64.48927, -8.87546], [-64.49015, -8.89255], [-64.50643, -8.8986], [-64.5982, -8.99612], [-64.61137, -8.99605], [-64.62647, -8.98639], [-64.63503, -8.97091], [-64.64823, -8.97541], [-64.65359, -8.97349], [-64.65849, -8.94326], [-64.66717, -8.93811], [-64.67217, -8.91717], [-64.67843, -8.91113], [-64.67978, -8.8962], [-64.67481, -8.87943], [-64.66251, -8.86745], [-64.65881, -8.85756], [-64.65232, -8.85838], [-64.65106, -8.84781], [-64.64758, -8.84739], [-64.6484, -8.84271], [-64.65194, -8.84336], [-64.65019, -8.82857], [-64.63988, -8.82629], [-64.63492, -8.81838], [-64.63699, -8.8172], [-64.63225, -8.81683], [-64.62826, -8.80483], [-64.60886, -8.79516], [-64.60759, -8.78926], [-64.61239, -8.79046], [-64.6192, -8.78692], [-64.61798, -8.78334], [-64.6232, -8.77655], [-64.62744, -8.77737], [-64.62843, -8.77135], [-64.63429, -8.77233], [-64.64555, -8.76388], [-64.6455, -8.754], [-64.64153, -8.75177], [-64.64602, -8.74309], [-64.6439, -8.74088], [-64.65524, -8.72537], [-64.6462, -8.70822], [-64.65205, -8.70729], [-64.64918, -8.70112], [-64.65508, -8.69915], [-64.65675, -8.69196], [-64.6536, -8.68273], [-64.65854, -8.68309], [-64.65698, -8.67435], [-64.66165, -8.67153], [-64.65912, -8.67061], [-64.65696, -8.65996], [-64.66418, -8.65377], [-64.66069, -8.65067], [-64.6629, -8.64777], [-64.66127, -8.64177], [-64.65744, -8.64222], [-64.65721, -8.63806], [-64.65383, -8.63816], [-64.65491, -8.63413], [-64.63766, -8.62984], [-64.63458, -8.62742], [-64.63498, -8.62283], [-64.63249, -8.62546], [-64.61841, -8.60912], [-64.60716, -8.60724], [-64.60881, -8.6099], [-64.60531, -8.61011], [-64.60401, -8.61485], [-64.59472, -8.61133], [-64.59456, -8.6073], [-64.58914, -8.60433], [-64.59091, -8.59506], [-64.58758, -8.59153], [-64.59004, -8.59], [-64.57527, -8.58013], [-64.57221, -8.58177], [-64.57071, -8.5757], [-64.57994, -8.56898], [-64.58306, -8.55494], [-64.58953, -8.55913], [-64.59162, -8.55165], [-64.59709, -8.55827], [-64.60174, -8.55251], [-64.60747, -8.55454], [-64.60817, -8.54959], [-64.60984, -8.55655], [-64.61516, -8.54673], [-64.62082, -8.54664], [-64.62366, -8.53796], [-64.62985, -8.53384], [-64.6483, -8.53569], [-64.64429, -8.5318], [-64.64353, -8.52391], [-64.64077, -8.52744], [-64.63656, -8.52457], [-64.64089, -8.51897], [-64.63653, -8.51544], [-64.6446, -8.50837], [-64.6397, -8.50242], [-64.64328, -8.5002], [-64.64101, -8.5004], [-64.64309, -8.49594], [-64.66144, -8.49278], [-64.65779, -8.48644], [-64.66359, -8.48276], [-64.66755, -8.48242], [-64.66727, -8.48566], [-64.67653, -8.4838], [-64.67679, -8.48615], [-64.68098, -8.47994], [-64.68295, -8.48333], [-64.69014, -8.47694], [-64.6974, -8.4759], [-64.70623, -8.48039], [-64.70883, -8.46695], [-64.71417, -8.46482], [-64.71357, -8.45964], [-64.72737, -8.45017], [-64.72137, -8.44053], [-64.72956, -8.43624], [-64.72676, -8.4284], [-64.71779, -8.4307], [-64.70239, -8.42654], [-64.69657, -8.42081], [-64.68986, -8.40411], [-64.67746, -8.39974], [-64.67147, -8.38576], [-64.6575, -8.37653], [-64.65021, -8.38295], [-64.64087, -8.3696], [-64.62244, -8.3572], [-64.62765, -8.34652], [-64.64361, -8.33211], [-64.66552, -8.32638], [-64.6752, -8.31649], [-64.67115, -8.29551], [-64.65311, -8.28707], [-64.6392, -8.26426], [-64.6378, -8.22447], [-64.63525, -8.22032], [-64.63961, -8.21472], [-64.63945, -8.2093], [-64.63843, -8.20294], [-64.63475, -8.20095], [-64.63911, -8.19595], [-64.63754, -8.19224], [-64.64254, -8.17552], [-64.6395, -8.16825], [-64.642, -8.14888], [-64.63915, -8.13907], [-64.64156, -8.13224], [-64.63248, -8.09815], [-64.63759, -8.07385], [-64.63354, -8.05883], [-64.63514, -8.04241], [-64.64426, -8.02497], [-64.66334, -8.01513], [-64.66776, -7.99786], [-64.59825, -7.94025], [-64.59017, -7.92557], [-64.57764, -7.91721], [-64.57751, -7.90382], [-64.57162, -7.89603], [-64.56774, -7.87887], [-64.57223, -7.84864], [-64.5615, -7.82573], [-64.56463, -7.79267], [-64.55902, -7.78683], [-64.55504, -7.77331], [-64.51797, -7.77754], [-64.50045, -7.72497], [-64.48072, -7.68234], [-64.47023, -7.67596], [-64.45095, -7.67776], [-64.43067, -7.66222], [-64.42415, -7.66193], [-64.41955, -7.65736]]]}}, {"type": "Feature", "properties": {"nome": "Jurubaxi-téa", "etnia": "Desána,Kuripako,Tikúna,Tariana,Arapáso,Piratapuya,Nadëb,Baniwa,Baré,Tukano", "fase": "Declarada", "modalidade": "Tradicionalmente ocupada", "municipios": "Barcelos,Santa Isabel do Rio Negro", "ha": 1208155, "uf": "AM"}, "geometry": {"type": "MultiPolygon", "coordinates": [[[[-64.61769, -0.48016], [-64.61306, -0.4869], [-64.62267, -0.49881], [-64.6402, -0.4956], [-64.6436, -0.50237], [-64.65264, -0.50568], [-64.65488, -0.49981], [-64.65762, -0.49776], [-64.65976, -0.49755], [-64.66093, -0.4984], [-64.66221, -0.49462], [-64.66459, -0.49358], [-64.67232, -0.49199], [-64.68356, -0.49572], [-64.68223, -0.4919], [-64.66531, -0.48016], [-64.64584, -0.47328], [-64.61769, -0.48016]]], [[[-64.62432, -0.47434], [-64.61839, -0.47322], [-64.60156, -0.47546], [-64.61502, -0.47835], [-64.62432, -0.47434]]], [[[-65.01679, -0.50526], [-65.01653, -0.51013], [-65.01855, -0.51085], [-65.0173, -0.50795], [-65.01679, -0.50526]]], [[[-65.01943, -0.51038], [-65.01881, -0.5108], [-65.01912, -0.51075], [-65.01943, -0.51038]]], [[[-65.01891, -0.50365], [-65.01881, -0.5065], [-65.02103, -0.50733], [-65.02067, -0.5065], [-65.01891, -0.50365]]], [[[-65.02026, -0.50997], [-65.02041, -0.50759], [-65.01891, -0.50717], [-65.02026, -0.50997]]], [[[-65.02238, -0.51137], [-65.02471, -0.51354], [-65.02683, -0.51385], [-65.0259, -0.51194], [-65.02238, -0.51137]]], [[[-65.04335, -0.52576], [-65.04283, -0.52473], [-65.04144, -0.52494], [-65.04335, -0.52576]]], [[[-65.04636, -0.52602], [-65.04485, -0.52654], [-65.0462, -0.52685], [-65.04636, -0.52602]]], [[[-65.05635, -0.53281], [-65.05764, -0.53115], [-65.05531, -0.5326], [-65.05635, -0.53281]]], [[[-65.07458, -0.51587], [-65.07266, -0.51598], [-65.07204, -0.51722], [-65.07458, -0.51587]]], [[[-65.07603, -0.51339], [-65.07587, -0.51266], [-65.07572, -0.51354], [-65.07603, -0.51339]]], [[[-65.07727, -0.51277], [-65.07675, -0.5124], [-65.0768, -0.51308], [-65.07727, -0.51277]]], [[[-65.07908, -0.50795], [-65.07753, -0.50717], [-65.07799, -0.50857], [-65.07908, -0.50795]]], [[[-65.14003, -0.50681], [-65.13915, -0.50805], [-65.14076, -0.50686], [-65.14003, -0.50681]]], [[[-64.83123, -0.50203], [-64.83107, -0.50444], [-64.83286, -0.50514], [-64.83294, -0.50381], [-64.83123, -0.50203]]], [[[-65.65859, -1.51976], [-65.66487, -1.48049], [-65.65114, -1.46219], [-65.64285, -1.45475], [-65.61012, -1.44884], [-65.59828, -1.44185], [-65.6082, -1.44015], [-65.6354, -1.42672], [-65.65638, -1.428], [-65.69526, -1.42056], [-65.72077, -1.42385], [-65.73014, -1.42286], [-65.73896, -1.4176], [-65.76388, -1.42221], [-65.79556, -1.42225], [-65.85559, -1.33839], [-65.84536, -1.32575], [-65.84076, -1.31238], [-65.84629, -1.29529], [-65.83401, -1.26235], [-65.83416, -1.23885], [-65.82674, -1.21866], [-65.81876, -1.21189], [-65.82025, -1.20695], [-65.81317, -1.19328], [-65.80799, -1.1921], [-65.80538, -1.18761], [-65.79999, -1.18782], [-65.80195, -1.18551], [-65.79784, -1.18184], [-65.80028, -1.17413], [-65.79704, -1.17025], [-65.79903, -1.16727], [-65.79062, -1.16016], [-65.79569, -1.14898], [-65.78925, -1.14614], [-65.78938, -1.13874], [-65.77711, -1.12891], [-65.77549, -1.11596], [-65.7506, -1.1071], [-65.74832, -1.10201], [-65.74593, -1.10569], [-65.73969, -1.10284], [-65.7388, -1.09935], [-65.73395, -1.10023], [-65.72879, -1.0963], [-65.7295, -1.09178], [-65.72485, -1.08931], [-65.7223, -1.09171], [-65.7211, -1.08731], [-65.71681, -1.08642], [-65.70849, -1.08622], [-65.70295, -1.09409], [-65.69604, -1.09242], [-65.68731, -1.10045], [-65.68029, -1.10174], [-65.67774, -1.09557], [-65.67118, -1.09669], [-65.67375, -1.09332], [-65.6706, -1.08322], [-65.66218, -1.0848], [-65.65763, -1.08084], [-65.65995, -1.07768], [-65.65671, -1.07694], [-65.65232, -1.07897], [-65.65442, -1.08547], [-65.65051, -1.08514], [-65.6452, -1.07587], [-65.64152, -1.07839], [-65.6382, -1.07243], [-65.62809, -1.07278], [-65.62656, -1.07031], [-65.62976, -1.05193], [-65.63889, -1.03873], [-65.66026, -1.01883], [-65.66933, -1.00401], [-65.69004, -0.99805], [-65.69886, -0.98801], [-65.72598, -0.98684], [-65.7291, -0.98138], [-65.72875, -0.9537], [-65.72337, -0.94928], [-65.73226, -0.94296], [-65.72505, -0.9363], [-65.72732, -0.93082], [-65.71344, -0.91685], [-65.70365, -0.91414], [-65.70348, -0.90511], [-65.69968, -0.89998], [-65.69397, -0.90105], [-65.67684, -0.91478], [-65.67022, -0.91316], [-65.67438, -0.89416], [-65.67148, -0.88919], [-65.66356, -0.8883], [-65.65919, -0.88284], [-65.66049, -0.87659], [-65.66555, -0.87277], [-65.66063, -0.86941], [-65.6587, -0.85493], [-65.67029, -0.84882], [-65.66841, -0.8442], [-65.6713, -0.83851], [-65.69201, -0.82567], [-65.70491, -0.81045], [-65.73276, -0.79761], [-65.74176, -0.79538], [-65.7498, -0.79728], [-65.755, -0.7928], [-65.75364, -0.78768], [-65.76349, -0.78203], [-65.76824, -0.77177], [-65.77695, -0.76918], [-65.79247, -0.75801], [-65.78341, -0.74861], [-65.77998, -0.73003], [-65.77286, -0.71508], [-65.75794, -0.7057], [-65.75177, -0.69039], [-65.75217, -0.6817], [-65.73491, -0.67468], [-65.72421, -0.66268], [-65.71974, -0.64823], [-65.72807, -0.63403], [-65.72145, -0.60864], [-65.7221, -0.59685], [-65.71817, -0.59219], [-65.7205, -0.58142], [-65.71443, -0.56602], [-65.71052, -0.56497], [-65.70634, -0.55784], [-65.70882, -0.5575], [-65.71035, -0.54993], [-65.70544, -0.5473], [-65.70379, -0.54028], [-65.6978, -0.54199], [-65.69295, -0.54884], [-65.68966, -0.54647], [-65.68772, -0.5512], [-65.68289, -0.54931], [-65.6919, -0.56229], [-65.68247, -0.55899], [-65.67631, -0.56728], [-65.67345, -0.56553], [-65.67635, -0.55995], [-65.66834, -0.56004], [-65.67021, -0.55696], [-65.66617, -0.55545], [-65.66663, -0.5517], [-65.66132, -0.55077], [-65.66393, -0.54625], [-65.65774, -0.54637], [-65.65524, -0.54237], [-65.65096, -0.54454], [-65.65498, -0.53898], [-65.65018, -0.53828], [-65.64971, -0.53333], [-65.64557, -0.53598], [-65.64391, -0.53004], [-65.64059, -0.53428], [-65.63649, -0.5341], [-65.64016, -0.54556], [-65.63154, -0.5474], [-65.6264, -0.55473], [-65.61529, -0.55379], [-65.61574, -0.55873], [-65.60923, -0.55377], [-65.60449, -0.55399], [-65.60459, -0.5481], [-65.60043, -0.55513], [-65.59059, -0.55145], [-65.58857, -0.54703], [-65.58389, -0.54713], [-65.57909, -0.55224], [-65.57268, -0.55119], [-65.56626, -0.5319], [-65.55629, -0.53548], [-65.55771, -0.54481], [-65.5659, -0.54785], [-65.55761, -0.55001], [-65.55681, -0.55718], [-65.5516, -0.5534], [-65.54895, -0.55806], [-65.54005, -0.55073], [-65.54351, -0.54633], [-65.54102, -0.54282], [-65.53562, -0.55574], [-65.53076, -0.5558], [-65.51665, -0.54435], [-65.52182, -0.53739], [-65.51521, -0.5404], [-65.51473, -0.53405], [-65.50842, -0.535], [-65.50856, -0.5399], [-65.49733, -0.53856], [-65.49811, -0.54479], [-65.49084, -0.54732], [-65.49604, -0.55168], [-65.47956, -0.54859], [-65.47131, -0.55639], [-65.46594, -0.54209], [-65.46002, -0.54239], [-65.45666, -0.53775], [-65.45101, -0.54378], [-65.44368, -0.53364], [-65.44011, -0.53313], [-65.43554, -0.53996], [-65.43039, -0.53725], [-65.43201, -0.54247], [-65.42626, -0.54354], [-65.42065, -0.55359], [-65.41531, -0.54967], [-65.41592, -0.54609], [-65.41175, -0.54993], [-65.40773, -0.54913], [-65.40979, -0.55454], [-65.40672, -0.55472], [-65.4066, -0.5588], [-65.40188, -0.55764], [-65.40059, -0.5632], [-65.39542, -0.55412], [-65.39099, -0.55955], [-65.38898, -0.55225], [-65.3836, -0.55667], [-65.37545, -0.54995], [-65.3774, -0.54422], [-65.38369, -0.54065], [-65.37007, -0.54089], [-65.36775, -0.53675], [-65.36507, -0.5413], [-65.36102, -0.54132], [-65.35166, -0.5336], [-65.34398, -0.53425], [-65.33796, -0.53895], [-65.33289, -0.53596], [-65.32925, -0.53954], [-65.32929, -0.54632], [-65.32385, -0.53626], [-65.31904, -0.53952], [-65.3137, -0.53731], [-65.31809, -0.53458], [-65.31742, -0.53077], [-65.30828, -0.53104], [-65.29534, -0.53758], [-65.28599, -0.5317], [-65.28095, -0.53407], [-65.28063, -0.54276], [-65.27388, -0.5484], [-65.2696, -0.54049], [-65.26434, -0.54468], [-65.26423, -0.5496], [-65.25853, -0.54347], [-65.25519, -0.55005], [-65.25053, -0.5443], [-65.25089, -0.53748], [-65.24731, -0.53765], [-65.2463, -0.54549], [-65.24253, -0.54702], [-65.23511, -0.53407], [-65.23148, -0.53736], [-65.2234, -0.52873], [-65.22019, -0.52997], [-65.21905, -0.53743], [-65.21195, -0.53167], [-65.21355, -0.53871], [-65.21047, -0.53914], [-65.20562, -0.52878], [-65.20787, -0.52446], [-65.20503, -0.52346], [-65.20028, -0.5284], [-65.203, -0.53897], [-65.19292, -0.53588], [-65.192, -0.52878], [-65.18427, -0.53747], [-65.17515, -0.53646], [-65.17388, -0.53118], [-65.17017, -0.52988], [-65.17209, -0.53737], [-65.16994, -0.5388], [-65.16774, -0.52693], [-65.17217, -0.52486], [-65.17621, -0.52774], [-65.17701, -0.52409], [-65.16921, -0.51236], [-65.15967, -0.51295], [-65.15733, -0.50984], [-65.15729, -0.52076], [-65.15192, -0.52396], [-65.1447, -0.51061], [-65.1403, -0.51312], [-65.12723, -0.50767], [-65.09926, -0.50703], [-65.08535, -0.52309], [-65.0775, -0.52395], [-65.05618, -0.53438], [-65.04571, -0.53286], [-65.00888, -0.51377], [-65.00709, -0.50661], [-65.01464, -0.49672], [-64.99706, -0.48892], [-64.98733, -0.49471], [-64.97637, -0.51001], [-64.96106, -0.52072], [-64.95137, -0.52095], [-64.94237, -0.51483], [-64.91921, -0.53695], [-64.90882, -0.5373], [-64.89626, -0.54289], [-64.87764, -0.5436], [-64.86516, -0.53883], [-64.84989, -0.5215], [-64.83917, -0.51849], [-64.83665, -0.51488], [-64.82678, -0.51482], [-64.81974, -0.50848], [-64.81804, -0.49856], [-64.7876, -0.4933], [-64.78036, -0.48608], [-64.76591, -0.48271], [-64.76239, -0.47851], [-64.75424, -0.48364], [-64.74303, -0.50035], [-64.73436, -0.50501], [-64.72426, -0.50448], [-64.71399, -0.49616], [-64.69328, -0.5], [-64.67333, -0.49326], [-64.66428, -0.49394], [-64.6609, -0.49873], [-64.65512, -0.49989], [-64.65263, -0.50589], [-64.65407, -0.51512], [-64.64358, -0.52451], [-64.64177, -0.52308], [-64.64198, -0.53018], [-64.64684, -0.53242], [-64.64065, -0.54791], [-64.64095, -0.55553], [-64.64697, -0.55859], [-64.65416, -0.57012], [-64.64716, -0.58201], [-64.64704, -0.58996], [-64.63907, -0.60081], [-64.63386, -0.63122], [-64.61569, -0.65091], [-64.61161, -0.68758], [-64.606, -0.69292], [-64.58722, -0.69305], [-64.57211, -0.70629], [-64.54634, -0.69824], [-64.53823, -0.70661], [-64.53503, -0.73859], [-64.55315, -0.75961], [-64.54473, -0.78386], [-64.54549, -0.7941], [-64.72786, -1.07588], [-64.73082, -1.08464], [-64.72796, -1.09019], [-64.70874, -1.10274], [-64.69891, -1.11471], [-64.71315, -1.12313], [-64.72029, -1.13649], [-64.72732, -1.14225], [-64.74621, -1.14537], [-64.75551, -1.14278], [-64.76346, -1.14702], [-64.76616, -1.16264], [-64.93718, -1.35881], [-64.95603, -1.36361], [-64.96314, -1.36874], [-64.98654, -1.36189], [-65.01577, -1.3661], [-65.03056, -1.36148], [-65.03348, -1.35142], [-65.03986, -1.34764], [-65.05435, -1.34355], [-65.06934, -1.34832], [-65.07003, -1.35799], [-65.07283, -1.35531], [-65.07595, -1.35963], [-65.07202, -1.36232], [-65.07497, -1.3652], [-65.07084, -1.36597], [-65.06612, -1.37355], [-65.05681, -1.37631], [-65.05344, -1.38367], [-65.05098, -1.38241], [-65.04499, -1.38887], [-65.0492, -1.3971], [-65.05387, -1.39769], [-65.05105, -1.40166], [-65.05928, -1.40989], [-65.05728, -1.41965], [-65.06236, -1.41996], [-65.06417, -1.42637], [-65.07042, -1.42564], [-65.07055, -1.43416], [-65.07858, -1.43473], [-65.07947, -1.44001], [-65.07535, -1.44434], [-65.07262, -1.44016], [-65.07237, -1.44616], [-65.07853, -1.44887], [-65.07825, -1.45144], [-65.08445, -1.4549], [-65.08365, -1.45753], [-65.09257, -1.4546], [-65.08912, -1.44788], [-65.09307, -1.44721], [-65.09471, -1.45067], [-65.09726, -1.44865], [-65.10346, -1.45202], [-65.10309, -1.45575], [-65.1079, -1.45855], [-65.1185, -1.452], [-65.13481, -1.45409], [-65.13668, -1.45186], [-65.14219, -1.45458], [-65.14273, -1.46198], [-65.14885, -1.46797], [-65.15713, -1.46168], [-65.16379, -1.46476], [-65.1699, -1.46073], [-65.17553, -1.46538], [-65.17749, -1.46245], [-65.18315, -1.46367], [-65.18506, -1.46814], [-65.18781, -1.46516], [-65.18506, -1.46071], [-65.19224, -1.45912], [-65.19792, -1.46424], [-65.19629, -1.46915], [-65.19984, -1.47577], [-65.20348, -1.47356], [-65.20352, -1.47938], [-65.21024, -1.47935], [-65.20836, -1.47677], [-65.21124, -1.47519], [-65.21444, -1.47746], [-65.21382, -1.48131], [-65.21654, -1.47825], [-65.21725, -1.48224], [-65.22021, -1.48216], [-65.2266, -1.48059], [-65.22317, -1.47738], [-65.22846, -1.47541], [-65.23244, -1.48474], [-65.24, -1.48371], [-65.25241, -1.49242], [-65.25508, -1.48933], [-65.25413, -1.48223], [-65.25759, -1.4837], [-65.26977, -1.47897], [-65.27196, -1.48525], [-65.27503, -1.48535], [-65.27382, -1.49053], [-65.28649, -1.48579], [-65.28808, -1.48879], [-65.28406, -1.48838], [-65.28687, -1.49423], [-65.30075, -1.4855], [-65.30292, -1.48883], [-65.29823, -1.50664], [-65.30213, -1.50964], [-65.32311, -1.50799], [-65.32595, -1.50375], [-65.33475, -1.50689], [-65.33587, -1.49865], [-65.3433, -1.49745], [-65.34345, -1.5017], [-65.34699, -1.49811], [-65.34553, -1.49511], [-65.35624, -1.49164], [-65.36934, -1.49661], [-65.39565, -1.49318], [-65.40241, -1.49625], [-65.40548, -1.50168], [-65.41684, -1.49845], [-65.42749, -1.50203], [-65.43461, -1.49922], [-65.4449, -1.50766], [-65.45176, -1.50521], [-65.46033, -1.5087], [-65.65859, -1.51976]]], [[[-65.05318, -0.52735], [-65.07034, -0.51786], [-65.07654, -0.51116], [-65.07691, -0.50624], [-65.08424, -0.5007], [-65.09728, -0.49948], [-65.11212, -0.4925], [-65.13339, -0.48736], [-65.1081, -0.49574], [-65.13797, -0.49433], [-65.14824, -0.48834], [-65.15147, -0.47443], [-65.14225, -0.43311], [-65.11447, -0.43843], [-65.08376, -0.42825], [-65.04719, -0.42879], [-65.04396, -0.43418], [-65.02753, -0.4275], [-65.00105, -0.44234], [-64.99159, -0.45333], [-64.9865, -0.48143], [-64.99068, -0.48036], [-65.00138, -0.48345], [-65.01599, -0.4798], [-65.02278, -0.49582], [-65.0185, -0.50282], [-65.02137, -0.50633], [-65.0221, -0.51083], [-65.02712, -0.51209], [-65.03594, -0.52285], [-65.04602, -0.5233], [-65.05318, -0.52735]]], [[[-65.07854, -0.51688], [-65.08831, -0.51218], [-65.0923, -0.50478], [-65.08976, -0.50346], [-65.08277, -0.5081], [-65.07854, -0.51688]]], [[[-64.98567, -0.48496], [-64.99317, -0.48267], [-64.98444, -0.4843], [-64.98567, -0.48496]]], [[[-64.95429, -0.51961], [-64.97181, -0.51172], [-64.97963, -0.50054], [-64.9588, -0.51144], [-64.94781, -0.51359], [-64.95429, -0.51961]]], [[[-64.88252, -0.54005], [-64.89501, -0.53477], [-64.86309, -0.52731], [-64.87084, -0.53368], [-64.85992, -0.52654], [-64.87007, -0.53731], [-64.88252, -0.54005]]], [[[-64.89087, -0.54145], [-64.89954, -0.54096], [-64.90313, -0.53915], [-64.89087, -0.54145]]], [[[-64.9095, -0.53425], [-64.92117, -0.5339], [-64.92531, -0.5287], [-64.9095, -0.53425]]], [[[-64.72912, -0.50452], [-64.73995, -0.50161], [-64.74925, -0.48767], [-64.73795, -0.49306], [-64.7209, -0.49594], [-64.72148, -0.50143], [-64.72912, -0.50452]]]]}}, {"type": "Feature", "properties": {"nome": "Sissaíma", "etnia": "Múra", "fase": "Declarada", "modalidade": "Tradicionalmente ocupada", "municipios": "Careiro da Várzea", "ha": 8780, "uf": "AM"}, "geometry": {"type": "Polygon", "coordinates": [[[-59.47895, -3.37629], [-59.48126, -3.36734], [-59.49384, -3.364], [-59.49772, -3.35518], [-59.47747, -3.34097], [-59.4616, -3.34992], [-59.45755, -3.35626], [-59.45928, -3.36077], [-59.4447, -3.36601], [-59.44065, -3.3723], [-59.43056, -3.36787], [-59.42513, -3.37384], [-59.41984, -3.37474], [-59.40811, -3.36692], [-59.40188, -3.36941], [-59.40861, -3.39797], [-59.3974, -3.40659], [-59.39223, -3.40249], [-59.3881, -3.4114], [-59.39951, -3.42213], [-59.39583, -3.43695], [-59.38776, -3.45025], [-59.38982, -3.45317], [-59.38757, -3.46135], [-59.39145, -3.46253], [-59.39755, -3.47373], [-59.39515, -3.47847], [-59.39909, -3.47677], [-59.4019, -3.47966], [-59.39655, -3.49539], [-59.4131, -3.49538], [-59.4124, -3.50387], [-59.43616, -3.49758], [-59.44268, -3.45746], [-59.43784, -3.44559], [-59.44192, -3.43371], [-59.43343, -3.42907], [-59.43682, -3.4209], [-59.43341, -3.4153], [-59.4434, -3.40373], [-59.45728, -3.39881], [-59.46354, -3.38637], [-59.46909, -3.38429], [-59.47504, -3.37633], [-59.47895, -3.37629]]]}}, {"type": "Feature", "properties": {"nome": "Itãnury Pupykary (antiga Baixo Seruini)", "etnia": "Apurinã", "fase": "Delimitada", "modalidade": "Tradicionalmente ocupada", "municipios": "Lábrea e Pauini", "ha": 176335, "uf": "AM"}, "geometry": {"type": "Polygon", "coordinates": [[[-66.89099, -7.74534], [-66.87409, -7.75464], [-66.86726, -7.76202], [-66.86696, -7.77413], [-66.83857, -7.75423], [-66.84245, -7.76481], [-66.83374, -7.76944], [-66.82604, -7.76265], [-66.82644, -7.7468], [-66.81683, -7.73252], [-66.81652, -7.71552], [-66.81081, -7.71407], [-66.79766, -7.71804], [-66.7843, -7.71299], [-66.78048, -7.70057], [-66.78152, -7.68443], [-66.76847, -7.68433], [-66.76604, -7.70299], [-66.762, -7.71111], [-66.75423, -7.71999], [-66.74313, -7.72229], [-66.72064, -7.70882], [-66.69804, -7.68328], [-66.69196, -7.66384], [-66.6844, -7.65976], [-66.67639, -7.66589], [-66.67216, -7.68387], [-66.6727, -7.69583], [-66.71072, -7.70306], [-66.70938, -7.7173], [-66.71213, -7.72562], [-66.69849, -7.72929], [-66.69456, -7.74178], [-66.65425, -7.71333], [-66.6472, -7.71738], [-66.63683, -7.71648], [-66.63157, -7.70217], [-66.59642, -7.69985], [-66.55104, -7.70733], [-66.54599, -7.70266], [-66.50287, -7.70144], [-66.34882, -7.64256], [-66.23362, -7.64944], [-66.2209, -7.6607], [-66.20275, -7.66626], [-66.18742, -7.65655], [-66.18085, -7.63578], [-66.1813, -7.6246], [-66.1781, -7.62458], [-66.16621, -7.63738], [-66.10526, -7.65796], [-66.10709, -7.6623], [-66.1197, -7.6641], [-66.14373, -7.65599], [-66.15225, -7.66207], [-66.15298, -7.67311], [-66.12792, -7.67311], [-66.10539, -7.6638], [-66.10067, -7.66758], [-66.09106, -7.66316], [-66.08113, -7.66907], [-66.07736, -7.67886], [-66.08416, -7.67763], [-66.09617, -7.6879], [-66.10866, -7.69159], [-66.11767, -7.69909], [-66.12122, -7.70405], [-66.12089, -7.71677], [-66.13001, -7.733], [-66.14001, -7.7421], [-66.14037, -7.75098], [-66.16262, -7.75922], [-66.16934, -7.75797], [-66.16221, -7.80359], [-66.16956, -7.80262], [-66.17224, -7.79773], [-66.17915, -7.79606], [-66.18161, -7.78821], [-66.19037, -7.78138], [-66.19862, -7.7877], [-66.2087, -7.78679], [-66.21386, -7.79163], [-66.22106, -7.79134], [-66.22843, -7.79591], [-66.25024, -7.79358], [-66.2592, -7.78618], [-66.279, -7.79011], [-66.28137, -7.79378], [-66.29374, -7.79167], [-66.2991, -7.79332], [-66.30299, -7.799], [-66.3083, -7.79866], [-66.307, -7.81511], [-66.28756, -7.83307], [-66.29408, -7.846], [-66.30311, -7.88457], [-66.29717, -7.90104], [-66.30145, -7.91439], [-66.29555, -7.9353], [-66.28659, -7.94994], [-66.4157, -7.99001], [-66.49396, -7.9944], [-66.49125, -7.98743], [-66.47849, -7.98018], [-66.46539, -7.95265], [-66.44783, -7.94361], [-66.43664, -7.92307], [-66.41879, -7.9151], [-66.41339, -7.90889], [-66.405, -7.90833], [-66.39797, -7.90143], [-66.38751, -7.88189], [-66.38929, -7.85883], [-66.35816, -7.8335], [-66.37355, -7.83072], [-66.38406, -7.82446], [-66.39434, -7.83256], [-66.41145, -7.8305], [-66.42531, -7.83407], [-66.43668, -7.84462], [-66.43896, -7.85137], [-66.44644, -7.85299], [-66.45454, -7.86244], [-66.47331, -7.85161], [-66.48535, -7.85276], [-66.49512, -7.84761], [-66.49138, -7.83614], [-66.49298, -7.82772], [-66.48633, -7.82163], [-66.48852, -7.80173], [-66.48374, -7.79198], [-66.48848, -7.78577], [-66.48508, -7.77849], [-66.60659, -7.72821], [-66.6223, -7.73953], [-66.62117, -7.75363], [-66.6312, -7.76584], [-66.63167, -7.77223], [-66.63929, -7.77894], [-66.66072, -7.78851], [-66.67823, -7.78333], [-66.71332, -7.80626], [-66.70996, -7.82446], [-66.71443, -7.83939], [-66.70225, -7.85086], [-66.71029, -7.87661], [-66.72213, -7.88642], [-66.72291, -7.92502], [-66.71493, -7.94507], [-66.82265, -7.94836], [-66.82327, -7.92783], [-66.83267, -7.92386], [-66.83603, -7.90828], [-66.84226, -7.90579], [-66.84082, -7.9022], [-66.84495, -7.89957], [-66.84402, -7.90318], [-66.84847, -7.90472], [-66.84409, -7.9099], [-66.8533, -7.91688], [-66.85114, -7.92093], [-66.85603, -7.92391], [-66.85578, -7.93077], [-66.86061, -7.92593], [-66.86317, -7.93242], [-66.86862, -7.93278], [-66.8734, -7.93806], [-66.87375, -7.93524], [-66.87855, -7.93703], [-66.89077, -7.93359], [-66.90501, -7.93597], [-66.92231, -7.93407], [-66.93111, -7.93514], [-66.93647, -7.94009], [-66.95163, -7.93944], [-66.96187, -7.94952], [-66.96066, -7.95469], [-67.04302, -7.8219], [-67.03519, -7.81656], [-67.03157, -7.80793], [-67.03624, -7.79898], [-67.05301, -7.79122], [-67.05692, -7.78514], [-67.04966, -7.75666], [-67.04484, -7.75136], [-67.02972, -7.75567], [-67.00925, -7.77738], [-66.98818, -7.78189], [-66.9774, -7.77604], [-66.93847, -7.80748], [-66.90508, -7.77907], [-66.90407, -7.76642], [-66.89896, -7.76302], [-66.89099, -7.74534]]]}}, {"type": "Feature", "properties": {"nome": "Kulina do Rio Ueré", "etnia": "Kulina Madijá", "fase": "Delimitada", "modalidade": "Tradicionalmente ocupada", "municipios": "Carauari", "ha": 274526.7223, "uf": "AM"}, "geometry": {"type": "Polygon", "coordinates": [[[-67.08517, -5.10784], [-67.07727, -5.11259], [-67.07127, -5.11169], [-67.06261, -5.09977], [-67.05232, -5.09311], [-67.043, -5.09897], [-67.03983, -5.11253], [-67.03573, -5.11685], [-67.03047, -5.1167], [-67.0257, -5.11439], [-67.02011, -5.10328], [-67.01982, -5.09582], [-67.02655, -5.07712], [-67.01883, -5.0739], [-67.00801, -5.07842], [-66.9957, -5.07848], [-66.98774, -5.06877], [-66.93021, -5.10827], [-66.93228, -5.11233], [-66.93569, -5.11239], [-66.93497, -5.12183], [-66.94196, -5.12742], [-66.94383, -5.12479], [-66.94637, -5.12663], [-66.94685, -5.12314], [-66.94917, -5.12459], [-66.94887, -5.13371], [-66.955, -5.13641], [-66.95537, -5.14343], [-66.93369, -5.17051], [-66.91537, -5.17507], [-66.91839, -5.18529], [-66.93126, -5.19297], [-66.93296, -5.20924], [-66.92824, -5.21545], [-66.92066, -5.21517], [-66.91315, -5.2216], [-66.92198, -5.23977], [-66.91864, -5.2477], [-66.92056, -5.25689], [-66.91611, -5.26209], [-66.91684, -5.27583], [-66.90932, -5.2805], [-66.89549, -5.27415], [-66.88668, -5.26558], [-66.88357, -5.27314], [-66.86703, -5.28821], [-66.86778, -5.29231], [-66.85345, -5.30184], [-66.84957, -5.32541], [-66.84104, -5.32669], [-66.83668, -5.33206], [-66.84338, -5.34641], [-66.84107, -5.35663], [-66.84531, -5.37343], [-66.85774, -5.38999], [-66.85535, -5.39948], [-66.85737, -5.42386], [-66.86184, -5.44602], [-66.87391, -5.46662], [-66.87222, -5.48552], [-66.8818, -5.49369], [-66.89669, -5.4913], [-66.90781, -5.49774], [-66.91916, -5.49434], [-66.93671, -5.50349], [-66.95466, -5.52963], [-66.95704, -5.54579], [-66.96766, -5.55552], [-66.97147, -5.57089], [-66.96827, -5.58088], [-66.97268, -5.5864], [-66.98236, -5.58898], [-66.98324, -5.60053], [-66.98831, -5.60689], [-67.00206, -5.60671], [-67.02041, -5.62506], [-67.02068, -5.63287], [-67.02441, -5.6364], [-67.02039, -5.66002], [-67.00932, -5.6656], [-67.00571, -5.66246], [-66.99933, -5.66938], [-66.99518, -5.6687], [-66.98966, -5.67351], [-66.9822, -5.68056], [-66.98418, -5.6839], [-66.97721, -5.68846], [-66.97851, -5.69219], [-66.97447, -5.69919], [-66.96615, -5.69908], [-66.96249, -5.71318], [-66.95855, -5.71599], [-66.95752, -5.72748], [-66.97554, -5.73927], [-66.97931, -5.74943], [-66.98803, -5.75639], [-66.99594, -5.75865], [-67.00246, -5.75335], [-67.02262, -5.76363], [-67.02593, -5.77479], [-67.04457, -5.78706], [-67.05628, -5.81419], [-67.06838, -5.82072], [-67.08212, -5.82123], [-67.09721, -5.83564], [-67.10641, -5.83952], [-67.11408, -5.83744], [-67.11967, -5.84127], [-67.12487, -5.83795], [-67.12975, -5.84056], [-67.1517, -5.82687], [-67.16206, -5.82898], [-67.17512, -5.80777], [-67.18963, -5.80333], [-67.20951, -5.81278], [-67.2366, -5.80479], [-67.24024, -5.81538], [-67.25097, -5.81389], [-67.26587, -5.84196], [-67.26652, -5.8535], [-67.26016, -5.8748], [-67.28047, -5.90202], [-67.28196, -5.90968], [-67.27554, -5.9181], [-67.28203, -5.91684], [-67.28502, -5.90907], [-67.29169, -5.9163], [-67.29617, -5.91641], [-67.29635, -5.92183], [-67.29702, -5.91572], [-67.30228, -5.91506], [-67.3005, -5.91178], [-67.30878, -5.9191], [-67.31163, -5.91721], [-67.31001, -5.9125], [-67.32544, -5.91189], [-67.3301, -5.91009], [-67.32988, -5.90479], [-67.33342, -5.90641], [-67.33632, -5.9033], [-67.33165, -5.88768], [-67.34695, -5.86771], [-67.36592, -5.83362], [-67.36528, -5.82671], [-67.35751, -5.8228], [-67.35266, -5.8118], [-67.34809, -5.7003], [-67.33312, -5.69329], [-67.3451, -5.67791], [-67.32897, -5.67122], [-67.32401, -5.66545], [-67.32402, -5.659], [-67.31773, -5.65286], [-67.3098, -5.6257], [-67.31454, -5.60675], [-67.30206, -5.5844], [-67.30287, -5.56781], [-67.29289, -5.56663], [-67.28652, -5.56128], [-67.27553, -5.53653], [-67.2596, -5.5309], [-67.25804, -5.52149], [-67.21872, -5.45875], [-67.16962, -5.44155], [-67.14567, -5.38994], [-67.11167, -5.36738], [-67.16423, -5.29952], [-67.16945, -5.28565], [-67.18414, -5.28556], [-67.1932, -5.27317], [-67.19209, -5.25962], [-67.19641, -5.25915], [-67.19526, -5.25605], [-67.19925, -5.2511], [-67.18753, -5.23096], [-67.1807, -5.22904], [-67.18172, -5.2198], [-67.1853, -5.21748], [-67.20646, -5.21794], [-67.2009, -5.20575], [-67.18303, -5.20369], [-67.16646, -5.19079], [-67.16166, -5.18659], [-67.15848, -5.17635], [-67.09288, -5.14724], [-67.08517, -5.10784]]]}}, {"type": "Feature", "properties": {"nome": "Curriã", "etnia": "Apurinã", "fase": "Delimitada", "modalidade": "Tradicionalmente ocupada", "municipios": "Lábrea", "ha": 59282, "uf": "AM"}, "geometry": {"type": "Polygon", "coordinates": [[[-65.49712, -7.57824], [-65.4898, -7.58559], [-65.48858, -7.61413], [-65.47625, -7.64472], [-65.46254, -7.65726], [-65.46085, -7.66245], [-65.47025, -7.6665], [-65.47261, -7.65996], [-65.47876, -7.66632], [-65.4775, -7.67314], [-65.48109, -7.66861], [-65.49051, -7.67298], [-65.48731, -7.68029], [-65.49105, -7.68637], [-65.48456, -7.6849], [-65.48279, -7.68921], [-65.4738, -7.69334], [-65.47259, -7.69929], [-65.46638, -7.70221], [-65.46728, -7.70456], [-65.47416, -7.70421], [-65.47403, -7.70937], [-65.47881, -7.7122], [-65.47096, -7.71535], [-65.47296, -7.72158], [-65.46995, -7.72661], [-65.47969, -7.72363], [-65.47754, -7.72838], [-65.48314, -7.72995], [-65.48529, -7.73916], [-65.48312, -7.73967], [-65.48221, -7.73514], [-65.47554, -7.73571], [-65.48112, -7.73719], [-65.48122, -7.74679], [-65.48808, -7.75077], [-65.49114, -7.74857], [-65.49791, -7.76182], [-65.50378, -7.76187], [-65.502, -7.76588], [-65.50638, -7.76793], [-65.51096, -7.76431], [-65.50807, -7.77364], [-65.51509, -7.7703], [-65.5127, -7.77688], [-65.51774, -7.77276], [-65.52038, -7.77957], [-65.51869, -7.78334], [-65.52648, -7.78855], [-65.52433, -7.79435], [-65.52074, -7.79441], [-65.5284, -7.81341], [-65.52074, -7.82443], [-65.52344, -7.83132], [-65.53185, -7.8327], [-65.53118, -7.83893], [-65.53605, -7.83512], [-65.53575, -7.83918], [-65.54056, -7.8326], [-65.54729, -7.83248], [-65.54489, -7.83651], [-65.54803, -7.84045], [-65.55327, -7.83668], [-65.55143, -7.84074], [-65.55733, -7.84127], [-65.55422, -7.84384], [-65.55616, -7.84694], [-65.56321, -7.84502], [-65.56139, -7.84756], [-65.5642, -7.85025], [-65.57219, -7.85184], [-65.57992, -7.85862], [-65.58869, -7.85332], [-65.59554, -7.86015], [-65.59961, -7.85672], [-65.60183, -7.86322], [-65.60827, -7.86044], [-65.61082, -7.87128], [-65.60494, -7.87962], [-65.61026, -7.87738], [-65.617, -7.88247], [-65.61726, -7.87707], [-65.62029, -7.88076], [-65.62335, -7.87764], [-65.6299, -7.87869], [-65.6331, -7.88735], [-65.638, -7.88475], [-65.63977, -7.88999], [-65.64035, -7.88532], [-65.64381, -7.88633], [-65.64596, -7.88501], [-65.64018, -7.88453], [-65.64245, -7.87807], [-65.64617, -7.87839], [-65.64677, -7.88166], [-65.65385, -7.87373], [-65.65207, -7.87713], [-65.65446, -7.87908], [-65.66297, -7.88091], [-65.66689, -7.87743], [-65.67216, -7.88329], [-65.66709, -7.89103], [-65.67121, -7.89276], [-65.67047, -7.89987], [-65.68168, -7.88621], [-65.68403, -7.87484], [-65.69452, -7.87337], [-65.70501, -7.86396], [-65.71283, -7.86452], [-65.72294, -7.87014], [-65.72939, -7.82685], [-65.7266, -7.8151], [-65.72778, -7.79957], [-65.72524, -7.79143], [-65.71405, -7.78621], [-65.72208, -7.77924], [-65.73203, -7.78006], [-65.75004, -7.77144], [-65.75833, -7.77132], [-65.79288, -7.74881], [-65.78069, -7.73775], [-65.77555, -7.72525], [-65.76801, -7.72742], [-65.76608, -7.71577], [-65.75665, -7.71578], [-65.75215, -7.70976], [-65.75505, -7.70035], [-65.77559, -7.67911], [-65.77597, -7.66801], [-65.76764, -7.66504], [-65.74778, -7.67015], [-65.74426, -7.6765], [-65.74509, -7.687], [-65.74065, -7.70113], [-65.72555, -7.72451], [-65.71263, -7.73069], [-65.70089, -7.72998], [-65.69148, -7.72063], [-65.685, -7.70631], [-65.67254, -7.70017], [-65.66251, -7.69964], [-65.65756, -7.69471], [-65.66102, -7.68621], [-65.66731, -7.68196], [-65.69062, -7.68682], [-65.69303, -7.68129], [-65.6879, -7.6743], [-65.68128, -7.67218], [-65.66955, -7.67581], [-65.65953, -7.68463], [-65.65391, -7.69584], [-65.64351, -7.68892], [-65.64223, -7.6819], [-65.65613, -7.66662], [-65.66646, -7.64031], [-65.65384, -7.64453], [-65.63578, -7.67149], [-65.60983, -7.68041], [-65.59688, -7.67851], [-65.59087, -7.67441], [-65.57527, -7.65515], [-65.56498, -7.65467], [-65.55416, -7.66126], [-65.54864, -7.66126], [-65.54242, -7.65655], [-65.53945, -7.62543], [-65.54616, -7.61829], [-65.55898, -7.62204], [-65.56155, -7.61688], [-65.55962, -7.61293], [-65.51903, -7.61166], [-65.51072, -7.62367], [-65.51428, -7.64468], [-65.50853, -7.64924], [-65.49827, -7.64739], [-65.49402, -7.64063], [-65.49403, -7.6298], [-65.50486, -7.60408], [-65.50676, -7.5879], [-65.50195, -7.57943], [-65.49712, -7.57824]]]}}, {"type": "Feature", "properties": {"nome": "Kapyra Kanakury", "etnia": "Apurinã e Jamamadí", "fase": "Delimitada", "modalidade": "Tradicionalmente ocupada", "municipios": "Pauini", "ha": 567606, "uf": "AM"}, "geometry": {"type": "Polygon", "coordinates": [[[-67.96731, -7.51971], [-67.92399, -7.51408], [-67.91331, -7.51657], [-67.90389, -7.51099], [-67.89461, -7.51214], [-67.89316, -7.50226], [-67.87963, -7.48652], [-67.88034, -7.48208], [-67.87307, -7.47688], [-67.87055, -7.47872], [-67.86295, -7.47596], [-67.8634, -7.47298], [-67.85914, -7.47132], [-67.85488, -7.47385], [-67.85186, -7.46913], [-67.82344, -7.46962], [-67.82606, -7.46485], [-67.81774, -7.46497], [-67.8169, -7.46271], [-67.81418, -7.46515], [-67.81379, -7.46244], [-67.8094, -7.46206], [-67.80682, -7.46507], [-67.80394, -7.46172], [-67.79867, -7.46342], [-67.80023, -7.4676], [-67.7954, -7.4685], [-67.79144, -7.46494], [-67.79119, -7.46744], [-67.78885, -7.4651], [-67.78294, -7.46754], [-67.77822, -7.46007], [-67.77367, -7.45895], [-67.77558, -7.45612], [-67.76908, -7.45192], [-67.77051, -7.43904], [-67.76305, -7.44013], [-67.76102, -7.43236], [-67.75541, -7.42696], [-67.74636, -7.43519], [-67.73146, -7.41535], [-67.7259, -7.41933], [-67.72617, -7.43022], [-67.70989, -7.44372], [-67.70534, -7.45765], [-67.69407, -7.45317], [-67.68447, -7.45319], [-67.68222, -7.46251], [-67.67316, -7.47297], [-67.64728, -7.49034], [-67.64499, -7.49552], [-67.64724, -7.49763], [-67.66354, -7.50164], [-67.6536, -7.51358], [-67.63802, -7.51711], [-67.62247, -7.49989], [-67.60843, -7.49667], [-67.60953, -7.51395], [-67.59826, -7.51711], [-67.5922, -7.53051], [-67.58605, -7.53039], [-67.5805, -7.52302], [-67.56856, -7.51635], [-67.55733, -7.52831], [-67.54875, -7.52515], [-67.54541, -7.53734], [-67.54973, -7.54741], [-67.55845, -7.54954], [-67.55637, -7.5544], [-67.53473, -7.54096], [-67.52466, -7.54187], [-67.52383, -7.53096], [-67.51712, -7.52673], [-67.50051, -7.5476], [-67.49543, -7.54547], [-67.49784, -7.53601], [-67.49577, -7.53612], [-67.49354, -7.54294], [-67.49606, -7.55651], [-67.4906, -7.56054], [-67.48463, -7.54709], [-67.47183, -7.53319], [-67.46431, -7.53956], [-67.46316, -7.54892], [-67.46775, -7.5516], [-67.47183, -7.53785], [-67.47499, -7.53721], [-67.47931, -7.55837], [-67.4656, -7.57017], [-67.45194, -7.56822], [-67.44296, -7.55228], [-67.4326, -7.56584], [-67.42677, -7.56777], [-67.41018, -7.55359], [-67.39846, -7.57854], [-67.40148, -7.58477], [-67.41942, -7.58866], [-67.41981, -7.5951], [-67.40144, -7.60546], [-67.39635, -7.60184], [-67.38486, -7.57877], [-67.37788, -7.58561], [-67.37899, -7.60982], [-67.37223, -7.62921], [-67.38279, -7.63845], [-67.38393, -7.64563], [-67.36379, -7.64281], [-67.35549, -7.63613], [-67.3482, -7.63477], [-67.3463, -7.63076], [-67.34853, -7.62385], [-67.33142, -7.61645], [-67.33984, -7.63494], [-67.33591, -7.64507], [-67.33179, -7.64749], [-67.32747, -7.64452], [-67.3217, -7.62984], [-67.30919, -7.62131], [-67.2926, -7.63593], [-67.30246, -7.6463], [-67.29509, -7.65575], [-67.30559, -7.65641], [-67.30479, -7.66029], [-67.29113, -7.65934], [-67.29101, -7.64913], [-67.28546, -7.6434], [-67.28084, -7.64872], [-67.28479, -7.65843], [-67.27955, -7.66103], [-67.27095, -7.65455], [-67.27641, -7.64647], [-67.27515, -7.64224], [-67.2616, -7.64106], [-67.25582, -7.64586], [-67.24714, -7.66972], [-67.2407, -7.66752], [-67.2388, -7.66023], [-67.22994, -7.66606], [-67.22664, -7.65938], [-67.21881, -7.65952], [-67.21104, -7.66269], [-67.19955, -7.6839], [-67.18742, -7.68629], [-67.18132, -7.68266], [-67.18467, -7.67325], [-67.17993, -7.67437], [-67.18101, -7.69432], [-67.17085, -7.69717], [-67.17028, -7.69993], [-67.18339, -7.70379], [-67.18286, -7.70884], [-67.16768, -7.70506], [-67.16176, -7.69789], [-67.15564, -7.70654], [-67.14961, -7.70132], [-67.15083, -7.71043], [-67.16319, -7.71148], [-67.1673, -7.71862], [-67.1731, -7.7179], [-67.17199, -7.72178], [-67.15313, -7.71944], [-67.14097, -7.71352], [-67.13149, -7.71861], [-67.1254, -7.71828], [-67.12255, -7.72547], [-67.11524, -7.72851], [-67.11709, -7.73243], [-67.12248, -7.73081], [-67.12603, -7.73314], [-67.12624, -7.73653], [-67.11892, -7.7422], [-67.11115, -7.73804], [-67.10821, -7.72452], [-67.10461, -7.72581], [-67.1073, -7.74135], [-67.11569, -7.74919], [-67.11241, -7.75203], [-67.1063, -7.7498], [-67.098, -7.73692], [-67.09492, -7.74069], [-67.09423, -7.75158], [-67.10296, -7.7586], [-67.1005, -7.76609], [-67.10913, -7.77016], [-67.10976, -7.77408], [-67.1056, -7.77907], [-67.1058, -7.78767], [-67.09558, -7.79894], [-67.0981, -7.80702], [-67.09091, -7.81364], [-67.08903, -7.82051], [-67.09883, -7.83688], [-67.11391, -7.84786], [-67.12083, -7.84491], [-67.11255, -7.82475], [-67.11398, -7.81923], [-67.11985, -7.81609], [-67.12836, -7.81808], [-67.13553, -7.82931], [-67.12703, -7.84576], [-67.13421, -7.85278], [-67.14603, -7.85247], [-67.15458, -7.85883], [-67.15921, -7.87394], [-67.15803, -7.88179], [-67.15366, -7.88632], [-67.14506, -7.88468], [-67.13399, -7.8703], [-67.12724, -7.87071], [-67.13431, -7.88614], [-67.13541, -7.90135], [-67.14298, -7.90384], [-67.16213, -7.89152], [-67.16783, -7.89228], [-67.16793, -7.89828], [-67.1512, -7.91474], [-67.15092, -7.92064], [-67.15395, -7.92224], [-67.16741, -7.916], [-67.17702, -7.90137], [-67.18473, -7.89528], [-67.19304, -7.89273], [-67.20337, -7.89619], [-67.22253, -7.91858], [-67.22021, -7.93245], [-67.22244, -7.94026], [-67.24254, -7.95203], [-67.24016, -7.96023], [-67.21957, -7.97335], [-67.21053, -7.99344], [-67.2136, -7.99687], [-67.21981, -7.9968], [-67.23598, -7.98502], [-67.24194, -7.98582], [-67.24339, -7.98946], [-67.23855, -7.99755], [-67.23873, -8.00385], [-67.25188, -8.02484], [-67.25375, -8.04147], [-67.24748, -8.04637], [-67.23975, -8.03381], [-67.2254, -8.02367], [-67.21541, -8.02684], [-67.21227, -8.03659], [-67.22246, -8.04948], [-67.25244, -8.06922], [-67.26362, -8.08255], [-67.26426, -8.0903], [-67.25368, -8.09016], [-67.25025, -8.09406], [-67.25582, -8.11152], [-67.25484, -8.13332], [-67.26546, -8.15027], [-67.29928, -8.16508], [-67.30875, -8.17219], [-67.32244, -8.17175], [-67.34416, -8.15675], [-67.52345, -8.18995], [-67.54578, -8.06817], [-67.55022, -8.06795], [-67.54554, -8.06379], [-67.56254, -8.05185], [-67.56555, -8.04429], [-67.56417, -8.03907], [-67.57039, -8.03933], [-67.57737, -8.03244], [-67.56773, -7.99583], [-67.55528, -7.97215], [-67.5575, -7.94923], [-67.56524, -7.95185], [-67.56544, -7.95683], [-67.57823, -7.96086], [-67.5838, -7.97049], [-67.59106, -7.97251], [-67.59144, -7.97579], [-67.59469, -7.97454], [-67.60262, -7.98034], [-67.60674, -7.97716], [-67.60985, -7.97925], [-67.6161, -7.9771], [-67.62034, -7.97239], [-67.62541, -7.97756], [-67.63124, -7.97654], [-67.63114, -7.97137], [-67.63968, -7.976], [-67.64955, -7.96835], [-67.65084, -7.97107], [-67.6529, -7.96826], [-67.67097, -7.97286], [-67.67789, -7.96567], [-67.68152, -7.96748], [-67.67966, -7.96287], [-67.68483, -7.9613], [-67.68817, -7.95217], [-67.69119, -7.95396], [-67.69806, -7.94854], [-67.7039, -7.95244], [-67.70548, -7.94309], [-67.70914, -7.94426], [-67.70856, -7.938], [-67.71013, -7.94108], [-67.72513, -7.92664], [-67.73034, -7.92618], [-67.73386, -7.91819], [-67.74363, -7.9113], [-67.75023, -7.91046], [-67.75189, -7.90379], [-67.77669, -7.87894], [-67.78222, -7.88283], [-67.79814, -7.88459], [-67.81114, -7.89418], [-67.8162, -7.89108], [-67.82402, -7.89738], [-67.84204, -7.8972], [-67.84701, -7.90042], [-67.86104, -7.8884], [-67.86965, -7.88556], [-67.87456, -7.87531], [-67.88272, -7.8758], [-67.90876, -7.8629], [-67.92375, -7.85999], [-67.93428, -7.8504], [-67.9432, -7.84726], [-67.95326, -7.84686], [-67.95712, -7.85197], [-67.97594, -7.85684], [-67.98483, -7.86311], [-67.99352, -7.8545], [-68.00297, -7.85271], [-68.00747, -7.84346], [-68.02324, -7.83353], [-68.03551, -7.81478], [-68.03461, -7.80521], [-68.04663, -7.79444], [-68.04955, -7.75381], [-68.06408, -7.75421], [-68.0781, -7.77026], [-68.07889, -7.78097], [-68.08313, -7.7855], [-68.10509, -7.79026], [-68.11557, -7.80113], [-68.12755, -7.79741], [-68.14487, -7.78508], [-68.18834, -7.79626], [-68.19132, -7.80036], [-68.19082, -7.80924], [-68.22149, -7.75363], [-68.22774, -7.75604], [-68.23498, -7.75269], [-68.23584, -7.742], [-68.24232, -7.73295], [-68.24409, -7.71417], [-68.2648, -7.70602], [-68.27338, -7.70774], [-68.29527, -7.70037], [-68.30478, -7.69373], [-68.30872, -7.68646], [-68.34399, -7.68179], [-68.35658, -7.65511], [-68.35431, -7.65094], [-68.3578, -7.6466], [-68.36245, -7.61495], [-68.35157, -7.61252], [-68.34571, -7.61613], [-68.33964, -7.6141], [-68.33317, -7.60556], [-68.3329, -7.59782], [-68.32701, -7.59099], [-68.32575, -7.58295], [-68.31914, -7.58126], [-68.31718, -7.57387], [-68.30729, -7.57148], [-68.29181, -7.55049], [-68.27799, -7.54608], [-68.2636, -7.54806], [-68.24193, -7.53022], [-68.17649, -7.52983], [-68.17493, -7.53588], [-68.16511, -7.54307], [-68.16006, -7.55344], [-68.16968, -7.58289], [-68.16788, -7.59244], [-68.16038, -7.59708], [-68.15571, -7.58881], [-68.14622, -7.58863], [-68.14056, -7.58334], [-68.12207, -7.58327], [-68.1071, -7.57585], [-68.09931, -7.57646], [-68.09556, -7.57099], [-68.08143, -7.56251], [-68.05784, -7.55885], [-68.04263, -7.56522], [-68.03095, -7.55784], [-68.02719, -7.54527], [-68.00107, -7.53474], [-67.99401, -7.53661], [-67.98851, -7.53073], [-67.98046, -7.52896], [-67.96731, -7.51971]]]}}, {"type": "Feature", "properties": {"nome": "Baixo Marmelos", "etnia": "Mundurukú e Múra e Tenharim e Torá", "fase": "Delimitada", "modalidade": "Tradicionalmente ocupada", "municipios": "Humaitá e Manicoré", "ha": 263263, "uf": "AM"}, "geometry": {"type": "MultiPolygon", "coordinates": [[[[-61.80671, -6.13743], [-61.78278, -6.14563], [-61.74002, -6.1357], [-61.71932, -6.12622], [-61.70585, -6.13155], [-61.70193, -6.12366], [-61.69645, -6.12198], [-61.67522, -6.14389], [-61.62091, -6.17155], [-61.60105, -6.17517], [-61.59742, -6.18691], [-61.61067, -6.1853], [-61.61057, -6.20215], [-61.61538, -6.2051], [-61.71702, -6.18706], [-61.71781, -6.25184], [-61.72009, -6.25702], [-61.7327, -6.25305], [-61.76371, -6.25622], [-61.76102, -6.25222], [-61.76701, -6.25398], [-61.76677, -6.24813], [-61.77176, -6.2442], [-61.76114, -6.22722], [-61.82119, -6.2336], [-61.80671, -6.13743]]], [[[-61.9249, -6.4641], [-61.9343, -6.4526], [-61.92393, -6.44024], [-61.9234, -6.40566], [-61.91799, -6.39859], [-61.90208, -6.39311], [-61.90266, -6.38013], [-61.89691, -6.36437], [-61.90844, -6.35473], [-61.91302, -6.34324], [-61.92166, -6.33393], [-61.92531, -6.32605], [-61.92323, -6.31891], [-61.92845, -6.31409], [-61.92883, -6.30631], [-61.91804, -6.30119], [-61.91242, -6.29474], [-61.91644, -6.29416], [-61.91081, -6.29145], [-61.88012, -6.28868], [-61.87204, -6.28235], [-61.8702, -6.27346], [-61.85671, -6.26132], [-61.83896, -6.26849], [-61.84591, -6.29306], [-61.82025, -6.31359], [-61.81743, -6.33032], [-61.80075, -6.34623], [-61.77508, -6.34865], [-61.76943, -6.35575], [-61.76927, -6.35888], [-61.77242, -6.35973], [-61.78363, -6.35837], [-61.79952, -6.36158], [-61.80567, -6.36774], [-61.80526, -6.39196], [-61.79541, -6.41024], [-61.79267, -6.42467], [-61.78761, -6.42789], [-61.76338, -6.43077], [-61.75086, -6.42543], [-61.72714, -6.40743], [-61.70223, -6.40926], [-61.69894, -6.41193], [-61.70665, -6.42351], [-61.73252, -6.42378], [-61.7324, -6.43597], [-61.71798, -6.43482], [-61.73028, -6.45535], [-61.73377, -6.45781], [-61.74973, -6.45304], [-61.75373, -6.46328], [-61.9249, -6.4641]]], [[[-61.78982, -6.42247], [-61.80342, -6.3831], [-61.80157, -6.36683], [-61.78155, -6.36159], [-61.77098, -6.36221], [-61.76626, -6.35964], [-61.76749, -6.35297], [-61.77324, -6.34674], [-61.7948, -6.34386], [-61.81492, -6.32744], [-61.81728, -6.31286], [-61.84222, -6.28889], [-61.83739, -6.27383], [-61.83051, -6.26801], [-61.82272, -6.26947], [-61.81983, -6.27612], [-61.81504, -6.27404], [-61.81107, -6.28264], [-61.76336, -6.31992], [-61.70891, -6.3827], [-61.63711, -6.38209], [-61.64314, -6.38503], [-61.64587, -6.39353], [-61.65197, -6.3985], [-61.64958, -6.4031], [-61.65298, -6.40814], [-61.65201, -6.41545], [-61.63791, -6.4188], [-61.63508, -6.41593], [-61.6307, -6.42066], [-61.63155, -6.42403], [-61.62393, -6.42647], [-61.61497, -6.42712], [-61.61384, -6.42354], [-61.6074, -6.42248], [-61.60224, -6.4361], [-61.59528, -6.43742], [-61.59862, -6.44741], [-61.59427, -6.44922], [-61.59334, -6.45324], [-61.5833, -6.4544], [-61.57619, -6.45888], [-61.55147, -6.45306], [-61.55008, -6.4423], [-61.5448, -6.44333], [-61.54171, -6.44778], [-61.53494, -6.44517], [-61.5309, -6.42995], [-61.52631, -6.42478], [-61.50606, -6.50339], [-61.47031, -6.51728], [-61.44049, -6.57053], [-61.37115, -6.60041], [-61.38484, -6.64359], [-61.36194, -6.69879], [-61.336, -6.72377], [-61.36587, -6.78543], [-61.31598, -6.97291], [-61.33205, -6.98569], [-61.33087, -7.04125], [-61.34295, -7.0528], [-61.33972, -7.1125], [-61.35877, -7.16621], [-61.36851, -7.17066], [-61.37386, -7.20827], [-61.39222, -7.20011], [-61.37981, -7.22789], [-61.42347, -7.23721], [-61.5649, -6.90821], [-61.561, -6.84996], [-61.59197, -6.75681], [-61.61513, -6.71091], [-61.64059, -6.71435], [-61.65155, -6.70361], [-61.67554, -6.70161], [-61.68732, -6.6862], [-61.68979, -6.66501], [-61.67985, -6.652], [-61.68606, -6.61938], [-61.67459, -6.6149], [-61.66303, -6.59727], [-61.66109, -6.58344], [-61.6762, -6.56574], [-61.68584, -6.54105], [-61.70029, -6.53453], [-61.71007, -6.52341], [-61.70699, -6.51946], [-61.6996, -6.5213], [-61.68941, -6.51586], [-61.68717, -6.51009], [-61.68927, -6.50179], [-61.69814, -6.49501], [-61.7072, -6.49415], [-61.72361, -6.51334], [-61.7278, -6.51269], [-61.72823, -6.49638], [-61.71669, -6.48715], [-61.71742, -6.47928], [-61.73806, -6.47841], [-61.74832, -6.47112], [-61.74955, -6.46691], [-61.74812, -6.45531], [-61.73508, -6.46127], [-61.72748, -6.45737], [-61.6989, -6.41864], [-61.69766, -6.40935], [-61.7262, -6.40401], [-61.75463, -6.42336], [-61.76803, -6.42844], [-61.78982, -6.42247]]]]}}, {"type": "Feature", "properties": {"nome": "Ararà", "etnia": "Hixkaryána", "fase": "Delimitada", "modalidade": "Tradicionalmente ocupada", "municipios": "Nhamundá e São Sebastião do Uatumã e Urucará", "ha": 0, "uf": "AM"}, "geometry": {"type": "Polygon", "coordinates": [[[-59.1391, -1.82142], [-59.12918, -1.79365], [-59.11973, -1.77939], [-59.12009, -1.77379], [-59.11455, -1.76387], [-59.11326, -1.74149], [-59.10655, -1.73093], [-59.10886, -1.69947], [-59.11291, -1.68426], [-59.11901, -1.67629], [-59.11664, -1.67316], [-59.12208, -1.66682], [-59.12023, -1.66053], [-59.12453, -1.64112], [-59.12062, -1.63576], [-59.11546, -1.63638], [-59.11312, -1.63307], [-59.11792, -1.62565], [-59.11467, -1.60099], [-59.11012, -1.59889], [-59.10895, -1.59063], [-59.10334, -1.58206], [-59.09777, -1.56448], [-59.09941, -1.56005], [-59.07589, -1.54985], [-59.06749, -1.55023], [-59.06266, -1.52773], [-59.04698, -1.51146], [-59.04746, -1.49913], [-59.05665, -1.48752], [-59.04109, -1.47457], [-59.04112, -1.45762], [-59.03272, -1.4399], [-59.03504, -1.43186], [-59.02559, -1.41711], [-59.00632, -1.41078], [-58.99668, -1.41094], [-58.98981, -1.39821], [-58.97691, -1.39219], [-58.97746, -1.38818], [-58.97244, -1.38431], [-58.96558, -1.38474], [-58.96151, -1.38855], [-58.95835, -1.38438], [-58.94946, -1.38252], [-58.94634, -1.38455], [-58.94773, -1.39173], [-58.94453, -1.39089], [-58.94287, -1.37849], [-58.93966, -1.37503], [-58.94251, -1.37106], [-58.93853, -1.35708], [-58.933, -1.35562], [-58.92966, -1.34886], [-58.93346, -1.34466], [-58.93231, -1.33264], [-58.92611, -1.32843], [-58.93128, -1.32203], [-58.92856, -1.313], [-58.93263, -1.30912], [-58.93444, -1.30065], [-58.92653, -1.29856], [-58.92609, -1.28812], [-58.93009, -1.28393], [-58.92607, -1.27336], [-58.90808, -1.26397], [-58.90591, -1.25596], [-58.90309, -1.25699], [-58.89116, -1.24602], [-58.88044, -1.24961], [-58.87376, -1.24401], [-58.86749, -1.24685], [-58.86091, -1.23885], [-58.84483, -1.23623], [-58.85123, -1.23006], [-58.84992, -1.22178], [-58.86314, -1.2121], [-58.85702, -1.20941], [-58.83554, -1.18737], [-58.82701, -1.18646], [-58.81418, -1.16837], [-58.80267, -1.1677], [-58.79943, -1.16234], [-58.79418, -1.16224], [-58.80454, -1.14233], [-58.80498, -1.14435], [-58.82411, -1.13905], [-58.83993, -1.14768], [-58.85123, -1.1445], [-58.85399, -1.142], [-58.85607, -1.12368], [-58.87026, -1.11498], [-58.8772, -1.10167], [-58.89319, -1.10095], [-58.90437, -1.091], [-58.91656, -1.08641], [-58.93852, -1.08699], [-58.93822, -1.07867], [-58.94344, -1.06688], [-58.99899, -1.01723], [-59.02002, -1.02595], [-59.04353, -1.01267], [-59.06914, -0.98094], [-59.09912, -0.96671], [-59.12578, -0.97164], [-59.14279, -0.94799], [-59.15006, -0.91602], [-59.20152, -0.86377], [-59.20619, -0.84936], [-59.21521, -0.84636], [-59.21867, -0.84021], [-59.22377, -0.8443], [-59.22803, -0.84173], [-59.22428, -0.82062], [-59.23441, -0.80915], [-59.24809, -0.81059], [-59.24873, -0.80189], [-59.25457, -0.79941], [-59.2774, -0.81501], [-59.2882, -0.78299], [-59.30927, -0.78322], [-59.3336, -0.77103], [-59.36586, -0.77972], [-59.42256, -0.75273], [-59.40864, -0.73479], [-59.41492, -0.71429], [-59.42097, -0.71958], [-59.43341, -0.71657], [-59.44557, -0.72393], [-59.46401, -0.76149], [-59.47167, -0.759], [-59.46438, -0.75235], [-59.46546, -0.74239], [-59.45963, -0.73278], [-59.45956, -0.72065], [-59.46531, -0.71466], [-59.47037, -0.71417], [-59.47307, -0.70535], [-59.49517, -0.68165], [-59.49843, -0.67414], [-59.50103, -0.67427], [-59.52933, -0.63305], [-59.53247, -0.62312], [-59.52666, -0.61414], [-59.52881, -0.60869], [-59.54182, -0.60485], [-59.5435, -0.5966], [-59.55531, -0.59298], [-59.56178, -0.59502], [-59.55334, -0.58617], [-59.54887, -0.58768], [-59.5289, -0.58017], [-59.50906, -0.5854], [-59.49712, -0.5812], [-59.485, -0.58999], [-59.47153, -0.58778], [-59.45285, -0.59158], [-59.39552, -0.57943], [-59.37113, -0.58238], [-59.36091, -0.58021], [-59.35323, -0.58291], [-59.33215, -0.57882], [-59.32491, -0.5827], [-59.31243, -0.58102], [-59.29711, -0.58581], [-59.28314, -0.58362], [-59.27827, -0.57938], [-59.27648, -0.57103], [-59.26903, -0.57186], [-59.26543, -0.56802], [-59.25557, -0.57213], [-59.2501, -0.56818], [-59.23147, -0.56527], [-59.22604, -0.57172], [-59.22072, -0.57327], [-59.2172, -0.57056], [-59.20749, -0.57444], [-59.20289, -0.58069], [-59.19299, -0.57785], [-59.1921, -0.57498], [-59.17418, -0.58343], [-59.17286, -0.5983], [-59.17785, -0.61432], [-59.16885, -0.61401], [-59.16006, -0.62257], [-59.15287, -0.64958], [-59.15231, -0.66392], [-59.12997, -0.66285], [-59.11482, -0.67075], [-59.11737, -0.67905], [-59.10855, -0.70187], [-59.11013, -0.71843], [-59.12051, -0.74143], [-59.11819, -0.74904], [-59.10503, -0.74674], [-59.08508, -0.75471], [-59.08443, -0.75921], [-59.09501, -0.76887], [-59.09559, -0.78909], [-59.08508, -0.7838], [-59.0788, -0.7844], [-59.07185, -0.80327], [-59.05498, -0.81035], [-59.03933, -0.82919], [-59.02452, -0.8187], [-59.01047, -0.82073], [-58.99562, -0.81573], [-58.98391, -0.81757], [-58.97878, -0.82554], [-58.97684, -0.83705], [-58.96374, -0.84882], [-58.95631, -0.8803], [-58.92463, -0.89841], [-58.8976, -0.90125], [-58.86013, -0.89394], [-58.84431, -0.89767], [-58.83944, -0.90789], [-58.85002, -0.91975], [-58.85404, -0.94102], [-58.84071, -0.96954], [-58.8212, -0.9914], [-58.80399, -0.99743], [-58.79515, -0.9973], [-58.7809, -0.98942], [-58.76565, -0.98752], [-58.75182, -0.99227], [-58.74222, -1.00498], [-58.73441, -1.00787], [-58.72857, -1.00643], [-58.71107, -0.99006], [-58.69818, -0.98813], [-58.69316, -0.9911], [-58.69707, -1.00963], [-58.68703, -1.02063], [-58.68487, -1.02978], [-58.67177, -1.04454], [-58.66751, -1.05459], [-58.65641, -1.0594], [-58.64523, -1.05559], [-58.63891, -1.06238], [-58.63956, -1.06887], [-58.63159, -1.07403], [-58.63177, -1.08252], [-58.62146, -1.09624], [-58.60113, -1.10876], [-58.60296, -1.11877], [-58.60058, -1.13144], [-58.59263, -1.15223], [-58.59655, -1.16426], [-58.59011, -1.16833], [-58.5845, -1.17783], [-58.59419, -1.19607], [-58.59407, -1.20818], [-58.58448, -1.21439], [-58.57985, -1.23592], [-58.558, -1.25253], [-58.5493, -1.2729], [-58.53446, -1.28873], [-58.5415, -1.30591], [-58.53545, -1.31793], [-58.54211, -1.32041], [-58.53792, -1.33], [-58.52588, -1.33412], [-58.51688, -1.34157], [-58.49725, -1.3425], [-58.48529, -1.36565], [-58.47444, -1.35738], [-58.47152, -1.34668], [-58.47506, -1.33728], [-58.47333, -1.31695], [-58.47884, -1.29293], [-58.46901, -1.28731], [-58.46329, -1.272], [-58.45629, -1.26568], [-58.4538, -1.259], [-58.45911, -1.24851], [-58.45601, -1.24374], [-58.45916, -1.23888], [-58.45451, -1.22885], [-58.43508, -1.21645], [-58.37995, -1.28465], [-58.25578, -1.36469], [-58.24996, -1.36568], [-58.2478, -1.37089], [-58.25148, -1.38666], [-58.24683, -1.39845], [-58.23149, -1.40726], [-58.22895, -1.41836], [-58.21773, -1.43264], [-58.18929, -1.44192], [-58.16997, -1.45418], [-58.16291, -1.47808], [-58.15307, -1.49039], [-58.15523, -1.49449], [-58.1613, -1.4912], [-58.17342, -1.49563], [-58.16969, -1.50537], [-58.17905, -1.51031], [-58.19456, -1.53222], [-58.20188, -1.55001], [-58.22439, -1.55386], [-58.30301, -1.59349], [-58.37466, -1.64438], [-58.38807, -1.66235], [-58.39439, -1.66383], [-58.39329, -1.66777], [-58.40003, -1.68512], [-58.41025, -1.69102], [-58.41235, -1.7034], [-58.41888, -1.71393], [-58.41801, -1.71891], [-58.42827, -1.73267], [-58.44522, -1.77487], [-58.48704, -1.76822], [-58.51159, -1.75512], [-58.52547, -1.75757], [-58.5793, -1.75067], [-58.58958, -1.75669], [-58.59328, -1.75488], [-58.59414, -1.75777], [-58.60989, -1.75396], [-58.61037, -1.75793], [-58.61489, -1.76049], [-58.62365, -1.76141], [-58.63257, -1.76787], [-58.63678, -1.76649], [-58.64015, -1.77068], [-58.6596, -1.77362], [-58.66443, -1.77027], [-58.67397, -1.77027], [-58.70062, -1.77911], [-58.72217, -1.77995], [-58.73207, -1.78559], [-58.74366, -1.78403], [-58.76141, -1.79135], [-58.76495, -1.79145], [-58.76591, -1.78631], [-58.77163, -1.78274], [-58.78126, -1.78231], [-58.79695, -1.79875], [-58.82764, -1.80551], [-58.83111, -1.81012], [-58.82534, -1.81434], [-58.83394, -1.8176], [-59.14743, -1.83732], [-59.14431, -1.82479], [-59.1391, -1.82142]]]}}, {"type": "Feature", "properties": {"nome": "Baixo Rio Negro e Rio Caurés", "etnia": "Arapáso e Baniwa e Baré e Makuxí e Tikúna e Tukano", "fase": "Delimitada", "modalidade": "Tradicionalmente ocupada", "municipios": "Barcelos", "ha": 777.12, "uf": "AM"}, "geometry": {"type": "MultiPolygon", "coordinates": [[[[-62.13053, -1.33039], [-62.13663, -1.32685], [-62.12089, -1.32599], [-62.1106, -1.33066], [-62.12094, -1.32783], [-62.13053, -1.33039]]], [[[-62.14819, -1.29744], [-62.13391, -1.30513], [-62.12661, -1.30975], [-62.12285, -1.31401], [-62.1435, -1.30228], [-62.14658, -1.30248], [-62.14477, -1.30554], [-62.14852, -1.30929], [-62.1348, -1.32049], [-62.12299, -1.32089], [-62.12382, -1.32381], [-62.13453, -1.32312], [-62.16186, -1.30502], [-62.15274, -1.30279], [-62.14875, -1.30551], [-62.14788, -1.30452], [-62.14799, -1.30294], [-62.15301, -1.29874], [-62.14819, -1.29744]]], [[[-63.02617, -1.19964], [-63.01219, -1.18845], [-63.01109, -1.19101], [-63.01109, -1.18595], [-63.00657, -1.18505], [-63.00893, -1.18801], [-63.00422, -1.18827], [-63.00666, -1.19029], [-62.99528, -1.19913], [-62.99389, -1.20458], [-62.9877, -1.20114], [-62.98978, -1.20414], [-62.98678, -1.2073], [-62.98718, -1.21368], [-62.97841, -1.21169], [-62.97849, -1.2067], [-62.97254, -1.21149], [-62.96704, -1.20649], [-62.96066, -1.214], [-62.95631, -1.21172], [-62.9552, -1.2167], [-62.9545, -1.21065], [-62.94947, -1.20781], [-62.94482, -1.21824], [-62.93998, -1.22062], [-62.9335, -1.21466], [-62.93353, -1.2091], [-62.92847, -1.20966], [-62.93823, -1.20325], [-62.93216, -1.19799], [-62.93434, -1.19378], [-62.9315, -1.1847], [-62.93304, -1.15285], [-62.96461, -1.11005], [-62.96449, -1.08518], [-62.95036, -1.07858], [-62.81765, -1.07638], [-62.79396, -1.05343], [-62.78464, -1.05847], [-62.7841, -1.05946], [-62.78318, -1.06052], [-62.77735, -1.0648], [-62.77641, -1.06671], [-62.76926, -1.07187], [-62.76153, -1.07516], [-62.75314, -1.0761], [-62.74365, -1.08801], [-62.71973, -1.1007], [-62.67719, -1.10617], [-62.64363, -1.12055], [-62.60208, -1.12937], [-62.57868, -1.13108], [-62.50285, -1.17849], [-62.47841, -1.18433], [-62.43476, -1.20182], [-62.4089, -1.20474], [-62.3939, -1.21002], [-62.36639, -1.22853], [-62.31458, -1.23367], [-62.30078, -1.23857], [-62.299, -1.2418], [-62.30601, -1.24502], [-62.29443, -1.24586], [-62.28651, -1.25789], [-62.27974, -1.2614], [-62.28358, -1.26384], [-62.27868, -1.2704], [-62.27941, -1.28159], [-62.26332, -1.28929], [-62.24347, -1.28889], [-62.23407, -1.29236], [-62.21332, -1.32199], [-62.206, -1.31798], [-62.19218, -1.32032], [-62.18256, -1.31743], [-62.1454, -1.33449], [-62.13795, -1.34472], [-62.14421, -1.35447], [-62.13025, -1.36236], [-62.12896, -1.38335], [-62.13195, -1.40329], [-62.12725, -1.41321], [-62.13743, -1.42001], [-62.1374, -1.43327], [-62.15001, -1.45692], [-62.14777, -1.47148], [-62.14248, -1.48093], [-62.15336, -1.49568], [-62.1554, -1.50456], [-62.15724, -1.55125], [-62.17921, -1.55133], [-62.19666, -1.57394], [-62.21473, -1.56644], [-62.22945, -1.56846], [-62.23602, -1.56115], [-62.2427, -1.56761], [-62.28522, -1.55795], [-62.29796, -1.55975], [-62.30826, -1.5771], [-62.32208, -1.57638], [-62.33799, -1.56083], [-62.3538, -1.556], [-62.38212, -1.52615], [-62.41283, -1.52664], [-62.42339, -1.5478], [-62.46198, -1.55939], [-62.47098, -1.51334], [-62.50957, -1.49686], [-62.53693, -1.49714], [-62.56808, -1.48231], [-62.59676, -1.46201], [-62.60065, -1.4489], [-62.63341, -1.44887], [-62.65553, -1.43815], [-62.70246, -1.43414], [-62.73806, -1.43563], [-62.78475, -1.46929], [-62.8083, -1.47461], [-62.82528, -1.50059], [-62.86215, -1.48969], [-62.88736, -1.4615], [-62.99377, -1.46366], [-62.99521, -1.44017], [-63.01936, -1.40405], [-63.0666, -1.42064], [-63.08082, -1.40938], [-63.09012, -1.3753], [-63.1561, -1.37346], [-63.19257, -1.41326], [-63.22169, -1.40537], [-63.2564, -1.43252], [-63.31673, -1.44248], [-63.42233, -1.44444], [-63.45654, -1.42024], [-63.50188, -1.41717], [-63.51643, -1.42864], [-63.54355, -1.41468], [-63.59127, -1.44124], [-63.63487, -1.45405], [-63.65777, -1.50555], [-63.72323, -1.54633], [-63.77267, -1.51214], [-63.82253, -1.51432], [-63.84594, -1.52366], [-63.86609, -1.52255], [-63.92447, -1.53251], [-63.97009, -1.52304], [-64.02259, -1.50488], [-64.07632, -1.53812], [-64.16673, -1.55142], [-64.19958, -1.53811], [-64.23325, -1.47483], [-64.27813, -1.48277], [-64.28254, -1.41204], [-64.2749, -1.35542], [-64.21768, -1.34538], [-64.15256, -1.30173], [-64.09979, -1.31743], [-64.04341, -1.29389], [-64.00752, -1.25571], [-63.87524, -1.26972], [-63.8274, -1.30394], [-63.77683, -1.28053], [-63.75935, -1.21772], [-63.70194, -1.21565], [-63.63308, -1.17683], [-63.49735, -1.18619], [-63.45288, -1.1676], [-63.29138, -1.19059], [-63.26284, -1.17731], [-63.2203, -1.1263], [-63.15171, -1.10643], [-63.03524, -1.13835], [-63.03616, -1.14632], [-63.03027, -1.14862], [-63.03716, -1.15993], [-63.03399, -1.1935], [-63.02742, -1.19522], [-63.02617, -1.19964]]], [[[-62.12908, -1.33413], [-62.13519, -1.33636], [-62.12945, -1.34494], [-62.13262, -1.34746], [-62.13687, -1.33592], [-62.12908, -1.33413]]], [[[-62.17497, -1.2915], [-62.15529, -1.30125], [-62.15781, -1.29826], [-62.14829, -1.30411], [-62.15306, -1.30196], [-62.16413, -1.30398], [-62.17378, -1.30188], [-62.18754, -1.30408], [-62.19732, -1.30048], [-62.2041, -1.29222], [-62.20594, -1.281], [-62.21453, -1.26719], [-62.19914, -1.26903], [-62.15831, -1.2913], [-62.17556, -1.28493], [-62.17156, -1.29093], [-62.17497, -1.2915]]], [[[-62.16878, -1.27616], [-62.17364, -1.2753], [-62.17467, -1.27357], [-62.17364, -1.27313], [-62.16878, -1.27616]]], [[[-62.17556, -1.26368], [-62.17342, -1.26337], [-62.17203, -1.26563], [-62.17556, -1.26368]]], [[[-62.18159, -1.26965], [-62.17612, -1.27594], [-62.18237, -1.26974], [-62.18159, -1.26965]]], [[[-62.18734, -1.26768], [-62.1848, -1.27163], [-62.20301, -1.25864], [-62.19235, -1.26226], [-62.18468, -1.26832], [-62.18734, -1.26768]]], [[[-62.21136, -1.2644], [-62.22624, -1.25205], [-62.21861, -1.25082], [-62.2023, -1.26413], [-62.21136, -1.2644]]], [[[-62.24621, -1.2054], [-62.21801, -1.21684], [-62.20868, -1.23128], [-62.21044, -1.23341], [-62.22273, -1.22476], [-62.24621, -1.2054]]], [[[-62.24282, -1.24352], [-62.21984, -1.24898], [-62.21063, -1.25463], [-62.22043, -1.2496], [-62.23014, -1.25013], [-62.24282, -1.24352]]], [[[-62.24897, -1.22712], [-62.23009, -1.22717], [-62.21669, -1.24201], [-62.24286, -1.23461], [-62.24897, -1.22712]]], [[[-62.23028, -1.26376], [-62.24184, -1.25478], [-62.24167, -1.25437], [-62.23902, -1.25378], [-62.23059, -1.25556], [-62.21677, -1.26712], [-62.23028, -1.26376]]], [[[-62.24413, -1.22659], [-62.25155, -1.22241], [-62.25777, -1.21175], [-62.24319, -1.21639], [-62.23261, -1.22459], [-62.24413, -1.22659]]], [[[-62.24234, -1.2492], [-62.23561, -1.25156], [-62.24498, -1.2504], [-62.24234, -1.2492]]], [[[-62.25184, -1.24359], [-62.24656, -1.24403], [-62.24506, -1.24559], [-62.24865, -1.24565], [-62.25184, -1.24359]]], [[[-62.25586, -1.23107], [-62.24905, -1.23639], [-62.25037, -1.23804], [-62.25706, -1.23843], [-62.26764, -1.23128], [-62.25586, -1.23107]]], [[[-62.26063, -1.22856], [-62.29938, -1.23076], [-62.3377, -1.21606], [-62.34638, -1.20734], [-62.34312, -1.19925], [-62.3391, -1.19742], [-62.33778, -1.19583], [-62.33732, -1.18918], [-62.32958, -1.18871], [-62.28288, -1.20851], [-62.25766, -1.22378], [-62.25289, -1.23134], [-62.26063, -1.22856]]], [[[-62.2573, -1.22191], [-62.27123, -1.21211], [-62.2712, -1.21136], [-62.26381, -1.21246], [-62.2573, -1.22191]]], [[[-62.28355, -1.23329], [-62.27013, -1.23371], [-62.25778, -1.24138], [-62.27497, -1.23978], [-62.28355, -1.23329]]], [[[-62.27458, -1.20442], [-62.2671, -1.20869], [-62.27592, -1.20559], [-62.27458, -1.20442]]], [[[-62.27463, -1.20752], [-62.26982, -1.20999], [-62.27705, -1.20752], [-62.27463, -1.20752]]], [[[-62.29136, -1.19854], [-62.28797, -1.19615], [-62.27418, -1.20077], [-62.28219, -1.20182], [-62.29136, -1.19854]]], [[[-62.32518, -1.17954], [-62.31593, -1.18053], [-62.28976, -1.19444], [-62.29629, -1.19506], [-62.32325, -1.18532], [-62.32732, -1.18252], [-62.32518, -1.17954]]], [[[-62.31971, -1.16488], [-62.30654, -1.1755], [-62.32499, -1.17525], [-62.35576, -1.16875], [-62.41621, -1.15017], [-62.41554, -1.14681], [-62.41178, -1.14841], [-62.40232, -1.14703], [-62.39161, -1.1405], [-62.36863, -1.15538], [-62.36149, -1.1635], [-62.35881, -1.16149], [-62.36334, -1.15328], [-62.35599, -1.15511], [-62.35997, -1.15522], [-62.34998, -1.16209], [-62.34865, -1.15978], [-62.34351, -1.16146], [-62.34511, -1.15867], [-62.34233, -1.15875], [-62.32768, -1.16471], [-62.31971, -1.16488]]], [[[-62.31497, -1.15858], [-62.32251, -1.15793], [-62.33219, -1.15286], [-62.31639, -1.15688], [-62.31497, -1.15858]]], [[[-62.38471, -1.14284], [-62.39476, -1.13919], [-62.40347, -1.14675], [-62.4153, -1.14593], [-62.41805, -1.1496], [-62.43388, -1.1509], [-62.47391, -1.14049], [-62.52573, -1.13791], [-62.54089, -1.13062], [-62.54777, -1.12215], [-62.5386, -1.11795], [-62.5308, -1.12034], [-62.47062, -1.12456], [-62.43639, -1.11753], [-62.41904, -1.12187], [-62.37335, -1.14142], [-62.35343, -1.14458], [-62.32239, -1.16427], [-62.34888, -1.15559], [-62.34648, -1.15885], [-62.35877, -1.15096], [-62.36726, -1.1529], [-62.38471, -1.14284]]], [[[-62.38251, -1.21362], [-62.34552, -1.21846], [-62.32727, -1.22975], [-62.36789, -1.22697], [-62.38251, -1.21362]]], [[[-62.37513, -1.17759], [-62.33803, -1.18918], [-62.33937, -1.19276], [-62.34471, -1.19354], [-62.37753, -1.18418], [-62.38311, -1.18334], [-62.39167, -1.18391], [-62.39449, -1.18564], [-62.42878, -1.17301], [-62.43139, -1.16504], [-62.41632, -1.16704], [-62.39484, -1.17747], [-62.37513, -1.17759]]], [[[-62.38382, -1.18397], [-62.3576, -1.19335], [-62.33826, -1.19519], [-62.34335, -1.19845], [-62.34707, -1.20695], [-62.35896, -1.19599], [-62.37273, -1.19034], [-62.38649, -1.19527], [-62.41311, -1.19201], [-62.4453, -1.17096], [-62.43442, -1.16962], [-62.42918, -1.17373], [-62.39984, -1.18747], [-62.38382, -1.18397]]], [[[-62.35883, -1.20097], [-62.34591, -1.21371], [-62.3611, -1.21285], [-62.38195, -1.20702], [-62.38556, -1.20349], [-62.37027, -1.19598], [-62.35883, -1.20097]]], [[[-62.37461, -1.17563], [-62.38042, -1.17446], [-62.38594, -1.1671], [-62.37, -1.17348], [-62.37624, -1.17241], [-62.37461, -1.17563]]], [[[-62.37915, -1.17656], [-62.3933, -1.17624], [-62.41186, -1.1654], [-62.40579, -1.16166], [-62.39945, -1.16247], [-62.38672, -1.16858], [-62.37915, -1.17656]]], [[[-62.40992, -1.15928], [-62.41941, -1.15953], [-62.42148, -1.15652], [-62.4153, -1.15596], [-62.40992, -1.15928]]], [[[-62.41534, -1.11037], [-62.42408, -1.09783], [-62.42504, -1.09603], [-62.4177, -1.10031], [-62.41534, -1.11037]]], [[[-62.41919, -1.11356], [-62.43414, -1.09546], [-62.43471, -1.09375], [-62.4264, -1.09856], [-62.41919, -1.11356]]], [[[-62.47313, -1.17621], [-62.44514, -1.17756], [-62.42553, -1.19408], [-62.43987, -1.1866], [-62.47295, -1.1783], [-62.47313, -1.17621]], [[-62.44254, -1.18583], [-62.44186, -1.18603], [-62.44197, -1.18599], [-62.44254, -1.18583]]], [[[-62.43137, -1.10056], [-62.4268, -1.11251], [-62.43779, -1.10589], [-62.4487, -1.08456], [-62.43137, -1.10056]]], [[[-62.42784, -1.20089], [-62.46249, -1.18784], [-62.44165, -1.1901], [-62.42784, -1.20089]]], [[[-62.43411, -1.16901], [-62.44678, -1.17104], [-62.45885, -1.16754], [-62.47256, -1.15404], [-62.4648, -1.15233], [-62.4326, -1.16637], [-62.43249, -1.17011], [-62.43411, -1.16901]]], [[[-62.56077, -1.06013], [-62.55901, -1.06606], [-62.55634, -1.06862], [-62.55162, -1.07066], [-62.55479, -1.07454], [-62.55193, -1.07578], [-62.54753, -1.07517], [-62.55003, -1.07184], [-62.54721, -1.07364], [-62.54888, -1.07144], [-62.53938, -1.07036], [-62.51554, -1.08042], [-62.51355, -1.07777], [-62.51053, -1.08143], [-62.50106, -1.08535], [-62.49471, -1.08393], [-62.48523, -1.08818], [-62.48269, -1.08756], [-62.47345, -1.09674], [-62.47178, -1.09619], [-62.47479, -1.09335], [-62.47347, -1.09099], [-62.4689, -1.09637], [-62.45026, -1.09523], [-62.44834, -1.09717], [-62.45328, -1.09722], [-62.44992, -1.10132], [-62.45209, -1.10222], [-62.44559, -1.1045], [-62.44396, -1.10647], [-62.44837, -1.10516], [-62.44308, -1.10835], [-62.44243, -1.11224], [-62.44624, -1.11004], [-62.4541, -1.09964], [-62.48414, -1.10162], [-62.51687, -1.08644], [-62.53188, -1.08124], [-62.56521, -1.07928], [-62.57592, -1.0754], [-62.59892, -1.0774], [-62.61704, -1.06371], [-62.63522, -1.05493], [-62.66608, -1.04978], [-62.6906, -1.03635], [-62.68645, -1.03488], [-62.6563, -1.04317], [-62.66127, -1.04557], [-62.65449, -1.04374], [-62.62929, -1.05077], [-62.58083, -1.05082], [-62.57816, -1.05355], [-62.56875, -1.05835], [-62.565, -1.05915], [-62.5578, -1.05701], [-62.56077, -1.06013]]], [[[-62.46187, -1.0951], [-62.47989, -1.08597], [-62.47529, -1.09261], [-62.48146, -1.0858], [-62.48413, -1.08786], [-62.4913, -1.08331], [-62.49751, -1.08366], [-62.50016, -1.085], [-62.51158, -1.07806], [-62.52689, -1.0739], [-62.52453, -1.07301], [-62.53167, -1.06895], [-62.52904, -1.06919], [-62.53223, -1.06399], [-62.53872, -1.06887], [-62.536, -1.0612], [-62.53662, -1.05802], [-62.53832, -1.05681], [-62.53677, -1.05616], [-62.53654, -1.05449], [-62.53719, -1.05034], [-62.53782, -1.05004], [-62.5394, -1.05149], [-62.53935, -1.05325], [-62.54378, -1.05291], [-62.54661, -1.0543], [-62.55001, -1.05072], [-62.56046, -1.04841], [-62.55825, -1.05227], [-62.56563, -1.05029], [-62.57313, -1.0509], [-62.57813, -1.05256], [-62.58071, -1.04957], [-62.56153, -1.0424], [-62.54175, -1.04666], [-62.51894, -1.03675], [-62.50122, -1.04097], [-62.49652, -1.04486], [-62.49125, -1.0582], [-62.45445, -1.08369], [-62.44946, -1.08895], [-62.44633, -1.09413], [-62.44583, -1.09619], [-62.44955, -1.09346], [-62.46187, -1.0951]]], [[[-62.58255, -1.09925], [-62.59506, -1.09031], [-62.59819, -1.07926], [-62.57653, -1.07654], [-62.56882, -1.07994], [-62.53345, -1.08201], [-62.48464, -1.10221], [-62.45502, -1.10035], [-62.44711, -1.11151], [-62.45068, -1.1141], [-62.47068, -1.11378], [-62.49223, -1.11775], [-62.51853, -1.11766], [-62.5288, -1.11524], [-62.53648, -1.10729], [-62.58255, -1.09925]]], [[[-62.46963, -1.11451], [-62.45429, -1.11651], [-62.46965, -1.12164], [-62.48853, -1.12002], [-62.46963, -1.11451]]], [[[-62.4778, -1.1552], [-62.45673, -1.17187], [-62.50801, -1.16311], [-62.51765, -1.153], [-62.4778, -1.1552]]], [[[-62.50382, -1.14795], [-62.47948, -1.14941], [-62.47678, -1.15117], [-62.50382, -1.14795]]], [[[-62.49127, -1.17294], [-62.47701, -1.17892], [-62.50012, -1.17231], [-62.49127, -1.17294]]], [[[-62.52556, -1.15361], [-62.5217, -1.15423], [-62.51551, -1.1627], [-62.52355, -1.15992], [-62.52556, -1.15361]]], [[[-62.53156, -1.02948], [-62.5213, -1.03162], [-62.54338, -1.04369], [-62.55734, -1.03907], [-62.55396, -1.0324], [-62.53156, -1.02948]]], [[[-62.54853, -1.12012], [-62.57506, -1.10391], [-62.56877, -1.10364], [-62.54118, -1.10692], [-62.53063, -1.11847], [-62.54086, -1.11642], [-62.54853, -1.12012]]], [[[-62.53879, -1.0568], [-62.53976, -1.06833], [-62.55204, -1.06968], [-62.55867, -1.06551], [-62.55984, -1.06026], [-62.55719, -1.05681], [-62.56719, -1.05787], [-62.57457, -1.05239], [-62.55664, -1.0526], [-62.55819, -1.05015], [-62.54676, -1.05481], [-62.53903, -1.05352], [-62.53765, -1.05043], [-62.53879, -1.0568]]], [[[-62.64332, -1.10661], [-62.60074, -1.10698], [-62.57887, -1.11706], [-62.60846, -1.11183], [-62.62659, -1.11252], [-62.64332, -1.10661]]], [[[-62.58748, -1.12094], [-62.60288, -1.12325], [-62.60966, -1.12083], [-62.60323, -1.11806], [-62.58748, -1.12094]]], [[[-62.62517, -1.09017], [-62.61362, -1.08925], [-62.59615, -1.10203], [-62.62108, -1.09353], [-62.62517, -1.09017]]], [[[-62.59903, -1.09108], [-62.60659, -1.08519], [-62.60231, -1.08636], [-62.59903, -1.09108]]], [[[-62.60976, -1.07919], [-62.60293, -1.08357], [-62.60187, -1.08552], [-62.60976, -1.07919]]], [[[-62.6131, -1.11769], [-62.61593, -1.11502], [-62.6042, -1.11402], [-62.60481, -1.11565], [-62.6131, -1.11769]]], [[[-62.71691, -1.05219], [-62.69061, -1.05856], [-62.67421, -1.05708], [-62.65218, -1.06122], [-62.62307, -1.07066], [-62.61472, -1.07706], [-62.60974, -1.08571], [-62.62362, -1.0837], [-62.64408, -1.08808], [-62.67819, -1.08959], [-62.70079, -1.07419], [-62.71691, -1.05219]]], [[[-62.62474, -1.09478], [-62.61003, -1.1025], [-62.643, -1.10396], [-62.64869, -1.09788], [-62.62474, -1.09478]]], [[[-62.64961, -1.09656], [-62.63977, -1.09233], [-62.62543, -1.09367], [-62.64961, -1.09656]]], [[[-62.64836, -1.10212], [-62.65353, -1.10284], [-62.65842, -1.09906], [-62.65097, -1.099], [-62.64836, -1.10212]]], [[[-62.67271, -1.05259], [-62.6866, -1.05464], [-62.69539, -1.05042], [-62.68407, -1.04468], [-62.67271, -1.05259]]], [[[-62.68739, -1.04203], [-62.69673, -1.04744], [-62.7136, -1.04088], [-62.70604, -1.0384], [-62.68739, -1.04203]]], [[[-62.71307, -1.03273], [-62.69955, -1.03144], [-62.69124, -1.03382], [-62.71268, -1.03505], [-62.71307, -1.03273]]], [[[-62.76568, -1.04729], [-62.75134, -1.05368], [-62.73821, -1.07154], [-62.70819, -1.08258], [-62.69585, -1.09784], [-62.72965, -1.08515], [-62.74955, -1.06238], [-62.77, -1.05049], [-62.76568, -1.04729]]], [[[-62.72154, -1.06028], [-62.70511, -1.0802], [-62.7348, -1.07113], [-62.75003, -1.05194], [-62.73871, -1.05299], [-62.72154, -1.06028]]], [[[-62.76565, -1.06321], [-62.75139, -1.07018], [-62.73911, -1.08821], [-62.75082, -1.07691], [-62.75431, -1.07503], [-62.76823, -1.07207], [-62.78415, -1.05924], [-62.76565, -1.06321]]]]}}, {"type": "Feature", "properties": {"nome": "Gaviãozinho", "etnia": "Kanamarí e Kulina Madijá", "fase": "Delimitada", "modalidade": "Tradicionalmente ocupada", "municipios": "Itamarati", "ha": 206701.79, "uf": "AM"}, "geometry": {"type": "Polygon", "coordinates": [[[-68.66355, -6.40491], [-68.64326, -6.40731], [-68.62294, -6.41894], [-68.63217, -6.4234], [-68.64311, -6.44348], [-68.64541, -6.46322], [-68.65073, -6.46619], [-68.6473, -6.486], [-68.65245, -6.49431], [-68.66493, -6.49616], [-68.67072, -6.4818], [-68.68161, -6.47608], [-68.68871, -6.47863], [-68.6925, -6.48917], [-68.69761, -6.4913], [-68.70962, -6.47338], [-68.74581, -6.4587], [-68.75509, -6.45889], [-68.76233, -6.47009], [-68.76392, -6.48092], [-68.75415, -6.5041], [-68.76186, -6.51308], [-68.78163, -6.51499], [-68.788, -6.51056], [-68.78771, -6.5021], [-68.77829, -6.48979], [-68.77727, -6.47882], [-68.78388, -6.46974], [-68.79434, -6.46948], [-68.80235, -6.47765], [-68.7967, -6.49926], [-68.80389, -6.52038], [-68.81971, -6.5154], [-68.83431, -6.52438], [-68.8551, -6.51688], [-68.86618, -6.51644], [-68.89763, -6.53026], [-68.90256, -6.54398], [-68.89468, -6.55232], [-68.88367, -6.55161], [-68.86985, -6.54361], [-68.86387, -6.54397], [-68.85988, -6.54809], [-68.86069, -6.55424], [-68.88061, -6.5748], [-68.89153, -6.57625], [-68.89682, -6.5541], [-68.92014, -6.53359], [-68.92743, -6.53149], [-68.93754, -6.53936], [-68.93717, -6.54836], [-68.92844, -6.55609], [-68.9169, -6.55915], [-68.91207, -6.56827], [-68.92023, -6.58083], [-68.93094, -6.57925], [-68.93716, -6.56959], [-68.94256, -6.54667], [-68.95061, -6.52899], [-68.95842, -6.52416], [-68.96548, -6.52924], [-68.9785, -6.55624], [-68.98498, -6.57814], [-68.99417, -6.58417], [-68.98857, -6.56922], [-68.98811, -6.55268], [-68.98243, -6.53311], [-68.99128, -6.527], [-69.00193, -6.53047], [-69.01206, -6.52893], [-69.01933, -6.51758], [-69.02896, -6.51111], [-69.03733, -6.51382], [-69.04185, -6.52088], [-69.04239, -6.52931], [-69.03703, -6.54186], [-69.04256, -6.55427], [-69.04964, -6.55254], [-69.04941, -6.54138], [-69.05477, -6.5315], [-69.06246, -6.53106], [-69.07278, -6.53835], [-69.08447, -6.53849], [-69.1051, -6.52034], [-69.11929, -6.51614], [-69.13147, -6.52053], [-69.13493, -6.52633], [-69.1338, -6.53066], [-69.1123, -6.53378], [-69.10777, -6.54411], [-69.13135, -6.56016], [-69.14082, -6.55687], [-69.1558, -6.54287], [-69.16326, -6.54254], [-69.17551, -6.54971], [-69.17472, -6.5424], [-69.16828, -6.54138], [-69.1654, -6.53653], [-69.1648, -6.51836], [-69.15701, -6.50019], [-69.16823, -6.46514], [-69.16493, -6.44487], [-69.17704, -6.42808], [-69.18858, -6.42889], [-69.20098, -6.40702], [-69.20117, -6.394], [-69.19615, -6.37755], [-69.17979, -6.38064], [-69.1659, -6.37747], [-69.15703, -6.37096], [-69.15259, -6.34698], [-69.15477, -6.33236], [-69.15153, -6.31027], [-69.14831, -6.30331], [-69.14087, -6.298], [-69.12781, -6.30975], [-69.10653, -6.31153], [-69.09928, -6.32977], [-69.09195, -6.33083], [-69.06119, -6.322], [-69.05372, -6.32432], [-69.04432, -6.3188], [-69.02464, -6.32488], [-69.01363, -6.31691], [-69.00056, -6.3164], [-68.98226, -6.32402], [-68.96841, -6.34506], [-68.94931, -6.34845], [-68.93798, -6.3398], [-68.9318, -6.33007], [-68.90616, -6.3208], [-68.89841, -6.30401], [-68.88807, -6.3018], [-68.87926, -6.29243], [-68.86491, -6.2855], [-68.84096, -6.27764], [-68.83365, -6.26673], [-68.80919, -6.25593], [-68.78325, -6.27143], [-68.76874, -6.27206], [-68.75638, -6.28229], [-68.74285, -6.28474], [-68.73028, -6.29216], [-68.74227, -6.30599], [-68.73822, -6.3176], [-68.74341, -6.3341], [-68.74239, -6.35968], [-68.73396, -6.37057], [-68.7341, -6.37516], [-68.71973, -6.38628], [-68.70051, -6.38555], [-68.69327, -6.38817], [-68.68688, -6.38519], [-68.68354, -6.37796], [-68.66594, -6.37166], [-68.66355, -6.40491]]]}}, {"type": "Feature", "properties": {"nome": "Curara", "etnia": "Múra", "fase": "Delimitada", "modalidade": "Tradicionalmente ocupada", "municipios": "Manicoré e Novo Aripuanã", "ha": 872691, "uf": "AM"}, "geometry": {"type": "Polygon", "coordinates": [[[-60.8085, -5.51321], [-60.76348, -5.50461], [-60.77353, -5.53257], [-60.78871, -5.54871], [-60.81239, -5.55917], [-60.83761, -5.55831], [-60.8223, -5.57227], [-60.80709, -5.57145], [-60.8077, -5.57575], [-60.81408, -5.58109], [-60.8088, -5.59761], [-60.81127, -5.60509], [-60.78518, -5.61086], [-60.78028, -5.62266], [-60.78107, -5.62724], [-60.78456, -5.62053], [-60.79056, -5.61783], [-60.79749, -5.62573], [-60.79513, -5.63247], [-60.78026, -5.64171], [-60.77799, -5.6525], [-60.78358, -5.66505], [-60.79658, -5.66598], [-60.79387, -5.65458], [-60.80321, -5.65686], [-60.80894, -5.66271], [-60.80866, -5.67023], [-60.8044, -5.67537], [-60.79659, -5.67053], [-60.79766, -5.67674], [-60.8095, -5.68323], [-60.80397, -5.69101], [-60.81253, -5.68879], [-60.81227, -5.69851], [-60.80835, -5.70395], [-60.79488, -5.70776], [-60.79055, -5.71539], [-60.79911, -5.7169], [-60.80137, -5.72065], [-60.78943, -5.72404], [-60.79177, -5.7308], [-60.79636, -5.73293], [-60.79875, -5.74809], [-60.79264, -5.76028], [-60.79539, -5.7625], [-60.79586, -5.77107], [-60.80088, -5.77241], [-60.79687, -5.78607], [-60.79105, -5.78076], [-60.78786, -5.79139], [-60.79617, -5.78873], [-60.7973, -5.8025], [-60.78488, -5.80117], [-60.78834, -5.8105], [-60.77622, -5.80699], [-60.78033, -5.81564], [-60.77377, -5.81886], [-60.76414, -5.81001], [-60.75606, -5.80752], [-60.74663, -5.80977], [-60.69851, -5.77378], [-60.64184, -5.89322], [-60.65436, -5.99705], [-60.66791, -6.01564], [-60.67997, -6.02359], [-60.6676, -6.04899], [-60.64818, -6.04484], [-60.63506, -6.0495], [-60.63088, -6.05411], [-60.63283, -6.05829], [-60.62569, -6.06177], [-60.62309, -6.06924], [-60.61393, -6.07653], [-60.61069, -6.07682], [-60.60697, -6.07202], [-60.58465, -6.07161], [-60.58155, -6.08721], [-60.58617, -6.09261], [-60.58613, -6.11484], [-60.57399, -6.11282], [-60.5687, -6.117], [-60.5675, -6.12475], [-60.55556, -6.12478], [-60.54918, -6.13036], [-60.54521, -6.12661], [-60.53378, -6.1334], [-60.5378, -6.15104], [-60.53387, -6.16089], [-60.54277, -6.16319], [-60.54837, -6.16856], [-60.54984, -6.18423], [-60.55591, -6.19866], [-60.55686, -6.20663], [-60.54861, -6.22013], [-60.55203, -6.22726], [-60.55282, -6.25027], [-60.53052, -6.26214], [-60.52508, -6.26795], [-60.52026, -6.28252], [-60.51349, -6.28704], [-60.51597, -6.29567], [-60.54222, -6.31252], [-60.54741, -6.31967], [-60.54643, -6.50237], [-60.45498, -6.45752], [-60.45895, -6.54281], [-60.47209, -6.54596], [-60.47758, -6.75012], [-60.52805, -6.80741], [-60.54948, -6.80719], [-60.55469, -6.84067], [-60.56622, -6.84041], [-60.56703, -6.85512], [-60.58926, -6.90137], [-60.58931, -6.91355], [-60.60792, -6.92584], [-60.6149, -6.93796], [-60.63185, -6.94971], [-60.66126, -6.95206], [-60.6742, -6.94868], [-60.68015, -6.95614], [-60.69246, -6.95839], [-60.73626, -6.96017], [-60.77888, -6.90919], [-60.78329, -6.8991], [-60.82043, -6.89096], [-60.82236, -6.88344], [-60.85859, -6.85945], [-60.85996, -6.87442], [-60.86506, -6.88446], [-60.87218, -6.87828], [-60.8985, -6.89499], [-60.96531, -6.80264], [-60.97701, -6.8068], [-60.98475, -6.82262], [-61.05521, -6.77588], [-61.06778, -6.68922], [-61.0887, -6.65575], [-61.0886, -6.64666], [-61.09479, -6.633], [-61.09308, -6.62002], [-61.08646, -6.61214], [-61.09181, -6.60495], [-61.10508, -6.59744], [-61.10534, -6.58968], [-61.1112, -6.58438], [-61.11697, -6.56625], [-61.11448, -6.5595], [-61.1277, -6.54892], [-61.13932, -6.53168], [-61.14389, -6.531], [-61.14767, -6.52254], [-61.15808, -6.51673], [-61.15874, -6.51167], [-61.16486, -6.50758], [-61.16723, -6.49361], [-61.17712, -6.48874], [-61.1746, -6.4761], [-61.17676, -6.46725], [-61.18051, -6.46542], [-61.17782, -6.41561], [-61.2066, -6.40653], [-61.218, -6.39254], [-61.19059, -6.38775], [-61.16183, -6.2915], [-61.22545, -6.22924], [-61.23887, -6.21962], [-61.2581, -6.21482], [-61.26221, -6.20973], [-61.27573, -6.14999], [-61.25274, -5.97467], [-61.16938, -5.89132], [-61.13031, -5.88291], [-61.1063, -5.85454], [-61.1018, -5.84215], [-61.1042, -5.82983], [-61.09993, -5.82333], [-61.10129, -5.81994], [-61.09682, -5.81759], [-61.10311, -5.78992], [-61.10171, -5.78045], [-61.09096, -5.77606], [-61.07567, -5.78335], [-61.04433, -5.71662], [-61.04632, -5.70992], [-60.99972, -5.65205], [-60.96214, -5.64327], [-60.91831, -5.61368], [-60.90967, -5.58014], [-60.90315, -5.56863], [-60.88743, -5.56281], [-60.88589, -5.55932], [-60.87987, -5.56021], [-60.8085, -5.51321]]]}}, {"type": "Feature", "properties": {"nome": "Valparaíso (RI)", "etnia": "Apurinã", "fase": "Encaminhada RI", "modalidade": "Reserva Indígena", "municipios": "Boca do Acre", "ha": 64093.02, "uf": "AM"}, "geometry": {"type": "Polygon", "coordinates": [[[-67.36024, -8.66815], [-67.35964, -8.65831], [-67.35654, -8.65469], [-67.32073, -8.65426], [-67.3246, -8.58963], [-67.32896, -8.57997], [-67.321, -8.573], [-67.324, -8.565], [-67.319, -8.565], [-67.32, -8.57], [-67.318, -8.568], [-67.294, -8.579], [-67.279, -8.579], [-67.263, -8.584], [-67.25, -8.58], [-67.21676, -8.58906], [-67.20877, -8.60727], [-67.19863, -8.60478], [-67.175, -8.668], [-67.20411, -8.69679], [-67.2422, -8.7078], [-67.24628, -8.70826], [-67.24804, -8.70497], [-67.25694, -8.71082], [-67.26438, -8.70535], [-67.36024, -8.66815]]]}}, {"type": "Feature", "properties": {"nome": "Mamoriá Grande", "etnia": "Isolados", "fase": "Em Estudo", "modalidade": "Interditada", "municipios": "Lábrea e Tapauá", "ha": 343, "uf": "AM"}, "geometry": {"type": "Polygon", "coordinates": [[[-66.82414, -7.16292], [-66.78164, -7.11427], [-66.75192, -7.10179], [-66.7308, -7.10227], [-66.72366, -7.10763], [-66.69017, -7.11177], [-66.67408, -7.12515], [-66.65897, -7.12436], [-66.65631, -7.1268], [-66.63351, -7.11287], [-66.62114, -7.10959], [-66.61257, -7.11186], [-66.60201, -7.10418], [-66.59752, -7.10619], [-66.59219, -7.1006], [-66.57824, -7.09861], [-66.57757, -7.10147], [-66.56918, -7.10098], [-66.56487, -7.10559], [-66.56013, -7.10401], [-66.55298, -7.11023], [-66.54651, -7.10559], [-66.54105, -7.10917], [-66.5356, -7.10783], [-66.53044, -7.11482], [-66.52344, -7.1165], [-66.52222, -7.12295], [-66.51653, -7.12179], [-66.50639, -7.12855], [-66.4898, -7.11665], [-66.48917, -7.11159], [-66.48407, -7.11292], [-66.47677, -7.10478], [-66.46548, -7.11696], [-66.45759, -7.11081], [-66.44472, -7.11288], [-66.4429, -7.10997], [-66.42582, -7.12753], [-66.42289, -7.12584], [-66.41398, -7.13049], [-66.41191, -7.12729], [-66.40666, -7.12759], [-66.38305, -7.14815], [-66.38066, -7.14578], [-66.37013, -7.15952], [-66.36371, -7.15766], [-66.35092, -7.1606], [-66.34505, -7.15591], [-66.33845, -7.15986], [-66.33839, -7.15276], [-66.31343, -7.14367], [-66.30268, -7.15371], [-66.29698, -7.15018], [-66.28849, -7.15502], [-66.28469, -7.15343], [-66.28446, -7.14959], [-66.28341, -7.15166], [-66.27449, -7.15003], [-66.27254, -7.15421], [-66.26205, -7.15523], [-66.27041, -7.163], [-66.27453, -7.17456], [-66.2712, -7.22342], [-66.26573, -7.22942], [-66.25907, -7.24642], [-66.25329, -7.24799], [-66.24273, -7.25901], [-66.23413, -7.28654], [-66.22548, -7.28795], [-66.21496, -7.30538], [-66.20594, -7.30779], [-66.20388, -7.3052], [-66.17644, -7.36251], [-66.17276, -7.37678], [-66.15791, -7.37465], [-66.14847, -7.37826], [-66.13748, -7.39298], [-66.13426, -7.40258], [-66.12668, -7.40736], [-66.11785, -7.4058], [-66.11278, -7.4107], [-66.08853, -7.41657], [-66.09509, -7.43058], [-66.10625, -7.43585], [-66.11577, -7.44639], [-66.12201, -7.44722], [-66.15139, -7.50056], [-66.41399, -7.45506], [-66.64766, -7.45437], [-66.64792, -7.45764], [-66.65377, -7.45869], [-66.66536, -7.45073], [-66.66633, -7.44522], [-66.67116, -7.44812], [-66.6758, -7.4454], [-66.67429, -7.43481], [-66.66862, -7.43391], [-66.68108, -7.42774], [-66.67916, -7.42476], [-66.68294, -7.41949], [-66.68941, -7.42003], [-66.68906, -7.41486], [-66.69172, -7.41726], [-66.6931, -7.41352], [-66.70263, -7.40933], [-66.70006, -7.40342], [-66.70841, -7.40122], [-66.71082, -7.40483], [-66.71342, -7.40313], [-66.70461, -7.3887], [-66.71698, -7.39587], [-66.71637, -7.3829], [-66.71806, -7.3792], [-66.72131, -7.38102], [-66.72037, -7.37143], [-66.72457, -7.37094], [-66.72379, -7.37379], [-66.7268, -7.37512], [-66.72688, -7.3716], [-66.73053, -7.37368], [-66.73269, -7.37], [-66.73838, -7.37928], [-66.74238, -7.36969], [-66.73712, -7.37142], [-66.73602, -7.36556], [-66.74418, -7.36547], [-66.74496, -7.35802], [-66.7516, -7.3571], [-66.75037, -7.35418], [-66.75453, -7.3496], [-66.75782, -7.35209], [-66.75677, -7.34604], [-66.76404, -7.3475], [-66.76519, -7.35288], [-66.76722, -7.3468], [-66.77767, -7.35012], [-66.77843, -7.34527], [-66.7888, -7.34529], [-66.78226, -7.3403], [-66.78811, -7.34033], [-66.79148, -7.33589], [-66.7891, -7.33143], [-66.79218, -7.32921], [-66.79511, -7.33191], [-66.79289, -7.32685], [-66.79662, -7.32425], [-66.78768, -7.32414], [-66.79672, -7.31962], [-66.80519, -7.32049], [-66.80381, -7.32459], [-66.80799, -7.32465], [-66.80882, -7.31389], [-66.81167, -7.3201], [-66.82141, -7.32198], [-66.82073, -7.31625], [-66.82417, -7.31702], [-66.82796, -7.30803], [-66.83294, -7.31093], [-66.83771, -7.30245], [-66.84698, -7.30222], [-66.84536, -7.29715], [-66.85103, -7.30224], [-66.85478, -7.30012], [-66.8523, -7.28993], [-66.85909, -7.28544], [-66.86076, -7.27594], [-66.87264, -7.28324], [-66.87803, -7.27328], [-66.89048, -7.27322], [-66.88065, -7.26763], [-66.88507, -7.26473], [-66.89363, -7.26786], [-66.89241, -7.26488], [-66.89721, -7.26569], [-66.89373, -7.26166], [-66.9044, -7.26052], [-66.90723, -7.25306], [-66.91488, -7.25792], [-66.92024, -7.24935], [-66.92416, -7.25656], [-66.92802, -7.24934], [-66.93803, -7.2532], [-66.94376, -7.24353], [-66.94924, -7.24366], [-66.93783, -7.24006], [-66.94651, -7.23659], [-66.94563, -7.23009], [-66.94286, -7.22996], [-66.94496, -7.22528], [-66.95367, -7.23082], [-66.95288, -7.22656], [-66.95734, -7.22624], [-66.95846, -7.2231], [-66.95285, -7.21928], [-66.95752, -7.21933], [-66.95903, -7.21391], [-66.9513, -7.21033], [-66.94456, -7.21498], [-66.95309, -7.20648], [-66.94873, -7.20504], [-66.95009, -7.20244], [-66.94117, -7.18776], [-66.9461, -7.17626], [-66.94798, -7.17804], [-66.95019, -7.17412], [-66.95021, -7.1676], [-66.95373, -7.1671], [-66.95392, -7.1637], [-66.95743, -7.16478], [-66.95639, -7.16141], [-66.96174, -7.15302], [-66.95674, -7.14946], [-66.95148, -7.13069], [-66.94385, -7.12438], [-66.93214, -7.12755], [-66.92452, -7.13239], [-66.92257, -7.1378], [-66.90366, -7.14806], [-66.89091, -7.16577], [-66.88312, -7.16491], [-66.87486, -7.15587], [-66.85852, -7.15934], [-66.85006, -7.15572], [-66.84344, -7.158], [-66.83807, -7.15467], [-66.83249, -7.16381], [-66.82414, -7.16292]]]}}]}