{"type": "FeatureCollection", "fonte": "ICMBio, limites das unidades de conservação federais", "features": [{"type": "Feature", "properties": {"nome": "FLORESTA NACIONAL DE ITAITUBA II", "grupo": "Uso sustentável", "esfera": "Federal", "ano": "1998", "ha": 396495.0750937011, "bioma": "AMAZÔNIA"}, "geometry": {"type": "MultiPolygon", "coordinates": [[[[-56.63088, -4.75179], [-56.633, -4.75477], [-56.63509, -4.75232], [-56.63088, -4.75179]]], [[[-56.31531, -4.71188], [-56.31999, -4.71398], [-56.32156, -4.71267], [-56.31531, -4.71188]]], [[[-56.29315, -4.71237], [-56.28923, -4.71778], [-56.29056, -4.71988], [-56.30037, -4.71451], [-56.2994, -4.7117], [-56.29605, -4.71391], [-56.29986, -4.70993], [-56.29315, -4.71237]]], [[[-56.27858, -4.7086], [-56.28162, -4.71493], [-56.28659, -4.7098], [-56.28518, -4.71445], [-56.28817, -4.71811], [-56.29545, -4.70937], [-56.27858, -4.7086]]], [[[-56.27552, -4.70685], [-56.27758, -4.7082], [-56.27821, -4.70719], [-56.27552, -4.70685]]], [[[-56.18763, -4.77936], [-56.22483, -4.81656], [-56.2615, -4.88132], [-56.26758, -4.91351], [-56.28778, -4.9625], [-56.28475, -5.01618], [-56.26472, -5.05159], [-56.25023, -5.09058], [-56.13665, -5.23797], [-56.1261, -5.28072], [-56.09515, -5.32043], [-56.0499, -5.36961], [-56.03627, -5.37582], [-56.0499, -5.3778], [-56.0793, -5.37495], [-56.09499, -5.38127], [-56.10619, -5.37747], [-56.11903, -5.35993], [-56.13437, -5.35432], [-56.1455, -5.35461], [-56.15466, -5.34959], [-56.15561, -5.3451], [-56.1493, -5.33668], [-56.15503, -5.32291], [-56.16256, -5.32345], [-56.19085, -5.31328], [-56.22139, -5.31147], [-56.251, -5.31749], [-56.26286, -5.31213], [-56.27295, -5.31144], [-56.31302, -5.31788], [-56.32255, -5.31659], [-56.34458, -5.28147], [-56.35243, -5.27698], [-56.34916, -5.27165], [-56.35483, -5.27124], [-56.36192, -5.2615], [-56.36906, -5.26088], [-56.38414, -5.25148], [-56.38838, -5.25428], [-56.40359, -5.25472], [-56.40951, -5.26517], [-56.42475, -5.26449], [-56.41857, -5.28235], [-56.41838, -5.29674], [-56.42631, -5.32496], [-56.44131, -5.33786], [-56.44178, -5.34883], [-56.43727, -5.36621], [-56.44072, -5.36934], [-56.43907, -5.37264], [-56.44905, -5.3805], [-56.46419, -5.38235], [-56.47626, -5.39483], [-56.4786, -5.40618], [-56.47254, -5.43548], [-56.48862, -5.45037], [-56.49407, -5.45968], [-56.48935, -5.47325], [-56.47853, -5.48634], [-56.48134, -5.49423], [-56.47881, -5.49979], [-56.68146, -5.34099], [-56.68214, -5.32947], [-56.68709, -5.32194], [-56.69994, -5.31747], [-56.72503, -5.2887], [-56.7595, -5.28204], [-56.75889, -5.27155], [-56.76222, -5.26839], [-56.76818, -5.26669], [-56.77192, -5.26017], [-56.78173, -5.25997], [-56.78789, -5.25248], [-56.79599, -5.24936], [-56.79732, -5.24348], [-56.78816, -5.24357], [-56.78232, -5.23783], [-56.77582, -5.23881], [-56.78329, -5.23509], [-56.78532, -5.23934], [-56.79982, -5.24386], [-56.80108, -5.23806], [-56.80455, -5.23784], [-56.80964, -5.23037], [-56.79789, -5.22679], [-56.80261, -5.22632], [-56.8033, -5.22123], [-56.80539, -5.22688], [-56.81601, -5.22549], [-56.82154, -5.21436], [-56.81454, -5.21191], [-56.8106, -5.20934], [-56.82344, -5.21302], [-56.82623, -5.20364], [-56.83247, -5.19845], [-56.83228, -5.19009], [-56.83624, -5.18569], [-56.83483, -5.18448], [-56.82886, -5.18673], [-56.82567, -5.18581], [-56.82414, -5.19242], [-56.82388, -5.18485], [-56.81912, -5.18387], [-56.82942, -5.18573], [-56.83178, -5.17886], [-56.82762, -5.17718], [-56.82567, -5.17992], [-56.82609, -5.17569], [-56.81893, -5.17457], [-56.81868, -5.16633], [-56.81915, -5.17175], [-56.8247, -5.17016], [-56.82678, -5.17549], [-56.83164, -5.17684], [-56.8378, -5.17037], [-56.83581, -5.15979], [-56.83012, -5.15508], [-56.83269, -5.16275], [-56.8297, -5.16803], [-56.83099, -5.16077], [-56.82818, -5.16141], [-56.82748, -5.15742], [-56.82308, -5.15993], [-56.82318, -5.1639], [-56.82109, -5.1606], [-56.81054, -5.16347], [-56.81207, -5.17027], [-56.80887, -5.16557], [-56.80243, -5.18498], [-56.79707, -5.18724], [-56.79331, -5.19351], [-56.79593, -5.1879], [-56.79126, -5.18901], [-56.80151, -5.18396], [-56.80526, -5.1705], [-56.80545, -5.16702], [-56.79985, -5.16772], [-56.79874, -5.16529], [-56.80499, -5.16596], [-56.81162, -5.16006], [-56.81013, -5.15862], [-56.80207, -5.15817], [-56.79583, -5.15377], [-56.79124, -5.15775], [-56.79188, -5.15491], [-56.78777, -5.15319], [-56.7861, -5.16194], [-56.77999, -5.16872], [-56.78528, -5.16075], [-56.78388, -5.15499], [-56.77833, -5.157], [-56.77125, -5.1536], [-56.76822, -5.15504], [-56.76875, -5.15702], [-56.76864, -5.1591], [-56.76736, -5.15479], [-56.75958, -5.1584], [-56.75875, -5.15574], [-56.75375, -5.15596], [-56.75195, -5.15861], [-56.75209, -5.16623], [-56.75105, -5.16834], [-56.75228, -5.1716], [-56.753, -5.18864], [-56.74939, -5.15518], [-56.74497, -5.15665], [-56.74415, -5.16442], [-56.74236, -5.15593], [-56.73908, -5.16032], [-56.73552, -5.16101], [-56.72922, -5.17209], [-56.72794, -5.16586], [-56.74433, -5.15192], [-56.7349, -5.14583], [-56.72799, -5.14768], [-56.73029, -5.14204], [-56.7309, -5.14614], [-56.73384, -5.1447], [-56.7385, -5.1469], [-56.74057, -5.14369], [-56.74064, -5.14796], [-56.7453, -5.14669], [-56.74299, -5.1489], [-56.74736, -5.15229], [-56.7575, -5.15268], [-56.76076, -5.15086], [-56.76001, -5.14786], [-56.76209, -5.15125], [-56.76564, -5.14848], [-56.76695, -5.15026], [-56.76834, -5.14479], [-56.76903, -5.14943], [-56.78472, -5.15339], [-56.79041, -5.14709], [-56.79527, -5.15009], [-56.7968, -5.14743], [-56.79805, -5.15101], [-56.79859, -5.14683], [-56.80041, -5.14483], [-56.80022, -5.15157], [-56.80624, -5.14803], [-56.80527, -5.15273], [-56.81138, -5.15048], [-56.80907, -5.1538], [-56.81721, -5.15693], [-56.818, -5.15519], [-56.81382, -5.15088], [-56.81443, -5.14952], [-56.82304, -5.15663], [-56.82543, -5.14851], [-56.82165, -5.14464], [-56.8211, -5.14989], [-56.82018, -5.14587], [-56.81804, -5.1436], [-56.81727, -5.14016], [-56.82131, -5.14266], [-56.82191, -5.13417], [-56.81888, -5.13617], [-56.81932, -5.13153], [-56.82213, -5.13041], [-56.82582, -5.12195], [-56.82221, -5.12127], [-56.82578, -5.12106], [-56.82448, -5.11831], [-56.83255, -5.10187], [-56.83342, -5.08463], [-56.82656, -5.08319], [-56.82936, -5.08812], [-56.82212, -5.09904], [-56.81883, -5.11275], [-56.81879, -5.10809], [-56.82536, -5.08656], [-56.82276, -5.08276], [-56.81907, -5.08659], [-56.81865, -5.08421], [-56.82054, -5.08097], [-56.8263, -5.08058], [-56.81871, -5.07061], [-56.81981, -5.07959], [-56.81578, -5.07572], [-56.81617, -5.07988], [-56.81304, -5.08176], [-56.81381, -5.09045], [-56.81284, -5.09267], [-56.81194, -5.08339], [-56.80334, -5.08784], [-56.7983, -5.0886], [-56.80429, -5.08642], [-56.80228, -5.08324], [-56.80189, -5.08121], [-56.80548, -5.0855], [-56.81299, -5.07934], [-56.81425, -5.07379], [-56.80994, -5.07226], [-56.81354, -5.07176], [-56.81541, -5.07465], [-56.81679, -5.07194], [-56.80087, -5.04682], [-56.79896, -5.04883], [-56.80138, -5.05261], [-56.79667, -5.05614], [-56.79745, -5.05912], [-56.80077, -5.05884], [-56.80091, -5.06619], [-56.79875, -5.06097], [-56.7948, -5.06094], [-56.79328, -5.076], [-56.78771, -5.08572], [-56.78841, -5.07903], [-56.79304, -5.07593], [-56.79202, -5.06419], [-56.79955, -5.04584], [-56.79269, -5.041], [-56.7909, -5.03378], [-56.78824, -5.03998], [-56.79408, -5.0528], [-56.7937, -5.05762], [-56.79171, -5.05989], [-56.79031, -5.06091], [-56.79365, -5.05224], [-56.78787, -5.04161], [-56.78546, -5.04653], [-56.78854, -5.04693], [-56.78343, -5.0482], [-56.78127, -5.05589], [-56.77964, -5.04939], [-56.7664, -5.05814], [-56.76083, -5.05699], [-56.76031, -5.05095], [-56.75439, -5.04992], [-56.76053, -5.05036], [-56.7656, -5.05729], [-56.77683, -5.04757], [-56.78124, -5.04799], [-56.78239, -5.045], [-56.77928, -5.04336], [-56.78386, -5.04398], [-56.78467, -5.03643], [-56.78863, -5.03616], [-56.78936, -5.02774], [-56.78662, -5.02599], [-56.79021, -5.02196], [-56.78497, -5.00939], [-56.78237, -5.01097], [-56.78433, -5.01747], [-56.78356, -5.02063], [-56.77773, -5.03536], [-56.77263, -5.04159], [-56.77028, -5.0402], [-56.77686, -5.0355], [-56.77914, -5.02236], [-56.78172, -5.02266], [-56.78316, -5.01694], [-56.78054, -5.01136], [-56.77736, -5.01278], [-56.77253, -5.00975], [-56.78013, -5.00883], [-56.77336, -5.00243], [-56.76954, -5.00454], [-56.76886, -4.99776], [-56.76589, -5.00619], [-56.76892, -5.0103], [-56.76397, -5.01229], [-56.76831, -5.01957], [-56.75867, -5.01158], [-56.76102, -5.01077], [-56.75977, -5.00776], [-56.76264, -5.01115], [-56.76585, -5.00831], [-56.76147, -5.00338], [-56.76441, -5.00426], [-56.76373, -4.99858], [-56.76791, -4.99621], [-56.76317, -4.9945], [-56.77117, -4.99356], [-56.76575, -4.98744], [-56.77101, -4.98994], [-56.76981, -4.98103], [-56.76616, -4.98409], [-56.76381, -4.98437], [-56.7625, -4.98382], [-56.76788, -4.98089], [-56.77109, -4.96905], [-56.77037, -4.97825], [-56.77498, -4.97642], [-56.77558, -4.96837], [-56.77274, -4.96579], [-56.75652, -4.97514], [-56.75049, -4.9661], [-56.74583, -4.96729], [-56.7443, -4.97504], [-56.74866, -4.97699], [-56.74512, -4.9788], [-56.74703, -4.98325], [-56.74382, -4.98436], [-56.7461, -4.98952], [-56.74334, -4.99049], [-56.74221, -5.00179], [-56.74556, -5.00092], [-56.74859, -5.00693], [-56.74242, -5.00339], [-56.74084, -5.00622], [-56.7486, -5.01663], [-56.74029, -5.00843], [-56.73868, -5.01227], [-56.74262, -5.0175], [-56.7364, -5.0119], [-56.73291, -5.01919], [-56.73437, -5.02187], [-56.73994, -5.02165], [-56.74296, -5.0246], [-56.74251, -5.02825], [-56.7389, -5.02332], [-56.73264, -5.02368], [-56.73053, -5.03725], [-56.72704, -5.04332], [-56.73125, -5.01789], [-56.72378, -5.01876], [-56.72348, -5.02416], [-56.72125, -5.02148], [-56.71368, -5.0245], [-56.71177, -5.03297], [-56.71697, -5.0395], [-56.71528, -5.0447], [-56.71538, -5.03888], [-56.71159, -5.03483], [-56.70761, -5.04367], [-56.71085, -5.0304], [-56.70565, -5.03277], [-56.7046, -5.0324], [-56.70169, -5.03867], [-56.70367, -5.05221], [-56.70045, -5.04629], [-56.70133, -5.03238], [-56.69245, -5.04037], [-56.69243, -5.04858], [-56.69621, -5.05109], [-56.69289, -5.05057], [-56.68936, -5.05665], [-56.69424, -5.05899], [-56.68496, -5.05807], [-56.68075, -5.06904], [-56.68432, -5.05753], [-56.68209, -5.05727], [-56.69, -5.05328], [-56.68789, -5.05112], [-56.68139, -5.05314], [-56.67982, -5.05293], [-56.67885, -5.05182], [-56.69045, -5.04994], [-56.69195, -5.0392], [-56.68265, -5.04245], [-56.69829, -5.03448], [-56.69577, -5.02904], [-56.69903, -5.03249], [-56.70554, -5.03213], [-56.71279, -5.02692], [-56.71235, -5.02511], [-56.70602, -5.02504], [-56.69862, -5.0217], [-56.70184, -5.01377], [-56.70112, -5.02178], [-56.71214, -5.02431], [-56.71091, -5.01861], [-56.71478, -5.02339], [-56.72137, -5.01632], [-56.72916, -5.01598], [-56.73672, -5.00606], [-56.72865, -5.00521], [-56.7188, -5.00957], [-56.71917, -5.00482], [-56.71242, -5.00266], [-56.71801, -5.00156], [-56.72295, -5.00544], [-56.72756, -5.00398], [-56.72806, -5.00064], [-56.72873, -5.00385], [-56.73444, -5.00422], [-56.73715, -5.00077], [-56.73416, -4.99713], [-56.73791, -4.99937], [-56.74178, -4.9962], [-56.74062, -4.9892], [-56.73028, -4.9914], [-56.72945, -4.99441], [-56.72098, -4.99552], [-56.72034, -4.99313], [-56.72653, -4.99416], [-56.73122, -4.98951], [-56.72307, -4.98303], [-56.71777, -4.98268], [-56.72445, -4.98228], [-56.73347, -4.99003], [-56.73985, -4.98854], [-56.74282, -4.97629], [-56.74111, -4.97258], [-56.73634, -4.97324], [-56.73623, -4.97107], [-56.73883, -4.97128], [-56.73834, -4.96828], [-56.74056, -4.97157], [-56.7449, -4.96571], [-56.74661, -4.95458], [-56.74068, -4.9511], [-56.73779, -4.94396], [-56.73242, -4.95667], [-56.7369, -4.94344], [-56.73587, -4.9369], [-56.72873, -4.91908], [-56.72476, -4.91851], [-56.72447, -4.93943], [-56.72073, -4.92065], [-56.71208, -4.92617], [-56.71469, -4.93007], [-56.7167, -4.93757], [-56.71115, -4.92738], [-56.70584, -4.93605], [-56.7081, -4.93937], [-56.70319, -4.93939], [-56.70531, -4.96272], [-56.70323, -4.96069], [-56.70018, -4.96361], [-56.70045, -4.97298], [-56.69989, -4.96375], [-56.6974, -4.96313], [-56.68781, -4.9701], [-56.68527, -4.97613], [-56.6808, -4.97532], [-56.67999, -4.9728], [-56.6832, -4.97391], [-56.69043, -4.96538], [-56.70156, -4.96131], [-56.70317, -4.95553], [-56.70081, -4.94886], [-56.68622, -4.95249], [-56.68212, -4.95135], [-56.70101, -4.94793], [-56.70096, -4.94036], [-56.69462, -4.93897], [-56.70433, -4.93716], [-56.70719, -4.93076], [-56.70548, -4.92756], [-56.715, -4.92144], [-56.71407, -4.91627], [-56.71671, -4.9198], [-56.72612, -4.91462], [-56.7235, -4.90738], [-56.71894, -4.90724], [-56.71714, -4.89419], [-56.71256, -4.89374], [-56.70842, -4.89743], [-56.71172, -4.89204], [-56.71492, -4.89264], [-56.72197, -4.88539], [-56.71534, -4.87709], [-56.70123, -4.87134], [-56.70104, -4.87479], [-56.70498, -4.87689], [-56.70578, -4.88748], [-56.70451, -4.87782], [-56.70043, -4.87751], [-56.69879, -4.85604], [-56.69357, -4.8698], [-56.69519, -4.87792], [-56.69024, -4.88471], [-56.6879, -4.88481], [-56.69451, -4.87686], [-56.69249, -4.87011], [-56.67857, -4.87114], [-56.67553, -4.87463], [-56.67672, -4.87022], [-56.66937, -4.87171], [-56.6571, -4.88132], [-56.65722, -4.88452], [-56.64651, -4.89704], [-56.64876, -4.89816], [-56.64677, -4.90319], [-56.64167, -4.90555], [-56.64512, -4.90261], [-56.6448, -4.89328], [-56.65611, -4.88383], [-56.65719, -4.87801], [-56.67295, -4.86625], [-56.67735, -4.86666], [-56.67583, -4.85796], [-56.6783, -4.85557], [-56.67493, -4.85105], [-56.67844, -4.85064], [-56.67865, -4.84413], [-56.68403, -4.84115], [-56.67963, -4.84693], [-56.67891, -4.85457], [-56.68383, -4.85072], [-56.68404, -4.85313], [-56.69501, -4.85345], [-56.702, -4.84555], [-56.70145, -4.8399], [-56.69554, -4.83737], [-56.70283, -4.83916], [-56.69887, -4.8212], [-56.69112, -4.81487], [-56.69092, -4.823], [-56.68364, -4.80506], [-56.6756, -4.81404], [-56.68151, -4.82315], [-56.6774, -4.82211], [-56.67396, -4.81471], [-56.67224, -4.8219], [-56.67039, -4.81816], [-56.66965, -4.82583], [-56.67023, -4.81626], [-56.66423, -4.82327], [-56.66436, -4.81445], [-56.66573, -4.81947], [-56.67423, -4.8127], [-56.67311, -4.80998], [-56.67635, -4.81118], [-56.67704, -4.807], [-56.67248, -4.804], [-56.66971, -4.79829], [-56.67106, -4.79627], [-56.67127, -4.80002], [-56.67867, -4.80675], [-56.681, -4.80547], [-56.68065, -4.78932], [-56.67557, -4.78685], [-56.67214, -4.78786], [-56.67265, -4.7914], [-56.67133, -4.78861], [-56.66881, -4.79124], [-56.67002, -4.78846], [-56.66721, -4.78992], [-56.66577, -4.78477], [-56.65828, -4.78888], [-56.65879, -4.78553], [-56.66643, -4.78158], [-56.66914, -4.78655], [-56.67312, -4.786], [-56.67358, -4.78242], [-56.67489, -4.7858], [-56.67987, -4.786], [-56.68219, -4.77827], [-56.68814, -4.7789], [-56.68896, -4.77593], [-56.68339, -4.77151], [-56.67352, -4.77268], [-56.66167, -4.76426], [-56.65665, -4.75505], [-56.63607, -4.75245], [-56.63331, -4.75528], [-56.63252, -4.76073], [-56.63451, -4.76446], [-56.63772, -4.76246], [-56.63546, -4.76611], [-56.63815, -4.77194], [-56.64191, -4.76911], [-56.6416, -4.77173], [-56.64661, -4.77334], [-56.65107, -4.76651], [-56.65286, -4.77333], [-56.65925, -4.77244], [-56.65727, -4.77755], [-56.65385, -4.78038], [-56.65706, -4.77613], [-56.65256, -4.77516], [-56.65074, -4.77124], [-56.64588, -4.77493], [-56.6429, -4.77456], [-56.64615, -4.77981], [-56.64138, -4.79814], [-56.64681, -4.80855], [-56.6545, -4.81386], [-56.6523, -4.81523], [-56.64046, -4.80094], [-56.63678, -4.80638], [-56.63833, -4.81223], [-56.63478, -4.80757], [-56.63166, -4.81442], [-56.63368, -4.81905], [-56.63016, -4.81774], [-56.63272, -4.83153], [-56.63774, -4.83045], [-56.63466, -4.83402], [-56.64131, -4.8348], [-56.63733, -4.8366], [-56.63255, -4.83233], [-56.63076, -4.83402], [-56.63331, -4.83893], [-56.63351, -4.84555], [-56.64305, -4.84877], [-56.63562, -4.84771], [-56.63532, -4.85454], [-56.63273, -4.85362], [-56.63204, -4.83926], [-56.6281, -4.839], [-56.6311, -4.82597], [-56.63038, -4.82571], [-56.62804, -4.82853], [-56.62325, -4.83082], [-56.62972, -4.82501], [-56.62883, -4.81816], [-56.62457, -4.81395], [-56.62411, -4.80989], [-56.62906, -4.81523], [-56.64058, -4.79542], [-56.64026, -4.77954], [-56.63749, -4.7761], [-56.6357, -4.77814], [-56.63462, -4.79017], [-56.63336, -4.79242], [-56.636, -4.77296], [-56.63312, -4.76567], [-56.62324, -4.79632], [-56.62373, -4.78826], [-56.62013, -4.7865], [-56.62577, -4.78465], [-56.62424, -4.7814], [-56.6306, -4.77343], [-56.63249, -4.76319], [-56.62859, -4.7515], [-56.62043, -4.75047], [-56.6237, -4.7586], [-56.61761, -4.76504], [-56.61822, -4.76852], [-56.61674, -4.76511], [-56.62208, -4.75896], [-56.61905, -4.75282], [-56.61478, -4.75319], [-56.61492, -4.74977], [-56.59008, -4.74663], [-56.5887, -4.75732], [-56.59901, -4.7639], [-56.58677, -4.75768], [-56.58934, -4.77692], [-56.59279, -4.77918], [-56.58841, -4.77661], [-56.58623, -4.78157], [-56.59407, -4.7899], [-56.5987, -4.78889], [-56.5966, -4.79133], [-56.59972, -4.79619], [-56.58478, -4.78142], [-56.5794, -4.78375], [-56.57671, -4.79246], [-56.57861, -4.78362], [-56.58448, -4.78087], [-56.58823, -4.77293], [-56.58683, -4.76865], [-56.58245, -4.77158], [-56.57629, -4.77251], [-56.57463, -4.77066], [-56.58597, -4.76816], [-56.58605, -4.76179], [-56.58238, -4.7605], [-56.58795, -4.75532], [-56.58818, -4.74639], [-56.58258, -4.74568], [-56.58015, -4.75131], [-56.57385, -4.75421], [-56.58081, -4.74546], [-56.56553, -4.74353], [-56.56452, -4.74726], [-56.56451, -4.7434], [-56.55873, -4.74267], [-56.56154, -4.74973], [-56.55747, -4.74251], [-56.55611, -4.7471], [-56.55212, -4.74183], [-56.55128, -4.74444], [-56.55026, -4.7416], [-56.53513, -4.73968], [-56.53326, -4.74308], [-56.5329, -4.7394], [-56.51828, -4.73755], [-56.51851, -4.74053], [-56.51492, -4.7411], [-56.52081, -4.7498], [-56.52283, -4.74203], [-56.52584, -4.7515], [-56.53516, -4.74798], [-56.53657, -4.75057], [-56.52924, -4.75449], [-56.5306, -4.75872], [-56.54034, -4.75752], [-56.54244, -4.75157], [-56.54624, -4.74968], [-56.54814, -4.75224], [-56.54332, -4.75191], [-56.54143, -4.75828], [-56.54403, -4.76227], [-56.55087, -4.75503], [-56.54884, -4.76128], [-56.55219, -4.76291], [-56.56027, -4.76303], [-56.5618, -4.75835], [-56.56333, -4.75883], [-56.5642, -4.76301], [-56.55709, -4.76579], [-56.54453, -4.76407], [-56.54861, -4.76982], [-56.557, -4.77171], [-56.55928, -4.77784], [-56.56702, -4.78005], [-56.55768, -4.77803], [-56.5641, -4.79225], [-56.56788, -4.79288], [-56.56648, -4.79756], [-56.56032, -4.78605], [-56.5577, -4.78646], [-56.55603, -4.77407], [-56.55027, -4.77151], [-56.55263, -4.79111], [-56.55018, -4.79583], [-56.5486, -4.77204], [-56.53862, -4.75984], [-56.5386, -4.7626], [-56.53392, -4.76094], [-56.53159, -4.76432], [-56.53155, -4.76067], [-56.52742, -4.76076], [-56.52717, -4.76797], [-56.53126, -4.76544], [-56.53118, -4.76792], [-56.5329, -4.76873], [-56.53331, -4.77026], [-56.52923, -4.76873], [-56.52622, -4.77233], [-56.52391, -4.76841], [-56.5202, -4.77311], [-56.52112, -4.78034], [-56.52504, -4.77973], [-56.52596, -4.77278], [-56.53244, -4.78257], [-56.52772, -4.77883], [-56.52423, -4.78389], [-56.51768, -4.77786], [-56.5147, -4.78232], [-56.51843, -4.78949], [-56.52512, -4.79036], [-56.5192, -4.79142], [-56.52425, -4.80106], [-56.53415, -4.80531], [-56.54403, -4.81667], [-56.54878, -4.8111], [-56.54898, -4.81642], [-56.56636, -4.82772], [-56.55662, -4.82413], [-56.54798, -4.81597], [-56.54617, -4.82335], [-56.54057, -4.81436], [-56.53329, -4.81795], [-56.53774, -4.8123], [-56.53143, -4.80543], [-56.52098, -4.80139], [-56.5137, -4.78749], [-56.50952, -4.80012], [-56.51183, -4.80605], [-56.52616, -4.80837], [-56.52715, -4.81276], [-56.52536, -4.80878], [-56.51997, -4.80936], [-56.51851, -4.81508], [-56.52144, -4.82212], [-56.52654, -4.82491], [-56.52687, -4.82704], [-56.5253, -4.82447], [-56.52222, -4.82316], [-56.5201, -4.8207], [-56.52034, -4.82597], [-56.51684, -4.83133], [-56.52023, -4.82469], [-56.51743, -4.81521], [-56.51801, -4.80903], [-56.51222, -4.81021], [-56.50812, -4.8051], [-56.50563, -4.81347], [-56.51103, -4.81506], [-56.5118, -4.81952], [-56.50487, -4.81621], [-56.49915, -4.82194], [-56.51221, -4.82329], [-56.50844, -4.82665], [-56.50373, -4.8255], [-56.51142, -4.83607], [-56.50711, -4.83391], [-56.50871, -4.83905], [-56.50803, -4.83952], [-56.5038, -4.82766], [-56.49802, -4.82418], [-56.49563, -4.82932], [-56.49813, -4.83224], [-56.49431, -4.83179], [-56.49404, -4.83696], [-56.49199, -4.83334], [-56.48218, -4.83626], [-56.48143, -4.84119], [-56.48036, -4.83718], [-56.47568, -4.83837], [-56.47124, -4.84373], [-56.47394, -4.84546], [-56.46987, -4.84698], [-56.46999, -4.85396], [-56.47273, -4.85463], [-56.47008, -4.85576], [-56.46935, -4.86407], [-56.47897, -4.86389], [-56.47971, -4.85927], [-56.48116, -4.86311], [-56.48183, -4.85498], [-56.48493, -4.85557], [-56.48328, -4.8629], [-56.48926, -4.86661], [-56.49135, -4.85125], [-56.4928, -4.84891], [-56.49157, -4.8644], [-56.49667, -4.85843], [-56.49813, -4.86066], [-56.51146, -4.85276], [-56.50519, -4.85699], [-56.51066, -4.86064], [-56.50298, -4.85866], [-56.49112, -4.86874], [-56.50211, -4.87205], [-56.50801, -4.87769], [-56.51013, -4.8634], [-56.51271, -4.86934], [-56.51931, -4.86943], [-56.52027, -4.86444], [-56.51583, -4.86102], [-56.51574, -4.85694], [-56.51669, -4.86141], [-56.52192, -4.86278], [-56.52317, -4.85112], [-56.52338, -4.86179], [-56.53127, -4.85495], [-56.52074, -4.86557], [-56.52384, -4.86857], [-56.52907, -4.86868], [-56.53378, -4.86029], [-56.53941, -4.85692], [-56.53405, -4.86146], [-56.54063, -4.86068], [-56.54022, -4.86325], [-56.53966, -4.86128], [-56.53361, -4.86405], [-56.53384, -4.8719], [-56.53013, -4.86997], [-56.52909, -4.87318], [-56.52733, -4.8693], [-56.52185, -4.86917], [-56.51953, -4.87229], [-56.51324, -4.87203], [-56.51003, -4.87858], [-56.52105, -4.88662], [-56.52286, -4.8846], [-56.52341, -4.89038], [-56.52605, -4.88099], [-56.52504, -4.8914], [-56.52851, -4.89333], [-56.53895, -4.88367], [-56.53076, -4.89529], [-56.53673, -4.8915], [-56.53987, -4.89392], [-56.54422, -4.88927], [-56.54575, -4.89204], [-56.5516, -4.88692], [-56.54869, -4.89079], [-56.55249, -4.89294], [-56.53154, -4.89683], [-56.53866, -4.90783], [-56.54693, -4.90697], [-56.53798, -4.91104], [-56.53948, -4.92184], [-56.54325, -4.92231], [-56.54195, -4.92751], [-56.54601, -4.93302], [-56.54376, -4.94093], [-56.53972, -4.94217], [-56.54312, -4.9355], [-56.54095, -4.93127], [-56.52742, -4.93319], [-56.53959, -4.93043], [-56.53617, -4.91849], [-56.5304, -4.92108], [-56.52422, -4.91613], [-56.52058, -4.91798], [-56.52312, -4.91437], [-56.5308, -4.9192], [-56.53628, -4.9169], [-56.53686, -4.90723], [-56.52687, -4.90059], [-56.53059, -4.89697], [-56.52202, -4.89267], [-56.51895, -4.90734], [-56.5204, -4.89098], [-56.51758, -4.88921], [-56.5148, -4.89459], [-56.5166, -4.88889], [-56.51092, -4.88452], [-56.50265, -4.89297], [-56.5101, -4.90294], [-56.50952, -4.90457], [-56.49893, -4.8943], [-56.50175, -4.89604], [-56.50204, -4.89124], [-56.50801, -4.88169], [-56.50038, -4.87722], [-56.49554, -4.8832], [-56.49512, -4.88939], [-56.49194, -4.88988], [-56.49457, -4.88276], [-56.4915, -4.88081], [-56.49552, -4.88108], [-56.49824, -4.87745], [-56.48136, -4.86765], [-56.4687, -4.8678], [-56.46675, -4.86166], [-56.46442, -4.86234], [-56.46718, -4.85888], [-56.46533, -4.85446], [-56.46271, -4.85449], [-56.46299, -4.85815], [-56.46161, -4.85976], [-56.45881, -4.85284], [-56.46443, -4.8521], [-56.46648, -4.84186], [-56.46282, -4.83627], [-56.46733, -4.84007], [-56.47991, -4.83256], [-56.47477, -4.81788], [-56.47861, -4.81991], [-56.48099, -4.83144], [-56.48788, -4.83221], [-56.49605, -4.82227], [-56.49087, -4.82236], [-56.49558, -4.81827], [-56.49777, -4.81994], [-56.50192, -4.81314], [-56.49432, -4.81487], [-56.48931, -4.81183], [-56.48425, -4.81438], [-56.48912, -4.80932], [-56.48442, -4.8053], [-56.47961, -4.8056], [-56.48103, -4.80262], [-56.47664, -4.79792], [-56.47208, -4.79898], [-56.47221, -4.8055], [-56.46819, -4.8095], [-56.47378, -4.81471], [-56.46748, -4.81193], [-56.47129, -4.79719], [-56.47906, -4.79713], [-56.48232, -4.80404], [-56.48756, -4.80707], [-56.49011, -4.80272], [-56.48944, -4.81118], [-56.49379, -4.8136], [-56.50137, -4.81121], [-56.50557, -4.80317], [-56.50565, -4.79261], [-56.50773, -4.79339], [-56.51011, -4.7875], [-56.5037, -4.78284], [-56.51119, -4.78464], [-56.51003, -4.7774], [-56.51426, -4.77667], [-56.51487, -4.77255], [-56.5121, -4.76949], [-56.51318, -4.76758], [-56.51543, -4.77098], [-56.51748, -4.76571], [-56.51197, -4.75979], [-56.51392, -4.75786], [-56.51808, -4.76504], [-56.52072, -4.76451], [-56.52081, -4.75402], [-56.51319, -4.75], [-56.50676, -4.7563], [-56.51008, -4.75055], [-56.5026, -4.74757], [-56.49112, -4.75064], [-56.49171, -4.7554], [-56.4973, -4.75446], [-56.49723, -4.76455], [-56.50254, -4.76562], [-56.49654, -4.76507], [-56.49588, -4.76967], [-56.49522, -4.75606], [-56.49081, -4.75645], [-56.48979, -4.76197], [-56.48853, -4.75634], [-56.48403, -4.75582], [-56.48169, -4.75976], [-56.48501, -4.7669], [-56.47991, -4.76601], [-56.47908, -4.77047], [-56.48534, -4.77489], [-56.48746, -4.76999], [-56.49076, -4.77901], [-56.49548, -4.77404], [-56.492, -4.78124], [-56.49783, -4.78391], [-56.49325, -4.78341], [-56.48976, -4.79256], [-56.48528, -4.79301], [-56.49085, -4.78663], [-56.49123, -4.78063], [-56.48692, -4.78685], [-56.48768, -4.78211], [-56.48492, -4.78157], [-56.49012, -4.7786], [-56.48076, -4.77395], [-56.47829, -4.77552], [-56.47635, -4.76568], [-56.47991, -4.7606], [-56.47235, -4.76603], [-56.46639, -4.76618], [-56.46321, -4.7765], [-56.45847, -4.78089], [-56.4614, -4.78679], [-56.45637, -4.78211], [-56.4498, -4.78647], [-56.45552, -4.79491], [-56.44914, -4.78999], [-56.44576, -4.80365], [-56.45311, -4.80368], [-56.45648, -4.81167], [-56.45374, -4.83287], [-56.45683, -4.84317], [-56.45537, -4.8519], [-56.45808, -4.85265], [-56.45446, -4.85389], [-56.4545, -4.85914], [-56.45644, -4.86229], [-56.4596, -4.86153], [-56.45856, -4.86376], [-56.45425, -4.8625], [-56.45491, -4.86666], [-56.45974, -4.87313], [-56.4654, -4.87271], [-56.46604, -4.86965], [-56.47121, -4.87267], [-56.47088, -4.87527], [-56.46816, -4.87187], [-56.46411, -4.87538], [-56.47231, -4.88624], [-56.47815, -4.88399], [-56.48027, -4.87583], [-56.48059, -4.88108], [-56.48373, -4.88181], [-56.47602, -4.8876], [-56.48614, -4.88796], [-56.47816, -4.89123], [-56.47506, -4.88765], [-56.47317, -4.88966], [-56.47903, -4.89988], [-56.48126, -4.8967], [-56.48134, -4.90318], [-56.48823, -4.90417], [-56.48636, -4.89756], [-56.48714, -4.89643], [-56.48917, -4.90177], [-56.49337, -4.90181], [-56.48838, -4.9062], [-56.48902, -4.91166], [-56.49236, -4.91178], [-56.4916, -4.90844], [-56.49384, -4.91295], [-56.49824, -4.91106], [-56.50091, -4.91525], [-56.50577, -4.91019], [-56.50202, -4.91686], [-56.50731, -4.91797], [-56.50742, -4.92563], [-56.51729, -4.92216], [-56.50802, -4.93008], [-56.51103, -4.93193], [-56.51533, -4.92843], [-56.51318, -4.93204], [-56.51748, -4.93747], [-56.51095, -4.93454], [-56.51053, -4.94136], [-56.51518, -4.94354], [-56.5156, -4.94547], [-56.51074, -4.943], [-56.50643, -4.94623], [-56.51219, -4.94974], [-56.50298, -4.96056], [-56.50641, -4.96265], [-56.50531, -4.96524], [-56.50864, -4.96419], [-56.50733, -4.96767], [-56.49985, -4.96463], [-56.49607, -4.969], [-56.50093, -4.97045], [-56.48982, -4.97721], [-56.49207, -4.98236], [-56.50049, -4.9788], [-56.50509, -4.97991], [-56.49147, -4.98325], [-56.49372, -4.98919], [-56.49945, -4.98713], [-56.50229, -4.99049], [-56.4958, -4.98989], [-56.49481, -4.99525], [-56.49302, -4.98971], [-56.49027, -4.99203], [-56.49222, -4.98681], [-56.48756, -4.97818], [-56.4853, -4.98764], [-56.48189, -4.98824], [-56.48705, -4.99347], [-56.4798, -4.98964], [-56.48205, -4.9959], [-56.47737, -4.99343], [-56.47031, -5.00522], [-56.47505, -5.00783], [-56.4836, -5.00629], [-56.4858, -5.00154], [-56.48295, -5.00043], [-56.48584, -5.00096], [-56.48743, -4.99732], [-56.48624, -5.00585], [-56.48885, -5.00746], [-56.4893, -5.00352], [-56.49421, -5.00044], [-56.48858, -5.00891], [-56.49446, -5.0116], [-56.50274, -5.00281], [-56.49576, -5.01332], [-56.49792, -5.01784], [-56.50079, -5.01486], [-56.49954, -5.02177], [-56.50753, -5.02305], [-56.50311, -5.01187], [-56.50355, -5.00835], [-56.50417, -5.00756], [-56.50605, -5.00647], [-56.50345, -5.01187], [-56.50863, -5.01869], [-56.51614, -5.02329], [-56.52117, -5.02118], [-56.52264, -5.02647], [-56.51519, -5.02428], [-56.51469, -5.0311], [-56.51784, -5.03145], [-56.51515, -5.0317], [-56.51457, -5.03119], [-56.5134, -5.02755], [-56.51439, -5.02387], [-56.5125, -5.02196], [-56.50688, -5.02403], [-56.50019, -5.02408], [-56.49641, -5.01974], [-56.49585, -5.02936], [-56.50079, -5.03518], [-56.4965, -5.03377], [-56.49261, -5.03723], [-56.49455, -5.01663], [-56.48848, -5.0119], [-56.48778, -5.01711], [-56.48218, -5.02507], [-56.48499, -5.03621], [-56.48143, -5.04066], [-56.484, -5.03584], [-56.48163, -5.03085], [-56.47126, -5.03844], [-56.48119, -5.03033], [-56.47942, -5.02629], [-56.48694, -5.01739], [-56.48599, -5.00866], [-56.47599, -5.01012], [-56.47602, -5.015], [-56.47481, -5.0094], [-56.4709, -5.00861], [-56.47067, -5.01612], [-56.46906, -5.01425], [-56.46711, -5.0186], [-56.46506, -5.01685], [-56.46776, -5.01609], [-56.46772, -5.01103], [-56.46088, -5.01498], [-56.45966, -5.01281], [-56.45709, -5.01758], [-56.4588, -5.02245], [-56.45697, -5.01949], [-56.45609, -5.02284], [-56.45904, -5.02854], [-56.46356, -5.02919], [-56.46652, -5.03639], [-56.46291, -5.03705], [-56.46292, -5.04636], [-56.46818, -5.04342], [-56.46415, -5.05115], [-56.4622, -5.04803], [-56.45301, -5.05982], [-56.46327, -5.06555], [-56.45965, -5.06632], [-56.46047, -5.06897], [-56.46753, -5.07115], [-56.46901, -5.08458], [-56.48756, -5.08959], [-56.49001, -5.08607], [-56.48969, -5.09021], [-56.4965, -5.09142], [-56.50191, -5.09067], [-56.50288, -5.08668], [-56.50275, -5.0904], [-56.50572, -5.09105], [-56.51028, -5.08773], [-56.50702, -5.09343], [-56.48928, -5.09097], [-56.49227, -5.09818], [-56.49085, -5.09875], [-56.48549, -5.0897], [-56.48243, -5.0985], [-56.47302, -5.09845], [-56.47438, -5.08923], [-56.47132, -5.0907], [-56.46906, -5.0872], [-56.46899, -5.09095], [-56.46814, -5.09293], [-56.46653, -5.08604], [-56.46351, -5.08671], [-56.45239, -5.08219], [-56.45153, -5.07623], [-56.45432, -5.07494], [-56.45399, -5.07881], [-56.45852, -5.08052], [-56.45484, -5.08206], [-56.4606, -5.08364], [-56.45894, -5.07888], [-56.46094, -5.07965], [-56.45973, -5.07576], [-56.46077, -5.07454], [-56.46127, -5.08346], [-56.46678, -5.08493], [-56.46483, -5.07391], [-56.45839, -5.07297], [-56.45278, -5.06555], [-56.45865, -5.07782], [-56.45808, -5.07831], [-56.45436, -5.07004], [-56.45193, -5.07378], [-56.45034, -5.06399], [-56.44541, -5.06897], [-56.44643, -5.07278], [-56.44471, -5.06945], [-56.43826, -5.0745], [-56.44441, -5.06789], [-56.44289, -5.06515], [-56.44679, -5.0663], [-56.4429, -5.05416], [-56.43765, -5.05173], [-56.43543, -5.0538], [-56.43919, -5.0483], [-56.43532, -5.04634], [-56.4418, -5.03997], [-56.43363, -5.04253], [-56.43706, -5.03936], [-56.43388, -5.03788], [-56.42964, -5.04278], [-56.42768, -5.04238], [-56.42962, -5.04059], [-56.4234, -5.03699], [-56.42133, -5.03416], [-56.42072, -5.03212], [-56.42939, -5.04003], [-56.43278, -5.03715], [-56.42986, -5.03433], [-56.43449, -5.03699], [-56.43657, -5.03267], [-56.43626, -5.03715], [-56.43894, -5.03553], [-56.43803, -5.03803], [-56.44145, -5.03803], [-56.4433, -5.03214], [-56.45244, -5.02801], [-56.44755, -5.00777], [-56.44245, -5.00998], [-56.44131, -5.00826], [-56.4458, -5.00691], [-56.44813, -4.99965], [-56.44998, -5.0017], [-56.45117, -4.99504], [-56.44914, -4.99704], [-56.44798, -4.99689], [-56.45235, -4.99215], [-56.45097, -4.99865], [-56.45334, -4.99922], [-56.46781, -4.98223], [-56.45405, -4.98507], [-56.45013, -4.97456], [-56.44371, -4.97328], [-56.4487, -4.97323], [-56.44748, -4.97001], [-56.45038, -4.97424], [-56.45305, -4.97272], [-56.45369, -4.98267], [-56.45709, -4.98368], [-56.46325, -4.98179], [-56.46126, -4.97704], [-56.46297, -4.97455], [-56.46351, -4.97963], [-56.46738, -4.98015], [-56.47615, -4.97045], [-56.479, -4.97482], [-56.48118, -4.97175], [-56.48262, -4.9624], [-56.47898, -4.96268], [-56.47615, -4.96759], [-56.47549, -4.96405], [-56.47789, -4.96016], [-56.48495, -4.96199], [-56.48593, -4.95822], [-56.47425, -4.95108], [-56.46919, -4.95518], [-56.46553, -4.95112], [-56.46458, -4.94885], [-56.46414, -4.94477], [-56.4686, -4.95397], [-56.47649, -4.94967], [-56.47958, -4.95391], [-56.48357, -4.95044], [-56.48503, -4.95537], [-56.49146, -4.94946], [-56.49507, -4.93419], [-56.49378, -4.9262], [-56.48938, -4.92571], [-56.48352, -4.93775], [-56.48549, -4.94115], [-56.48526, -4.9438], [-56.48182, -4.94696], [-56.48481, -4.94218], [-56.48096, -4.93456], [-56.47204, -4.93828], [-56.48036, -4.93279], [-56.48386, -4.93518], [-56.48715, -4.92825], [-56.48626, -4.92041], [-56.47919, -4.91914], [-56.47799, -4.91429], [-56.47277, -4.92201], [-56.47591, -4.92557], [-56.47225, -4.9257], [-56.47371, -4.93168], [-56.4695, -4.93098], [-56.4737, -4.91781], [-56.47111, -4.91398], [-56.46595, -4.92071], [-56.46626, -4.92761], [-56.46381, -4.93167], [-56.46424, -4.92251], [-56.46868, -4.91483], [-56.4612, -4.91437], [-56.46033, -4.90897], [-56.45749, -4.91129], [-56.45866, -4.91771], [-56.45359, -4.91328], [-56.45331, -4.91839], [-56.45055, -4.91245], [-56.44629, -4.91622], [-56.44764, -4.92012], [-56.45842, -4.92437], [-56.45943, -4.92644], [-56.4525, -4.92364], [-56.45231, -4.92978], [-56.45148, -4.9234], [-56.44666, -4.92043], [-56.44461, -4.92916], [-56.44353, -4.9239], [-56.4372, -4.93122], [-56.44545, -4.92092], [-56.44363, -4.91587], [-56.44051, -4.91928], [-56.4373, -4.92168], [-56.43724, -4.92077], [-56.45104, -4.90672], [-56.44706, -4.90997], [-56.44777, -4.90617], [-56.44214, -4.90686], [-56.43355, -4.91255], [-56.43624, -4.91934], [-56.43317, -4.92281], [-56.43355, -4.92882], [-56.43221, -4.92296], [-56.43309, -4.9197], [-56.43061, -4.92392], [-56.43054, -4.92064], [-56.42791, -4.92175], [-56.42892, -4.92472], [-56.42812, -4.92913], [-56.42789, -4.92411], [-56.42355, -4.92633], [-56.42147, -4.93302], [-56.4262, -4.93179], [-56.42278, -4.93594], [-56.41852, -4.9311], [-56.41579, -4.9344], [-56.41954, -4.93696], [-56.42009, -4.94181], [-56.41747, -4.93803], [-56.41733, -4.94691], [-56.41636, -4.94245], [-56.41373, -4.94286], [-56.41336, -4.95545], [-56.42229, -4.9528], [-56.42519, -4.95975], [-56.42689, -4.9534], [-56.43039, -4.95224], [-56.42447, -4.9623], [-56.42102, -4.95546], [-56.41466, -4.95773], [-56.41707, -4.96118], [-56.4124, -4.96918], [-56.41901, -4.97005], [-56.41677, -4.97581], [-56.41888, -4.97947], [-56.41609, -4.97631], [-56.41631, -4.97192], [-56.41121, -4.97425], [-56.41078, -4.9783], [-56.41388, -4.982], [-56.41176, -4.98622], [-56.41728, -4.99316], [-56.41072, -4.99061], [-56.41232, -4.99572], [-56.40765, -4.99388], [-56.40852, -4.99672], [-56.40472, -4.99725], [-56.40225, -5.0032], [-56.41253, -5.01111], [-56.40199, -5.0043], [-56.40271, -5.01422], [-56.40753, -5.01816], [-56.40227, -5.01498], [-56.39716, -5.02308], [-56.40226, -5.02896], [-56.40187, -5.031], [-56.40789, -5.03174], [-56.40225, -5.03335], [-56.40619, -5.03627], [-56.40059, -5.03639], [-56.40188, -5.04605], [-56.40529, -5.04684], [-56.40921, -5.04279], [-56.41363, -5.04594], [-56.42149, -5.04539], [-56.42399, -5.04665], [-56.4244, -5.04777], [-56.40892, -5.04552], [-56.40479, -5.04925], [-56.40431, -5.05983], [-56.40184, -5.05546], [-56.40346, -5.04811], [-56.40009, -5.0464], [-56.39582, -5.04979], [-56.39243, -5.04952], [-56.40009, -5.04398], [-56.39832, -5.03901], [-56.39037, -5.04031], [-56.39946, -5.03749], [-56.39346, -5.03482], [-56.40153, -5.0332], [-56.3964, -5.02276], [-56.38277, -5.03045], [-56.38284, -5.03314], [-56.38127, -5.03697], [-56.38386, -5.03975], [-56.38341, -5.04292], [-56.38105, -5.03715], [-56.38251, -5.02988], [-56.3982, -5.01985], [-56.39901, -5.01189], [-56.398, -5.00804], [-56.39251, -5.00855], [-56.38374, -5.01775], [-56.37885, -5.01982], [-56.3865, -5.01285], [-56.38488, -5.01192], [-56.38382, -5.01247], [-56.38123, -5.01292], [-56.37929, -5.01229], [-56.3779, -5.01105], [-56.37828, -5.00746], [-56.38126, -5.01283], [-56.39678, -5.00635], [-56.39666, -5.0032], [-56.39886, -5.00528], [-56.40924, -4.98905], [-56.40923, -4.98194], [-56.39938, -4.98536], [-56.39069, -4.99401], [-56.38559, -4.99503], [-56.38869, -4.99109], [-56.384, -4.99383], [-56.38349, -4.99999], [-56.38013, -4.99447], [-56.37506, -5.00341], [-56.37327, -5.00005], [-56.36516, -5.00226], [-56.35946, -5.00049], [-56.35619, -5.00494], [-56.34628, -5.0083], [-56.34815, -5.00929], [-56.34898, -5.01169], [-56.34758, -5.00937], [-56.3451, -5.01248], [-56.34497, -5.00903], [-56.34462, -5.01018], [-56.33793, -5.01641], [-56.34017, -5.01837], [-56.33868, -5.01993], [-56.33408, -5.01471], [-56.33751, -5.01669], [-56.34611, -5.0053], [-56.34884, -5.00676], [-56.35061, -5.00282], [-56.36221, -4.9995], [-56.3552, -4.9942], [-56.35829, -4.99258], [-56.3525, -4.99017], [-56.3555, -4.98926], [-56.35914, -4.99296], [-56.35713, -4.99446], [-56.36863, -5.00023], [-56.36771, -4.99755], [-56.37247, -4.99741], [-56.37765, -4.98845], [-56.37958, -4.99031], [-56.38534, -4.99162], [-56.38195, -4.98721], [-56.38751, -4.98432], [-56.38604, -4.98084], [-56.38836, -4.98345], [-56.39189, -4.98091], [-56.38909, -4.97703], [-56.38791, -4.97266], [-56.38849, -4.9708], [-56.39046, -4.97842], [-56.39095, -4.97442], [-56.39165, -4.97886], [-56.39696, -4.98181], [-56.39757, -4.9753], [-56.39907, -4.98098], [-56.40171, -4.97964], [-56.40045, -4.97661], [-56.40322, -4.97721], [-56.39966, -4.97101], [-56.4004, -4.96811], [-56.40434, -4.97623], [-56.41233, -4.97288], [-56.40785, -4.97033], [-56.41023, -4.96431], [-56.40599, -4.95992], [-56.40658, -4.95188], [-56.40294, -4.96305], [-56.40178, -4.95986], [-56.40483, -4.9486], [-56.39471, -4.95445], [-56.39457, -4.96205], [-56.39246, -4.96268], [-56.3936, -4.95513], [-56.38901, -4.95428], [-56.38811, -4.96453], [-56.38776, -4.95454], [-56.38161, -4.95617], [-56.37711, -4.96515], [-56.38236, -4.96831], [-56.37639, -4.96861], [-56.37665, -4.964], [-56.37529, -4.96937], [-56.37329, -4.97215], [-56.37528, -4.97698], [-56.37501, -4.98041], [-56.37261, -4.97283], [-56.37003, -4.98026], [-56.36868, -4.97517], [-56.36668, -4.98093], [-56.36686, -4.97349], [-56.36223, -4.97631], [-56.35883, -4.97417], [-56.35643, -4.96867], [-56.35315, -4.97262], [-56.34751, -4.97162], [-56.34718, -4.96938], [-56.35345, -4.97166], [-56.35571, -4.96773], [-56.35226, -4.96287], [-56.34759, -4.96325], [-56.35243, -4.96242], [-56.35742, -4.96673], [-56.35906, -4.97301], [-56.36461, -4.97269], [-56.36513, -4.96883], [-56.36575, -4.97254], [-56.37022, -4.97412], [-56.37771, -4.96016], [-56.37069, -4.95476], [-56.3672, -4.95903], [-56.36862, -4.95396], [-56.36509, -4.95073], [-56.36546, -4.94981], [-56.37916, -4.95754], [-56.38343, -4.94947], [-56.3846, -4.95251], [-56.39517, -4.95212], [-56.40497, -4.94537], [-56.40555, -4.94187], [-56.40317, -4.94289], [-56.39786, -4.94085], [-56.39411, -4.94215], [-56.38977, -4.94206], [-56.38451, -4.94041], [-56.37878, -4.94166], [-56.37665, -4.94105], [-56.3744, -4.94283], [-56.37653, -4.93991], [-56.40575, -4.94011], [-56.4065, -4.9296], [-56.39668, -4.93011], [-56.39208, -4.92783], [-56.41038, -4.92819], [-56.40416, -4.91609], [-56.40156, -4.91661], [-56.40271, -4.9134], [-56.41303, -4.92649], [-56.4231, -4.92055], [-56.4237, -4.91589], [-56.42668, -4.92048], [-56.43242, -4.91715], [-56.42975, -4.91414], [-56.43129, -4.91115], [-56.42458, -4.90641], [-56.42083, -4.914], [-56.42175, -4.90477], [-56.41423, -4.90964], [-56.41837, -4.90445], [-56.41629, -4.89949], [-56.41923, -4.90418], [-56.42251, -4.90382], [-56.42944, -4.8911], [-56.42497, -4.90345], [-56.43273, -4.90922], [-56.43067, -4.90738], [-56.43094, -4.906], [-56.4402, -4.90583], [-56.44308, -4.90195], [-56.44789, -4.90368], [-56.44676, -4.89841], [-56.45196, -4.89574], [-56.45184, -4.89195], [-56.4508, -4.89492], [-56.44814, -4.8955], [-56.44538, -4.89503], [-56.45027, -4.89279], [-56.4465, -4.88379], [-56.44499, -4.88831], [-56.43997, -4.88903], [-56.43927, -4.89366], [-56.43789, -4.89066], [-56.43554, -4.8923], [-56.44518, -4.88269], [-56.44274, -4.87998], [-56.44713, -4.87657], [-56.44496, -4.87386], [-56.44307, -4.87599], [-56.44079, -4.86967], [-56.43703, -4.87937], [-56.43947, -4.8665], [-56.43542, -4.86745], [-56.43768, -4.86391], [-56.43057, -4.85782], [-56.43307, -4.85599], [-56.42974, -4.84974], [-56.41902, -4.85864], [-56.42379, -4.86126], [-56.42648, -4.86774], [-56.42938, -4.8633], [-56.42699, -4.86975], [-56.42954, -4.87401], [-56.42369, -4.87529], [-56.42609, -4.87008], [-56.4178, -4.8604], [-56.4174, -4.86462], [-56.41358, -4.86508], [-56.41538, -4.87987], [-56.41788, -4.87866], [-56.41715, -4.88333], [-56.42332, -4.88737], [-56.41934, -4.88814], [-56.4155, -4.88264], [-56.41336, -4.89353], [-56.41208, -4.88804], [-56.40845, -4.88773], [-56.41378, -4.88463], [-56.4117, -4.86765], [-56.40251, -4.8774], [-56.4054, -4.87994], [-56.40183, -4.87916], [-56.39837, -4.88501], [-56.40259, -4.88663], [-56.39738, -4.88856], [-56.40116, -4.90198], [-56.40584, -4.90176], [-56.40813, -4.8933], [-56.40724, -4.90466], [-56.39902, -4.90211], [-56.39673, -4.88708], [-56.38705, -4.89363], [-56.38562, -4.90451], [-56.38533, -4.893], [-56.37812, -4.89475], [-56.38634, -4.89014], [-56.3795, -4.88858], [-56.37746, -4.88396], [-56.37399, -4.88867], [-56.37382, -4.8826], [-56.36715, -4.88257], [-56.36705, -4.88518], [-56.36315, -4.88297], [-56.35975, -4.89542], [-56.35911, -4.89293], [-56.36024, -4.88496], [-56.36276, -4.88242], [-56.36924, -4.87984], [-56.36254, -4.87632], [-56.35833, -4.87878], [-56.36322, -4.87207], [-56.35549, -4.85938], [-56.35554, -4.85418], [-56.36354, -4.86717], [-56.36344, -4.87501], [-56.36882, -4.87522], [-56.38041, -4.88463], [-56.3815, -4.8747], [-56.38447, -4.87187], [-56.38038, -4.86592], [-56.38167, -4.86339], [-56.38488, -4.87228], [-56.38337, -4.88564], [-56.39175, -4.89029], [-56.39504, -4.88256], [-56.39092, -4.88347], [-56.39174, -4.87195], [-56.39537, -4.88099], [-56.40291, -4.87259], [-56.39757, -4.87391], [-56.39559, -4.8644], [-56.40082, -4.87135], [-56.40706, -4.86654], [-56.40222, -4.86093], [-56.39816, -4.86288], [-56.4011, -4.85563], [-56.39852, -4.85389], [-56.40641, -4.8486], [-56.40585, -4.85391], [-56.40169, -4.85696], [-56.40838, -4.86566], [-56.41289, -4.86116], [-56.41018, -4.85763], [-56.41397, -4.86123], [-56.41436, -4.85637], [-56.41999, -4.85213], [-56.41569, -4.85268], [-56.41589, -4.84886], [-56.41277, -4.85064], [-56.41066, -4.83484], [-56.4149, -4.84594], [-56.41788, -4.84759], [-56.42038, -4.84448], [-56.42046, -4.84918], [-56.42563, -4.84782], [-56.42641, -4.84289], [-56.43056, -4.8415], [-56.4312, -4.83871], [-56.42671, -4.83671], [-56.43325, -4.83538], [-56.43175, -4.82747], [-56.42617, -4.83229], [-56.4228, -4.83039], [-56.41782, -4.83672], [-56.4229, -4.82819], [-56.41936, -4.82431], [-56.41624, -4.82583], [-56.41537, -4.82526], [-56.41586, -4.82221], [-56.42121, -4.8209], [-56.42452, -4.82671], [-56.42707, -4.82614], [-56.42565, -4.82121], [-56.4287, -4.82613], [-56.43277, -4.82229], [-56.42897, -4.81876], [-56.43477, -4.81757], [-56.43081, -4.81649], [-56.43395, -4.81274], [-56.43536, -4.81438], [-56.43442, -4.8074], [-56.43242, -4.81176], [-56.43223, -4.80771], [-56.42287, -4.81144], [-56.42346, -4.81402], [-56.42254, -4.81623], [-56.42287, -4.81283], [-56.41899, -4.81257], [-56.43134, -4.80613], [-56.42803, -4.80145], [-56.43424, -4.79589], [-56.42764, -4.79272], [-56.43535, -4.79483], [-56.43862, -4.78779], [-56.43271, -4.78865], [-56.43747, -4.78346], [-56.42914, -4.7715], [-56.42372, -4.76896], [-56.42894, -4.76956], [-56.4253, -4.76743], [-56.42749, -4.76506], [-56.42381, -4.76564], [-56.4296, -4.75926], [-56.42359, -4.75906], [-56.42539, -4.75633], [-56.42035, -4.7502], [-56.41699, -4.75392], [-56.41754, -4.75923], [-56.41411, -4.75918], [-56.41856, -4.74797], [-56.41359, -4.74561], [-56.41294, -4.75093], [-56.412, -4.74839], [-56.40934, -4.75217], [-56.4116, -4.74528], [-56.4065, -4.74376], [-56.40454, -4.74654], [-56.40324, -4.74281], [-56.39094, -4.73532], [-56.38574, -4.74473], [-56.38841, -4.75037], [-56.39337, -4.75045], [-56.38786, -4.75191], [-56.3866, -4.75596], [-56.38443, -4.74579], [-56.38087, -4.75157], [-56.38257, -4.75729], [-56.38038, -4.7538], [-56.37886, -4.75556], [-56.3777, -4.7636], [-56.38117, -4.76167], [-56.38251, -4.76254], [-56.38163, -4.76659], [-56.37746, -4.76673], [-56.37814, -4.77623], [-56.38041, -4.78189], [-56.38844, -4.78668], [-56.39057, -4.78482], [-56.38689, -4.7815], [-56.38501, -4.77693], [-56.39089, -4.78304], [-56.3989, -4.77532], [-56.41058, -4.7755], [-56.41145, -4.76903], [-56.4131, -4.77559], [-56.4196, -4.77503], [-56.41895, -4.77707], [-56.42257, -4.7762], [-56.42872, -4.7804], [-56.42946, -4.78607], [-56.42285, -4.7782], [-56.41114, -4.77806], [-56.41236, -4.78441], [-56.41667, -4.78541], [-56.42171, -4.78205], [-56.41719, -4.78637], [-56.42447, -4.79363], [-56.41903, -4.79755], [-56.42075, -4.79196], [-56.41799, -4.7892], [-56.41554, -4.79241], [-56.4173, -4.78737], [-56.41283, -4.78596], [-56.41169, -4.80213], [-56.41137, -4.78637], [-56.40667, -4.77812], [-56.39948, -4.77865], [-56.40143, -4.7884], [-56.39659, -4.78145], [-56.39339, -4.78462], [-56.3952, -4.78802], [-56.39235, -4.78605], [-56.38716, -4.7896], [-56.38909, -4.79266], [-56.40056, -4.79135], [-56.40536, -4.79667], [-56.40367, -4.80009], [-56.40149, -4.79296], [-56.38731, -4.7939], [-56.38566, -4.80749], [-56.39637, -4.80564], [-56.39678, -4.80236], [-56.39783, -4.80633], [-56.40432, -4.80819], [-56.40967, -4.81119], [-56.41078, -4.81286], [-56.40203, -4.8087], [-56.40092, -4.81056], [-56.40299, -4.81464], [-56.40308, -4.81699], [-56.39975, -4.80768], [-56.39113, -4.81074], [-56.38609, -4.80895], [-56.39364, -4.81645], [-56.3958, -4.82693], [-56.40652, -4.82326], [-56.39628, -4.8283], [-56.40101, -4.8327], [-56.39985, -4.84551], [-56.3987, -4.83349], [-56.39582, -4.83002], [-56.39309, -4.83262], [-56.3943, -4.82559], [-56.38731, -4.82659], [-56.39291, -4.82425], [-56.39172, -4.81945], [-56.38695, -4.81657], [-56.38476, -4.82172], [-56.38663, -4.8154], [-56.38366, -4.8108], [-56.38281, -4.78633], [-56.37093, -4.7986], [-56.36565, -4.81066], [-56.36944, -4.81751], [-56.36874, -4.8219], [-56.37621, -4.82229], [-56.36859, -4.82338], [-56.36538, -4.82854], [-56.37251, -4.83869], [-56.37315, -4.84324], [-56.36366, -4.82887], [-56.36789, -4.81771], [-56.35807, -4.82009], [-56.3657, -4.81432], [-56.3622, -4.81398], [-56.36455, -4.81092], [-56.3612, -4.80667], [-56.36436, -4.80755], [-56.37756, -4.78647], [-56.37718, -4.77679], [-56.37658, -4.78328], [-56.36175, -4.7915], [-56.36209, -4.79716], [-56.35768, -4.79194], [-56.36174, -4.79112], [-56.36047, -4.7863], [-56.36378, -4.78927], [-56.36491, -4.78474], [-56.37499, -4.78252], [-56.37506, -4.77637], [-56.37002, -4.77736], [-56.36768, -4.77271], [-56.37496, -4.7749], [-56.37469, -4.77038], [-56.37174, -4.77018], [-56.37569, -4.75555], [-56.36978, -4.75781], [-56.36241, -4.77162], [-56.35999, -4.76564], [-56.3629, -4.76646], [-56.36732, -4.75781], [-56.3536, -4.76011], [-56.35386, -4.76544], [-56.35201, -4.76091], [-56.34613, -4.76357], [-56.34677, -4.76946], [-56.35401, -4.7685], [-56.34862, -4.77164], [-56.34516, -4.77002], [-56.34484, -4.77986], [-56.34975, -4.77578], [-56.34842, -4.78114], [-56.3559, -4.77874], [-56.35076, -4.78126], [-56.3534, -4.78386], [-56.35384, -4.78723], [-56.3502, -4.78252], [-56.34579, -4.78491], [-56.34728, -4.79108], [-56.35314, -4.79143], [-56.3486, -4.79189], [-56.34799, -4.79542], [-56.34853, -4.79901], [-56.35249, -4.79915], [-56.34919, -4.80076], [-56.34899, -4.80568], [-56.35375, -4.80606], [-56.35484, -4.81078], [-56.35011, -4.80699], [-56.34822, -4.81277], [-56.35316, -4.81424], [-56.34878, -4.8162], [-56.35265, -4.81723], [-56.35275, -4.81935], [-56.34912, -4.81756], [-56.35029, -4.82454], [-56.35281, -4.82742], [-56.35553, -4.82534], [-56.35599, -4.83159], [-56.35483, -4.83819], [-56.35334, -4.83437], [-56.34989, -4.83603], [-56.35248, -4.83119], [-56.34902, -4.82394], [-56.34601, -4.82354], [-56.34665, -4.82726], [-56.34078, -4.84122], [-56.34636, -4.84985], [-56.35221, -4.84921], [-56.34769, -4.85102], [-56.34735, -4.85485], [-56.34494, -4.85326], [-56.34506, -4.85486], [-56.34427, -4.85786], [-56.34668, -4.85888], [-56.34774, -4.86062], [-56.34382, -4.85828], [-56.34104, -4.86342], [-56.34452, -4.85302], [-56.33013, -4.86275], [-56.33075, -4.86013], [-56.3258, -4.86096], [-56.32627, -4.85852], [-56.3315, -4.85985], [-56.33655, -4.85404], [-56.34489, -4.85126], [-56.33974, -4.84141], [-56.33372, -4.84391], [-56.33031, -4.83702], [-56.33371, -4.83771], [-56.33408, -4.84244], [-56.34248, -4.83583], [-56.34247, -4.82787], [-56.33703, -4.83134], [-56.33657, -4.82833], [-56.33418, -4.82958], [-56.33505, -4.82552], [-56.3381, -4.82804], [-56.34561, -4.82693], [-56.34314, -4.82433], [-56.34724, -4.81975], [-56.34261, -4.82041], [-56.3423, -4.81939], [-56.34388, -4.81541], [-56.34473, -4.81904], [-56.34798, -4.81822], [-56.34644, -4.80313], [-56.33327, -4.81289], [-56.33877, -4.81431], [-56.33228, -4.81728], [-56.33281, -4.81413], [-56.32923, -4.81498], [-56.32797, -4.8188], [-56.33229, -4.81994], [-56.32976, -4.82072], [-56.32942, -4.82744], [-56.32697, -4.81898], [-56.32306, -4.82108], [-56.32312, -4.8257], [-56.32187, -4.82151], [-56.3141, -4.82317], [-56.31258, -4.82909], [-56.31921, -4.8298], [-56.31832, -4.83461], [-56.32067, -4.83568], [-56.31476, -4.83667], [-56.32007, -4.84173], [-56.31535, -4.84129], [-56.31382, -4.84543], [-56.30964, -4.84132], [-56.31079, -4.83014], [-56.30542, -4.83436], [-56.29899, -4.83437], [-56.28975, -4.84376], [-56.29767, -4.83357], [-56.30874, -4.82952], [-56.31348, -4.82198], [-56.30947, -4.82402], [-56.30033, -4.82086], [-56.29849, -4.82449], [-56.30125, -4.82841], [-56.29754, -4.82456], [-56.2921, -4.82928], [-56.29816, -4.82096], [-56.29244, -4.81892], [-56.29583, -4.81616], [-56.2908, -4.81517], [-56.29636, -4.8152], [-56.29418, -4.8081], [-56.29623, -4.81149], [-56.30032, -4.8096], [-56.29716, -4.81265], [-56.29887, -4.81942], [-56.30451, -4.82], [-56.30497, -4.81671], [-56.30557, -4.8206], [-56.30829, -4.81698], [-56.3112, -4.81894], [-56.31145, -4.81466], [-56.30775, -4.81213], [-56.3116, -4.81353], [-56.31342, -4.80981], [-56.30856, -4.80076], [-56.31015, -4.79559], [-56.31423, -4.80709], [-56.31319, -4.81735], [-56.31631, -4.80952], [-56.3174, -4.80935], [-56.31621, -4.81925], [-56.32219, -4.81753], [-56.31971, -4.8144], [-56.323, -4.81329], [-56.32398, -4.81773], [-56.32691, -4.81721], [-56.32513, -4.80804], [-56.3295, -4.81375], [-56.33046, -4.80657], [-56.33169, -4.81103], [-56.33792, -4.80545], [-56.33328, -4.798], [-56.34124, -4.80303], [-56.34605, -4.79701], [-56.34293, -4.79595], [-56.34232, -4.78456], [-56.33896, -4.7867], [-56.34034, -4.79161], [-56.338, -4.78758], [-56.33587, -4.78989], [-56.3379, -4.79575], [-56.32879, -4.7896], [-56.32356, -4.79327], [-56.31951, -4.7909], [-56.3148, -4.79563], [-56.31437, -4.78919], [-56.31699, -4.79204], [-56.31905, -4.79022], [-56.32177, -4.79002], [-56.31982, -4.78529], [-56.32018, -4.78445], [-56.32316, -4.79016], [-56.32853, -4.78615], [-56.33104, -4.79009], [-56.3352, -4.78902], [-56.3376, -4.78497], [-56.33284, -4.78627], [-56.33052, -4.78402], [-56.33011, -4.78166], [-56.32732, -4.78298], [-56.32938, -4.78038], [-56.32618, -4.77751], [-56.3294, -4.77486], [-56.32823, -4.77806], [-56.3331, -4.78435], [-56.3396, -4.78351], [-56.33795, -4.78046], [-56.34146, -4.78245], [-56.34211, -4.77666], [-56.33782, -4.77713], [-56.34092, -4.77174], [-56.33734, -4.77114], [-56.34127, -4.77033], [-56.33991, -4.76763], [-56.34352, -4.76669], [-56.34356, -4.7629], [-56.33783, -4.75927], [-56.33512, -4.76243], [-56.33533, -4.76908], [-56.33325, -4.77221], [-56.33319, -4.76399], [-56.32488, -4.77064], [-56.32836, -4.76389], [-56.33689, -4.75878], [-56.33148, -4.75808], [-56.33288, -4.75642], [-56.33824, -4.75692], [-56.33327, -4.75153], [-56.32664, -4.75521], [-56.33365, -4.75006], [-56.32552, -4.74736], [-56.32097, -4.75081], [-56.32063, -4.75776], [-56.31609, -4.76477], [-56.31027, -4.76826], [-56.30942, -4.77209], [-56.30841, -4.76938], [-56.31613, -4.76367], [-56.3198, -4.75125], [-56.32252, -4.74726], [-56.31616, -4.75078], [-56.3161, -4.75714], [-56.31378, -4.75384], [-56.30143, -4.75539], [-56.30846, -4.75414], [-56.30884, -4.75077], [-56.30979, -4.75427], [-56.315, -4.75191], [-56.31334, -4.74607], [-56.31684, -4.74928], [-56.32042, -4.74711], [-56.3159, -4.74127], [-56.32386, -4.74589], [-56.32517, -4.73317], [-56.32137, -4.73044], [-56.32165, -4.7221], [-56.32322, -4.72931], [-56.32766, -4.73271], [-56.32439, -4.74689], [-56.33143, -4.74601], [-56.3324, -4.74081], [-56.33482, -4.7379], [-56.33567, -4.73797], [-56.33221, -4.74601], [-56.33408, -4.74949], [-56.33477, -4.74747], [-56.33896, -4.75843], [-56.34864, -4.75945], [-56.34096, -4.74981], [-56.34103, -4.74439], [-56.34242, -4.7505], [-56.34407, -4.7462], [-56.34414, -4.75136], [-56.34884, -4.74862], [-56.34604, -4.75273], [-56.34974, -4.75859], [-56.3497, -4.75355], [-56.35367, -4.75819], [-56.35381, -4.75314], [-56.3564, -4.75091], [-56.35498, -4.75793], [-56.36355, -4.75752], [-56.36149, -4.75016], [-56.36554, -4.7547], [-56.37741, -4.74855], [-56.37655, -4.74617], [-56.37286, -4.74979], [-56.37112, -4.74937], [-56.37076, -4.74877], [-56.37565, -4.74605], [-56.37569, -4.7402], [-56.36748, -4.73756], [-56.36516, -4.74052], [-56.35516, -4.745], [-56.35559, -4.7436], [-56.35315, -4.74159], [-56.35314, -4.74084], [-56.35707, -4.74316], [-56.3599, -4.74038], [-56.35886, -4.73657], [-56.36124, -4.74083], [-56.36604, -4.73753], [-56.37218, -4.73651], [-56.37285, -4.73263], [-56.37582, -4.73853], [-56.38209, -4.73462], [-56.37733, -4.74033], [-56.38019, -4.74479], [-56.38469, -4.73575], [-56.38293, -4.7313], [-56.38643, -4.73271], [-56.38789, -4.72665], [-56.3831, -4.72385], [-56.3874, -4.721], [-56.37652, -4.71962], [-56.37623, -4.72804], [-56.35764, -4.73253], [-56.35498, -4.73173], [-56.35462, -4.73121], [-56.3643, -4.73056], [-56.36929, -4.72716], [-56.36755, -4.72454], [-56.37246, -4.72617], [-56.37574, -4.71952], [-56.34397, -4.7155], [-56.34246, -4.71948], [-56.33667, -4.72407], [-56.33774, -4.72975], [-56.3362, -4.72381], [-56.34346, -4.71544], [-56.32835, -4.71353], [-56.32276, -4.71898], [-56.32588, -4.71322], [-56.3227, -4.71282], [-56.31658, -4.71563], [-56.31687, -4.71917], [-56.31329, -4.71578], [-56.30944, -4.7218], [-56.31004, -4.71726], [-56.31303, -4.71505], [-56.31607, -4.71528], [-56.31476, -4.71181], [-56.30002, -4.70995], [-56.30109, -4.71722], [-56.29905, -4.71739], [-56.30054, -4.71941], [-56.29612, -4.71937], [-56.29751, -4.72247], [-56.29354, -4.72147], [-56.29571, -4.72603], [-56.29175, -4.72372], [-56.29161, -4.72759], [-56.28867, -4.72569], [-56.2914, -4.72197], [-56.28881, -4.7199], [-56.28217, -4.72261], [-56.28671, -4.71924], [-56.28453, -4.71574], [-56.27764, -4.71622], [-56.2769, -4.72399], [-56.27597, -4.71962], [-56.27827, -4.71324], [-56.26976, -4.70612], [-56.27167, -4.71497], [-56.2679, -4.71125], [-56.26359, -4.72327], [-56.26957, -4.725], [-56.26464, -4.72912], [-56.26643, -4.73161], [-56.26944, -4.72912], [-56.27285, -4.73766], [-56.2753, -4.73374], [-56.27795, -4.73711], [-56.28386, -4.72884], [-56.28475, -4.72947], [-56.2854, -4.73845], [-56.28275, -4.7321], [-56.27896, -4.73864], [-56.27311, -4.73922], [-56.27877, -4.7427], [-56.27311, -4.74179], [-56.27542, -4.74622], [-56.27579, -4.7504], [-56.27584, -4.75626], [-56.27468, -4.76098], [-56.27486, -4.74701], [-56.27193, -4.74222], [-56.27204, -4.73857], [-56.26727, -4.73763], [-56.26489, -4.74122], [-56.26676, -4.75126], [-56.26016, -4.76043], [-56.26355, -4.76402], [-56.25939, -4.76255], [-56.26315, -4.76601], [-56.25771, -4.76267], [-56.25757, -4.76739], [-56.25469, -4.76853], [-56.2622, -4.77326], [-56.26214, -4.77467], [-56.25353, -4.76937], [-56.25507, -4.77518], [-56.25142, -4.77704], [-56.25802, -4.78414], [-56.25967, -4.78372], [-56.2623, -4.78383], [-56.25819, -4.78555], [-56.25907, -4.79059], [-56.2512, -4.77873], [-56.24848, -4.78195], [-56.25201, -4.78521], [-56.25258, -4.79287], [-56.24788, -4.78784], [-56.24362, -4.79039], [-56.26056, -4.81521], [-56.25946, -4.82515], [-56.26517, -4.82326], [-56.25718, -4.82952], [-56.25802, -4.8162], [-56.25366, -4.81188], [-56.25254, -4.80449], [-56.24266, -4.79631], [-56.24357, -4.78654], [-56.23999, -4.78622], [-56.23793, -4.79448], [-56.23506, -4.7941], [-56.24156, -4.80359], [-56.24257, -4.80655], [-56.24247, -4.80874], [-56.24614, -4.81192], [-56.2472, -4.81529], [-56.2427, -4.80931], [-56.23993, -4.81385], [-56.24211, -4.80607], [-56.23501, -4.7984], [-56.23043, -4.80479], [-56.22775, -4.82119], [-56.22556, -4.8143], [-56.23357, -4.7961], [-56.22655, -4.7931], [-56.22642, -4.79859], [-56.22244, -4.80207], [-56.2232, -4.80806], [-56.22009, -4.80168], [-56.21673, -4.80813], [-56.21253, -4.80339], [-56.22246, -4.79529], [-56.21638, -4.79375], [-56.21768, -4.79075], [-56.20895, -4.79049], [-56.21773, -4.78834], [-56.21865, -4.792], [-56.22448, -4.79283], [-56.22781, -4.78924], [-56.22667, -4.78665], [-56.22519, -4.78752], [-56.22285, -4.78477], [-56.22986, -4.78482], [-56.23031, -4.79047], [-56.23735, -4.77851], [-56.23429, -4.79032], [-56.24324, -4.78346], [-56.24126, -4.77681], [-56.23876, -4.77669], [-56.23957, -4.7723], [-56.2416, -4.77281], [-56.2441, -4.78447], [-56.24616, -4.78352], [-56.2507, -4.77252], [-56.24727, -4.77151], [-56.25091, -4.77026], [-56.24324, -4.76852], [-56.25068, -4.76758], [-56.25299, -4.76374], [-56.25189, -4.76175], [-56.24734, -4.76004], [-56.24621, -4.75821], [-56.25049, -4.76077], [-56.25276, -4.75798], [-56.25493, -4.76128], [-56.2589, -4.75617], [-56.25719, -4.75333], [-56.26024, -4.75636], [-56.26374, -4.75305], [-56.26004, -4.75271], [-56.26361, -4.74826], [-56.26171, -4.74601], [-56.25388, -4.75011], [-56.25349, -4.74718], [-56.24833, -4.74665], [-56.25044, -4.74207], [-56.25269, -4.74676], [-56.26219, -4.74387], [-56.26152, -4.73658], [-56.25767, -4.73619], [-56.25687, -4.74031], [-56.25522, -4.73616], [-56.25568, -4.74077], [-56.24941, -4.73604], [-56.26222, -4.73231], [-56.25496, -4.73211], [-56.2536, -4.7309], [-56.25318, -4.72951], [-56.26019, -4.72918], [-56.26149, -4.71409], [-56.25896, -4.71241], [-56.2512, -4.72259], [-56.24881, -4.72155], [-56.24666, -4.72944], [-56.24871, -4.73123], [-56.24926, -4.73299], [-56.2458, -4.73022], [-56.2389, -4.74026], [-56.24441, -4.75032], [-56.23806, -4.74126], [-56.23433, -4.74554], [-56.24001, -4.73581], [-56.23592, -4.73188], [-56.24071, -4.73432], [-56.24476, -4.72983], [-56.24623, -4.71999], [-56.23264, -4.72704], [-56.23111, -4.72485], [-56.22839, -4.72886], [-56.22186, -4.72861], [-56.22397, -4.73359], [-56.22381, -4.73639], [-56.22, -4.72827], [-56.22297, -4.72437], [-56.21848, -4.72203], [-56.20853, -4.73397], [-56.20692, -4.74129], [-56.20602, -4.73852], [-56.2017, -4.73952], [-56.19754, -4.74622], [-56.19693, -4.74591], [-56.19757, -4.74023], [-56.20687, -4.73718], [-56.21198, -4.72681], [-56.21957, -4.71743], [-56.21888, -4.72068], [-56.22568, -4.72663], [-56.22667, -4.72317], [-56.22866, -4.72563], [-56.23551, -4.72271], [-56.23344, -4.71988], [-56.23437, -4.71674], [-56.23642, -4.72073], [-56.24206, -4.71593], [-56.24225, -4.72037], [-56.24844, -4.71434], [-56.2506, -4.71672], [-56.25591, -4.71434], [-56.25681, -4.71136], [-56.25173, -4.71313], [-56.25249, -4.71069], [-56.26176, -4.70511], [-56.09229, -4.68367], [-56.15382, -4.71998], [-56.18763, -4.77936]]]]}}, {"type": "Feature", "properties": {"nome": "PARQUE NACIONAL DOS CAMPOS AMAZÔNICOS", "grupo": "Proteção integral", "esfera": "Federal", "ano": "2006", "ha": 961313.685993166, "bioma": "AMAZÔNIA"}, "geometry": {"type": "Polygon", "coordinates": [[[-61.39018, -8.11808], [-61.41751, -8.09119], [-61.42907, -8.04835], [-61.43401, -8.04016], [-61.43161, -8.0261], [-61.4212, -8.00661], [-61.39226, -8.00715], [-61.3766, -8.01627], [-61.37785, -8.02523], [-61.35686, -8.04246], [-61.3392, -8.04552], [-61.32202, -8.04028], [-61.30601, -8.05296], [-61.29814, -8.05469], [-61.27941, -8.09224], [-61.26184, -8.09848], [-61.245, -8.11397], [-61.22804, -8.16059], [-61.21097, -8.17985], [-61.21041, -8.19022], [-61.21714, -8.20842], [-61.23342, -8.2279], [-61.23407, -8.24731], [-61.25182, -8.26009], [-61.25116, -8.26887], [-61.21838, -8.25333], [-61.21008, -8.25699], [-61.18584, -8.24525], [-61.1768, -8.24611], [-61.16565, -8.26992], [-61.15665, -8.27107], [-61.13605, -8.25929], [-61.13226, -8.26178], [-61.10617, -8.2541], [-61.10278, -8.23634], [-61.08586, -8.24668], [-61.08048, -8.24332], [-61.08378, -8.23491], [-61.06644, -8.21445], [-61.07084, -8.19736], [-61.07847, -8.19247], [-61.07426, -8.17502], [-61.08179, -8.15506], [-61.08163, -8.12934], [-61.07283, -8.11656], [-61.06005, -8.11908], [-61.06283, -8.05576], [-61.06812, -8.04189], [-61.0735, -8.03739], [-61.07255, -8.02048], [-61.06901, -8.01245], [-61.04525, -7.99493], [-61.02234, -7.98883], [-61.01152, -7.97988], [-61.00908, -7.97155], [-61.01476, -7.96104], [-61.01516, -7.9489], [-61.00775, -7.93635], [-60.9944, -7.93099], [-60.97553, -7.90024], [-60.96055, -7.86505], [-60.95822, -7.85039], [-60.96028, -7.84328], [-60.96589, -7.84169], [-60.97074, -7.83306], [-60.97576, -7.81281], [-60.97398, -7.79335], [-60.96957, -7.78898], [-60.94787, -7.79195], [-60.9269, -7.80684], [-60.91312, -7.80474], [-60.90627, -7.79905], [-60.90285, -7.80035], [-60.89755, -7.79174], [-60.903, -7.77636], [-60.90059, -7.76237], [-60.90601, -7.76112], [-60.90802, -7.75611], [-60.91455, -7.7208], [-60.90911, -7.70335], [-60.90394, -7.69961], [-60.89434, -7.69913], [-60.89786, -7.7075], [-60.89027, -7.72101], [-60.89236, -7.74345], [-60.87623, -7.74759], [-60.86139, -7.73519], [-60.8504, -7.73534], [-60.84301, -7.72971], [-60.84056, -7.72104], [-60.84473, -7.71269], [-60.83921, -7.70064], [-60.82172, -7.7091], [-60.82249, -7.73311], [-60.81931, -7.75422], [-60.81397, -7.75685], [-60.81583, -7.7654], [-60.77997, -7.76626], [-60.75512, -7.77236], [-60.74967, -7.77949], [-60.73874, -7.7804], [-60.731, -7.77456], [-60.69944, -7.76897], [-60.69092, -7.76458], [-60.67005, -7.7862], [-60.66754, -7.81821], [-60.66379, -7.8299], [-60.64527, -7.85656], [-60.64262, -7.869], [-60.63522, -7.87877], [-60.63504, -7.8859], [-60.64383, -7.89589], [-60.63402, -7.89597], [-60.62465, -7.90077], [-60.65341, -7.9059], [-60.66655, -7.90426], [-60.67635, -7.91065], [-60.68197, -7.92265], [-60.69503, -7.93194], [-60.70188, -7.95209], [-60.69286, -7.96751], [-60.69966, -7.97042], [-60.68543, -7.97884], [-60.66715, -7.98175], [-60.65916, -7.99105], [-60.65525, -8.00596], [-60.64594, -8.01161], [-60.63003, -8.00863], [-60.62234, -8.00366], [-60.62843, -8.0223], [-60.62497, -8.03606], [-60.61748, -8.04045], [-60.62172, -8.0493], [-60.61987, -8.05519], [-60.60055, -8.06848], [-60.58845, -8.07231], [-60.589, -8.0768], [-60.58518, -8.07924], [-60.58733, -8.08274], [-60.58446, -8.09644], [-60.57517, -8.10007], [-60.55221, -8.09997], [-60.53612, -8.10907], [-60.53107, -8.12035], [-60.52752, -8.11513], [-60.5131, -8.11287], [-60.51217, -8.10917], [-60.49955, -8.11598], [-60.49564, -8.11358], [-60.49392, -8.11886], [-60.48961, -8.12067], [-60.49106, -8.1183], [-60.4866, -8.11716], [-60.4865, -8.11053], [-60.47869, -8.11099], [-60.47191, -8.10272], [-60.47137, -8.09089], [-60.4762, -8.08378], [-60.47127, -8.08136], [-60.47096, -8.06887], [-60.46386, -8.06359], [-60.46899, -8.05816], [-60.46436, -8.05644], [-60.46436, -8.05118], [-60.44789, -8.05524], [-60.45046, -8.06256], [-60.44736, -8.07058], [-60.44859, -8.08025], [-60.44291, -8.08719], [-60.44086, -8.10117], [-60.42821, -8.10715], [-60.43564, -8.11358], [-60.4412, -8.13138], [-60.44994, -8.1353], [-60.44663, -8.15539], [-60.45079, -8.17325], [-60.46028, -8.18055], [-60.46308, -8.1887], [-60.46529, -8.18561], [-60.47219, -8.18668], [-60.48164, -8.1997], [-60.4751, -8.21435], [-60.47199, -8.21297], [-60.4708, -8.20132], [-60.46768, -8.20101], [-60.46313, -8.207], [-60.4599, -8.23916], [-60.46691, -8.24493], [-60.48264, -8.23024], [-60.48613, -8.23516], [-60.4668, -8.26226], [-60.45736, -8.26819], [-60.46747, -8.27652], [-60.4759, -8.27138], [-60.48881, -8.284], [-60.48733, -8.29163], [-60.47072, -8.29732], [-60.46555, -8.30648], [-60.46183, -8.30685], [-60.46812, -8.3144], [-60.46694, -8.31681], [-60.46113, -8.31651], [-60.45794, -8.31252], [-60.46099, -8.29768], [-60.45275, -8.30402], [-60.45108, -8.31472], [-60.45752, -8.32628], [-60.46696, -8.33007], [-60.46802, -8.33521], [-60.45407, -8.35063], [-60.4451, -8.38673], [-60.4557, -8.39173], [-60.46544, -8.38514], [-60.47461, -8.39449], [-60.4789, -8.39508], [-60.48218, -8.39074], [-60.49004, -8.3982], [-60.49479, -8.41837], [-60.48788, -8.43433], [-60.97357, -8.64922], [-60.97508, -8.63784], [-60.98124, -8.63562], [-60.9748, -8.62774], [-60.97288, -8.61797], [-60.96107, -8.60637], [-60.95586, -8.60842], [-60.94643, -8.60322], [-60.93337, -8.57942], [-60.94443, -8.56508], [-60.94423, -8.5481], [-60.93421, -8.52941], [-60.94151, -8.52211], [-60.92542, -8.52086], [-60.92019, -8.51635], [-60.91636, -8.50547], [-60.91705, -8.49704], [-60.93374, -8.46214], [-60.94106, -8.45235], [-60.95799, -8.4586], [-60.97509, -8.46907], [-60.97796, -8.47499], [-60.97428, -8.47713], [-60.98045, -8.48237], [-60.99463, -8.47077], [-61.00571, -8.47342], [-61.00877, -8.48812], [-61.00826, -8.51123], [-60.98625, -8.52477], [-60.98263, -8.55165], [-61.02113, -8.58802], [-61.02066, -8.59541], [-61.01078, -8.60309], [-61.01461, -8.61317], [-61.0194, -8.61592], [-61.02672, -8.60895], [-61.04958, -8.60647], [-61.04955, -8.5934], [-61.0599, -8.58662], [-61.06385, -8.57628], [-61.06277, -8.56431], [-61.05485, -8.54817], [-61.06672, -8.54329], [-61.07025, -8.53613], [-61.06685, -8.51739], [-61.05852, -8.50958], [-61.03252, -8.49889], [-61.05723, -8.44566], [-61.05367, -8.44071], [-61.05212, -8.4214], [-61.0445, -8.40748], [-61.05566, -8.40855], [-61.06328, -8.40299], [-61.07111, -8.35754], [-61.07694, -8.34921], [-61.09101, -8.34259], [-61.10059, -8.3206], [-61.09061, -8.29914], [-61.10354, -8.29693], [-61.10224, -8.3056], [-61.1073, -8.30837], [-61.10838, -8.30155], [-61.11552, -8.30174], [-61.11486, -8.29203], [-61.12077, -8.29509], [-61.1293, -8.29042], [-61.12822, -8.2936], [-61.13559, -8.29309], [-61.14504, -8.30238], [-61.14334, -8.31036], [-61.15129, -8.30389], [-61.16515, -8.31134], [-61.16452, -8.31381], [-61.16172, -8.31105], [-61.16416, -8.31561], [-61.16933, -8.30449], [-61.17431, -8.3042], [-61.17213, -8.30366], [-61.17509, -8.29921], [-61.17734, -8.30376], [-61.19602, -8.30057], [-61.19739, -8.30403], [-61.19357, -8.30472], [-61.19593, -8.31462], [-61.19215, -8.31683], [-61.19566, -8.31982], [-61.19542, -8.32615], [-61.18949, -8.32724], [-61.19319, -8.33126], [-61.19249, -8.34296], [-61.20312, -8.35023], [-61.20733, -8.34712], [-61.21512, -8.35202], [-61.22147, -8.3581], [-61.22674, -8.37423], [-61.23248, -8.37576], [-61.23559, -8.38395], [-61.23108, -8.39045], [-61.22998, -8.40113], [-61.24011, -8.40193], [-61.2406, -8.41951], [-61.25582, -8.42323], [-61.25829, -8.43524], [-61.26929, -8.43952], [-61.26708, -8.46368], [-61.27769, -8.47613], [-61.28666, -8.49673], [-61.31185, -8.51284], [-61.32569, -8.51192], [-61.37352, -8.55905], [-61.39313, -8.564], [-61.40483, -8.57698], [-61.3964, -8.58174], [-61.38861, -8.57729], [-61.37169, -8.57934], [-61.36581, -8.58528], [-61.34139, -8.58684], [-61.338, -8.59193], [-61.31788, -8.60375], [-61.30701, -8.61954], [-61.28595, -8.63023], [-61.26511, -8.63037], [-61.23709, -8.61211], [-61.22295, -8.60823], [-61.18831, -8.62038], [-61.17204, -8.64209], [-61.16208, -8.64464], [-61.1566, -8.65016], [-61.14985, -8.64784], [-61.14706, -8.65007], [-61.13833, -8.64174], [-61.1334, -8.64709], [-61.12436, -8.63778], [-61.1199, -8.63791], [-61.11697, -8.6407], [-61.11616, -8.6651], [-61.12369, -8.67399], [-61.10323, -8.70646], [-61.31314, -8.79899], [-61.35669, -8.7995], [-61.35836, -8.78831], [-61.35271, -8.76421], [-61.36127, -8.75979], [-61.36371, -8.75113], [-61.36724, -8.74919], [-61.36763, -8.73333], [-61.36411, -8.72815], [-61.36408, -8.71871], [-61.37952, -8.70452], [-61.38234, -8.68906], [-61.38914, -8.6799], [-61.42323, -8.67299], [-61.4351, -8.69098], [-61.44583, -8.69854], [-61.45321, -8.69144], [-61.46082, -8.69037], [-61.46343, -8.6942], [-61.46728, -8.70507], [-61.46726, -8.71864], [-61.46081, -8.72501], [-61.46957, -8.73672], [-61.47115, -8.77749], [-61.46652, -8.77837], [-61.46665, -8.78727], [-61.46154, -8.78927], [-61.50856, -8.87693], [-61.5063, -8.88935], [-61.51302, -8.8997], [-61.51424, -8.90894], [-61.50973, -8.9125], [-61.49901, -8.91258], [-61.49685, -8.92043], [-61.51074, -8.9255], [-61.51603, -8.93177], [-61.527, -8.93669], [-61.52738, -8.9451], [-61.56297, -8.921], [-61.5679, -8.9231], [-61.56798, -8.93305], [-61.57233, -8.94032], [-61.59636, -8.94825], [-61.60498, -8.94776], [-61.62497, -8.93853], [-61.63118, -8.93932], [-61.6353, -8.94511], [-61.62952, -8.95503], [-61.64383, -8.98698], [-61.64678, -9.00047], [-61.65102, -9.00488], [-61.65863, -9.00803], [-61.68848, -9.00226], [-61.69674, -9.00621], [-61.70583, -9.01671], [-61.74018, -9.0372], [-61.76877, -9.03206], [-61.78655, -9.0227], [-61.81573, -9.03328], [-61.84737, -9.03731], [-61.88932, -9.01894], [-61.89746, -8.99982], [-61.916, -8.99393], [-61.92578, -8.9758], [-61.93899, -8.96571], [-61.93149, -8.96278], [-61.92475, -8.94982], [-61.91863, -8.95], [-61.92068, -8.94153], [-61.92668, -8.9408], [-61.94059, -8.92925], [-61.94074, -8.91809], [-61.95429, -8.91686], [-61.96689, -8.92159], [-61.97563, -8.92001], [-61.9863, -8.90597], [-61.98684, -8.89195], [-62.00911, -8.88979], [-62.01591, -8.88418], [-62.02416, -8.86983], [-62.03065, -8.86578], [-62.03841, -8.86652], [-62.04464, -8.86087], [-62.0643, -8.85955], [-62.07466, -8.87148], [-62.07848, -8.87029], [-62.07887, -8.87396], [-62.0826, -8.87471], [-62.0806, -8.86048], [-62.09058, -8.85181], [-62.0912, -8.84543], [-62.09428, -8.84555], [-62.09421, -8.83462], [-62.10042, -8.82377], [-62.0986, -8.80899], [-62.06874, -8.79742], [-62.05055, -8.79472], [-62.03142, -8.79831], [-62.0177, -8.82629], [-62.00314, -8.82806], [-61.98898, -8.86412], [-61.99185, -8.87567], [-61.96996, -8.87924], [-61.95892, -8.87463], [-61.93707, -8.88271], [-61.92343, -8.8809], [-61.85614, -8.85465], [-61.86325, -8.83875], [-61.86053, -8.79262], [-61.84323, -8.77178], [-61.84596, -8.7555], [-61.83868, -8.73877], [-61.80554, -8.74186], [-61.80145, -8.7464], [-61.80743, -8.71419], [-61.79912, -8.70529], [-61.7991, -8.69511], [-61.78942, -8.68085], [-61.78811, -8.67043], [-61.79406, -8.63872], [-61.7836, -8.60691], [-61.78697, -8.60313], [-61.78386, -8.59847], [-61.78645, -8.59059], [-61.78296, -8.58552], [-61.78325, -8.56706], [-61.7866, -8.56601], [-61.78867, -8.55934], [-61.78369, -8.55759], [-61.78353, -8.55223], [-61.78942, -8.55011], [-61.78314, -8.53972], [-61.78839, -8.53059], [-61.78177, -8.52743], [-61.78694, -8.51877], [-61.7825, -8.51181], [-61.77681, -8.51129], [-61.77882, -8.50518], [-61.7767, -8.49791], [-61.77305, -8.49333], [-61.76894, -8.49361], [-61.76679, -8.48318], [-61.75429, -8.48059], [-61.75509, -8.47165], [-61.75983, -8.46607], [-61.75083, -8.462], [-61.75057, -8.45861], [-61.75179, -8.45548], [-61.75798, -8.45683], [-61.75783, -8.45087], [-61.74988, -8.44707], [-61.74988, -8.43805], [-61.74344, -8.43506], [-61.74805, -8.42841], [-61.74102, -8.4122], [-61.74257, -8.40288], [-61.73444, -8.3943], [-61.73633, -8.38346], [-61.73171, -8.37761], [-61.73281, -8.37374], [-61.72361, -8.36695], [-61.72547, -8.36132], [-61.70382, -8.34962], [-61.70323, -8.34145], [-61.69386, -8.33732], [-61.69329, -8.32999], [-61.6859, -8.32681], [-61.68641, -8.31156], [-61.67375, -8.28331], [-61.68107, -8.27123], [-61.67669, -8.25556], [-61.66925, -8.25127], [-61.66839, -8.24348], [-61.66312, -8.23618], [-61.66585, -8.22946], [-61.65528, -8.20769], [-61.65214, -8.19028], [-61.6386, -8.18216], [-61.6298, -8.16798], [-61.63805, -8.16861], [-61.63919, -8.16094], [-61.63314, -8.16094], [-61.63296, -8.15388], [-61.61483, -8.14401], [-61.61599, -8.13943], [-61.61255, -8.13899], [-61.61265, -8.13488], [-61.59938, -8.13104], [-61.59682, -8.12486], [-61.59101, -8.12344], [-61.5818, -8.12862], [-61.58107, -8.13557], [-61.56579, -8.13886], [-61.56723, -8.14442], [-61.56155, -8.14669], [-61.55787, -8.15414], [-61.55153, -8.15153], [-61.54152, -8.15463], [-61.54349, -8.16082], [-61.54851, -8.16131], [-61.54902, -8.16938], [-61.53214, -8.17207], [-61.53509, -8.1739], [-61.53284, -8.17864], [-61.53632, -8.18546], [-61.53249, -8.19423], [-61.53558, -8.19946], [-61.53387, -8.20218], [-61.53583, -8.20784], [-61.5393, -8.20561], [-61.53662, -8.2243], [-61.53229, -8.23101], [-61.52334, -8.23437], [-61.507, -8.25351], [-61.49207, -8.2627], [-61.48088, -8.26194], [-61.4747, -8.26575], [-61.45937, -8.26643], [-61.45508, -8.26393], [-61.45018, -8.27593], [-61.44645, -8.27788], [-61.44538, -8.28623], [-61.43952, -8.28872], [-61.43295, -8.2976], [-61.41626, -8.2976], [-61.40578, -8.30594], [-61.39424, -8.30112], [-61.3967, -8.28072], [-61.39416, -8.27427], [-61.38966, -8.27062], [-61.3813, -8.2741], [-61.37426, -8.26918], [-61.35931, -8.24569], [-61.34718, -8.24041], [-61.33439, -8.2461], [-61.3319, -8.25036], [-61.3259, -8.24903], [-61.32368, -8.22835], [-61.32569, -8.21197], [-61.32108, -8.20226], [-61.32071, -8.19219], [-61.34934, -8.15555], [-61.3539, -8.137], [-61.36196, -8.12899], [-61.39018, -8.11808]]]}}, {"type": "Feature", "properties": {"nome": "RESERVA EXTRATIVISTA TAPAJÓS-ARAPIUNS", "grupo": "Uso sustentável", "esfera": "Federal", "ano": "1998", "ha": 677317.5229518013, "bioma": "AMAZÔNIA"}, "geometry": {"type": "Polygon", "coordinates": [[[-55.01978, -2.32642], [-55.03052, -2.35937], [-55.033, -2.38947], [-55.03578, -2.39327], [-55.03373, -2.41416], [-55.04907, -2.42285], [-55.05565, -2.44572], [-55.05981, -2.45215], [-55.06975, -2.45638], [-55.07201, -2.45609], [-55.06924, -2.45229], [-55.07333, -2.44616], [-55.07377, -2.43352], [-55.07596, -2.44477], [-55.08092, -2.44616], [-55.07654, -2.45215], [-55.08494, -2.46106], [-55.08955, -2.4737], [-55.08947, -2.49737], [-55.10182, -2.52337], [-55.1027, -2.52089], [-55.11482, -2.53857], [-55.12373, -2.53842], [-55.1336, -2.5317], [-55.13586, -2.51359], [-55.1355, -2.52812], [-55.14017, -2.53331], [-55.13477, -2.53375], [-55.12812, -2.5401], [-55.13608, -2.54624], [-55.12286, -2.54171], [-55.12176, -2.54398], [-55.13228, -2.57195], [-55.1317, -2.58613], [-55.13812, -2.59328], [-55.1428, -2.63003], [-55.14492, -2.63178], [-55.1439, -2.62126], [-55.15485, -2.62258], [-55.155, -2.6144], [-55.16011, -2.61096], [-55.15821, -2.6209], [-55.178, -2.62348], [-55.17594, -2.62617], [-55.15707, -2.6254], [-55.15284, -2.63028], [-55.16701, -2.65518], [-55.16433, -2.68697], [-55.16934, -2.70226], [-55.16822, -2.73007], [-55.16398, -2.74865], [-55.17012, -2.77837], [-55.16744, -2.79616], [-55.17366, -2.8029], [-55.17582, -2.80135], [-55.17392, -2.79737], [-55.18083, -2.80316], [-55.17936, -2.79979], [-55.1823, -2.7959], [-55.1899, -2.80031], [-55.1956, -2.79599], [-55.21867, -2.79357], [-55.22938, -2.80195], [-55.22662, -2.80454], [-55.21867, -2.79668], [-55.20251, -2.79763], [-55.19215, -2.80878], [-55.18601, -2.80316], [-55.17893, -2.80791], [-55.17661, -2.83334], [-55.17892, -2.84822], [-55.17388, -2.86426], [-55.1641, -2.87926], [-55.17267, -2.88637], [-55.18384, -2.88594], [-55.19259, -2.89293], [-55.20018, -2.90623], [-55.20862, -2.90253], [-55.20225, -2.91066], [-55.2062, -2.92913], [-55.21792, -2.92937], [-55.22138, -2.93363], [-55.20814, -2.93272], [-55.2082, -2.94055], [-55.2161, -2.9482], [-55.22484, -2.96479], [-55.22891, -2.95968], [-55.22976, -2.97724], [-55.23936, -2.99722], [-55.23657, -2.99449], [-55.23408, -3.01113], [-55.24629, -3.01241], [-55.23481, -3.01472], [-55.23147, -3.02395], [-55.24064, -3.02103], [-55.24926, -3.02425], [-55.24015, -3.02383], [-55.23086, -3.02851], [-55.22229, -3.04491], [-55.22375, -3.0918], [-55.22691, -3.10006], [-55.23517, -3.10128], [-55.24106, -3.10662], [-55.24404, -3.12223], [-55.25297, -3.1393], [-55.26943, -3.15667], [-55.28012, -3.19707], [-55.28109, -3.21389], [-55.30029, -3.25927], [-55.29804, -3.27293], [-55.30077, -3.27876], [-55.29767, -3.27761], [-55.2967, -3.28083], [-55.30162, -3.28539], [-55.30314, -3.29845], [-55.31086, -3.30665], [-55.32039, -3.33768], [-55.33212, -3.35688], [-55.34182, -3.3901], [-56.00048, -3.69842], [-55.8177, -2.99231], [-55.81037, -2.98775], [-55.7857, -2.98995], [-55.76999, -2.98433], [-55.76241, -2.98816], [-55.75443, -2.97961], [-55.74149, -2.97465], [-55.74442, -2.96699], [-55.74238, -2.96471], [-55.73481, -2.96821], [-55.72602, -2.96764], [-55.72162, -2.95836], [-55.73766, -2.95437], [-55.73571, -2.94362], [-55.72764, -2.93646], [-55.72121, -2.93963], [-55.71103, -2.9367], [-55.70696, -2.94167], [-55.70338, -2.9402], [-55.70061, -2.93043], [-55.7042, -2.91692], [-55.69271, -2.91879], [-55.69035, -2.91399], [-55.6814, -2.91309], [-55.67708, -2.90259], [-55.68327, -2.89599], [-55.6836, -2.88875], [-55.67277, -2.88736], [-55.66601, -2.88003], [-55.66829, -2.87442], [-55.67415, -2.87433], [-55.67399, -2.86806], [-55.67952, -2.86513], [-55.67529, -2.86204], [-55.6853, -2.85219], [-55.68718, -2.8333], [-55.69695, -2.82133], [-55.69312, -2.81001], [-55.7134, -2.79421], [-55.71291, -2.79079], [-55.70884, -2.79364], [-55.7033, -2.78208], [-55.70517, -2.77467], [-55.69882, -2.76995], [-55.69117, -2.77215], [-55.68881, -2.76889], [-55.69288, -2.74992], [-55.69084, -2.73168], [-55.7125, -2.72272], [-55.71437, -2.71914], [-55.70468, -2.70978], [-55.70183, -2.711], [-55.70509, -2.71939], [-55.69988, -2.72167], [-55.69573, -2.72134], [-55.69239, -2.71597], [-55.67578, -2.71426], [-55.67643, -2.70408], [-55.6836, -2.69814], [-55.6805, -2.68657], [-55.66927, -2.68478], [-55.66573, -2.69016], [-55.66156, -2.68841], [-55.65683, -2.69318], [-55.65352, -2.68899], [-55.65771, -2.68899], [-55.65469, -2.67525], [-55.64553, -2.68353], [-55.64134, -2.67369], [-55.63832, -2.67535], [-55.63793, -2.66531], [-55.63539, -2.66521], [-55.63423, -2.67067], [-55.62487, -2.66628], [-55.62029, -2.66044], [-55.6163, -2.66132], [-55.60548, -2.67496], [-55.6049, -2.68412], [-55.59827, -2.69834], [-55.60149, -2.67993], [-55.59778, -2.68188], [-55.61094, -2.6619], [-55.61074, -2.65625], [-55.59934, -2.65498], [-55.59769, -2.64339], [-55.58765, -2.6503], [-55.58248, -2.64602], [-55.58024, -2.65391], [-55.5779, -2.65108], [-55.57995, -2.64582], [-55.57566, -2.64358], [-55.57917, -2.64183], [-55.57527, -2.63666], [-55.56816, -2.63861], [-55.55793, -2.62906], [-55.55647, -2.62361], [-55.54536, -2.62682], [-55.53961, -2.62516], [-55.53922, -2.61883], [-55.53152, -2.6201], [-55.52587, -2.616], [-55.52324, -2.61932], [-55.52314, -2.60772], [-55.51925, -2.60694], [-55.51925, -2.60207], [-55.51233, -2.597], [-55.50521, -2.60041], [-55.48797, -2.60012], [-55.48768, -2.58824], [-55.48485, -2.58551], [-55.48046, -2.58648], [-55.47316, -2.60665], [-55.46955, -2.60597], [-55.46994, -2.6008], [-55.46653, -2.60197], [-55.46556, -2.60763], [-55.45201, -2.59155], [-55.44568, -2.59827], [-55.44607, -2.58804], [-55.45201, -2.58297], [-55.44188, -2.58356], [-55.4335, -2.57771], [-55.41898, -2.59018], [-55.41021, -2.59135], [-55.40582, -2.5894], [-55.40417, -2.58015], [-55.39968, -2.58054], [-55.40241, -2.57635], [-55.38848, -2.58073], [-55.37922, -2.57859], [-55.37386, -2.57206], [-55.37123, -2.56046], [-55.36704, -2.56027], [-55.36237, -2.5668], [-55.36412, -2.55988], [-55.35623, -2.56865], [-55.34395, -2.57157], [-55.34112, -2.56709], [-55.33265, -2.56612], [-55.32992, -2.55257], [-55.31803, -2.56738], [-55.31355, -2.56173], [-55.30809, -2.56251], [-55.304, -2.58083], [-55.29981, -2.55735], [-55.29377, -2.56222], [-55.28568, -2.5779], [-55.28724, -2.5705], [-55.27886, -2.56641], [-55.26385, -2.56953], [-55.2584, -2.56485], [-55.24563, -2.5628], [-55.2392, -2.57333], [-55.23413, -2.57605], [-55.23813, -2.56397], [-55.23355, -2.55988], [-55.23823, -2.55705], [-55.23998, -2.54984], [-55.21582, -2.53737], [-55.2088, -2.52957], [-55.20344, -2.53406], [-55.2087, -2.52042], [-55.19545, -2.5098], [-55.20003, -2.50473], [-55.19954, -2.49713], [-55.19136, -2.48271], [-55.19048, -2.47374], [-55.18278, -2.46887], [-55.17294, -2.47199], [-55.16622, -2.46458], [-55.17703, -2.46497], [-55.17869, -2.46205], [-55.17333, -2.45416], [-55.17333, -2.44753], [-55.17051, -2.44315], [-55.16193, -2.44159], [-55.16144, -2.43515], [-55.16661, -2.4372], [-55.17206, -2.4297], [-55.17684, -2.43418], [-55.18941, -2.43369], [-55.18317, -2.40885], [-55.16661, -2.42073], [-55.17557, -2.40582], [-55.18171, -2.40241], [-55.18083, -2.39998], [-55.1744, -2.39569], [-55.14381, -2.40047], [-55.10892, -2.39092], [-55.09294, -2.39823], [-55.09245, -2.39218], [-55.08758, -2.38663], [-55.09524, -2.38852], [-55.09437, -2.38625], [-55.07304, -2.37237], [-55.06178, -2.3582], [-55.05675, -2.35608], [-55.05769, -2.34534], [-55.05295, -2.3441], [-55.05711, -2.33607], [-55.05536, -2.33234], [-55.0368, -2.33636], [-55.03592, -2.3471], [-55.03337, -2.33628], [-55.02299, -2.32058], [-55.01386, -2.31722], [-55.01978, -2.32642]]]}}, {"type": "Feature", "properties": {"nome": "FLORESTA NACIONAL DE SANTA ROSA DO PURUS", "grupo": "Uso sustentável", "esfera": "Federal", "ano": "2001", "ha": 231553.47116779652, "bioma": "AMAZÔNIA"}, "geometry": {"type": "Polygon", "coordinates": [[[-70.56184, -9.05351], [-70.55123, -9.06145], [-70.54326, -9.07388], [-70.53918, -9.07493], [-70.53218, -9.09019], [-70.53165, -9.09881], [-70.51591, -9.10681], [-70.44029, -9.26938], [-70.4676, -9.30078], [-70.46121, -9.30559], [-70.45474, -9.30281], [-70.45303, -9.30634], [-70.4496, -9.30318], [-70.44321, -9.30468], [-70.44054, -9.29936], [-70.43179, -9.30255], [-70.4271, -9.29836], [-70.42331, -9.30295], [-70.41951, -9.30359], [-70.41627, -9.29797], [-70.40209, -9.30352], [-70.40258, -9.3066], [-70.39904, -9.30666], [-70.40141, -9.30968], [-70.39544, -9.30946], [-70.39669, -9.31493], [-70.41071, -9.31679], [-70.42502, -9.33996], [-70.40998, -9.3449], [-70.40788, -9.35021], [-70.42091, -9.35385], [-70.43359, -9.33379], [-70.44571, -9.35354], [-70.43493, -9.35788], [-70.43388, -9.36383], [-70.44889, -9.36181], [-70.45422, -9.35179], [-70.46571, -9.36638], [-70.47111, -9.36608], [-70.47334, -9.35934], [-70.48741, -9.3581], [-70.48355, -9.36621], [-70.48788, -9.37686], [-70.49617, -9.37652], [-70.50149, -9.38062], [-70.49593, -9.38739], [-70.48675, -9.38113], [-70.4814, -9.38478], [-70.47207, -9.38384], [-70.4762, -9.39748], [-70.4881, -9.40657], [-70.48558, -9.41154], [-70.47527, -9.41261], [-70.47137, -9.41941], [-70.47205, -9.4252], [-70.47948, -9.42655], [-70.48129, -9.43954], [-70.48583, -9.43903], [-70.48589, -9.43036], [-70.49023, -9.42442], [-70.49535, -9.42795], [-70.49715, -9.42326], [-70.50167, -9.42597], [-70.5032, -9.42237], [-70.50674, -9.42461], [-70.50635, -9.42205], [-70.52135, -9.4282], [-70.51995, -9.43344], [-70.52724, -9.43634], [-70.52489, -9.42808], [-70.52087, -9.4274], [-70.52329, -9.42001], [-70.53392, -9.41436], [-70.53752, -9.40004], [-70.55398, -9.39979], [-70.57473, -9.38583], [-70.69399, -9.37198], [-70.73508, -9.41598], [-70.77089, -9.42248], [-70.79129, -9.44928], [-70.85628, -9.44928], [-70.90309, -9.50808], [-70.95158, -9.53638], [-70.95728, -9.58668], [-71.04598, -9.64288], [-71.07968, -9.70048], [-71.08928, -9.74038], [-71.31757, -9.44987], [-71.29647, -9.42777], [-71.28217, -9.44207], [-71.25797, -9.45558], [-71.21267, -9.42177], [-71.19387, -9.43298], [-71.17976, -9.40946], [-71.17087, -9.40564], [-71.17269, -9.39668], [-71.16249, -9.39439], [-71.15217, -9.39701], [-71.14826, -9.40379], [-71.14235, -9.4001], [-71.14466, -9.39301], [-71.13368, -9.39494], [-71.12283, -9.39083], [-71.12782, -9.38405], [-71.1151, -9.3775], [-71.10907, -9.37529], [-71.10607, -9.3811], [-71.09764, -9.38083], [-71.09199, -9.37132], [-71.09782, -9.36551], [-71.09537, -9.36028], [-71.07859, -9.36282], [-71.07917, -9.3596], [-71.09065, -9.35342], [-71.08215, -9.35085], [-71.08063, -9.34407], [-71.0647, -9.34638], [-71.05307, -9.33877], [-71.04771, -9.34182], [-71.04719, -9.35266], [-71.03298, -9.34678], [-71.02508, -9.36457], [-71.00068, -9.36628], [-70.96228, -9.32597], [-70.96678, -9.30888], [-70.98125, -9.2971], [-70.97534, -9.29406], [-70.96141, -9.29651], [-70.96645, -9.28804], [-70.95865, -9.29422], [-70.95792, -9.304], [-70.95308, -9.30688], [-70.92359, -9.36854], [-70.91628, -9.37444], [-70.91313, -9.38532], [-70.91915, -9.39112], [-70.91702, -9.39546], [-70.906, -9.40184], [-70.90409, -9.40926], [-70.89665, -9.41169], [-70.89206, -9.43187], [-70.88098, -9.4412], [-70.87147, -9.44213], [-70.85115, -9.35799], [-70.85102, -9.342], [-70.86062, -9.33412], [-70.86308, -9.32637], [-70.85968, -9.30545], [-70.8695, -9.28665], [-70.86689, -9.26717], [-70.86953, -9.25092], [-70.86369, -9.24061], [-70.86924, -9.232], [-70.87431, -9.23096], [-70.87267, -9.22398], [-70.87569, -9.21773], [-70.8675, -9.19836], [-70.86093, -9.1999], [-70.86842, -9.19304], [-70.87026, -9.18372], [-70.86573, -9.18035], [-70.85879, -9.18171], [-70.86303, -9.17282], [-70.85443, -9.16653], [-70.83951, -9.17748], [-70.83741, -9.1836], [-70.82772, -9.18127], [-70.83609, -9.20097], [-70.82209, -9.20467], [-70.82088, -9.21367], [-70.79059, -9.18577], [-70.75059, -9.16047], [-70.74908, -9.17157], [-70.71859, -9.17497], [-70.72929, -9.23378], [-70.72758, -9.24307], [-70.71884, -9.25465], [-70.70263, -9.23977], [-70.69396, -9.22376], [-70.68452, -9.22404], [-70.67033, -9.21485], [-70.65407, -9.18832], [-70.64092, -9.17733], [-70.63064, -9.17429], [-70.62125, -9.1527], [-70.61619, -9.15333], [-70.614, -9.14984], [-70.61084, -9.15281], [-70.60562, -9.14375], [-70.60017, -9.14307], [-70.6002, -9.13921], [-70.5961, -9.13693], [-70.59992, -9.13063], [-70.59565, -9.12943], [-70.59667, -9.12389], [-70.59278, -9.12228], [-70.59433, -9.11261], [-70.59712, -9.11291], [-70.5988, -9.10728], [-70.58749, -9.10051], [-70.58736, -9.09355], [-70.58212, -9.09017], [-70.58306, -9.0853], [-70.57942, -9.08352], [-70.58103, -9.08138], [-70.57797, -9.08007], [-70.5718, -9.05931], [-70.56797, -9.05304], [-70.56184, -9.05351]]]}}, {"type": "Feature", "properties": {"nome": "FLORESTA NACIONAL DE SÃO FRANCISCO", "grupo": "Uso sustentável", "esfera": "Federal", "ano": "2001", "ha": 21148.21340516628, "bioma": "AMAZÔNIA"}, "geometry": {"type": "Polygon", "coordinates": [[[-69.38662, -9.93428], [-69.51242, -10.00978], [-69.52442, -9.97958], [-69.38742, -9.89678], [-69.38857, -9.86621], [-69.39992, -9.80118], [-69.33271, -9.77847], [-69.28885, -9.84149], [-69.27302, -9.88928], [-69.38662, -9.93428]]]}}, {"type": "Feature", "properties": {"nome": "FLORESTA NACIONAL DO JAMARI", "grupo": "Uso sustentável", "esfera": "Federal", "ano": "1984", "ha": 224864.74361738362, "bioma": "AMAZÔNIA"}, "geometry": {"type": "Polygon", "coordinates": [[[-63.21468, -8.95918], [-63.19889, -8.9592], [-63.16968, -9.00449], [-62.73116, -8.99825], [-62.73115, -9.44569], [-62.87007, -9.44624], [-62.88274, -9.46988], [-62.89932, -9.48233], [-62.92435, -9.47166], [-62.93254, -9.47259], [-62.94502, -9.46752], [-62.94786, -9.46576], [-62.94702, -9.46097], [-62.97391, -9.45112], [-62.98514, -9.4408], [-62.99784, -9.4515], [-63.02067, -9.45167], [-63.02657, -9.45819], [-63.02877, -9.45492], [-63.0361, -9.46124], [-63.04204, -9.4604], [-63.04397, -9.46437], [-63.04171, -9.46599], [-63.05178, -9.46374], [-63.05516, -9.47052], [-63.05581, -9.46584], [-63.05913, -9.46646], [-63.06476, -9.47399], [-63.0722, -9.4706], [-63.07443, -9.47613], [-63.08343, -9.47198], [-63.08405, -9.43483], [-63.1057, -9.40332], [-63.12201, -9.33975], [-63.08056, -9.33942], [-63.10235, -9.26289], [-63.10708, -9.26416], [-63.11402, -9.24247], [-63.13132, -9.24783], [-63.13784, -9.22692], [-63.12076, -9.22133], [-63.12637, -9.20123], [-63.11032, -9.19616], [-63.11092, -9.19347], [-63.11865, -9.19386], [-63.14922, -9.18182], [-63.15269, -9.17133], [-63.15032, -9.16658], [-63.13226, -9.16784], [-63.1798, -9.12108], [-63.21468, -8.95918]]]}}, {"type": "Feature", "properties": {"nome": "RESERVA BIOLÓGICA DO UATUMÃ", "grupo": "Proteção integral", "esfera": "Federal", "ano": "1990", "ha": 938836.269232181, "bioma": "AMAZÔNIA"}, "geometry": {"type": "Polygon", "coordinates": [[[-59.41026, -0.72343], [-59.40853, -0.74192], [-59.42093, -0.74607], [-59.42171, -0.75388], [-59.39872, -0.7601], [-59.38222, -0.77495], [-59.37316, -0.77452], [-59.36626, -0.77967], [-59.35821, -0.77841], [-59.35558, -0.77243], [-59.34772, -0.76923], [-59.31759, -0.77119], [-59.30641, -0.78834], [-59.2904, -0.78453], [-59.27959, -0.79355], [-59.27782, -0.8147], [-59.26962, -0.81737], [-59.26314, -0.80499], [-59.25458, -0.79942], [-59.24894, -0.80171], [-59.24848, -0.81038], [-59.23396, -0.80954], [-59.22428, -0.82033], [-59.22792, -0.84185], [-59.22341, -0.84425], [-59.21833, -0.84031], [-59.21565, -0.84589], [-59.2062, -0.84937], [-59.20145, -0.86388], [-59.14764, -0.91231], [-59.14313, -0.94623], [-59.13516, -0.96342], [-59.124, -0.97224], [-59.10467, -0.96661], [-59.07448, -0.97953], [-59.06939, -0.97635], [-59.06801, -0.98435], [-59.05599, -1.00214], [-59.0379, -1.01757], [-59.01919, -1.02418], [-58.99642, -1.0189], [-58.98359, -1.03524], [-58.97268, -1.03869], [-58.96424, -1.04715], [-58.95791, -1.06687], [-58.95145, -1.06015], [-58.94328, -1.06632], [-58.93428, -1.05993], [-58.92419, -1.06164], [-58.9188, -1.06831], [-58.91256, -1.06541], [-58.91146, -1.06952], [-58.9158, -1.07366], [-58.91971, -1.08802], [-58.91011, -1.09193], [-58.89859, -1.08702], [-58.89387, -1.0906], [-58.8843, -1.08418], [-58.88023, -1.08572], [-58.8767, -1.09634], [-58.87217, -1.09934], [-58.87615, -1.10805], [-58.87034, -1.11503], [-58.85719, -1.12215], [-58.85256, -1.14336], [-58.8398, -1.14741], [-58.82413, -1.13902], [-58.80421, -1.14244], [-58.79435, -1.16166], [-58.80132, -1.16368], [-58.8026, -1.16786], [-58.80733, -1.16648], [-58.81668, -1.17047], [-58.82687, -1.18613], [-58.84227, -1.19214], [-58.85569, -1.20752], [-58.85845, -1.21965], [-58.84037, -1.22448], [-58.84633, -1.23256], [-58.84507, -1.23635], [-58.86103, -1.23891], [-58.86767, -1.24694], [-58.87379, -1.24409], [-58.88444, -1.25002], [-58.88574, -1.24685], [-58.89099, -1.24613], [-58.8992, -1.25072], [-58.90307, -1.25702], [-58.9058, -1.25594], [-58.90793, -1.26382], [-58.92601, -1.27326], [-58.93002, -1.28394], [-58.92625, -1.28821], [-58.92655, -1.29836], [-58.93448, -1.30102], [-58.9287, -1.31273], [-58.93027, -1.32527], [-58.92621, -1.32876], [-58.93241, -1.3328], [-58.93356, -1.3445], [-58.92967, -1.34879], [-58.93303, -1.35571], [-58.93842, -1.35711], [-58.94256, -1.37115], [-58.93982, -1.37548], [-58.94326, -1.3824], [-58.95715, -1.38319], [-58.96195, -1.38791], [-58.96999, -1.38316], [-58.97734, -1.38817], [-58.9771, -1.39226], [-58.99021, -1.3988], [-58.99703, -1.41112], [-59.00079, -1.41025], [-59.00171, -1.41375], [-59.01051, -1.41223], [-59.03632, -1.42234], [-59.05039, -1.43364], [-59.05055, -1.4461], [-59.04658, -1.44492], [-59.04702, -1.45493], [-59.04245, -1.45673], [-59.03978, -1.4672], [-59.04311, -1.47711], [-59.05098, -1.48043], [-59.05659, -1.48723], [-59.04719, -1.49961], [-59.04689, -1.51103], [-59.06262, -1.52775], [-59.06731, -1.55006], [-59.07601, -1.54992], [-59.0994, -1.56025], [-59.09775, -1.56463], [-59.10337, -1.58233], [-59.11002, -1.59889], [-59.11463, -1.60106], [-59.11791, -1.62538], [-59.11312, -1.63329], [-59.11565, -1.63646], [-59.12053, -1.63583], [-59.12439, -1.64099], [-59.12171, -1.64837], [-59.12354, -1.65454], [-59.12018, -1.66046], [-59.1221, -1.66696], [-59.11674, -1.67317], [-59.11877, -1.67702], [-59.11297, -1.68431], [-59.10881, -1.69987], [-59.10653, -1.73097], [-59.11329, -1.74195], [-59.11452, -1.76393], [-59.12, -1.77375], [-59.1197, -1.77943], [-59.12917, -1.7937], [-59.13893, -1.82134], [-59.14471, -1.82564], [-59.14811, -1.8399], [-59.38719, -1.81809], [-59.43427, -1.57035], [-59.87373, -1.34518], [-60.11028, -1.25534], [-60.16415, -1.23841], [-60.16307, -1.23036], [-60.17112, -1.22899], [-60.18555, -1.21079], [-60.18674, -1.19432], [-60.17807, -1.17089], [-60.18238, -1.16301], [-60.18525, -1.12421], [-60.18073, -1.12286], [-60.17125, -1.10952], [-60.14638, -1.09608], [-60.14306, -1.08513], [-60.09694, -1.06656], [-60.08697, -1.06551], [-60.0825, -1.07446], [-60.07116, -1.0835], [-60.06829, -1.06982], [-60.06465, -1.06976], [-60.06267, -1.06223], [-60.04858, -1.04893], [-60.04752, -1.04201], [-60.04102, -1.03852], [-60.0423, -1.0177], [-60.03513, -1.00342], [-60.03855, -0.99991], [-60.03352, -0.99613], [-60.03823, -0.98788], [-60.03475, -0.96994], [-60.02896, -0.96515], [-60.03482, -0.96195], [-60.03698, -0.95542], [-60.0428, -0.95347], [-60.04713, -0.94337], [-60.04897, -0.93342], [-60.04446, -0.92705], [-60.05435, -0.91966], [-60.05035, -0.91694], [-60.04524, -0.90372], [-60.04803, -0.89709], [-60.05438, -0.89247], [-60.05188, -0.88253], [-60.05505, -0.87568], [-60.06549, -0.8672], [-60.0729, -0.86571], [-60.07232, -0.85792], [-60.06703, -0.85205], [-60.03787, -0.85762], [-60.03178, -0.85495], [-60.02686, -0.84733], [-60.01447, -0.84596], [-59.99912, -0.85406], [-59.97524, -0.85681], [-59.97046, -0.86252], [-59.95098, -0.8575], [-59.95009, -0.85447], [-59.93783, -0.85608], [-59.92966, -0.85188], [-59.92628, -0.85314], [-59.92519, -0.85865], [-59.91619, -0.85967], [-59.91117, -0.86933], [-59.90733, -0.86793], [-59.90456, -0.87292], [-59.83441, -0.84142], [-59.83356, -0.84597], [-59.81462, -0.86623], [-59.80846, -0.86588], [-59.8021, -0.87149], [-59.79305, -0.89269], [-59.78702, -0.89697], [-59.78267, -0.91458], [-59.75726, -0.91269], [-59.75279, -0.91677], [-59.74471, -0.91593], [-59.73948, -0.92539], [-59.72858, -0.93376], [-59.71881, -0.95998], [-59.7089, -0.96571], [-59.7044, -0.96228], [-59.69218, -0.96665], [-59.67511, -0.98245], [-59.65635, -0.98973], [-59.64889, -0.97778], [-59.63311, -0.97519], [-59.61539, -0.96651], [-59.59943, -0.96492], [-59.58295, -0.9512], [-59.57851, -0.95692], [-59.56777, -0.96084], [-59.55952, -0.95529], [-59.55125, -0.95624], [-59.54947, -0.9495], [-59.53855, -0.94323], [-59.53855, -0.93522], [-59.52707, -0.92958], [-59.52585, -0.91647], [-59.53186, -0.90846], [-59.55346, -0.89346], [-59.55863, -0.88526], [-59.56711, -0.86167], [-59.56254, -0.84113], [-59.54391, -0.82362], [-59.53586, -0.80958], [-59.5267, -0.80545], [-59.52691, -0.80223], [-59.52284, -0.79998], [-59.52373, -0.79615], [-59.51467, -0.78454], [-59.49863, -0.7716], [-59.4908, -0.77147], [-59.47408, -0.75976], [-59.46405, -0.76141], [-59.44526, -0.72371], [-59.43322, -0.71647], [-59.42101, -0.71952], [-59.40611, -0.70731], [-59.41026, -0.72343]]]}}, {"type": "Feature", "properties": {"nome": "RESERVA BIOLÓGICA DO JARU", "grupo": "Proteção integral", "esfera": "Federal", "ano": "1979", "ha": 346862.65697971574, "bioma": "AMAZÔNIA"}, "geometry": {"type": "Polygon", "coordinates": [[[-61.58417, -10.05978], [-61.57791, -10.0782], [-61.5837, -10.08455], [-61.58309, -10.09491], [-61.58974, -10.10753], [-61.59185, -10.11764], [-61.58984, -10.12217], [-61.59532, -10.14404], [-61.60131, -10.15045], [-61.60181, -10.15628], [-61.59743, -10.16192], [-61.57691, -10.1635], [-61.5703, -10.17015], [-61.5608, -10.17284], [-61.55751, -10.17987], [-61.56019, -10.19073], [-61.55151, -10.19905], [-61.57335, -10.20872], [-61.57324, -10.21866], [-61.57712, -10.22611], [-61.57585, -10.251], [-61.58775, -10.25682], [-61.60007, -10.25324], [-61.6036, -10.26106], [-61.61615, -10.26745], [-61.71675, -10.23286], [-61.73319, -10.22308], [-61.74181, -10.22282], [-61.75473, -10.21069], [-61.76678, -10.20863], [-61.77675, -10.21406], [-61.79607, -10.21319], [-61.80868, -10.21953], [-61.82367, -10.20668], [-61.82932, -10.20953], [-61.83434, -10.20622], [-61.83866, -10.20958], [-61.84399, -10.20386], [-61.85117, -10.20565], [-61.85775, -10.20207], [-61.86449, -10.20605], [-61.87296, -10.19767], [-61.88466, -10.19429], [-61.90169, -10.17881], [-61.90768, -10.1769], [-61.91498, -10.16763], [-61.90757, -10.14948], [-61.91154, -10.13901], [-61.90891, -10.13425], [-61.90934, -10.11638], [-61.91763, -10.10079], [-61.94146, -10.08002], [-61.96674, -10.07796], [-61.97155, -10.07011], [-61.96986, -10.04951], [-61.97714, -10.04172], [-61.97938, -10.03386], [-61.99344, -10.02], [-61.99233, -10.00982], [-61.97615, -10.00365], [-61.96354, -9.98762], [-61.95548, -9.95816], [-61.95752, -9.94072], [-61.95055, -9.92563], [-61.94553, -9.88863], [-61.93465, -9.872], [-61.93129, -9.86014], [-61.93202, -9.85437], [-61.93921, -9.84619], [-61.93888, -9.83239], [-61.94474, -9.81337], [-61.94099, -9.80542], [-61.92548, -9.79482], [-61.92358, -9.78792], [-61.92842, -9.78364], [-61.94214, -9.79058], [-61.94585, -9.78838], [-61.93087, -9.78089], [-61.92526, -9.77419], [-61.91746, -9.78106], [-61.91199, -9.78126], [-61.90296, -9.77364], [-61.89949, -9.76473], [-61.88947, -9.76393], [-61.87884, -9.75784], [-61.87987, -9.71286], [-61.8697, -9.69683], [-61.85909, -9.69245], [-61.8428, -9.66096], [-61.81288, -9.63429], [-61.81027, -9.61623], [-61.81403, -9.60831], [-61.81412, -9.59569], [-61.82538, -9.5816], [-61.80859, -9.56458], [-61.80077, -9.53646], [-61.77425, -9.52683], [-61.75094, -9.50243], [-61.73257, -9.5016], [-61.71911, -9.48349], [-61.69844, -9.47621], [-61.69595, -9.46986], [-61.70268, -9.46717], [-61.71193, -9.4403], [-61.70916, -9.42944], [-61.689, -9.45331], [-61.68263, -9.45378], [-61.67929, -9.44863], [-61.68256, -9.43715], [-61.67925, -9.40347], [-61.68588, -9.37228], [-61.68472, -9.35545], [-61.6694, -9.32057], [-61.67684, -9.29737], [-61.67413, -9.27989], [-61.67834, -9.2766], [-61.67433, -9.27498], [-61.66476, -9.27561], [-61.65265, -9.28305], [-61.64763, -9.29929], [-61.64271, -9.30132], [-61.6375, -9.29994], [-61.63305, -9.2938], [-61.61221, -9.29361], [-61.61499, -9.30791], [-61.61192, -9.31798], [-61.61678, -9.32747], [-61.63073, -9.3275], [-61.63422, -9.33203], [-61.62512, -9.36302], [-61.6124, -9.35596], [-61.61105, -9.36144], [-61.60229, -9.36631], [-61.57763, -9.3693], [-61.55208, -9.38707], [-61.55885, -9.39246], [-61.56136, -9.40181], [-61.55029, -9.41838], [-61.55608, -9.42216], [-61.55761, -9.43407], [-61.58186, -9.45934], [-61.57296, -9.46407], [-61.57823, -9.47291], [-61.56977, -9.47583], [-61.56444, -9.48417], [-61.52644, -9.50266], [-61.5453, -9.51084], [-61.55001, -9.51586], [-61.52787, -9.53284], [-61.51304, -9.52899], [-61.51426, -9.53982], [-61.50929, -9.53865], [-61.50785, -9.54095], [-61.51057, -9.56405], [-61.50445, -9.5683], [-61.50367, -9.57284], [-61.4963, -9.57455], [-61.4947, -9.58215], [-61.50329, -9.61491], [-61.49623, -9.62466], [-61.48742, -9.62666], [-61.48035, -9.62339], [-61.47668, -9.62947], [-61.49403, -9.65956], [-61.5063, -9.66191], [-61.50257, -9.67817], [-61.50675, -9.69411], [-61.51755, -9.69643], [-61.53514, -9.71424], [-61.54681, -9.71567], [-61.54833, -9.71034], [-61.55457, -9.70774], [-61.57461, -9.72039], [-61.56568, -9.73059], [-61.55661, -9.72877], [-61.5452, -9.73642], [-61.53019, -9.74076], [-61.53194, -9.75647], [-61.54792, -9.7891], [-61.52479, -9.79798], [-61.52558, -9.80756], [-61.53253, -9.81993], [-61.52903, -9.82268], [-61.52084, -9.82172], [-61.51734, -9.82548], [-61.51532, -9.84643], [-61.50711, -9.86706], [-61.50992, -9.87671], [-61.50816, -9.89088], [-61.52491, -9.90754], [-61.52303, -9.92677], [-61.5286, -9.93357], [-61.52353, -9.94875], [-61.53319, -9.95346], [-61.53908, -9.96447], [-61.52801, -9.97064], [-61.53101, -9.98905], [-61.54219, -9.99669], [-61.53956, -10.00033], [-61.54105, -10.00823], [-61.54561, -10.01184], [-61.54492, -10.01865], [-61.55564, -10.03899], [-61.56919, -10.04511], [-61.58417, -10.05978]]]}}, {"type": "Feature", "properties": {"nome": "RESERVA EXTRATIVISTA ARAPIXI", "grupo": "Uso sustentável", "esfera": "Federal", "ano": "2006", "ha": 133705.99307401944, "bioma": "AMAZÔNIA"}, "geometry": {"type": "Polygon", "coordinates": [[[-67.70096, -8.64946], [-67.66409, -8.67718], [-67.66383, -8.6811], [-67.68097, -8.69655], [-67.68975, -8.69661], [-67.69549, -8.70134], [-67.69889, -8.7118], [-67.71044, -8.72206], [-67.71721, -8.72305], [-67.72375, -8.73473], [-67.7343, -8.7436], [-67.73494, -8.75626], [-67.74025, -8.75783], [-67.74494, -8.78279], [-67.74934, -8.78845], [-67.74475, -8.79783], [-67.7347, -8.80553], [-67.73499, -8.8093], [-67.70388, -8.80402], [-67.68094, -8.82837], [-67.67325, -8.82897], [-67.66609, -8.84272], [-67.64502, -8.84693], [-67.64241, -8.85362], [-67.66471, -8.8768], [-67.6388, -8.89661], [-67.71491, -8.91725], [-67.71757, -8.95528], [-67.72312, -8.96422], [-67.73905, -8.97185], [-67.74286, -8.97875], [-67.76732, -8.9846], [-67.76816, -8.98072], [-67.83233, -8.98854], [-67.82376, -9.00953], [-67.82681, -9.02439], [-67.86963, -9.02774], [-67.86741, -9.04106], [-67.87298, -9.05018], [-67.87295, -9.05634], [-67.86935, -9.06011], [-67.86751, -9.07441], [-67.87263, -9.10923], [-68.09333, -9.15319], [-68.083, -9.14403], [-68.07556, -9.11431], [-68.07903, -9.11088], [-68.06968, -9.1068], [-68.05694, -9.08838], [-68.05251, -9.07078], [-68.04477, -9.07056], [-68.03393, -9.06223], [-68.03658, -9.0593], [-68.03048, -9.04782], [-68.03673, -9.0452], [-68.03726, -9.03679], [-68.03995, -9.03511], [-68.045, -9.03792], [-68.04934, -9.02791], [-68.06473, -9.0247], [-68.08745, -9.01102], [-68.09346, -9.01279], [-68.09491, -9.01688], [-68.09514, -8.95205], [-68.07623, -8.94914], [-68.07662, -8.93603], [-68.06796, -8.94048], [-68.04602, -8.94419], [-68.01658, -8.94312], [-67.98586, -8.93449], [-67.92547, -8.93748], [-67.90838, -8.91531], [-67.91445, -8.90629], [-67.90792, -8.89797], [-67.91687, -8.89091], [-67.91413, -8.88846], [-67.92482, -8.88382], [-67.92984, -8.86763], [-67.90097, -8.84629], [-67.88836, -8.8176], [-67.89882, -8.81695], [-67.90439, -8.81282], [-67.90638, -8.80709], [-67.91961, -8.79585], [-67.96868, -8.73793], [-67.9573, -8.7176], [-67.95779, -8.70644], [-67.96236, -8.69542], [-67.95681, -8.68094], [-67.94223, -8.66654], [-67.93628, -8.68163], [-67.92366, -8.69592], [-67.90903, -8.68923], [-67.90062, -8.69023], [-67.8711, -8.68451], [-67.86757, -8.66403], [-67.85841, -8.65198], [-67.8517, -8.66373], [-67.83908, -8.67342], [-67.82007, -8.6731], [-67.81054, -8.67998], [-67.77555, -8.65569], [-67.77433, -8.64949], [-67.74688, -8.65295], [-67.73777, -8.65946], [-67.72921, -8.65715], [-67.71444, -8.66485], [-67.70096, -8.64946]]]}}, {"type": "Feature", "properties": {"nome": "PARQUE NACIONAL DA SERRA DO DIVISOR", "grupo": "Proteção integral", "esfera": "Federal", "ano": "1989", "ha": 837556.672826503, "bioma": "AMAZÔNIA"}, "geometry": {"type": "Polygon", "coordinates": [[[-73.99121, -7.53671], [-73.98587, -7.53119], [-73.97507, -7.53308], [-73.94827, -7.52698], [-73.93357, -7.49491], [-73.92997, -7.47833], [-73.92008, -7.46604], [-73.92819, -7.45241], [-73.93212, -7.42356], [-73.94502, -7.40653], [-73.9679, -7.36056], [-73.96421, -7.34801], [-73.95938, -7.34589], [-73.95155, -7.34783], [-73.94438, -7.36171], [-73.9371, -7.3532], [-73.93166, -7.35267], [-73.91028, -7.37844], [-73.87689, -7.38002], [-73.86367, -7.37438], [-73.85303, -7.34765], [-73.83037, -7.33728], [-73.81789, -7.33575], [-73.79373, -7.34268], [-73.76673, -7.33218], [-73.75992, -7.33561], [-73.76468, -7.34822], [-73.7477, -7.34441], [-73.71807, -7.32865], [-73.7006, -7.30466], [-73.70021, -7.29352], [-73.71649, -7.26797], [-73.7139, -7.24356], [-73.65075, -7.28403], [-73.63901, -7.31172], [-73.61277, -7.33215], [-73.60089, -7.33646], [-73.59415, -7.34226], [-73.59286, -7.34808], [-73.57531, -7.34981], [-73.56065, -7.34614], [-73.54416, -7.35136], [-73.52083, -7.3682], [-73.51035, -7.38377], [-73.51149, -7.39342], [-73.50445, -7.40514], [-73.50294, -7.41569], [-73.49605, -7.42213], [-73.48168, -7.42718], [-73.47058, -7.43869], [-73.45916, -7.43601], [-73.44738, -7.44146], [-73.44361, -7.44746], [-73.44531, -7.44916], [-73.43919, -7.44851], [-73.4405, -7.45354], [-73.43724, -7.4508], [-73.42244, -7.45312], [-73.40533, -7.45117], [-73.40494, -7.45442], [-73.39875, -7.45466], [-73.40058, -7.45674], [-73.39796, -7.45874], [-73.3972, -7.45592], [-73.38159, -7.45046], [-73.3688, -7.45554], [-73.3618, -7.45135], [-73.34997, -7.45204], [-73.34931, -7.45522], [-73.33478, -7.4528], [-73.3292, -7.44778], [-73.32739, -7.44985], [-73.32357, -7.44796], [-73.32455, -7.44295], [-73.32018, -7.43784], [-73.31, -7.43569], [-73.31077, -7.43062], [-73.30457, -7.42169], [-73.28802, -7.41654], [-73.28511, -7.42079], [-73.28757, -7.42447], [-73.28456, -7.4254], [-73.29031, -7.4361], [-73.29037, -7.44456], [-73.29575, -7.44897], [-73.28779, -7.46065], [-73.28958, -7.46807], [-73.28393, -7.47103], [-73.27989, -7.47819], [-73.27044, -7.48158], [-73.26625, -7.4952], [-73.26046, -7.49974], [-73.27144, -7.50666], [-73.26836, -7.50759], [-73.27055, -7.51007], [-73.26706, -7.51969], [-73.27271, -7.52573], [-73.2705, -7.53025], [-73.28142, -7.55013], [-73.27789, -7.55687], [-73.28182, -7.56175], [-73.28016, -7.58527], [-73.28834, -7.59402], [-73.29626, -7.59561], [-73.29925, -7.59331], [-73.30369, -7.59756], [-73.3024, -7.60572], [-73.30473, -7.60405], [-73.30621, -7.60847], [-73.3096, -7.60551], [-73.31182, -7.60924], [-73.30847, -7.62389], [-73.30237, -7.63086], [-73.30502, -7.64111], [-73.30792, -7.64225], [-73.30011, -7.65102], [-73.30084, -7.6564], [-73.31011, -7.66446], [-73.30652, -7.6731], [-73.32007, -7.68893], [-73.32319, -7.7012], [-73.32114, -7.70598], [-73.32737, -7.70802], [-73.33297, -7.7043], [-73.33895, -7.70663], [-73.35103, -7.72173], [-73.36379, -7.72631], [-73.36622, -7.73725], [-73.37192, -7.73982], [-73.37412, -7.7465], [-73.37093, -7.7523], [-73.37235, -7.75814], [-73.36775, -7.76346], [-73.36826, -7.77722], [-73.38504, -7.78661], [-73.38513, -7.79582], [-73.39273, -7.7954], [-73.3977, -7.80041], [-73.39715, -7.81097], [-73.39414, -7.8109], [-73.39286, -7.8153], [-73.39772, -7.82208], [-73.39607, -7.82522], [-73.40093, -7.83869], [-73.40428, -7.84058], [-73.40418, -7.84987], [-73.40891, -7.85297], [-73.4078, -7.86215], [-73.4131, -7.87037], [-73.40868, -7.87933], [-73.41353, -7.89185], [-73.46219, -7.95555], [-73.49604, -7.98218], [-73.50366, -7.97876], [-73.50966, -7.98471], [-73.50519, -8.03552], [-73.50803, -8.04082], [-73.50786, -8.0555], [-73.48655, -8.08137], [-73.4804, -8.07895], [-73.44824, -8.08866], [-73.41475, -8.08081], [-73.40629, -8.08203], [-73.39721, -8.08865], [-73.38996, -8.10178], [-73.38466, -8.10499], [-73.37787, -8.11904], [-73.39667, -8.14162], [-73.40747, -8.16906], [-73.40197, -8.20793], [-73.40343, -8.21418], [-73.39906, -8.21975], [-73.39734, -8.23298], [-73.38758, -8.23316], [-73.38276, -8.23751], [-73.36266, -8.23838], [-73.36271, -8.2358], [-73.35374, -8.23373], [-73.34661, -8.23784], [-73.34308, -8.23379], [-73.33939, -8.24161], [-73.33824, -8.23823], [-73.33096, -8.2403], [-73.33004, -8.24384], [-73.31236, -8.24139], [-73.30816, -8.24659], [-73.30175, -8.24083], [-73.29872, -8.24203], [-73.29896, -8.23854], [-73.29149, -8.23704], [-73.28424, -8.24255], [-73.28402, -8.2389], [-73.27047, -8.24121], [-73.26946, -8.24746], [-73.26269, -8.24262], [-73.26129, -8.24529], [-73.25613, -8.24368], [-73.24786, -8.24771], [-73.24056, -8.24463], [-73.24093, -8.23987], [-73.2329, -8.24612], [-73.21842, -8.24457], [-73.21676, -8.24088], [-73.20723, -8.24256], [-73.20832, -8.23928], [-73.20528, -8.23715], [-73.20006, -8.23373], [-73.19288, -8.23503], [-73.18946, -8.23015], [-73.18493, -8.23548], [-73.1733, -8.23779], [-73.17545, -8.23993], [-73.17284, -8.24543], [-73.17132, -8.24111], [-73.15816, -8.24391], [-73.1523, -8.23931], [-73.14789, -8.24447], [-73.14163, -8.24174], [-73.13938, -8.2465], [-73.13499, -8.24299], [-73.13223, -8.24793], [-73.12432, -8.24488], [-73.12114, -8.24868], [-73.11879, -8.24506], [-73.11532, -8.24979], [-73.11676, -8.25239], [-73.09776, -8.25062], [-73.09741, -8.25393], [-73.09155, -8.24505], [-73.08648, -8.24482], [-73.08023, -8.24991], [-73.07256, -8.24009], [-73.0659, -8.24501], [-73.06591, -8.2371], [-73.06195, -8.23613], [-73.06246, -8.24281], [-73.05734, -8.23486], [-73.05646, -8.23919], [-73.0533, -8.23986], [-73.04554, -8.23553], [-73.04346, -8.23078], [-73.0394, -8.23184], [-73.03918, -8.22905], [-73.03475, -8.23421], [-73.02508, -8.22867], [-73.00746, -8.23012], [-73.00043, -8.22287], [-72.99364, -8.22033], [-72.98588, -8.22213], [-72.98185, -8.21754], [-72.9781, -8.21951], [-72.97557, -8.21488], [-72.97292, -8.21871], [-72.96823, -8.21337], [-72.96518, -8.21636], [-72.96032, -8.21011], [-72.95011, -8.21093], [-72.95098, -8.2164], [-72.9482, -8.21478], [-72.94719, -8.21714], [-72.94584, -8.20933], [-72.94219, -8.2112], [-72.94083, -8.20609], [-72.9454, -8.20113], [-72.93747, -8.19866], [-72.92667, -8.20285], [-72.92914, -8.19898], [-72.92319, -8.19581], [-72.92254, -8.1985], [-72.92046, -8.19154], [-72.89167, -8.18309], [-72.82844, -8.38543], [-72.81431, -8.41019], [-72.81724, -8.41208], [-72.82286, -8.40977], [-72.82449, -8.39931], [-72.83093, -8.39637], [-72.83071, -8.41369], [-72.82769, -8.41706], [-72.81766, -8.41805], [-72.81445, -8.4283], [-72.82012, -8.42931], [-72.8248, -8.4235], [-72.82749, -8.42563], [-72.82185, -8.43916], [-72.83735, -8.44806], [-72.83817, -8.4527], [-72.83692, -8.45619], [-72.82692, -8.45529], [-72.82526, -8.46078], [-72.83147, -8.46126], [-72.83911, -8.4562], [-72.84495, -8.45922], [-72.84462, -8.46322], [-72.83697, -8.46748], [-72.83711, -8.47155], [-72.85687, -8.50115], [-72.85139, -8.50606], [-72.84399, -8.4998], [-72.83761, -8.50489], [-72.83626, -8.51127], [-72.84837, -8.51564], [-72.84079, -8.52036], [-72.83574, -8.52848], [-72.83163, -8.52828], [-72.82437, -8.51967], [-72.82523, -8.52976], [-72.8223, -8.53335], [-72.81488, -8.52672], [-72.8127, -8.53733], [-72.81666, -8.54441], [-72.80923, -8.5461], [-72.80455, -8.55864], [-72.80542, -8.56301], [-72.81489, -8.55934], [-72.82552, -8.56552], [-72.82394, -8.56859], [-72.81643, -8.56434], [-72.81361, -8.56601], [-72.81512, -8.57453], [-72.81071, -8.58281], [-72.81197, -8.58671], [-72.81595, -8.58553], [-72.8171, -8.57904], [-72.82117, -8.57875], [-72.82907, -8.58523], [-72.83181, -8.59391], [-72.84168, -8.59928], [-72.8523, -8.61115], [-72.84488, -8.61562], [-72.8432, -8.62374], [-72.83271, -8.63284], [-72.83783, -8.64104], [-72.83815, -8.65547], [-72.8218, -8.65979], [-72.81836, -8.66371], [-72.81842, -8.67313], [-72.80932, -8.68142], [-72.80458, -8.68144], [-72.80048, -8.67583], [-72.79792, -8.67715], [-72.79972, -8.68371], [-72.81123, -8.69177], [-72.81797, -8.68942], [-72.82209, -8.69869], [-72.81906, -8.70978], [-72.80839, -8.71099], [-72.81057, -8.72439], [-72.81843, -8.72205], [-72.81937, -8.72864], [-72.82919, -8.73558], [-72.83761, -8.74886], [-72.83532, -8.75368], [-72.8262, -8.75456], [-72.8228, -8.75786], [-72.8335, -8.78306], [-72.80897, -8.78702], [-72.79134, -8.79702], [-72.79819, -8.8029], [-72.79892, -8.81573], [-72.81209, -8.82349], [-72.80797, -8.83174], [-72.78086, -8.81849], [-72.7762, -8.82652], [-72.7635, -8.83411], [-72.76924, -8.83922], [-72.77606, -8.83583], [-72.7827, -8.83885], [-72.77803, -8.84653], [-72.76612, -8.84757], [-72.76453, -8.85565], [-72.76772, -8.85778], [-72.7771, -8.852], [-72.78113, -8.85499], [-72.78027, -8.86075], [-72.77034, -8.85985], [-72.78694, -8.88262], [-72.78867, -8.88929], [-72.78273, -8.89492], [-72.7855, -8.8969], [-72.78314, -8.90053], [-72.78978, -8.90144], [-72.79147, -8.90614], [-72.79502, -8.9037], [-72.79982, -8.90517], [-72.80269, -8.90006], [-72.80827, -8.90509], [-72.81292, -8.90368], [-72.81709, -8.90925], [-72.82066, -8.90779], [-72.84411, -8.91861], [-72.84817, -8.92624], [-72.87396, -8.93964], [-72.8595, -9.00933], [-72.94068, -9.0657], [-72.94921, -9.02641], [-72.95778, -9.01143], [-72.94007, -8.99761], [-72.93851, -8.98791], [-72.96243, -8.98218], [-72.97145, -8.97564], [-72.98867, -8.93327], [-72.99781, -8.91878], [-73.0149, -8.91309], [-73.04409, -8.91605], [-73.05708, -8.90766], [-73.07833, -8.86167], [-73.07883, -8.84361], [-73.09511, -8.83798], [-73.10983, -8.82344], [-73.11267, -8.81632], [-73.11246, -8.7927], [-73.12069, -8.77923], [-73.13214, -8.76835], [-73.13852, -8.75201], [-73.14144, -8.7279], [-73.15452, -8.71031], [-73.18079, -8.68512], [-73.1956, -8.68778], [-73.2172, -8.67971], [-73.23868, -8.68732], [-73.24618, -8.68709], [-73.26515, -8.67847], [-73.27421, -8.66948], [-73.28564, -8.66712], [-73.29306, -8.66024], [-73.29823, -8.65168], [-73.30043, -8.63298], [-73.31397, -8.63184], [-73.31247, -8.62254], [-73.31539, -8.61593], [-73.33786, -8.61858], [-73.34228, -8.6165], [-73.34441, -8.59728], [-73.3383, -8.57916], [-73.33501, -8.54085], [-73.32881, -8.51784], [-73.32856, -8.48228], [-73.33211, -8.4726], [-73.3362, -8.46791], [-73.348, -8.47133], [-73.36589, -8.46413], [-73.37547, -8.46757], [-73.3776, -8.46313], [-73.38264, -8.46899], [-73.38989, -8.46915], [-73.40253, -8.44814], [-73.40755, -8.41993], [-73.41319, -8.41136], [-73.42238, -8.40776], [-73.42958, -8.41048], [-73.44333, -8.40803], [-73.45885, -8.39892], [-73.48282, -8.39251], [-73.48688, -8.38657], [-73.48671, -8.37885], [-73.50731, -8.37804], [-73.53776, -8.34624], [-73.53048, -8.31291], [-73.54093, -8.29577], [-73.53721, -8.27064], [-73.55126, -8.2512], [-73.5589, -8.24602], [-73.56106, -8.23606], [-73.57245, -8.23056], [-73.57859, -8.21136], [-73.59456, -8.20615], [-73.58728, -8.18713], [-73.58614, -8.17351], [-73.59206, -8.14306], [-73.58373, -8.12803], [-73.59475, -8.09816], [-73.60786, -8.08725], [-73.61636, -8.07035], [-73.63188, -8.06191], [-73.63142, -8.05408], [-73.62424, -8.04011], [-73.62769, -8.02224], [-73.64674, -8.00377], [-73.66419, -8.00895], [-73.6788, -8.00517], [-73.68946, -7.97212], [-73.6984, -7.96095], [-73.71818, -7.9605], [-73.72955, -7.96981], [-73.73204, -7.96876], [-73.73685, -7.96032], [-73.74729, -7.95331], [-73.74726, -7.93599], [-73.7517, -7.92413], [-73.77279, -7.90274], [-73.77087, -7.8976], [-73.75343, -7.89269], [-73.76691, -7.87096], [-73.76193, -7.8584], [-73.75715, -7.8589], [-73.74545, -7.87219], [-73.73996, -7.87398], [-73.7138, -7.87622], [-73.70474, -7.87336], [-73.69736, -7.86564], [-73.68414, -7.84239], [-73.68766, -7.82672], [-73.68266, -7.79688], [-73.68602, -7.77433], [-73.6973, -7.76399], [-73.73288, -7.74298], [-73.74082, -7.73446], [-73.78693, -7.7232], [-73.80987, -7.72341], [-73.82245, -7.71825], [-73.84489, -7.67649], [-73.86283, -7.67731], [-73.88588, -7.65605], [-73.88908, -7.63202], [-73.9093, -7.62514], [-73.93305, -7.60878], [-73.9691, -7.5681], [-73.9841, -7.56695], [-73.99121, -7.53671]]]}}, {"type": "Feature", "properties": {"nome": "ÁREA DE RELEVANTE INTERESSE ECOLÓGICO JAVARÍ-BURITI", "grupo": "Uso sustentável", "esfera": "Federal", "ano": "1985", "ha": 13177.00372477274, "bioma": "AMAZÔNIA"}, "geometry": {"type": "Polygon", "coordinates": [[[-67.81691, -2.98747], [-67.80343, -3.00756], [-67.7953, -3.05057], [-67.79469, -3.07157], [-67.80562, -3.15908], [-67.81197, -3.18651], [-67.82471, -3.21569], [-67.83977, -3.24137], [-67.86412, -3.26519], [-67.86492, -3.26076], [-67.8747, -3.25863], [-67.88194, -3.24896], [-67.86704, -3.21833], [-67.84483, -3.20049], [-67.8367, -3.18926], [-67.83539, -3.16614], [-67.84576, -3.14908], [-67.84767, -3.13869], [-67.83487, -3.12208], [-67.82993, -3.08775], [-67.83151, -3.07625], [-67.83988, -3.06142], [-67.87198, -3.03967], [-67.86149, -3.01922], [-67.81691, -2.98747]]]}}, {"type": "Feature", "properties": {"nome": "ÁREA DE PROTEÇÃO AMBIENTAL DO TAPAJÓS", "grupo": "Uso sustentável", "esfera": "Federal", "ano": "2006", "ha": 2040355.1466017028, "bioma": "AMAZÔNIA"}, "geometry": {"type": "MultiPolygon", "coordinates": [[[[-56.16786, -6.7063], [-56.15935, -6.70777], [-56.14197, -6.71477], [-56.14646, -6.71815], [-56.15, -6.73012], [-56.14663, -6.74785], [-56.14489, -6.75185], [-56.1382, -6.75415], [-56.12921, -6.76926], [-56.14025, -6.7823], [-56.14015, -6.78861], [-56.15, -6.78975], [-56.15557, -6.79789], [-56.14215, -6.82059], [-56.1426, -6.85016], [-56.13727, -6.85899], [-56.14263, -6.87179], [-56.15833, -6.87869], [-56.1575, -6.89133], [-56.17111, -6.89994], [-56.16254, -6.91722], [-56.16737, -6.92976], [-56.18115, -6.9359], [-56.18827, -6.93421], [-56.20547, -6.93873], [-56.20973, -6.93687], [-56.21696, -6.94532], [-56.21356, -6.95308], [-56.21744, -6.96312], [-56.20859, -6.98268], [-56.20666, -6.99691], [-56.21078, -7.00614], [-56.21768, -7.01033], [-56.2147, -7.01839], [-56.21625, -7.02396], [-56.22289, -7.02194], [-56.22962, -7.0277], [-56.22981, -7.04326], [-56.23516, -7.04359], [-56.23095, -7.05787], [-56.21206, -7.08009], [-56.21532, -7.09089], [-56.21235, -7.10244], [-56.22638, -7.10455], [-56.22377, -7.10934], [-56.21175, -7.11657], [-56.21325, -7.12447], [-56.21934, -7.12623], [-56.21986, -7.12975], [-56.21289, -7.13948], [-56.20411, -7.13772], [-56.19531, -7.14393], [-56.20618, -7.1509], [-56.21089, -7.15821], [-56.22067, -7.1565], [-56.23198, -7.17006], [-56.2349, -7.1796], [-56.21282, -7.20454], [-56.2202, -7.22334], [-56.23331, -7.23792], [-56.23531, -7.2498], [-56.23091, -7.26352], [-56.22446, -7.26957], [-56.21522, -7.26076], [-56.20761, -7.26057], [-56.2068, -7.26952], [-56.22055, -7.29365], [-56.21713, -7.30179], [-56.22296, -7.30448], [-56.23202, -7.30281], [-56.25577, -7.32146], [-56.2523, -7.32798], [-56.24889, -7.32639], [-56.24136, -7.33183], [-56.24783, -7.34041], [-56.2499, -7.35782], [-56.24287, -7.36806], [-56.23773, -7.37006], [-56.23984, -7.38002], [-56.23541, -7.38997], [-56.23752, -7.39299], [-56.23218, -7.39973], [-56.24248, -7.41026], [-56.25196, -7.41487], [-56.25254, -7.42232], [-56.25938, -7.42009], [-56.26724, -7.42842], [-56.27641, -7.42727], [-56.27694, -7.43712], [-56.28045, -7.43508], [-56.28037, -7.43922], [-56.28393, -7.44131], [-56.28378, -7.45271], [-56.28842, -7.46172], [-56.29421, -7.45675], [-56.2925, -7.46023], [-56.29793, -7.46453], [-56.30055, -7.46254], [-56.30474, -7.46689], [-56.30506, -7.46343], [-56.30736, -7.4639], [-56.31344, -7.47234], [-56.31045, -7.48028], [-56.31703, -7.48193], [-56.31504, -7.48366], [-56.31839, -7.4894], [-56.32785, -7.49037], [-56.33268, -7.50599], [-56.33434, -7.50405], [-56.33438, -7.50735], [-56.33774, -7.50815], [-56.33911, -7.50614], [-56.3407, -7.51572], [-56.33226, -7.51361], [-56.33034, -7.52459], [-56.33378, -7.52724], [-56.3326, -7.53146], [-56.33527, -7.52994], [-56.3392, -7.53306], [-56.33834, -7.53914], [-56.34709, -7.5422], [-56.34198, -7.54731], [-56.34258, -7.55203], [-56.34648, -7.55394], [-56.34662, -7.56131], [-56.35513, -7.56678], [-56.35186, -7.56914], [-56.35812, -7.57401], [-56.35283, -7.5775], [-56.35877, -7.5807], [-56.35466, -7.58599], [-56.35676, -7.59472], [-56.35933, -7.59333], [-56.35757, -7.59857], [-56.36218, -7.60148], [-56.35581, -7.60179], [-56.35796, -7.60449], [-56.34887, -7.61594], [-56.3533, -7.62624], [-56.35815, -7.6276], [-56.35495, -7.63161], [-56.36166, -7.63166], [-56.35298, -7.64998], [-56.36273, -7.65575], [-56.36378, -7.66948], [-56.36745, -7.67422], [-56.36543, -7.68048], [-56.3718, -7.69442], [-56.36894, -7.69749], [-56.37224, -7.69857], [-56.37232, -7.70278], [-56.38152, -7.70695], [-56.3832, -7.7222], [-56.38972, -7.72558], [-56.38729, -7.72896], [-56.38881, -7.73751], [-56.39012, -7.73549], [-56.39166, -7.73939], [-56.39116, -7.7357], [-56.39397, -7.73832], [-56.40146, -7.73585], [-56.40626, -7.75108], [-56.41037, -7.7516], [-56.41663, -7.76209], [-56.42457, -7.77833], [-56.42036, -7.78114], [-56.42363, -7.79254], [-56.43757, -7.79599], [-56.43508, -7.80108], [-56.43739, -7.80682], [-56.45133, -7.80684], [-56.45542, -7.81541], [-56.46186, -7.81539], [-56.46627, -7.8216], [-56.46936, -7.82029], [-56.47704, -7.82458], [-56.48089, -7.82319], [-56.48333, -7.81717], [-56.48458, -7.83407], [-56.48021, -7.83467], [-56.48875, -7.84473], [-56.49119, -7.84188], [-56.49714, -7.84893], [-56.50238, -7.84948], [-56.50172, -7.85645], [-56.50612, -7.84526], [-56.5039, -7.84196], [-56.51055, -7.83795], [-56.52987, -7.84232], [-56.53079, -7.84637], [-56.53216, -7.83793], [-56.54019, -7.83892], [-56.53851, -7.84252], [-56.54303, -7.8482], [-56.54156, -7.852], [-56.55067, -7.86201], [-56.5488, -7.86905], [-56.55395, -7.87039], [-56.55018, -7.87883], [-56.55382, -7.88268], [-56.5489, -7.88932], [-56.55782, -7.89727], [-56.55784, -7.90366], [-56.58062, -7.91627], [-56.58608, -7.9224], [-56.59907, -7.90797], [-56.60686, -7.90993], [-56.60918, -7.90689], [-56.61167, -7.91897], [-56.61667, -7.92412], [-56.62373, -7.92528], [-56.62702, -7.93565], [-56.65403, -7.93445], [-56.66647, -7.92485], [-56.67748, -7.93505], [-56.68391, -7.93658], [-56.68348, -7.94067], [-56.72805, -7.883], [-56.73492, -7.88525], [-56.74483, -7.87982], [-56.75543, -7.85761], [-56.75108, -7.84159], [-56.74383, -7.83124], [-56.74119, -7.81755], [-56.73436, -7.81548], [-56.72202, -7.81891], [-56.72352, -7.80806], [-56.73323, -7.80375], [-56.7319, -7.79522], [-56.71089, -7.7817], [-56.72594, -7.77045], [-56.73565, -7.77592], [-56.7395, -7.77481], [-56.7379, -7.77202], [-56.74376, -7.76095], [-56.73649, -7.74354], [-56.74321, -7.72956], [-56.75011, -7.72843], [-56.75505, -7.72249], [-56.75612, -7.70827], [-56.74934, -7.69679], [-56.75616, -7.69186], [-56.7543, -7.67838], [-56.7564, -7.67095], [-56.76544, -7.67147], [-56.77043, -7.66769], [-56.76747, -7.65592], [-56.77363, -7.6417], [-56.77104, -7.63934], [-56.77722, -7.61908], [-56.77465, -7.60776], [-56.77888, -7.60009], [-56.77817, -7.59412], [-56.77135, -7.58496], [-56.7704, -7.56586], [-56.758, -7.53629], [-56.76028, -7.53265], [-56.75839, -7.52342], [-56.75415, -7.51913], [-56.76091, -7.50973], [-56.7574, -7.50575], [-56.76414, -7.49817], [-56.76251, -7.48253], [-56.76771, -7.47952], [-56.76391, -7.47534], [-56.76839, -7.47287], [-56.76885, -7.46889], [-56.76775, -7.46466], [-56.76138, -7.46129], [-56.75854, -7.45528], [-56.76043, -7.45065], [-56.7558, -7.44494], [-56.76158, -7.43424], [-56.75944, -7.42757], [-56.76213, -7.42628], [-56.76472, -7.41355], [-56.76196, -7.41009], [-56.76545, -7.40504], [-56.76277, -7.40233], [-56.77038, -7.39303], [-56.76487, -7.39024], [-56.76068, -7.37836], [-56.77026, -7.35961], [-56.77732, -7.35433], [-56.7746, -7.35076], [-56.76891, -7.35216], [-56.76644, -7.34699], [-56.77009, -7.34312], [-56.76541, -7.32175], [-56.76919, -7.32313], [-56.76358, -7.29695], [-56.75954, -7.29759], [-56.74664, -7.28707], [-56.7537, -7.28226], [-56.75292, -7.27856], [-56.74848, -7.27699], [-56.75396, -7.26282], [-56.75018, -7.2577], [-56.74985, -7.24837], [-56.75268, -7.24698], [-56.75279, -7.23399], [-56.75931, -7.21682], [-56.75619, -7.20956], [-56.761, -7.21049], [-56.76518, -7.20654], [-56.77314, -7.22794], [-56.77928, -7.23456], [-56.7897, -7.23889], [-56.7932, -7.24569], [-56.79853, -7.23917], [-56.80916, -7.23939], [-56.81656, -7.23541], [-56.82394, -7.24139], [-56.83865, -7.24581], [-56.85759, -7.26485], [-56.88188, -7.27165], [-56.8862, -7.2698], [-56.88602, -7.2908], [-56.88931, -7.29547], [-56.89918, -7.2927], [-56.90106, -7.27709], [-56.92139, -7.26499], [-56.92213, -7.25828], [-56.93952, -7.26343], [-56.94007, -7.2533], [-56.95109, -7.25121], [-56.95397, -7.23219], [-56.96138, -7.22814], [-56.97413, -7.20977], [-56.98167, -7.23963], [-56.97677, -7.24396], [-56.97777, -7.24929], [-56.9869, -7.25838], [-56.9929, -7.25621], [-57.00011, -7.27548], [-57.02036, -7.27558], [-57.02212, -7.28232], [-57.01922, -7.28686], [-57.02371, -7.29013], [-57.02099, -7.29418], [-57.02378, -7.29342], [-57.03184, -7.30556], [-57.02906, -7.3131], [-57.03584, -7.31821], [-57.04576, -7.33515], [-57.04582, -7.34414], [-57.05133, -7.3475], [-57.05719, -7.35806], [-57.0453, -7.39275], [-57.06172, -7.40035], [-57.06043, -7.40428], [-57.06777, -7.41015], [-57.06857, -7.4272], [-57.08838, -7.44166], [-57.07635, -7.44809], [-57.07635, -7.46191], [-57.07078, -7.47673], [-57.07573, -7.48502], [-57.07337, -7.49183], [-57.079, -7.50219], [-57.08464, -7.50348], [-57.08746, -7.51254], [-57.10293, -7.5199], [-57.10707, -7.52844], [-57.10614, -7.53561], [-57.11206, -7.54128], [-57.1205, -7.53554], [-57.13498, -7.53435], [-57.14569, -7.527], [-57.14925, -7.5284], [-57.17039, -7.50426], [-57.1873, -7.50203], [-57.20017, -7.49225], [-57.19621, -7.48605], [-57.20016, -7.47817], [-57.19954, -7.47028], [-57.19404, -7.46609], [-57.19314, -7.46038], [-57.19716, -7.44831], [-57.19534, -7.43503], [-57.20295, -7.43146], [-57.20159, -7.39825], [-57.19272, -7.381], [-57.19394, -7.37449], [-57.18988, -7.36388], [-57.18355, -7.36045], [-57.18308, -7.35355], [-57.17891, -7.35299], [-57.18029, -7.34158], [-57.17625, -7.33545], [-57.16871, -7.33651], [-57.16997, -7.32876], [-57.16343, -7.33116], [-57.15718, -7.32564], [-57.1574, -7.31553], [-57.16199, -7.31211], [-57.15069, -7.30569], [-57.14637, -7.29895], [-57.14536, -7.28258], [-57.13468, -7.28577], [-57.13764, -7.28466], [-57.14067, -7.27135], [-57.13427, -7.26565], [-57.13702, -7.26012], [-57.13345, -7.25606], [-57.25369, -7.27576], [-57.25095, -7.26603], [-57.25892, -7.26194], [-57.2592, -7.25686], [-57.25416, -7.24984], [-57.2513, -7.23345], [-57.2455, -7.22667], [-57.25005, -7.21849], [-57.24208, -7.21576], [-57.23069, -7.22072], [-57.22132, -7.21802], [-57.21314, -7.22524], [-57.1996, -7.18288], [-57.20199, -7.17532], [-57.19262, -7.15083], [-57.1817, -7.13949], [-57.17472, -7.12368], [-57.16803, -7.12229], [-57.15004, -7.13434], [-57.14187, -7.13195], [-57.13094, -7.13396], [-57.11802, -7.12951], [-57.11818, -7.12602], [-57.11323, -7.12433], [-57.1162, -7.11972], [-57.1038, -7.12433], [-57.09703, -7.12007], [-57.11208, -7.09481], [-57.10904, -7.09066], [-57.09654, -7.01372], [-57.10348, -6.99705], [-57.12071, -6.98538], [-57.11543, -6.97372], [-57.11848, -6.96288], [-57.08404, -6.93955], [-57.08348, -6.91816], [-57.07515, -6.91427], [-57.05682, -6.92455], [-57.01669, -6.88763], [-56.99331, -6.89474], [-56.97455, -6.88866], [-56.96395, -6.89475], [-56.92949, -6.88529], [-56.90636, -6.88716], [-56.89782, -6.89298], [-56.88209, -6.89344], [-56.88525, -6.89736], [-56.88579, -6.9078], [-56.87867, -6.91339], [-56.88491, -6.9204], [-56.88193, -6.92799], [-56.88709, -6.93288], [-56.88342, -6.93733], [-56.86728, -6.93862], [-56.85875, -6.95004], [-56.84869, -6.95359], [-56.84347, -6.95904], [-56.78876, -6.98316], [-56.65043, -6.96927], [-56.61459, -6.94399], [-56.49154, -6.90816], [-56.48193, -6.91239], [-56.46942, -6.90924], [-56.46493, -6.91612], [-56.45661, -6.92027], [-56.4563, -6.92374], [-56.44911, -6.9241], [-56.43542, -6.907], [-56.43656, -6.90302], [-56.43259, -6.89744], [-56.42279, -6.89315], [-56.42014, -6.88448], [-56.41332, -6.88308], [-56.40253, -6.8733], [-56.39416, -6.85861], [-56.3908, -6.85889], [-56.37983, -6.84679], [-56.36869, -6.84078], [-56.36841, -6.83453], [-56.36006, -6.82485], [-56.33884, -6.81397], [-56.33797, -6.81025], [-56.33266, -6.80963], [-56.3312, -6.80211], [-56.32624, -6.80141], [-56.32055, -6.7949], [-56.31463, -6.79564], [-56.31096, -6.79176], [-56.2961, -6.78823], [-56.29317, -6.78388], [-56.2887, -6.78513], [-56.28409, -6.78198], [-56.27682, -6.78832], [-56.26596, -6.77468], [-56.25519, -6.77028], [-56.24766, -6.77103], [-56.2454, -6.76422], [-56.23907, -6.76026], [-56.22925, -6.73721], [-56.21834, -6.72622], [-56.21333, -6.7258], [-56.21326, -6.72174], [-56.20469, -6.7174], [-56.19749, -6.71881], [-56.18664, -6.71365], [-56.17888, -6.71434], [-56.17863, -6.71165], [-56.17046, -6.71013], [-56.16786, -6.7063]]], [[[-57.30599, -5.75841], [-57.30705, -5.76583], [-57.31079, -5.7682], [-57.31222, -5.7704], [-57.3128, -5.77274], [-57.31158, -5.77601], [-57.31025, -5.76837], [-57.30474, -5.76415], [-57.30096, -5.76545], [-57.30434, -5.76282], [-57.3054, -5.75026], [-57.29302, -5.75884], [-57.29104, -5.76738], [-57.29761, -5.77143], [-57.29082, -5.76909], [-57.28949, -5.77321], [-57.29092, -5.77606], [-57.29364, -5.77473], [-57.29512, -5.7794], [-57.28927, -5.77627], [-57.28654, -5.78018], [-57.29717, -5.78483], [-57.28641, -5.78274], [-57.28536, -5.79185], [-57.28812, -5.79404], [-57.28331, -5.79384], [-57.29372, -5.80025], [-57.3001, -5.79603], [-57.29437, -5.80048], [-57.30037, -5.80456], [-57.29679, -5.80836], [-57.29411, -5.80172], [-57.28445, -5.79791], [-57.28218, -5.80334], [-57.28175, -5.79579], [-57.27616, -5.79897], [-57.2731, -5.80693], [-57.27452, -5.81347], [-57.26776, -5.81988], [-57.28037, -5.82942], [-57.28511, -5.82823], [-57.28214, -5.83288], [-57.27407, -5.82648], [-57.27282, -5.83073], [-57.2698, -5.83003], [-57.27267, -5.82699], [-57.26642, -5.82163], [-57.265, -5.82518], [-57.26491, -5.81704], [-57.26003, -5.81537], [-57.2562, -5.81832], [-57.25677, -5.82702], [-57.25291, -5.82117], [-57.24844, -5.82828], [-57.24936, -5.83218], [-57.24678, -5.82885], [-57.24495, -5.83426], [-57.2416, -5.8334], [-57.23859, -5.8389], [-57.23447, -5.83808], [-57.23546, -5.83429], [-57.23209, -5.83511], [-57.2398, -5.85198], [-57.23519, -5.85963], [-57.23263, -5.85843], [-57.23916, -5.85133], [-57.23419, -5.84242], [-57.23136, -5.84251], [-57.23143, -5.83768], [-57.22794, -5.83678], [-57.22737, -5.84299], [-57.22694, -5.83709], [-57.20993, -5.84963], [-57.21303, -5.84877], [-57.2142, -5.85148], [-57.21047, -5.85162], [-57.21232, -5.8569], [-57.20792, -5.85445], [-57.19244, -5.86974], [-57.18676, -5.86944], [-57.18457, -5.87254], [-57.18847, -5.88067], [-57.17852, -5.86838], [-57.17525, -5.8688], [-57.17767, -5.87219], [-57.17412, -5.8716], [-57.17355, -5.87563], [-57.17284, -5.86953], [-57.16787, -5.87293], [-57.16807, -5.87051], [-57.16048, -5.87457], [-57.15096, -5.87472], [-57.1494, -5.878], [-57.14826, -5.87513], [-57.14045, -5.8759], [-57.14131, -5.88339], [-57.13843, -5.87512], [-57.13363, -5.87515], [-57.12169, -5.88446], [-57.12565, -5.88769], [-57.12628, -5.8977], [-57.13265, -5.9025], [-57.13082, -5.9052], [-57.14139, -5.90798], [-57.15652, -5.92343], [-57.17515, -5.93205], [-57.17013, -5.93378], [-57.16742, -5.9462], [-57.163, -5.94601], [-57.1606, -5.95173], [-57.16459, -5.95909], [-57.1772, -5.96196], [-57.18307, -5.97584], [-57.19203, -5.97748], [-57.19803, -5.9851], [-57.21624, -5.99538], [-57.21665, -6.00111], [-57.23173, -6.00949], [-57.23937, -6.02297], [-57.24542, -6.04732], [-57.23524, -6.04431], [-57.23859, -6.04976], [-57.23755, -6.05975], [-57.24895, -6.07737], [-57.24519, -6.10765], [-57.26391, -6.13213], [-57.27149, -6.13715], [-57.28032, -6.1362], [-57.27768, -6.13869], [-57.28278, -6.14339], [-57.28019, -6.15044], [-57.27052, -6.14808], [-57.26365, -6.15163], [-57.26236, -6.15685], [-57.25602, -6.15913], [-57.25398, -6.17267], [-57.25137, -6.17414], [-57.2512, -6.19646], [-57.25666, -6.20266], [-57.26349, -6.22913], [-57.27549, -6.24334], [-57.27619, -6.25298], [-57.2883, -6.26238], [-57.30619, -6.28768], [-57.30461, -6.2988], [-57.30781, -6.30782], [-57.30258, -6.31327], [-57.30453, -6.31591], [-57.30105, -6.32142], [-57.32788, -6.34229], [-57.33891, -6.32823], [-57.34676, -6.32717], [-57.37105, -6.30848], [-57.38308, -6.28636], [-57.39021, -6.27947], [-57.4046, -6.27491], [-57.43432, -6.27291], [-57.44323, -6.28073], [-57.44774, -6.28107], [-57.47585, -6.26308], [-57.48091, -6.25448], [-57.49723, -6.24455], [-57.50744, -6.24941], [-57.51402, -6.24418], [-57.52356, -6.24614], [-57.52828, -6.2243], [-57.53226, -6.22357], [-57.53002, -6.22681], [-57.53205, -6.22968], [-57.54038, -6.22823], [-57.54173, -6.20828], [-57.54628, -6.20043], [-57.56245, -6.19966], [-57.56337, -6.19453], [-57.56615, -6.19619], [-57.5808, -6.19044], [-57.58409, -6.18463], [-57.58646, -6.18775], [-57.58874, -6.18613], [-57.58605, -6.17904], [-57.59143, -6.17365], [-57.58924, -6.16284], [-57.59437, -6.16503], [-57.60183, -6.15659], [-57.60932, -6.15946], [-57.61083, -6.16341], [-57.60982, -6.1562], [-57.61428, -6.15488], [-57.61495, -6.1504], [-57.61279, -6.14728], [-57.62108, -6.1438], [-57.62208, -6.1383], [-57.6334, -6.12864], [-57.62108, -6.13575], [-57.61816, -6.14131], [-57.61392, -6.1387], [-57.61247, -6.14104], [-57.61093, -6.14137], [-57.61444, -6.13815], [-57.61304, -6.13501], [-57.61013, -6.13935], [-57.60791, -6.13422], [-57.60166, -6.13598], [-57.60749, -6.12818], [-57.61079, -6.12968], [-57.61609, -6.11612], [-57.61082, -6.10616], [-57.61141, -6.11175], [-57.61024, -6.10829], [-57.60703, -6.10976], [-57.60075, -6.10565], [-57.59768, -6.1085], [-57.59639, -6.10763], [-57.59637, -6.10916], [-57.59358, -6.1107], [-57.58922, -6.11122], [-57.58805, -6.11343], [-57.58627, -6.11115], [-57.58747, -6.11574], [-57.58426, -6.12041], [-57.58411, -6.11364], [-57.57711, -6.12203], [-57.57518, -6.12022], [-57.5783, -6.11642], [-57.57477, -6.11719], [-57.57314, -6.12242], [-57.56981, -6.1255], [-57.56799, -6.12286], [-57.56981, -6.11976], [-57.5723, -6.12139], [-57.57243, -6.11376], [-57.56484, -6.12107], [-57.55856, -6.1212], [-57.55783, -6.11816], [-57.55593, -6.11926], [-57.55598, -6.1236], [-57.5536, -6.12245], [-57.55282, -6.12742], [-57.55179, -6.1286], [-57.55225, -6.12398], [-57.54149, -6.12821], [-57.53623, -6.12602], [-57.53447, -6.12372], [-57.53258, -6.12807], [-57.52513, -6.12859], [-57.52259, -6.13358], [-57.51667, -6.13322], [-57.50908, -6.14075], [-57.5034, -6.14233], [-57.49834, -6.14097], [-57.49597, -6.14295], [-57.49704, -6.14662], [-57.49201, -6.15495], [-57.49061, -6.1528], [-57.48281, -6.15765], [-57.47919, -6.15622], [-57.4936, -6.1509], [-57.49356, -6.14705], [-57.4885, -6.14864], [-57.48668, -6.14822], [-57.49604, -6.14623], [-57.49525, -6.14191], [-57.49913, -6.13972], [-57.49423, -6.1355], [-57.50337, -6.14169], [-57.50858, -6.14046], [-57.51503, -6.13256], [-57.52236, -6.13301], [-57.52176, -6.12992], [-57.53053, -6.12511], [-57.53229, -6.12733], [-57.53117, -6.12509], [-57.53549, -6.1219], [-57.54117, -6.12663], [-57.54397, -6.12373], [-57.55375, -6.121], [-57.55521, -6.12236], [-57.55445, -6.11937], [-57.5571, -6.11755], [-57.56441, -6.12023], [-57.57243, -6.11256], [-57.579, -6.1154], [-57.58639, -6.10998], [-57.5933, -6.11006], [-57.59613, -6.10712], [-57.59804, -6.10792], [-57.60066, -6.10505], [-57.60308, -6.10678], [-57.60775, -6.10553], [-57.60556, -6.10238], [-57.60498, -6.10595], [-57.60264, -6.10368], [-57.60868, -6.09609], [-57.60952, -6.07555], [-57.61358, -6.06376], [-57.60996, -6.05898], [-57.60463, -6.05781], [-57.60417, -6.05647], [-57.61021, -6.05828], [-57.6144, -6.06368], [-57.61632, -6.0612], [-57.63574, -6.01624], [-57.63097, -6.01245], [-57.63683, -6.01454], [-57.63853, -6.01126], [-57.63922, -6.00295], [-57.63442, -6.00121], [-57.63956, -6.00162], [-57.64389, -5.99198], [-57.63706, -5.97839], [-57.63934, -5.96404], [-57.63732, -5.96065], [-57.63313, -5.95906], [-57.63147, -5.9628], [-57.63085, -5.96314], [-57.63173, -5.95767], [-57.62761, -5.95451], [-57.61892, -5.95039], [-57.6179, -5.95241], [-57.61563, -5.94825], [-57.60923, -5.9476], [-57.59833, -5.93993], [-57.59623, -5.94598], [-57.59434, -5.93896], [-57.59172, -5.9375], [-57.59011, -5.94065], [-57.58967, -5.9408], [-57.5911, -5.93683], [-57.58693, -5.93094], [-57.58216, -5.93866], [-57.58489, -5.92982], [-57.57789, -5.93009], [-57.57324, -5.94314], [-57.57198, -5.93996], [-57.56994, -5.94266], [-57.57303, -5.93577], [-57.56432, -5.93723], [-57.56109, -5.93612], [-57.57568, -5.93313], [-57.57739, -5.92462], [-57.56542, -5.91748], [-57.56324, -5.91904], [-57.55936, -5.9106], [-57.55281, -5.90933], [-57.55497, -5.91484], [-57.5524, -5.92103], [-57.55313, -5.9139], [-57.54884, -5.91173], [-57.54424, -5.9171], [-57.54669, -5.92057], [-57.54099, -5.91956], [-57.54128, -5.92713], [-57.54855, -5.93039], [-57.53658, -5.92623], [-57.53988, -5.92197], [-57.53613, -5.9153], [-57.53923, -5.91178], [-57.53183, -5.90786], [-57.52764, -5.89094], [-57.5165, -5.88431], [-57.51289, -5.87311], [-57.5057, -5.86942], [-57.50471, -5.8738], [-57.50255, -5.87359], [-57.50376, -5.86922], [-57.49768, -5.8605], [-57.49835, -5.89456], [-57.50099, -5.89508], [-57.49976, -5.90051], [-57.50371, -5.91008], [-57.50249, -5.92267], [-57.49685, -5.93472], [-57.49527, -5.93394], [-57.50232, -5.92204], [-57.50269, -5.91182], [-57.49983, -5.90193], [-57.49714, -5.90265], [-57.49353, -5.86752], [-57.48903, -5.87037], [-57.49356, -5.85955], [-57.48759, -5.8554], [-57.47284, -5.87344], [-57.47567, -5.86451], [-57.46985, -5.86513], [-57.46561, -5.86399], [-57.47595, -5.86402], [-57.47964, -5.85838], [-57.49423, -5.84903], [-57.47782, -5.84387], [-57.48283, -5.84095], [-57.47549, -5.83624], [-57.47441, -5.82759], [-57.46541, -5.82864], [-57.45657, -5.8364], [-57.45257, -5.83664], [-57.46559, -5.82558], [-57.46385, -5.8227], [-57.45774, -5.82243], [-57.45911, -5.82539], [-57.45758, -5.82388], [-57.45561, -5.82893], [-57.45632, -5.82308], [-57.45213, -5.82482], [-57.45505, -5.82175], [-57.44921, -5.81992], [-57.44589, -5.82446], [-57.44569, -5.82005], [-57.45127, -5.81606], [-57.45005, -5.80267], [-57.44619, -5.80227], [-57.44874, -5.80814], [-57.44579, -5.80685], [-57.44466, -5.80932], [-57.44437, -5.80232], [-57.43187, -5.79915], [-57.42503, -5.80318], [-57.42548, -5.79995], [-57.41568, -5.79642], [-57.41345, -5.80059], [-57.42097, -5.80865], [-57.42801, -5.81147], [-57.43009, -5.80913], [-57.43159, -5.80852], [-57.42846, -5.81339], [-57.41312, -5.80457], [-57.41034, -5.81211], [-57.40678, -5.81268], [-57.40911, -5.81538], [-57.40662, -5.81553], [-57.40662, -5.82284], [-57.40332, -5.82151], [-57.40608, -5.8262], [-57.40531, -5.83103], [-57.40937, -5.83601], [-57.4059, -5.83273], [-57.40406, -5.83464], [-57.40434, -5.83121], [-57.40189, -5.83431], [-57.41159, -5.87538], [-57.41375, -5.88687], [-57.41264, -5.88794], [-57.41509, -5.89183], [-57.41657, -5.89774], [-57.42014, -5.89667], [-57.42708, -5.91121], [-57.42715, -5.91356], [-57.42524, -5.91782], [-57.42787, -5.91762], [-57.42873, -5.91909], [-57.4286, -5.93653], [-57.42743, -5.94027], [-57.42386, -5.94194], [-57.42705, -5.93982], [-57.42823, -5.9321], [-57.42822, -5.91929], [-57.42475, -5.91761], [-57.42672, -5.91199], [-57.41993, -5.89697], [-57.41648, -5.8979], [-57.41238, -5.88839], [-57.40119, -5.84035], [-57.40099, -5.83231], [-57.40348, -5.83032], [-57.40479, -5.82478], [-57.40164, -5.82878], [-57.40135, -5.82394], [-57.40532, -5.8128], [-57.4078, -5.81183], [-57.40687, -5.79939], [-57.40405, -5.8068], [-57.40048, -5.79276], [-57.39579, -5.79518], [-57.39594, -5.80111], [-57.39472, -5.79548], [-57.3894, -5.79687], [-57.39004, -5.80221], [-57.38784, -5.79962], [-57.38581, -5.80146], [-57.38753, -5.80544], [-57.38501, -5.80315], [-57.38282, -5.8053], [-57.38269, -5.81219], [-57.38515, -5.81317], [-57.3886, -5.81616], [-57.39002, -5.81818], [-57.38847, -5.82202], [-57.38866, -5.81659], [-57.38097, -5.8137], [-57.38036, -5.8228], [-57.3816, -5.82642], [-57.38251, -5.82256], [-57.38447, -5.83211], [-57.3845, -5.84771], [-57.38345, -5.85246], [-57.37954, -5.85971], [-57.38379, -5.84793], [-57.38178, -5.84608], [-57.36993, -5.85571], [-57.36176, -5.85644], [-57.357, -5.8537], [-57.35195, -5.85843], [-57.35659, -5.85285], [-57.36961, -5.85509], [-57.38325, -5.84199], [-57.38264, -5.82888], [-57.37946, -5.82351], [-57.37931, -5.81626], [-57.38202, -5.80933], [-57.37919, -5.8094], [-57.37387, -5.80119], [-57.37977, -5.80445], [-57.38113, -5.79933], [-57.37796, -5.79734], [-57.38188, -5.79842], [-57.38319, -5.79407], [-57.3778, -5.78453], [-57.36767, -5.78315], [-57.36538, -5.78589], [-57.36525, -5.78375], [-57.35559, -5.78417], [-57.35054, -5.79468], [-57.35284, -5.78399], [-57.3448, -5.78181], [-57.34352, -5.78447], [-57.34348, -5.78115], [-57.33826, -5.77869], [-57.33741, -5.78279], [-57.33372, -5.77476], [-57.32972, -5.77717], [-57.33094, -5.77845], [-57.33405, -5.79268], [-57.33671, -5.79485], [-57.34126, -5.79365], [-57.34284, -5.7944], [-57.337, -5.79553], [-57.33387, -5.79329], [-57.33179, -5.7962], [-57.33348, -5.79196], [-57.32932, -5.77959], [-57.326, -5.78642], [-57.32663, -5.79431], [-57.32558, -5.78557], [-57.32198, -5.78521], [-57.32736, -5.78315], [-57.33094, -5.77305], [-57.31024, -5.74983], [-57.30599, -5.75841]]], [[[-56.96996, -5.31617], [-56.96938, -5.32446], [-56.96591, -5.32268], [-56.96325, -5.32631], [-56.97283, -5.33258], [-56.96356, -5.33174], [-56.96467, -5.33745], [-56.9682, -5.33694], [-56.96556, -5.33884], [-56.96611, -5.3426], [-56.96472, -5.34591], [-56.96389, -5.34732], [-56.96472, -5.3394], [-56.96146, -5.33567], [-56.95327, -5.34728], [-56.95381, -5.34204], [-56.96188, -5.33348], [-56.96174, -5.32807], [-56.95382, -5.32849], [-56.95079, -5.33179], [-56.94882, -5.32919], [-56.94313, -5.33035], [-56.94646, -5.33817], [-56.95083, -5.33348], [-56.95328, -5.33564], [-56.94774, -5.33967], [-56.94964, -5.34788], [-56.94549, -5.34482], [-56.94593, -5.33884], [-56.94285, -5.33959], [-56.94188, -5.33646], [-56.93757, -5.33831], [-56.9398, -5.34209], [-56.93706, -5.3426], [-56.93585, -5.34858], [-56.93918, -5.34922], [-56.93695, -5.35081], [-56.9416, -5.35448], [-56.94703, -5.35397], [-56.94219, -5.35658], [-56.94367, -5.3596], [-56.94338, -5.36406], [-56.94132, -5.3552], [-56.93466, -5.35112], [-56.93298, -5.36047], [-56.93785, -5.36873], [-56.94225, -5.36877], [-56.9441, -5.37232], [-56.93873, -5.36983], [-56.93658, -5.37392], [-56.93292, -5.36081], [-56.92729, -5.3632], [-56.92674, -5.37309], [-56.92868, -5.37627], [-56.93118, -5.37458], [-56.92979, -5.37755], [-56.93259, -5.37641], [-56.93127, -5.38074], [-56.93766, -5.38105], [-56.94051, -5.37635], [-56.94228, -5.3775], [-56.94009, -5.38061], [-56.92922, -5.38328], [-56.93344, -5.38779], [-56.93923, -5.38788], [-56.92819, -5.38799], [-56.92899, -5.39137], [-56.93774, -5.39292], [-56.92979, -5.3927], [-56.93059, -5.39618], [-56.92778, -5.39418], [-56.92574, -5.40322], [-56.93019, -5.40504], [-56.93486, -5.40143], [-56.9374, -5.40453], [-56.93202, -5.40563], [-56.93175, -5.40925], [-56.92431, -5.40548], [-56.92364, -5.41321], [-56.93686, -5.41829], [-56.9378, -5.42313], [-56.9453, -5.42018], [-56.93798, -5.4241], [-56.93808, -5.42988], [-56.93648, -5.43212], [-56.93735, -5.42529], [-56.93432, -5.42062], [-56.92965, -5.42559], [-56.93112, -5.4195], [-56.92244, -5.41476], [-56.91345, -5.41968], [-56.91597, -5.42201], [-56.91351, -5.4241], [-56.92003, -5.43113], [-56.92418, -5.42812], [-56.92088, -5.4324], [-56.92742, -5.44645], [-56.92248, -5.44037], [-56.91791, -5.44864], [-56.91988, -5.45114], [-56.91634, -5.45288], [-56.91487, -5.46372], [-56.92055, -5.46781], [-56.91495, -5.46504], [-56.91464, -5.47081], [-56.92264, -5.47546], [-56.91368, -5.47242], [-56.91135, -5.48032], [-56.91467, -5.48273], [-56.92009, -5.48274], [-56.92022, -5.48371], [-56.91108, -5.48247], [-56.90823, -5.49539], [-56.91296, -5.50042], [-56.91818, -5.49762], [-56.92053, -5.49774], [-56.91349, -5.50061], [-56.91016, -5.50092], [-56.91013, -5.50489], [-56.90511, -5.51274], [-56.90721, -5.51497], [-56.90787, -5.51818], [-56.9015, -5.51309], [-56.89959, -5.51624], [-56.88625, -5.527], [-56.8992, -5.51391], [-56.90129, -5.51268], [-56.90454, -5.51227], [-56.90972, -5.50443], [-56.90532, -5.49383], [-56.90949, -5.48005], [-56.90646, -5.47442], [-56.91007, -5.46639], [-56.90591, -5.46398], [-56.904, -5.45897], [-56.90993, -5.46385], [-56.91487, -5.45326], [-56.90976, -5.45443], [-56.90984, -5.45006], [-56.91121, -5.45246], [-56.91666, -5.45167], [-56.91562, -5.44739], [-56.92092, -5.43963], [-56.91229, -5.42704], [-56.90717, -5.43079], [-56.90748, -5.4342], [-56.91127, -5.43352], [-56.90921, -5.43922], [-56.90267, -5.43368], [-56.89257, -5.44069], [-56.8938, -5.44428], [-56.89844, -5.44492], [-56.89953, -5.44804], [-56.8922, -5.44406], [-56.88887, -5.44926], [-56.89011, -5.45459], [-56.89499, -5.45389], [-56.89137, -5.45622], [-56.89465, -5.46089], [-56.88777, -5.45287], [-56.8833, -5.4555], [-56.88349, -5.4593], [-56.8868, -5.45895], [-56.88749, -5.45967], [-56.88438, -5.45975], [-56.88457, -5.46237], [-56.89065, -5.46642], [-56.89042, -5.46813], [-56.88651, -5.46676], [-56.88118, -5.45876], [-56.87262, -5.45948], [-56.87404, -5.46746], [-56.87983, -5.4702], [-56.88003, -5.47133], [-56.87444, -5.46852], [-56.87215, -5.47137], [-56.87321, -5.46679], [-56.86874, -5.46379], [-56.86434, -5.4723], [-56.86939, -5.47797], [-56.86326, -5.47409], [-56.85908, -5.47535], [-56.86006, -5.48053], [-56.86717, -5.48298], [-56.87301, -5.49014], [-56.87919, -5.48874], [-56.88081, -5.48962], [-56.87439, -5.49168], [-56.87854, -5.50101], [-56.87458, -5.50009], [-56.87421, -5.49317], [-56.86961, -5.49891], [-56.87256, -5.49329], [-56.86954, -5.48879], [-56.8655, -5.49302], [-56.86813, -5.4878], [-56.86513, -5.48555], [-56.86353, -5.4882], [-56.86058, -5.48285], [-56.85872, -5.48497], [-56.85619, -5.47459], [-56.8521, -5.48043], [-56.85442, -5.48927], [-56.8573, -5.49001], [-56.85437, -5.49092], [-56.85364, -5.498], [-56.85004, -5.48194], [-56.8443, -5.4801], [-56.83655, -5.48246], [-56.83695, -5.48685], [-56.8419, -5.48639], [-56.83883, -5.48751], [-56.83957, -5.49057], [-56.83735, -5.48797], [-56.83551, -5.48967], [-56.83523, -5.49328], [-56.84162, -5.49449], [-56.84605, -5.48982], [-56.84289, -5.49475], [-56.84523, -5.49896], [-56.84122, -5.49527], [-56.83498, -5.49555], [-56.83652, -5.50278], [-56.84256, -5.50327], [-56.84448, -5.50848], [-56.83644, -5.50354], [-56.83426, -5.50928], [-56.83534, -5.50131], [-56.83374, -5.4965], [-56.83174, -5.49849], [-56.83207, -5.49328], [-56.83136, -5.49667], [-56.82155, -5.49823], [-56.81954, -5.50197], [-56.82399, -5.50455], [-56.82673, -5.51158], [-56.81931, -5.50439], [-56.81325, -5.51081], [-56.81367, -5.51593], [-56.82038, -5.51525], [-56.82158, -5.51854], [-56.82446, -5.51699], [-56.82692, -5.51969], [-56.82973, -5.51642], [-56.82906, -5.52299], [-56.83267, -5.52478], [-56.83707, -5.52232], [-56.83391, -5.52583], [-56.83554, -5.52763], [-56.83769, -5.53116], [-56.82519, -5.52084], [-56.82545, -5.52689], [-56.82469, -5.53068], [-56.8244, -5.53083], [-56.82273, -5.52085], [-56.81156, -5.51583], [-56.81257, -5.527], [-56.81627, -5.52943], [-56.81679, -5.52901], [-56.81742, -5.5278], [-56.81844, -5.52666], [-56.81679, -5.52966], [-56.819, -5.53185], [-56.81993, -5.53324], [-56.81143, -5.52744], [-56.807, -5.5369], [-56.81291, -5.54403], [-56.81716, -5.54369], [-56.82158, -5.5451], [-56.81624, -5.54615], [-56.80797, -5.54269], [-56.80595, -5.53327], [-56.80424, -5.53466], [-56.79932, -5.53549], [-56.7971, -5.54169], [-56.79876, -5.53576], [-56.81036, -5.5266], [-56.8101, -5.52325], [-56.80662, -5.52245], [-56.78329, -5.54988], [-56.78136, -5.5603], [-56.78603, -5.56149], [-56.79415, -5.55791], [-56.80426, -5.56512], [-56.79411, -5.5605], [-56.78965, -5.56391], [-56.77761, -5.56459], [-56.77087, -5.57066], [-56.77926, -5.58032], [-56.77041, -5.57331], [-56.76371, -5.57779], [-56.76563, -5.58318], [-56.76036, -5.58024], [-56.75642, -5.59199], [-56.75373, -5.58815], [-56.7492, -5.59719], [-56.75585, -5.61826], [-56.75058, -5.6023], [-56.74614, -5.598], [-56.73151, -5.60746], [-56.72729, -5.60516], [-56.72418, -5.60995], [-56.71509, -5.61063], [-56.71551, -5.63489], [-56.71244, -5.63751], [-56.71196, -5.64922], [-56.7044, -5.66036], [-56.7123, -5.63402], [-56.71359, -5.61645], [-56.70923, -5.61225], [-56.69226, -5.62531], [-56.67789, -5.64513], [-56.66711, -5.64825], [-56.66015, -5.65745], [-56.66147, -5.66227], [-56.64498, -5.66149], [-56.63429, -5.66639], [-56.62723, -5.6737], [-56.62306, -5.67253], [-56.61902, -5.67611], [-56.61914, -5.67308], [-56.61527, -5.67348], [-56.60627, -5.68091], [-56.59052, -5.68257], [-56.59046, -5.68643], [-56.58619, -5.68163], [-56.5943, -5.67715], [-56.6021, -5.67896], [-56.61424, -5.67079], [-56.62568, -5.67057], [-56.63601, -5.66225], [-56.64382, -5.66025], [-56.64132, -5.65358], [-56.64678, -5.66003], [-56.65451, -5.6595], [-56.65867, -5.65407], [-56.64597, -5.65162], [-56.64424, -5.64813], [-56.65335, -5.65049], [-56.66122, -5.64896], [-56.66426, -5.64449], [-56.6697, -5.64669], [-56.67617, -5.64247], [-56.68764, -5.63085], [-56.68397, -5.62711], [-56.69338, -5.62077], [-56.69319, -5.61775], [-56.70914, -5.6071], [-56.71373, -5.60754], [-56.7092, -5.60061], [-56.71031, -5.59631], [-56.71404, -5.6038], [-56.73497, -5.60013], [-56.73881, -5.59292], [-56.74575, -5.59151], [-56.74119, -5.57978], [-56.74702, -5.58155], [-56.75418, -5.57329], [-56.76318, -5.57396], [-56.76199, -5.56687], [-56.76464, -5.56287], [-56.43375, -5.56177], [-56.43666, -5.59114], [-56.44189, -5.59829], [-56.4407, -5.60462], [-56.43728, -5.60736], [-56.42972, -5.63585], [-56.4041, -5.646], [-56.40414, -5.67259], [-56.35415, -5.68575], [-56.34106, -5.68247], [-56.32271, -5.69486], [-56.31377, -5.68874], [-56.30955, -5.6891], [-56.28874, -5.69779], [-56.28219, -5.69538], [-56.26792, -5.69977], [-56.26317, -5.69672], [-56.25947, -5.70047], [-56.24923, -5.69978], [-56.24561, -5.70313], [-56.2422, -5.71182], [-56.2323, -5.72175], [-56.24365, -5.73305], [-56.25231, -5.73277], [-56.26079, -5.72417], [-56.26683, -5.72508], [-56.26586, -5.73117], [-56.27419, -5.74282], [-56.27417, -5.75016], [-56.28009, -5.75233], [-56.28197, -5.75956], [-56.27942, -5.76379], [-56.28363, -5.76569], [-56.27417, -5.77479], [-56.27869, -5.78137], [-56.27739, -5.78834], [-56.26577, -5.78954], [-56.24715, -5.80194], [-56.24356, -5.80904], [-56.23061, -5.8142], [-56.2282, -5.83093], [-56.21708, -5.84177], [-56.21542, -5.85232], [-56.20295, -5.86373], [-56.19847, -5.88038], [-56.18883, -5.88128], [-56.18403, -5.89205], [-56.17208, -5.89344], [-56.16903, -5.90344], [-56.16125, -5.90455], [-56.16125, -5.92094], [-56.15597, -5.9276], [-56.1557, -5.93316], [-56.16236, -5.9351], [-56.1604, -5.94777], [-56.14542, -5.94899], [-56.10903, -5.9676], [-56.11042, -5.98038], [-56.1232, -5.98594], [-56.12097, -6.01121], [-56.13264, -6.03649], [-56.1707, -6.05483], [-56.17972, -6.08981], [-56.17473, -6.10198], [-56.17333, -6.11647], [-56.16497, -6.1293], [-56.17197, -6.13302], [-56.16486, -6.15399], [-56.14709, -6.14649], [-56.12486, -6.13038], [-56.07181, -6.11649], [-56.04125, -6.12983], [-56.01227, -6.13554], [-56.00378, -6.14559], [-55.98995, -6.13269], [-55.96401, -6.12786], [-55.95984, -6.12408], [-55.94931, -6.12322], [-55.93501, -6.12742], [-55.92702, -6.12528], [-55.91174, -6.10352], [-55.88832, -6.09275], [-55.87669, -6.09408], [-55.85515, -6.08546], [-55.84862, -6.08759], [-55.85042, -6.10116], [-55.84674, -6.1192], [-55.84645, -6.14839], [-55.83489, -6.16075], [-55.83736, -6.17193], [-55.84886, -6.18111], [-55.84688, -6.18439], [-55.85247, -6.19043], [-55.85085, -6.19936], [-55.85793, -6.21044], [-55.8723, -6.21815], [-55.89146, -6.22108], [-55.89487, -6.22526], [-55.91499, -6.22279], [-55.91828, -6.21403], [-55.92511, -6.21115], [-55.93154, -6.2197], [-55.9296, -6.23214], [-55.93229, -6.24566], [-55.93968, -6.25266], [-55.9401, -6.26077], [-55.93584, -6.27102], [-55.96076, -6.29086], [-55.96597, -6.30091], [-55.97539, -6.30586], [-55.98551, -6.30173], [-55.99501, -6.30989], [-56.00782, -6.3012], [-56.00857, -6.29685], [-56.01805, -6.29684], [-56.0236, -6.29254], [-56.03137, -6.29593], [-56.0449, -6.28547], [-56.05139, -6.2852], [-56.05339, -6.29211], [-56.0496, -6.29707], [-56.05612, -6.30387], [-56.05686, -6.3106], [-56.06227, -6.30761], [-56.0695, -6.31594], [-56.05534, -6.32694], [-56.06214, -6.33188], [-56.06049, -6.33427], [-56.06516, -6.34281], [-56.08082, -6.35045], [-56.07868, -6.35816], [-56.09523, -6.36972], [-56.11918, -6.37209], [-56.14551, -6.38508], [-56.16595, -6.38084], [-56.16793, -6.38791], [-56.18391, -6.40163], [-56.18855, -6.41892], [-56.19968, -6.43297], [-56.19992, -6.43996], [-56.18976, -6.4486], [-56.19142, -6.45347], [-56.20543, -6.46582], [-56.22024, -6.47149], [-56.22817, -6.48086], [-56.23233, -6.50049], [-56.2423, -6.50453], [-56.24058, -6.51311], [-56.24381, -6.54214], [-56.23737, -6.55901], [-56.2268, -6.5648], [-56.22514, -6.56947], [-56.24747, -6.5698], [-56.26021, -6.56363], [-56.27637, -6.54569], [-56.30229, -6.53989], [-56.32571, -6.55482], [-56.35147, -6.56288], [-56.36754, -6.57798], [-56.38842, -6.58746], [-56.4039, -6.60532], [-56.42129, -6.60663], [-56.42966, -6.61857], [-56.4194, -6.62961], [-56.42191, -6.64099], [-56.41531, -6.65368], [-56.41871, -6.6608], [-56.42902, -6.6575], [-56.45282, -6.67702], [-56.46621, -6.6795], [-56.47304, -6.68736], [-56.48892, -6.69521], [-56.49418, -6.70553], [-56.51036, -6.7227], [-56.53967, -6.74383], [-56.5482, -6.74111], [-56.55009, -6.73608], [-56.56778, -6.72966], [-56.57594, -6.7142], [-56.59194, -6.71649], [-56.60771, -6.72359], [-56.61139, -6.72118], [-56.63057, -6.72268], [-56.63423, -6.71882], [-56.64109, -6.71855], [-56.64751, -6.7114], [-56.6513, -6.71186], [-56.66293, -6.69924], [-56.67024, -6.69773], [-56.67699, -6.70105], [-56.69649, -6.69579], [-56.70013, -6.69803], [-56.7128, -6.68675], [-56.72805, -6.68561], [-56.7297, -6.67923], [-56.74079, -6.67296], [-56.75409, -6.65519], [-56.79119, -6.69631], [-56.80282, -6.69264], [-56.81304, -6.7066], [-56.83723, -6.71634], [-56.8631, -6.72029], [-56.87357, -6.72484], [-56.87696, -6.71562], [-56.89345, -6.70055], [-56.88687, -6.70101], [-56.87804, -6.69139], [-56.88465, -6.67809], [-56.88605, -6.6657], [-56.87813, -6.66267], [-56.86614, -6.66494], [-56.86897, -6.65592], [-56.86611, -6.6473], [-56.8537, -6.64311], [-56.84926, -6.61952], [-56.84145, -6.62082], [-56.8358, -6.61745], [-56.84943, -6.59573], [-56.85536, -6.59566], [-56.85903, -6.5849], [-56.85736, -6.56704], [-56.85141, -6.56214], [-56.85237, -6.55014], [-56.84456, -6.54059], [-56.85108, -6.53668], [-56.8526, -6.5271], [-56.84981, -6.52258], [-56.84316, -6.52494], [-56.83838, -6.52019], [-56.83379, -6.50596], [-56.83965, -6.50325], [-56.84258, -6.49489], [-56.83675, -6.49233], [-56.83802, -6.48631], [-56.82939, -6.48396], [-56.82367, -6.47836], [-56.82231, -6.47226], [-56.82906, -6.46792], [-56.82466, -6.45547], [-56.80791, -6.45649], [-56.80894, -6.44504], [-56.80146, -6.43793], [-56.80268, -6.41548], [-56.7899, -6.40995], [-56.78631, -6.40471], [-56.79323, -6.3937], [-56.79115, -6.38827], [-56.7846, -6.38847], [-56.78768, -6.37893], [-56.786, -6.37285], [-56.77639, -6.37019], [-56.76634, -6.3611], [-56.75683, -6.33441], [-56.74353, -6.32956], [-56.74273, -6.32361], [-56.74654, -6.316], [-56.72443, -6.30137], [-56.71886, -6.28741], [-56.71943, -6.28147], [-56.72894, -6.28179], [-56.7269, -6.26671], [-56.73775, -6.26531], [-56.73747, -6.25155], [-56.74416, -6.23919], [-56.73709, -6.22998], [-56.74389, -6.22736], [-56.73957, -6.21661], [-56.74397, -6.20761], [-56.72638, -6.19036], [-56.73616, -6.17723], [-56.7416, -6.17803], [-56.74119, -6.17555], [-56.74554, -6.17416], [-56.74487, -6.16857], [-56.75524, -6.15787], [-56.75388, -6.14166], [-56.74965, -6.13616], [-56.75194, -6.13234], [-56.73761, -6.11721], [-56.72668, -6.11135], [-56.72155, -6.08392], [-56.72553, -6.07771], [-56.7251, -6.07217], [-56.71838, -6.07246], [-56.71387, -6.06791], [-56.70957, -6.07072], [-56.70228, -6.0601], [-56.69748, -6.06085], [-56.69332, -6.07029], [-56.68616, -6.06534], [-56.67815, -6.06441], [-56.66792, -6.04581], [-56.65809, -6.0396], [-56.65946, -6.04591], [-56.65095, -6.05014], [-56.63757, -6.03854], [-56.63341, -6.03973], [-56.62818, -6.03491], [-56.6319, -6.02798], [-56.62733, -6.02006], [-56.60941, -6.02301], [-56.60362, -6.02013], [-56.59857, -6.01339], [-56.5994, -6.00005], [-56.62767, -5.99727], [-56.64069, -5.98767], [-56.66742, -5.98281], [-56.68571, -5.97196], [-56.71364, -5.97158], [-56.72777, -5.96761], [-56.74442, -5.976], [-56.76501, -5.97594], [-56.78141, -5.98202], [-56.82528, -5.98282], [-56.83, -5.98606], [-56.834, -6.00128], [-56.84033, -6.00586], [-56.90444, -6.01649], [-56.91878, -6.01345], [-56.93998, -5.99763], [-56.96999, -5.99769], [-56.97359, -5.99345], [-56.9638, -5.9792], [-56.96167, -5.95938], [-56.95536, -5.94943], [-56.96151, -5.9385], [-56.95285, -5.94204], [-56.95038, -5.9402], [-56.95582, -5.93489], [-56.9637, -5.93639], [-56.97138, -5.93254], [-56.9767, -5.93488], [-56.99391, -5.93121], [-56.98946, -5.92782], [-56.9987, -5.92014], [-57.0176, -5.91737], [-57.02177, -5.91352], [-57.0184, -5.90905], [-57.00119, -5.91453], [-56.99411, -5.91222], [-56.98625, -5.91582], [-56.9803, -5.91518], [-57.01417, -5.90723], [-57.01029, -5.90169], [-57.01789, -5.90476], [-57.0254, -5.89806], [-57.04881, -5.89811], [-57.05546, -5.90451], [-57.06433, -5.90665], [-57.07455, -5.90339], [-57.08686, -5.89478], [-57.09355, -5.88316], [-57.08976, -5.88171], [-57.08816, -5.88607], [-57.08477, -5.89013], [-57.08923, -5.88225], [-57.0886, -5.87946], [-57.09031, -5.8713], [-57.08923, -5.8798], [-57.09334, -5.88229], [-57.09795, -5.87949], [-57.11432, -5.8837], [-57.12193, -5.87668], [-57.11414, -5.87341], [-57.10902, -5.86275], [-57.10934, -5.85904], [-57.1173, -5.87398], [-57.12346, -5.86744], [-57.12128, -5.86391], [-57.12057, -5.8606], [-57.12277, -5.85734], [-57.1217, -5.86317], [-57.12469, -5.86585], [-57.11948, -5.87484], [-57.1227, -5.87603], [-57.13122, -5.87218], [-57.13042, -5.86829], [-57.13548, -5.8629], [-57.14471, -5.86493], [-57.15186, -5.86157], [-57.15343, -5.86355], [-57.15529, -5.85989], [-57.15551, -5.86279], [-57.15313, -5.86393], [-57.13235, -5.8672], [-57.13362, -5.87199], [-57.13832, -5.87292], [-57.18911, -5.86315], [-57.19286, -5.85854], [-57.19627, -5.86038], [-57.19887, -5.85148], [-57.21122, -5.84195], [-57.20947, -5.83594], [-57.20375, -5.83797], [-57.20493, -5.83426], [-57.21248, -5.83257], [-57.20604, -5.83044], [-57.2053, -5.82944], [-57.21269, -5.83225], [-57.21911, -5.8283], [-57.21189, -5.83408], [-57.21317, -5.84121], [-57.22381, -5.83455], [-57.22325, -5.83097], [-57.22765, -5.83246], [-57.22709, -5.82687], [-57.22992, -5.83078], [-57.24161, -5.81975], [-57.23844, -5.81735], [-57.22971, -5.82027], [-57.23582, -5.81676], [-57.21686, -5.81292], [-57.21266, -5.80858], [-57.20907, -5.81224], [-57.20744, -5.81002], [-57.21137, -5.80802], [-57.2142, -5.80838], [-57.22147, -5.81301], [-57.23332, -5.81271], [-57.23787, -5.81597], [-57.24064, -5.81208], [-57.24185, -5.81594], [-57.25188, -5.8105], [-57.25155, -5.80779], [-57.26771, -5.8149], [-57.27053, -5.80778], [-57.26304, -5.80586], [-57.26152, -5.8042], [-57.26854, -5.80471], [-57.27201, -5.79712], [-57.278, -5.79413], [-57.28188, -5.78275], [-57.27407, -5.78005], [-57.2701, -5.78333], [-57.26853, -5.7809], [-57.26421, -5.79112], [-57.26314, -5.78853], [-57.25642, -5.79044], [-57.26385, -5.78694], [-57.26758, -5.78005], [-57.26583, -5.77786], [-57.24836, -5.77839], [-57.24751, -5.77957], [-57.24429, -5.78011], [-57.23956, -5.78404], [-57.23882, -5.78376], [-57.24297, -5.77973], [-57.25064, -5.77702], [-57.25077, -5.77337], [-57.25234, -5.77718], [-57.262, -5.77605], [-57.26256, -5.77118], [-57.2637, -5.7764], [-57.28089, -5.77964], [-57.28366, -5.76795], [-57.27346, -5.76914], [-57.28341, -5.76625], [-57.28358, -5.76251], [-57.27998, -5.76198], [-57.28564, -5.75927], [-57.28428, -5.75259], [-57.28613, -5.75536], [-57.29096, -5.75334], [-57.29013, -5.75033], [-57.29553, -5.74961], [-57.29358, -5.74712], [-57.29674, -5.74871], [-57.30856, -5.73815], [-57.30553, -5.73446], [-57.30583, -5.7379], [-57.30436, -5.73554], [-57.29592, -5.73769], [-57.30431, -5.73433], [-57.30186, -5.72448], [-57.29483, -5.7299], [-57.29072, -5.72864], [-57.28823, -5.73161], [-57.28039, -5.73322], [-57.2791, -5.7438], [-57.27244, -5.75075], [-57.27775, -5.74287], [-57.27829, -5.733], [-57.28324, -5.72998], [-57.29189, -5.72832], [-57.29, -5.72449], [-57.29438, -5.72662], [-57.29983, -5.72214], [-57.2979, -5.71289], [-57.30501, -5.69349], [-57.30096, -5.68865], [-57.29128, -5.6867], [-57.28935, -5.69394], [-57.28799, -5.69099], [-57.2816, -5.6932], [-57.28909, -5.68994], [-57.2892, -5.68586], [-57.27589, -5.67453], [-57.26913, -5.65866], [-57.26125, -5.65928], [-57.2607, -5.67471], [-57.25792, -5.68122], [-57.26009, -5.67177], [-57.25695, -5.65708], [-57.24973, -5.65537], [-57.24719, -5.65754], [-57.24666, -5.65484], [-57.23286, -5.66176], [-57.25087, -5.65032], [-57.23936, -5.6454], [-57.2359, -5.64912], [-57.23663, -5.63974], [-57.22901, -5.64061], [-57.22808, -5.64484], [-57.22715, -5.64054], [-57.21953, -5.64027], [-57.21312, -5.64653], [-57.21809, -5.63968], [-57.21405, -5.63966], [-57.20924, -5.6334], [-57.20145, -5.64276], [-57.20324, -5.65253], [-57.20056, -5.64964], [-57.19863, -5.66172], [-57.19963, -5.64464], [-57.18789, -5.65456], [-57.19401, -5.64785], [-57.18951, -5.64356], [-57.19442, -5.64686], [-57.19749, -5.64515], [-57.20099, -5.63955], [-57.19555, -5.63637], [-57.2023, -5.63772], [-57.21209, -5.62337], [-57.20229, -5.61203], [-57.19072, -5.61722], [-57.20108, -5.61078], [-57.19894, -5.60399], [-57.20255, -5.61113], [-57.2093, -5.60944], [-57.20902, -5.59769], [-57.20358, -5.59713], [-57.20719, -5.59563], [-57.20545, -5.58966], [-57.1944, -5.59486], [-57.18344, -5.5875], [-57.18235, -5.59151], [-57.18911, -5.59753], [-57.18835, -5.60538], [-57.18842, -5.59838], [-57.18371, -5.59413], [-57.18314, -5.59466], [-57.18258, -5.59711], [-57.18213, -5.59752], [-57.18024, -5.59078], [-57.17219, -5.59553], [-57.17316, -5.5995], [-57.17116, -5.59559], [-57.16112, -5.59864], [-57.16354, -5.59541], [-57.17343, -5.59455], [-57.18024, -5.58707], [-57.16846, -5.58054], [-57.16434, -5.5748], [-57.14751, -5.57729], [-57.14924, -5.57302], [-57.1431, -5.57348], [-57.14525, -5.5776], [-57.15861, -5.58014], [-57.14056, -5.58028], [-57.14136, -5.58815], [-57.15255, -5.59045], [-57.14331, -5.59152], [-57.14508, -5.60076], [-57.14295, -5.60321], [-57.14243, -5.58997], [-57.13927, -5.58813], [-57.13731, -5.59288], [-57.13896, -5.58644], [-57.13272, -5.58673], [-57.13204, -5.58604], [-57.13826, -5.58497], [-57.1366, -5.57573], [-57.13588, -5.57853], [-57.12814, -5.57247], [-57.12355, -5.57935], [-57.12351, -5.59768], [-57.13605, -5.60057], [-57.13375, -5.60706], [-57.13324, -5.6004], [-57.124, -5.5999], [-57.12424, -5.61147], [-57.13189, -5.6174], [-57.14431, -5.61203], [-57.15053, -5.61443], [-57.15068, -5.61538], [-57.14431, -5.61387], [-57.13343, -5.61749], [-57.13683, -5.62678], [-57.13242, -5.61934], [-57.12187, -5.61273], [-57.12017, -5.61763], [-57.12488, -5.62512], [-57.1232, -5.6278], [-57.12377, -5.62405], [-57.11866, -5.61983], [-57.1156, -5.63195], [-57.12441, -5.64033], [-57.13408, -5.63763], [-57.13253, -5.64118], [-57.1457, -5.65092], [-57.13149, -5.6415], [-57.12815, -5.6425], [-57.12087, -5.63891], [-57.11916, -5.64506], [-57.12504, -5.66246], [-57.13192, -5.6721], [-57.13579, -5.67336], [-57.13794, -5.67478], [-57.13237, -5.67343], [-57.13264, -5.68441], [-57.13808, -5.68664], [-57.13968, -5.68906], [-57.13405, -5.68603], [-57.13392, -5.6897], [-57.13219, -5.6883], [-57.13117, -5.6729], [-57.12148, -5.66114], [-57.11787, -5.66494], [-57.11582, -5.66594], [-57.11389, -5.67229], [-57.10945, -5.67602], [-57.11287, -5.67289], [-57.11533, -5.6658], [-57.12084, -5.65858], [-57.11613, -5.64371], [-57.11052, -5.64694], [-57.10664, -5.65557], [-57.09956, -5.65677], [-57.09943, -5.65952], [-57.09702, -5.65616], [-57.09155, -5.6614], [-57.09345, -5.6713], [-57.09289, -5.67612], [-57.09107, -5.66099], [-57.08754, -5.66012], [-57.08182, -5.67455], [-57.08581, -5.68487], [-57.0826, -5.6842], [-57.08053, -5.67505], [-57.07585, -5.67585], [-57.07467, -5.67237], [-57.06737, -5.67151], [-57.06483, -5.67698], [-57.06283, -5.67411], [-57.06126, -5.67572], [-57.06083, -5.68], [-57.06594, -5.68255], [-57.06186, -5.6851], [-57.07164, -5.69601], [-57.068, -5.70941], [-57.07515, -5.71436], [-57.06965, -5.71487], [-57.06787, -5.74447], [-57.07594, -5.76163], [-57.06639, -5.7501], [-57.06107, -5.75965], [-57.05582, -5.76176], [-57.05296, -5.76942], [-57.06422, -5.79039], [-57.0655, -5.80424], [-57.05829, -5.79464], [-57.05708, -5.77869], [-57.05309, -5.77708], [-57.05122, -5.76616], [-57.04776, -5.76356], [-57.03614, -5.76658], [-57.03524, -5.78991], [-56.99153, -5.81277], [-56.99097, -5.81756], [-56.98735, -5.81465], [-56.98772, -5.80829], [-56.99093, -5.81089], [-57.00021, -5.80741], [-57.00369, -5.80129], [-57.01037, -5.79969], [-57.00873, -5.79532], [-57.0218, -5.79574], [-57.03101, -5.78894], [-57.03186, -5.77567], [-57.02946, -5.77373], [-57.03292, -5.77202], [-57.033, -5.76617], [-57.0027, -5.75569], [-56.99721, -5.759], [-56.98611, -5.75331], [-56.98202, -5.74506], [-56.97869, -5.74961], [-56.97958, -5.74566], [-56.97303, -5.74219], [-56.96078, -5.74447], [-56.95353, -5.74149], [-56.94119, -5.74958], [-56.93154, -5.74805], [-56.92177, -5.75447], [-56.9176, -5.75207], [-56.90588, -5.7582], [-56.90314, -5.76704], [-56.90121, -5.76108], [-56.89066, -5.7578], [-56.89834, -5.75799], [-56.90135, -5.75293], [-56.92096, -5.74726], [-56.92345, -5.7509], [-56.92504, -5.74728], [-56.95353, -5.74001], [-56.96672, -5.74059], [-56.9667, -5.73791], [-56.98281, -5.74176], [-56.99369, -5.75436], [-57.01, -5.75448], [-57.01857, -5.75995], [-57.03007, -5.75749], [-57.03543, -5.76097], [-57.04627, -5.75695], [-57.0499, -5.75948], [-57.05367, -5.75788], [-57.06058, -5.74996], [-57.06131, -5.74111], [-57.0643, -5.73879], [-57.06255, -5.71964], [-57.05699, -5.72279], [-57.05057, -5.7235], [-57.06065, -5.71994], [-57.0622, -5.70269], [-57.06597, -5.6987], [-57.05663, -5.68121], [-57.0618, -5.66716], [-57.05494, -5.66819], [-57.05427, -5.6757], [-57.05093, -5.68159], [-57.05294, -5.66752], [-57.04754, -5.66809], [-57.04639, -5.67164], [-57.04631, -5.6693], [-57.04058, -5.67122], [-57.03787, -5.66796], [-57.03391, -5.67465], [-57.0357, -5.67881], [-57.03356, -5.67385], [-57.03756, -5.66612], [-57.02431, -5.67106], [-57.01873, -5.66802], [-57.00845, -5.68347], [-57.00064, -5.6781], [-56.99578, -5.67958], [-56.99569, -5.67487], [-57.0069, -5.67947], [-57.01231, -5.67532], [-57.00281, -5.6726], [-57.0121, -5.67224], [-57.00585, -5.66521], [-57.00873, -5.66142], [-57.005, -5.65666], [-57.00475, -5.65064], [-56.99814, -5.64773], [-56.99207, -5.64926], [-57.00054, -5.64615], [-57.00737, -5.65094], [-57.00619, -5.65657], [-57.00952, -5.66122], [-57.00914, -5.66615], [-57.01386, -5.66989], [-57.01842, -5.66512], [-57.01454, -5.66074], [-57.0149, -5.65709], [-57.01951, -5.65482], [-57.02372, -5.65691], [-57.02402, -5.65463], [-57.02165, -5.6512], [-57.02147, -5.64886], [-57.02477, -5.65425], [-57.02434, -5.65737], [-57.02948, -5.6554], [-57.0305, -5.64458], [-57.03333, -5.64894], [-57.03072, -5.6549], [-57.02306, -5.65875], [-57.01632, -5.65744], [-57.01942, -5.66444], [-57.02784, -5.66667], [-57.03043, -5.66003], [-57.0387, -5.65856], [-57.04, -5.6557], [-57.03757, -5.64923], [-57.03797, -5.64796], [-57.0409, -5.65613], [-57.03793, -5.66038], [-57.03132, -5.66192], [-57.0317, -5.66555], [-57.03771, -5.66436], [-57.04906, -5.66775], [-57.04811, -5.6614], [-57.05174, -5.66657], [-57.05847, -5.66461], [-57.06082, -5.6581], [-57.06162, -5.66414], [-57.06857, -5.6656], [-57.07672, -5.67243], [-57.07988, -5.67077], [-57.07799, -5.66515], [-57.08147, -5.66474], [-57.08055, -5.6614], [-57.08444, -5.65778], [-57.07832, -5.65553], [-57.07414, -5.65773], [-57.07622, -5.65243], [-57.05841, -5.63923], [-57.0544, -5.64021], [-57.0532, -5.64728], [-57.05294, -5.63985], [-57.04785, -5.63719], [-57.04601, -5.64049], [-57.04658, -5.63698], [-57.0475, -5.63674], [-57.054, -5.63902], [-57.06002, -5.63575], [-57.06442, -5.64248], [-57.06723, -5.64045], [-57.06656, -5.64318], [-57.07137, -5.6385], [-57.06783, -5.64437], [-57.07573, -5.6501], [-57.07869, -5.64549], [-57.0778, -5.6523], [-57.08567, -5.6573], [-57.09072, -5.6527], [-57.08784, -5.64627], [-57.08906, -5.64393], [-57.09155, -5.65207], [-57.09956, -5.65307], [-57.1049, -5.64734], [-57.10303, -5.641], [-57.09966, -5.64092], [-57.10437, -5.63588], [-57.10557, -5.64333], [-57.11429, -5.64011], [-57.11006, -5.62659], [-57.10697, -5.62522], [-57.11101, -5.62459], [-57.10944, -5.61941], [-57.09956, -5.62583], [-57.09503, -5.62629], [-57.09462, -5.62922], [-57.09365, -5.62594], [-57.10477, -5.62071], [-57.10223, -5.61134], [-57.10636, -5.6179], [-57.11118, -5.61919], [-57.1143, -5.61348], [-57.11288, -5.6096], [-57.1168, -5.60933], [-57.11291, -5.6013], [-57.1039, -5.60545], [-57.11405, -5.59648], [-57.11398, -5.58762], [-57.11131, -5.58561], [-57.10084, -5.59474], [-57.09799, -5.59983], [-57.09915, -5.60702], [-57.09688, -5.59958], [-57.09384, -5.60144], [-57.09368, -5.60687], [-57.09274, -5.60178], [-57.08446, -5.60083], [-57.07683, -5.6096], [-57.08343, -5.60023], [-57.07989, -5.59274], [-57.08419, -5.60008], [-57.0902, -5.60128], [-57.09938, -5.59501], [-57.08927, -5.59016], [-57.08792, -5.58878], [-57.08726, -5.58697], [-57.0912, -5.58957], [-57.09252, -5.58735], [-57.09915, -5.59295], [-57.1132, -5.58216], [-57.10778, -5.57761], [-57.10798, -5.56931], [-57.10489, -5.56472], [-57.10075, -5.56627], [-57.10258, -5.56302], [-57.09523, -5.5574], [-57.09214, -5.55714], [-57.09189, -5.56075], [-57.09279, -5.56497], [-57.09623, -5.56382], [-57.09337, -5.5656], [-57.09718, -5.56851], [-57.09591, -5.57676], [-57.08938, -5.57977], [-57.09551, -5.57494], [-57.09165, -5.56503], [-57.08939, -5.5661], [-57.0902, -5.55758], [-57.08793, -5.55759], [-57.08157, -5.56477], [-57.08442, -5.56826], [-57.08712, -5.56698], [-57.08609, -5.57188], [-57.08058, -5.56619], [-57.07602, -5.56932], [-57.07989, -5.57323], [-57.07386, -5.57119], [-57.07129, -5.58136], [-57.07634, -5.58511], [-57.0699, -5.58261], [-57.06724, -5.58605], [-57.06992, -5.58911], [-57.06656, -5.58679], [-57.06348, -5.58911], [-57.05883, -5.60452], [-57.0512, -5.61758], [-57.05328, -5.61062], [-57.05013, -5.61011], [-57.05579, -5.60813], [-57.05907, -5.5997], [-57.05905, -5.5876], [-57.06268, -5.58882], [-57.06816, -5.58263], [-57.07123, -5.57213], [-57.06348, -5.5737], [-57.05527, -5.58309], [-57.04861, -5.58538], [-57.05133, -5.5905], [-57.05146, -5.59548], [-57.04759, -5.58776], [-57.04118, -5.59071], [-57.03557, -5.60638], [-57.04108, -5.58989], [-57.03915, -5.58691], [-57.04251, -5.58922], [-57.04956, -5.58284], [-57.0466, -5.57842], [-57.04349, -5.5709], [-57.05141, -5.58149], [-57.05843, -5.57548], [-57.05323, -5.57039], [-57.05064, -5.56561], [-57.05121, -5.56502], [-57.05654, -5.57161], [-57.05894, -5.56969], [-57.05961, -5.57441], [-57.06602, -5.57074], [-57.06655, -5.56753], [-57.06851, -5.5666], [-57.06722, -5.57012], [-57.07203, -5.5701], [-57.07576, -5.56624], [-57.07252, -5.56554], [-57.07457, -5.56289], [-57.07764, -5.56492], [-57.08436, -5.55848], [-57.08371, -5.55393], [-57.0735, -5.5474], [-57.0716, -5.55419], [-57.0753, -5.55767], [-57.07256, -5.56065], [-57.07096, -5.5575], [-57.06856, -5.56241], [-57.06989, -5.55547], [-57.06495, -5.561], [-57.06695, -5.55507], [-57.06174, -5.55456], [-57.05723, -5.56391], [-57.05721, -5.55714], [-57.04996, -5.55822], [-57.04791, -5.56179], [-57.04852, -5.55749], [-57.05971, -5.55486], [-57.05337, -5.55228], [-57.05442, -5.54868], [-57.06255, -5.55377], [-57.07109, -5.55045], [-57.06695, -5.5427], [-57.06481, -5.54488], [-57.05974, -5.54555], [-57.06585, -5.54054], [-57.05652, -5.53231], [-57.05584, -5.54014], [-57.05119, -5.54548], [-57.0544, -5.53528], [-57.05079, -5.53645], [-57.04865, -5.54236], [-57.04855, -5.53787], [-57.04385, -5.53771], [-57.04981, -5.53626], [-57.04798, -5.53041], [-57.05092, -5.53432], [-57.05447, -5.53118], [-57.04905, -5.52392], [-57.04321, -5.52624], [-57.04721, -5.52288], [-57.04144, -5.5163], [-57.03428, -5.52221], [-57.03521, -5.53037], [-57.04209, -5.53001], [-57.03436, -5.53426], [-57.03914, -5.54108], [-57.04153, -5.54896], [-57.03436, -5.53768], [-57.03202, -5.54288], [-57.03262, -5.52344], [-57.02447, -5.53114], [-57.02622, -5.53359], [-57.02592, -5.53488], [-57.02287, -5.53168], [-57.01548, -5.5372], [-57.01843, -5.53927], [-57.0131, -5.54041], [-57.01195, -5.54791], [-57.0157, -5.55423], [-57.02352, -5.54729], [-57.01646, -5.55617], [-57.02285, -5.55863], [-57.03022, -5.55457], [-57.02437, -5.56062], [-57.0377, -5.56695], [-57.03383, -5.56788], [-57.02755, -5.56353], [-57.02561, -5.56765], [-57.02421, -5.56121], [-57.01608, -5.55795], [-57.01325, -5.5724], [-57.02207, -5.57869], [-57.01364, -5.57468], [-57.01092, -5.58056], [-57.01056, -5.58568], [-57.0142, -5.59162], [-57.01596, -5.59587], [-57.0159, -5.59774], [-57.00986, -5.58549], [-57.01478, -5.55928], [-57.00965, -5.54929], [-57.0031, -5.55928], [-57.00723, -5.56153], [-57.00217, -5.56045], [-57.00143, -5.5661], [-56.99856, -5.56364], [-56.99432, -5.56798], [-56.99436, -5.57231], [-56.99945, -5.5728], [-56.9919, -5.57494], [-56.99912, -5.5823], [-56.99108, -5.57813], [-56.99059, -5.58204], [-56.98707, -5.58224], [-56.98478, -5.58685], [-56.98619, -5.5985], [-56.98571, -5.6025], [-56.98332, -5.59573], [-56.98085, -5.59722], [-56.97819, -5.59799], [-56.97538, -5.5971], [-56.98339, -5.59448], [-56.98337, -5.58863], [-56.97986, -5.58916], [-56.98309, -5.5884], [-56.98493, -5.58364], [-56.98667, -5.58183], [-56.99, -5.5807], [-56.9951, -5.5633], [-56.99029, -5.5625], [-56.98727, -5.56595], [-56.98133, -5.56588], [-56.98146, -5.5691], [-56.97919, -5.56654], [-56.9736, -5.57179], [-56.97262, -5.56961], [-56.96931, -5.57135], [-56.97758, -5.56611], [-56.96859, -5.56287], [-56.96604, -5.55973], [-56.97892, -5.56567], [-56.98347, -5.56155], [-56.99869, -5.56038], [-57.00918, -5.54349], [-57.00254, -5.54495], [-56.99864, -5.55114], [-56.99784, -5.55189], [-56.99243, -5.55253], [-56.99178, -5.55219], [-56.99798, -5.55159], [-57.00097, -5.54566], [-57.00411, -5.54309], [-56.99812, -5.53693], [-57.00564, -5.54231], [-57.00911, -5.54156], [-57.01681, -5.52997], [-57.01682, -5.52435], [-57.01857, -5.52997], [-57.02354, -5.52906], [-57.02683, -5.52569], [-57.02287, -5.52473], [-57.02715, -5.52433], [-57.03039, -5.51605], [-57.03575, -5.5119], [-57.02821, -5.50922], [-57.02568, -5.51165], [-57.02586, -5.50883], [-57.01566, -5.50392], [-57.01469, -5.50533], [-57.00115, -5.50307], [-57.0109, -5.50157], [-57.02648, -5.50819], [-57.03649, -5.50674], [-57.03315, -5.49964], [-57.02715, -5.49831], [-57.02508, -5.50152], [-57.02596, -5.49536], [-57.03382, -5.49712], [-57.03372, -5.48955], [-57.03824, -5.48795], [-57.03275, -5.47755], [-57.02701, -5.47912], [-57.02487, -5.47787], [-57.01792, -5.47929], [-57.01423, -5.47811], [-57.01106, -5.48479], [-57.01285, -5.47559], [-57.01804, -5.4785], [-57.03128, -5.47625], [-57.03406, -5.47309], [-57.03222, -5.4654], [-57.02807, -5.47041], [-57.03056, -5.45636], [-57.02231, -5.4516], [-57.02412, -5.45047], [-57.01858, -5.4433], [-57.01748, -5.45007], [-57.02233, -5.45529], [-57.0243, -5.46251], [-57.019, -5.45524], [-57.01781, -5.46644], [-57.01512, -5.46475], [-57.01294, -5.4673], [-57.01759, -5.45502], [-57.01453, -5.4553], [-57.01768, -5.45315], [-57.01512, -5.44153], [-57.00443, -5.45636], [-57.00796, -5.46479], [-57.0072, -5.46776], [-57.00658, -5.46866], [-57.00467, -5.47045], [-57.0073, -5.46571], [-57.0007, -5.45436], [-56.99202, -5.46902], [-56.9949, -5.46239], [-56.99229, -5.45906], [-56.99809, -5.45462], [-56.99691, -5.45165], [-57.00417, -5.45272], [-57.00886, -5.44432], [-57.00465, -5.4438], [-57.00173, -5.44737], [-57.00243, -5.44497], [-57.00537, -5.44219], [-57.00925, -5.44269], [-57.01185, -5.43778], [-57.0007, -5.43203], [-56.99946, -5.43695], [-56.99843, -5.43288], [-56.99444, -5.43388], [-56.99875, -5.4304], [-56.99549, -5.43049], [-56.9932, -5.42771], [-56.99689, -5.42678], [-56.98995, -5.42107], [-56.98694, -5.40761], [-56.9832, -5.412], [-56.98353, -5.40879], [-56.98095, -5.40952], [-56.98587, -5.40604], [-56.97813, -5.39932], [-56.97502, -5.40242], [-56.97473, -5.41527], [-56.98524, -5.41776], [-56.97544, -5.41795], [-56.97997, -5.43191], [-56.97666, -5.4251], [-56.97137, -5.43158], [-56.97532, -5.42384], [-56.97132, -5.41325], [-56.9686, -5.42099], [-56.96678, -5.41748], [-56.96451, -5.42131], [-56.95907, -5.42103], [-56.95245, -5.43401], [-56.95152, -5.43336], [-56.94902, -5.43335], [-56.94638, -5.43256], [-56.95164, -5.43293], [-56.95645, -5.42585], [-56.9566, -5.41787], [-56.95943, -5.41839], [-56.9609, -5.41466], [-56.96103, -5.41774], [-56.96444, -5.41688], [-56.97224, -5.40684], [-56.97198, -5.40149], [-56.96798, -5.4019], [-56.95529, -5.40684], [-56.95261, -5.41187], [-56.95482, -5.40623], [-56.97118, -5.39973], [-56.97357, -5.39426], [-56.96371, -5.39157], [-56.95102, -5.39787], [-56.94701, -5.39151], [-56.95296, -5.39545], [-56.96731, -5.39019], [-56.95837, -5.38721], [-56.95504, -5.38155], [-56.95022, -5.38296], [-56.95356, -5.3791], [-56.97252, -5.3909], [-56.97442, -5.38756], [-56.97316, -5.38145], [-56.96811, -5.38113], [-56.96225, -5.37681], [-56.97287, -5.37965], [-56.97563, -5.36812], [-56.96436, -5.37157], [-56.97091, -5.36766], [-56.96091, -5.36344], [-56.95899, -5.36555], [-56.96104, -5.3622], [-56.97188, -5.36658], [-56.97547, -5.36501], [-56.97546, -5.3588], [-56.97142, -5.3568], [-56.97625, -5.35541], [-56.97491, -5.35012], [-56.97229, -5.35026], [-56.97681, -5.34538], [-56.97438, -5.33691], [-56.9773, -5.33856], [-56.97904, -5.3355], [-56.97858, -5.32088], [-56.96996, -5.31617]]]]}}, {"type": "Feature", "properties": {"nome": "ESTAÇÃO ECOLÓGICA ALTO MAUÉS", "grupo": "Proteção integral", "esfera": "Federal", "ano": "2014", "ha": 666555.9275444981, "bioma": "AMAZÔNIA"}, "geometry": {"type": "Polygon", "coordinates": [[[-57.8815, -5.05248], [-57.85339, -5.07867], [-57.83599, -5.08919], [-57.82815, -5.10755], [-57.81266, -5.10793], [-57.80922, -5.1108], [-57.80936, -5.15344], [-57.82738, -5.15363], [-57.84631, -5.1651], [-57.83389, -5.1804], [-57.83274, -5.18633], [-57.81897, -5.19703], [-57.80387, -5.2024], [-57.81763, -5.21157], [-57.8205, -5.23012], [-57.81782, -5.23471], [-57.8226, -5.24427], [-57.82356, -5.25555], [-57.85262, -5.25441], [-57.85588, -5.25766], [-57.87021, -5.2567], [-57.89087, -5.26148], [-57.91439, -5.26052], [-57.92012, -5.28385], [-57.92796, -5.29246], [-57.9293, -5.30106], [-57.92433, -5.31387], [-57.91725, -5.32152], [-57.88648, -5.33624], [-57.85741, -5.34045], [-57.84555, -5.33663], [-57.8138, -5.35958], [-57.82026, -5.37563], [-57.80157, -5.38156], [-57.79507, -5.39246], [-57.78685, -5.39323], [-57.77403, -5.40355], [-57.84976, -5.55959], [-57.85733, -5.56207], [-57.86678, -5.55653], [-57.87602, -5.56399], [-57.88322, -5.55653], [-57.89029, -5.568], [-57.90158, -5.56609], [-57.9142, -5.57202], [-57.92682, -5.56819], [-57.93313, -5.55328], [-57.94375, -5.55596], [-57.9578, -5.55328], [-57.9469, -5.57527], [-57.95092, -5.59803], [-57.9492, -5.61293], [-57.96469, -5.63513], [-57.98687, -5.6357], [-58.01173, -5.62155], [-58.03295, -5.61562], [-58.0406, -5.62901], [-58.05246, -5.63742], [-58.06585, -5.62729], [-58.08057, -5.62614], [-58.08975, -5.61849], [-58.09854, -5.61754], [-58.10199, -5.61907], [-58.10141, -5.63035], [-58.14558, -5.65539], [-58.14864, -5.66648], [-58.16776, -5.70167], [-58.16375, -5.7185], [-58.14348, -5.72442], [-58.13239, -5.73188], [-58.12799, -5.72882], [-58.12283, -5.71697], [-58.10865, -5.71238], [-58.09892, -5.71448], [-58.08286, -5.73073], [-58.05972, -5.74508], [-58.05188, -5.77854], [-58.04443, -5.79307], [-58.06508, -5.80455], [-58.07483, -5.80225], [-58.07884, -5.80761], [-58.10887, -5.81143], [-58.13086, -5.83897], [-58.13908, -5.84432], [-58.14137, -5.85293], [-58.15438, -5.87014], [-58.15361, -5.87893], [-58.16088, -5.89385], [-58.20887, -5.9319], [-58.21384, -5.95427], [-58.22149, -5.96555], [-58.22054, -5.99404], [-58.25831, -6.06641], [-58.26863, -6.07114], [-58.26367, -6.04764], [-58.27975, -6.02639], [-58.28079, -6.00001], [-58.30793, -5.96941], [-58.345, -5.96563], [-58.35153, -5.95752], [-58.36815, -5.95986], [-58.42495, -5.94987], [-58.42591, -5.94107], [-58.43011, -5.93706], [-58.44943, -5.934], [-58.46109, -5.92157], [-58.47142, -5.92367], [-58.48098, -5.92119], [-58.49187, -5.93438], [-58.49953, -5.92884], [-58.51032, -5.92959], [-58.50784, -5.92233], [-58.51071, -5.89749], [-58.52332, -5.89328], [-58.52504, -5.88984], [-58.51911, -5.88067], [-58.5065, -5.83098], [-58.51434, -5.79843], [-58.51032, -5.77939], [-58.52408, -5.76659], [-58.55294, -5.76449], [-58.53918, -5.73563], [-58.54835, -5.72436], [-58.54568, -5.71595], [-58.55045, -5.70945], [-58.54606, -5.68385], [-58.5474, -5.68117], [-58.55332, -5.68156], [-58.55351, -5.67757], [-58.54568, -5.66875], [-58.54472, -5.66341], [-58.55007, -5.65098], [-58.55695, -5.64734], [-58.55045, -5.63894], [-58.55905, -5.62136], [-58.55485, -5.60512], [-58.58084, -5.60664], [-58.60892, -5.6139], [-58.61332, -5.61754], [-58.61982, -5.60646], [-58.6544, -5.60378], [-58.67045, -5.60818], [-58.69033, -5.6269], [-58.70313, -5.6313], [-58.69816, -5.63894], [-58.69109, -5.64085], [-58.68823, -5.64754], [-58.69167, -5.6485], [-58.68918, -5.65977], [-58.68001, -5.66398], [-58.68823, -5.67448], [-58.68574, -5.68156], [-58.67791, -5.68652], [-58.67275, -5.69646], [-58.67638, -5.70181], [-58.67236, -5.70887], [-58.67503, -5.71747], [-58.67274, -5.72219], [-58.67408, -5.72474], [-58.6823, -5.7234], [-58.68899, -5.72799], [-58.6888, -5.74404], [-58.69912, -5.75264], [-58.70656, -5.77236], [-58.7016, -5.78458], [-58.71803, -5.79889], [-58.72817, -5.83863], [-58.73523, -5.84895], [-58.75453, -5.85735], [-58.75339, -5.8652], [-58.7444, -5.86728], [-58.7423, -5.87953], [-58.73198, -5.89156], [-58.73179, -5.9057], [-58.73657, -5.91526], [-58.72969, -5.92004], [-58.74116, -5.9338], [-58.74345, -5.94431], [-58.75759, -5.94831], [-58.75625, -5.95385], [-58.74498, -5.96666], [-58.72339, -5.97468], [-58.71345, -5.98347], [-58.68555, -5.9873], [-58.68887, -6.00103], [-58.68582, -6.01691], [-58.70762, -6.03202], [-58.70915, -6.04122], [-58.71642, -6.04561], [-58.71815, -6.05076], [-58.70266, -6.04273], [-58.69461, -6.04368], [-58.68773, -6.04732], [-58.68505, -6.05326], [-58.67665, -6.05516], [-58.66955, -6.05191], [-58.65272, -6.0634], [-58.65276, -6.17073], [-58.64659, -6.17073], [-58.64143, -6.18297], [-58.63052, -6.19407], [-58.62019, -6.21167], [-58.68505, -6.21129], [-58.68122, -6.21722], [-58.6864, -6.21914], [-58.71489, -6.21531], [-58.72791, -6.22143], [-58.7371, -6.21722], [-58.74851, -6.22143], [-58.75871, -6.21722], [-58.76541, -6.22105], [-58.76751, -6.23004], [-58.77183, -6.23272], [-58.78129, -6.22698], [-58.78837, -6.22775], [-58.79717, -6.22124], [-58.80217, -6.22258], [-58.80215, -6.21914], [-58.80655, -6.21972], [-58.80808, -6.21589], [-58.84405, -6.20633], [-58.84328, -6.19005], [-58.84711, -6.1912], [-58.83907, -6.1778], [-58.84348, -6.1734], [-58.83544, -6.16403], [-58.83926, -6.15733], [-58.83372, -6.15502], [-58.8341, -6.14795], [-58.82912, -6.14069], [-58.832, -6.13437], [-58.82568, -6.12997], [-58.82969, -6.12629], [-58.82691, -6.12364], [-58.82434, -6.12557], [-58.81611, -6.11582], [-58.81898, -6.11103], [-58.81382, -6.1074], [-58.81363, -6.10088], [-58.80961, -6.10204], [-58.80847, -6.08998], [-58.80444, -6.09037], [-58.80705, -6.08574], [-58.80349, -6.08252], [-58.80291, -6.07584], [-58.81191, -6.07201], [-58.81381, -6.06722], [-58.80789, -6.05746], [-58.80522, -6.05554], [-58.80139, -6.05766], [-58.80521, -6.04848], [-58.80922, -6.04771], [-58.81573, -6.02954], [-58.81208, -6.01863], [-58.82294, -6.02055], [-58.82875, -6.01615], [-58.83028, -6.00371], [-58.83423, -5.99971], [-58.83155, -5.99761], [-58.83289, -5.98998], [-58.83614, -5.98882], [-58.82792, -5.98615], [-58.82696, -5.98003], [-58.82967, -5.97732], [-58.81951, -5.97698], [-58.8199, -5.96992], [-58.82831, -5.96627], [-58.82295, -5.96188], [-58.82677, -5.95749], [-58.81997, -5.94124], [-58.82486, -5.93819], [-58.81722, -5.93608], [-58.81951, -5.93093], [-58.82409, -5.9295], [-58.81282, -5.92538], [-58.81339, -5.9187], [-58.81858, -5.91249], [-58.80997, -5.90683], [-58.81797, -5.8929], [-58.8197, -5.89634], [-58.81721, -5.90169], [-58.8195, -5.90342], [-58.83308, -5.90072], [-58.82892, -5.89385], [-58.82601, -5.89443], [-58.82544, -5.88144], [-58.82868, -5.87723], [-58.82448, -5.87475], [-58.82907, -5.86348], [-58.82372, -5.86633], [-58.8241, -5.85813], [-58.83041, -5.85259], [-58.82983, -5.84952], [-58.82638, -5.84646], [-58.82103, -5.85372], [-58.81914, -5.84855], [-58.81148, -5.84399], [-58.81493, -5.84227], [-58.81473, -5.83711], [-58.81932, -5.83572], [-58.81798, -5.83234], [-58.82295, -5.82183], [-58.82869, -5.82088], [-58.82925, -5.81283], [-58.82257, -5.81036], [-58.82296, -5.80215], [-58.83041, -5.79886], [-58.81454, -5.79085], [-58.81781, -5.78389], [-58.8157, -5.78017], [-58.82583, -5.7658], [-58.82124, -5.76486], [-58.81894, -5.74346], [-58.81168, -5.73907], [-58.81913, -5.73122], [-58.82028, -5.71883], [-58.82601, -5.71328], [-58.83155, -5.71691], [-58.82563, -5.70468], [-58.82924, -5.70392], [-58.83321, -5.7085], [-58.83614, -5.70536], [-58.83539, -5.69704], [-58.83021, -5.69798], [-58.82773, -5.69527], [-58.83691, -5.68786], [-58.82945, -5.68288], [-58.83137, -5.67487], [-58.83939, -5.67736], [-58.84569, -5.67051], [-58.82792, -5.66586], [-58.83805, -5.66089], [-58.83098, -5.65575], [-58.83232, -5.63748], [-58.82735, -5.63376], [-58.83041, -5.63085], [-58.82544, -5.61925], [-58.82584, -5.61122], [-58.81856, -5.60186], [-58.82467, -5.59717], [-58.81964, -5.58927], [-57.89702, -5.00016], [-57.89297, -5.00675], [-57.89106, -5.0387], [-57.8815, -5.05248]]]}}, {"type": "Feature", "properties": {"nome": "FLORESTA NACIONAL DO IQUIRI", "grupo": "Uso sustentável", "esfera": "Federal", "ano": "2008", "ha": 1470185.5837472265, "bioma": "AMAZÔNIA"}, "geometry": {"type": "Polygon", "coordinates": [[[-65.47704, -7.66635], [-65.34908, -7.79579], [-65.24376, -7.78967], [-65.26389, -7.84131], [-65.28425, -7.83333], [-65.28987, -7.87111], [-65.30663, -7.87186], [-65.32389, -7.88295], [-65.3367, -7.88555], [-65.34369, -7.88353], [-65.35556, -7.88751], [-65.36388, -7.89908], [-65.36586, -7.91427], [-65.37363, -7.92603], [-65.37332, -7.93376], [-65.38266, -7.93624], [-65.40302, -7.93387], [-65.40546, -7.91576], [-65.43239, -7.93323], [-65.45824, -7.93531], [-65.46791, -7.94104], [-65.4839, -7.95598], [-65.4904, -7.97237], [-65.49913, -7.97188], [-65.51221, -7.96231], [-65.52136, -7.96167], [-65.5245, -7.95441], [-65.52269, -7.94606], [-65.53056, -7.93906], [-65.55329, -7.99908], [-65.5699, -8.00548], [-65.58059, -8.03294], [-65.60983, -8.05443], [-65.6183, -8.05544], [-65.62025, -8.06861], [-65.62895, -8.07028], [-65.63339, -8.07461], [-65.63299, -8.08327], [-65.61705, -8.08955], [-65.61665, -8.09537], [-65.61936, -8.0972], [-65.61688, -8.10555], [-65.62727, -8.10352], [-65.6258, -8.10779], [-65.63032, -8.11713], [-65.6328, -8.11861], [-65.63818, -8.11511], [-65.64151, -8.11778], [-65.65037, -8.14014], [-65.67657, -8.17156], [-65.71182, -8.19568], [-65.73863, -8.20987], [-65.76658, -8.21892], [-65.76299, -8.24263], [-65.75657, -8.23973], [-65.7481, -8.24306], [-65.73906, -8.25586], [-65.72758, -8.25094], [-65.71734, -8.25579], [-65.72063, -8.30274], [-65.71423, -8.33072], [-65.70844, -8.33235], [-65.70736, -8.33723], [-65.6733, -8.32789], [-65.67031, -8.33981], [-65.66342, -8.34464], [-65.65707, -8.34385], [-65.65699, -8.34874], [-65.64894, -8.35267], [-65.64684, -8.34882], [-65.65396, -8.34159], [-65.64304, -8.32961], [-65.63291, -8.32746], [-65.62, -8.33519], [-65.6094, -8.32827], [-65.60773, -8.33009], [-65.61322, -8.33856], [-65.60994, -8.34588], [-65.61166, -8.35567], [-65.61882, -8.36627], [-65.60555, -8.37247], [-65.6012, -8.36138], [-65.59756, -8.36697], [-65.59714, -8.35761], [-65.59323, -8.35701], [-65.59137, -8.36629], [-65.56225, -8.41218], [-65.55881, -8.42392], [-65.54554, -8.43475], [-65.5472, -8.44059], [-65.54328, -8.44948], [-65.54745, -8.4608], [-65.55594, -8.46107], [-65.55646, -8.45513], [-65.56105, -8.45784], [-65.56166, -8.46205], [-65.55179, -8.4645], [-65.55216, -8.47534], [-65.55864, -8.4811], [-65.56693, -8.47979], [-65.57254, -8.48353], [-65.57033, -8.50459], [-65.58877, -8.50811], [-65.59281, -8.5182], [-65.61327, -8.53379], [-65.60783, -8.54108], [-65.60644, -8.56254], [-65.61565, -8.57051], [-65.62876, -8.56899], [-65.62814, -8.58072], [-65.6366, -8.58595], [-65.64475, -8.58389], [-65.65613, -8.57548], [-65.65864, -8.56994], [-65.67383, -8.59499], [-65.69067, -8.66986], [-65.7036, -8.71272], [-65.71803, -8.72856], [-65.75264, -8.72886], [-65.77779, -8.78049], [-65.77727, -8.84567], [-65.82615, -8.91609], [-65.83179, -8.96157], [-65.82251, -8.96435], [-65.81623, -8.97561], [-65.80788, -8.98274], [-65.81055, -8.98944], [-65.81571, -8.99361], [-65.81961, -8.9888], [-65.84638, -8.9912], [-65.86091, -8.98026], [-65.86399, -8.97287], [-65.88582, -8.99532], [-65.89029, -8.97535], [-65.88711, -8.955], [-65.88498, -8.94731], [-65.87057, -8.92996], [-65.87092, -8.90874], [-65.86433, -8.89749], [-65.87236, -8.88819], [-65.87651, -8.87531], [-65.8874, -8.87323], [-65.88752, -8.86969], [-65.89197, -8.86903], [-65.8968, -8.86045], [-65.90657, -8.85381], [-65.91059, -8.85481], [-65.9195, -8.84692], [-65.92407, -8.83524], [-65.92074, -8.8272], [-65.92348, -8.81832], [-65.92828, -8.81884], [-65.92986, -8.8225], [-65.93551, -8.82076], [-65.93529, -8.81674], [-65.94017, -8.82334], [-65.94116, -8.83281], [-65.95813, -8.82348], [-65.97519, -8.82173], [-65.98883, -8.83428], [-65.98465, -8.84438], [-65.99482, -8.84359], [-65.99742, -8.83376], [-66.01862, -8.83506], [-66.02452, -8.82407], [-66.02901, -8.82176], [-66.03728, -8.82716], [-66.03415, -8.83511], [-66.03614, -8.83908], [-66.04406, -8.83203], [-66.04179, -8.81911], [-66.04695, -8.81937], [-66.05201, -8.82958], [-66.06472, -8.81914], [-66.06531, -8.81055], [-66.08123, -8.79852], [-66.09041, -8.80653], [-66.08659, -8.81585], [-66.09579, -8.81039], [-66.11235, -8.80891], [-66.13932, -8.84015], [-66.14503, -8.83961], [-66.15352, -8.82477], [-66.16341, -8.82765], [-66.16023, -8.8361], [-66.16561, -8.8398], [-66.17837, -8.84117], [-66.17911, -8.85458], [-66.18514, -8.86555], [-66.18331, -8.86831], [-66.1961, -8.89151], [-66.20267, -8.89279], [-66.20121, -8.89546], [-66.19218, -8.89565], [-66.19106, -8.9025], [-66.20144, -8.9236], [-66.20078, -8.93541], [-66.20754, -8.94471], [-66.20814, -8.95644], [-66.22023, -8.95996], [-66.23362, -8.95233], [-66.24133, -8.96538], [-66.24874, -8.9637], [-66.26164, -8.95314], [-66.26928, -8.95658], [-66.26709, -8.95121], [-66.27285, -8.94729], [-66.27934, -8.94949], [-66.28834, -8.96312], [-66.29171, -8.95804], [-66.29122, -8.95109], [-66.29852, -8.94882], [-66.30929, -8.95192], [-66.3041, -8.96113], [-66.31228, -8.95611], [-66.3184, -8.96562], [-66.3209, -8.96055], [-66.3313, -8.95953], [-66.32824, -8.95482], [-66.33095, -8.95038], [-66.32629, -8.94452], [-66.33175, -8.94305], [-66.33905, -8.95606], [-66.33861, -8.96595], [-66.34487, -8.97223], [-66.34694, -8.98071], [-66.35328, -8.9858], [-66.35575, -8.99408], [-66.36051, -8.98997], [-66.36492, -8.9966], [-66.37043, -8.99401], [-66.38096, -9.00762], [-66.39502, -9.03788], [-66.39625, -9.05049], [-66.40506, -9.04683], [-66.41009, -9.05197], [-66.40398, -9.06024], [-66.41197, -9.06399], [-66.42247, -9.06226], [-66.42858, -9.06508], [-66.43437, -9.08216], [-66.42095, -9.08601], [-66.4147, -9.0979], [-66.44585, -9.08624], [-66.45256, -9.08775], [-66.45469, -9.09495], [-66.45994, -9.09348], [-66.46349, -9.09737], [-66.46307, -9.10143], [-66.45063, -9.10741], [-66.46102, -9.11575], [-66.47037, -9.11213], [-66.47825, -9.11443], [-66.48529, -9.10452], [-66.48742, -9.11645], [-66.49501, -9.11954], [-66.49692, -9.12562], [-66.48428, -9.12501], [-66.46949, -9.14425], [-66.47816, -9.14995], [-66.49754, -9.14495], [-66.51575, -9.14788], [-66.51716, -9.15412], [-66.52306, -9.15779], [-66.50664, -9.16042], [-66.50225, -9.1653], [-66.50331, -9.16892], [-66.5157, -9.17117], [-66.50989, -9.17976], [-66.5189, -9.18948], [-66.51505, -9.18907], [-66.51551, -9.19572], [-66.50499, -9.20576], [-66.50993, -9.21745], [-66.50355, -9.2228], [-66.50533, -9.22906], [-66.50966, -9.2309], [-66.51221, -9.23743], [-66.5176, -9.23843], [-66.51379, -9.23916], [-66.51963, -9.24648], [-66.52765, -9.23873], [-66.54574, -9.24405], [-66.54735, -9.24944], [-66.54275, -9.25144], [-66.54128, -9.25667], [-66.55252, -9.25881], [-66.55046, -9.27155], [-66.56071, -9.27115], [-66.54023, -9.28997], [-66.53917, -9.29432], [-66.55205, -9.29735], [-66.56048, -9.30759], [-66.56511, -9.30433], [-66.56278, -9.29622], [-66.56694, -9.29781], [-66.56646, -9.30243], [-66.57019, -9.3041], [-66.56851, -9.30143], [-66.57711, -9.29636], [-66.58465, -9.29735], [-66.58681, -9.29957], [-66.58156, -9.30832], [-66.58539, -9.30952], [-66.58981, -9.30446], [-66.59771, -9.30974], [-66.598, -9.31409], [-66.60193, -9.31172], [-66.61027, -9.3182], [-66.61485, -9.31818], [-66.61733, -9.32692], [-66.62119, -9.32668], [-66.61913, -9.33667], [-66.64139, -9.3418], [-66.63474, -9.3464], [-66.63544, -9.34885], [-66.65307, -9.34867], [-66.65923, -9.35686], [-66.65478, -9.35646], [-66.65351, -9.3629], [-66.65724, -9.36123], [-66.66314, -9.36427], [-66.66404, -9.36595], [-66.66353, -9.36769], [-66.66051, -9.36489], [-66.65954, -9.36727], [-66.66817, -9.37632], [-66.66593, -9.37761], [-66.66308, -9.37414], [-66.66097, -9.3792], [-66.66842, -9.38046], [-66.67302, -9.38483], [-66.67064, -9.39065], [-66.67968, -9.39194], [-66.67458, -9.40539], [-66.68821, -9.41256], [-66.68773, -9.41852], [-66.69624, -9.42094], [-66.69669, -9.41074], [-66.70186, -9.40048], [-66.70893, -9.40566], [-66.71633, -9.39692], [-66.71989, -9.39837], [-66.71763, -9.40044], [-66.72512, -9.4029], [-66.72466, -9.40597], [-66.73689, -9.40241], [-66.73703, -9.40754], [-66.7434, -9.40482], [-66.75248, -9.40989], [-66.75324, -9.41079], [-66.7534, -9.41202], [-66.75288, -9.41254], [-66.74611, -9.41187], [-66.74141, -9.41905], [-66.74953, -9.41818], [-66.74727, -9.4213], [-66.74904, -9.43177], [-66.7547, -9.43185], [-66.75355, -9.43462], [-66.75757, -9.43722], [-66.75301, -9.43812], [-66.75324, -9.44163], [-66.7588, -9.44502], [-66.76379, -9.44394], [-66.76755, -9.45174], [-66.76888, -9.44843], [-66.77328, -9.45003], [-66.77465, -9.45388], [-66.76976, -9.45358], [-66.77074, -9.45897], [-66.78949, -9.46421], [-66.79089, -9.46633], [-66.78641, -9.46765], [-66.79067, -9.46879], [-66.78839, -9.47212], [-66.78603, -9.46988], [-66.78626, -9.47252], [-66.78766, -9.47516], [-66.79001, -9.47261], [-66.79297, -9.47491], [-66.79793, -9.4853], [-66.80642, -9.47916], [-66.81067, -9.48489], [-66.82598, -9.48284], [-66.82933, -9.48649], [-66.84547, -9.48954], [-66.84751, -9.49493], [-66.86409, -9.49848], [-66.86467, -9.50162], [-66.87307, -9.50068], [-66.87273, -9.50311], [-66.8826, -9.50355], [-66.89856, -9.512], [-66.9095, -9.51186], [-66.91457, -9.52331], [-66.91925, -9.52041], [-66.93845, -9.52444], [-66.93937, -9.52715], [-66.94622, -9.5277], [-66.94694, -9.533], [-66.95638, -9.53331], [-66.96009, -9.53879], [-66.96329, -9.53626], [-66.96543, -9.54236], [-66.97344, -9.54163], [-66.97896, -9.5447], [-66.97745, -9.55654], [-66.98105, -9.56264], [-67.00299, -9.56407], [-67.00756, -9.5736], [-67.01495, -9.57618], [-67.01307, -9.57267], [-67.01569, -9.57371], [-67.01464, -9.57039], [-67.01973, -9.56864], [-67.02811, -9.57697], [-67.0399, -9.57563], [-67.04391, -9.58135], [-67.05255, -9.55161], [-67.04624, -9.53752], [-67.04785, -9.5245], [-67.00053, -9.42848], [-66.98525, -9.41963], [-66.98168, -9.41276], [-67.00002, -9.38312], [-66.99688, -9.3578], [-66.98464, -9.34325], [-66.96534, -9.33685], [-66.94977, -9.30873], [-66.94791, -9.29027], [-66.9626, -9.26413], [-66.93442, -9.23417], [-66.93078, -9.21858], [-66.9332, -9.20428], [-66.9294, -9.17594], [-66.93161, -9.16057], [-66.92039, -9.14807], [-66.91684, -9.14908], [-66.9118, -9.14466], [-66.91573, -9.13846], [-66.91024, -9.13927], [-66.9066, -9.12912], [-66.90917, -9.12629], [-66.90712, -9.12401], [-66.91246, -9.12301], [-66.91471, -9.11919], [-66.91441, -9.11318], [-66.91732, -9.11109], [-66.91419, -9.09843], [-66.9185, -9.09676], [-66.91789, -9.0933], [-66.9202, -9.09545], [-66.91904, -9.09228], [-66.92563, -9.08242], [-66.92215, -9.07859], [-66.92686, -9.07195], [-66.91458, -9.0686], [-66.91818, -9.06425], [-66.90569, -9.0636], [-66.90261, -9.06828], [-66.87417, -9.06018], [-66.87559, -9.05733], [-66.98529, -9.05815], [-66.97173, -9.02776], [-66.9747, -8.99808], [-66.95153, -8.98106], [-66.94339, -8.97041], [-66.94169, -8.9647], [-66.95007, -8.94885], [-66.94787, -8.93944], [-66.9356, -8.9387], [-66.92165, -8.93028], [-66.92038, -8.92579], [-66.91684, -8.93668], [-66.88756, -8.94743], [-66.88133, -8.94467], [-66.87895, -8.93795], [-66.88178, -8.92529], [-66.86263, -8.94872], [-66.83762, -8.95069], [-66.83213, -8.94366], [-66.82652, -8.91345], [-66.8144, -8.90711], [-66.80879, -8.8996], [-66.78655, -8.89251], [-66.78662, -8.90037], [-66.77852, -8.90756], [-66.76765, -8.90901], [-66.75261, -8.92259], [-66.73612, -8.93105], [-66.73373, -8.93459], [-66.73648, -8.93863], [-66.73275, -8.94072], [-66.7349, -8.94382], [-66.72606, -8.94536], [-66.73046, -8.94978], [-66.73408, -8.96829], [-66.7389, -8.97474], [-66.74487, -8.97394], [-66.74641, -8.98304], [-66.72657, -8.98639], [-66.71492, -9.0011], [-66.70871, -8.99886], [-66.69993, -9.00248], [-66.68008, -8.99306], [-66.66311, -8.97323], [-66.65529, -8.97422], [-66.64791, -8.96872], [-66.64035, -8.9573], [-66.64011, -8.94963], [-66.62446, -8.94446], [-66.63451, -8.9389], [-66.63196, -8.92312], [-66.6272, -8.91861], [-66.62284, -8.92019], [-66.6217, -8.92442], [-66.61792, -8.91997], [-66.60886, -8.92019], [-66.61, -8.91285], [-66.6206, -8.90842], [-66.62056, -8.90129], [-66.61643, -8.89503], [-66.62077, -8.8843], [-66.61488, -8.8783], [-66.61663, -8.87513], [-66.61295, -8.87339], [-66.6098, -8.87922], [-66.60902, -8.87534], [-66.60373, -8.87804], [-66.60382, -8.88366], [-66.59675, -8.88397], [-66.59413, -8.87823], [-66.58501, -8.87679], [-66.58651, -8.87088], [-66.58072, -8.87394], [-66.57911, -8.8699], [-66.58415, -8.86536], [-66.58186, -8.86285], [-66.57781, -8.8642], [-66.57869, -8.85744], [-66.56642, -8.8601], [-66.55741, -8.85111], [-66.55638, -8.85665], [-66.54837, -8.85567], [-66.54887, -8.84927], [-66.54421, -8.8448], [-66.52527, -8.84765], [-66.52327, -8.83326], [-66.51532, -8.8408], [-66.50268, -8.83446], [-66.49798, -8.83629], [-66.49634, -8.8409], [-66.49074, -8.83773], [-66.48768, -8.82905], [-66.48685, -8.82022], [-66.49241, -8.82202], [-66.48917, -8.8177], [-66.48602, -8.81957], [-66.48133, -8.81548], [-66.48089, -8.81167], [-66.49235, -8.81227], [-66.49612, -8.80973], [-66.51191, -8.81824], [-66.51857, -8.81438], [-66.52026, -8.80262], [-66.52505, -8.80158], [-66.52921, -8.79575], [-66.53045, -8.78264], [-66.54057, -8.77016], [-66.54715, -8.76788], [-66.5379, -8.74696], [-66.54089, -8.74226], [-66.54111, -8.72772], [-66.54826, -8.71699], [-66.54238, -8.7032], [-66.52787, -8.6853], [-66.52156, -8.68391], [-66.51296, -8.67514], [-66.49151, -8.67044], [-66.48513, -8.66574], [-66.48045, -8.65437], [-66.4832, -8.65133], [-66.48306, -8.64006], [-66.4772, -8.63542], [-66.47484, -8.62253], [-66.47717, -8.60509], [-66.4841, -8.60674], [-66.48923, -8.60361], [-66.50314, -8.60847], [-66.52795, -8.62359], [-66.55335, -8.62159], [-66.56541, -8.62571], [-66.5724, -8.61772], [-66.57341, -8.60086], [-66.59344, -8.61852], [-66.60538, -8.60247], [-66.61868, -8.59402], [-66.6145, -8.58342], [-66.61833, -8.56725], [-66.61617, -8.56397], [-66.61908, -8.55947], [-66.6159, -8.54843], [-66.6596, -8.53135], [-66.66605, -8.52535], [-66.66655, -8.51669], [-66.67242, -8.50973], [-66.68941, -8.51274], [-66.69338, -8.50648], [-66.68808, -8.50239], [-66.69903, -8.50263], [-66.69867, -8.50004], [-66.70158, -8.50112], [-66.70605, -8.49578], [-66.71204, -8.49925], [-66.71587, -8.49594], [-66.71995, -8.49787], [-66.72477, -8.49227], [-66.72884, -8.49416], [-66.73465, -8.49137], [-66.73787, -8.49783], [-66.7483, -8.49399], [-66.76548, -8.50338], [-66.77048, -8.49673], [-66.7746, -8.49976], [-66.78025, -8.49734], [-66.78871, -8.50196], [-66.79591, -8.51007], [-66.7928, -8.51692], [-66.79656, -8.52831], [-66.80384, -8.53252], [-66.80242, -8.5366], [-66.80526, -8.53627], [-66.80716, -8.54652], [-66.81778, -8.55304], [-66.81549, -8.5546], [-66.81884, -8.5599], [-66.8241, -8.56004], [-66.83082, -8.57092], [-66.83404, -8.5708], [-66.83456, -8.57604], [-66.8454, -8.58236], [-66.85496, -8.58322], [-66.85673, -8.58788], [-66.86287, -8.59125], [-66.87155, -8.59008], [-66.87645, -8.58422], [-66.87782, -8.57101], [-66.90071, -8.54957], [-66.89947, -8.53718], [-66.90292, -8.5254], [-66.89537, -8.50733], [-66.90503, -8.48923], [-66.91693, -8.48654], [-66.91911, -8.48039], [-66.91082, -8.46759], [-66.86289, -8.43483], [-66.80002, -8.30999], [-66.65156, -8.23776], [-66.6451, -8.22413], [-66.64335, -8.2089], [-66.63647, -8.19823], [-66.62906, -8.19383], [-66.61751, -8.19305], [-66.60839, -8.18648], [-66.59713, -8.18629], [-66.59035, -8.18024], [-66.58567, -8.17288], [-66.58076, -8.1509], [-66.57039, -8.13354], [-66.55999, -8.12812], [-66.54477, -8.13287], [-66.5191, -8.12905], [-66.50549, -8.10897], [-66.50518, -8.09903], [-66.49736, -8.09557], [-66.49479, -8.09075], [-66.489, -8.09442], [-66.483, -8.08865], [-66.47664, -8.09081], [-66.47328, -8.08759], [-66.46057, -8.09475], [-66.445, -8.08891], [-66.42382, -8.09814], [-66.41766, -8.1053], [-66.39918, -8.1062], [-66.39943, -8.10088], [-66.39593, -8.10034], [-66.39033, -8.08981], [-66.38023, -8.08841], [-66.38005, -8.08507], [-66.37101, -8.07923], [-66.3532, -8.0821], [-66.34998, -8.07874], [-66.35211, -8.07712], [-66.34926, -8.07678], [-66.35087, -8.07331], [-66.34682, -8.07511], [-66.34877, -8.06936], [-66.34015, -8.07047], [-66.34097, -8.05852], [-66.33589, -8.0533], [-66.32708, -8.05356], [-66.3253, -8.04804], [-66.32219, -8.05028], [-66.3209, -8.04384], [-66.31118, -8.04074], [-66.30822, -8.04401], [-66.30461, -8.03861], [-66.30457, -8.04263], [-66.29473, -8.04146], [-66.29484, -8.04462], [-66.28997, -8.0427], [-66.29021, -8.04005], [-66.28403, -8.04465], [-66.28159, -8.04335], [-66.2777, -8.04986], [-66.28253, -8.0485], [-66.28493, -8.05364], [-66.28261, -8.05865], [-66.27404, -8.06371], [-66.272, -8.06064], [-66.2626, -8.06567], [-66.25755, -8.06389], [-66.25271, -8.0686], [-66.2526, -8.0642], [-66.24097, -8.06023], [-66.23883, -8.06344], [-66.23512, -8.06204], [-66.23433, -8.06836], [-66.23176, -8.06545], [-66.22902, -8.06787], [-66.22369, -8.06014], [-66.22056, -8.06065], [-66.22303, -8.05816], [-66.22159, -8.05391], [-66.21647, -8.05225], [-66.21795, -8.04949], [-66.20872, -8.05339], [-66.20675, -8.05776], [-66.2007, -8.05556], [-66.19932, -8.05833], [-66.19791, -8.05536], [-66.19568, -8.05735], [-66.19479, -8.05416], [-66.19127, -8.05583], [-66.19857, -8.04489], [-66.19754, -8.03199], [-66.20448, -8.01696], [-66.21236, -8.01842], [-66.21845, -8.01308], [-66.23179, -8.01054], [-66.24348, -8.00338], [-66.24841, -7.99418], [-66.25178, -7.96962], [-66.25988, -7.97153], [-66.27455, -7.96305], [-66.28605, -7.94957], [-66.28278, -7.9425], [-66.27789, -7.94609], [-66.26163, -7.94682], [-66.24473, -7.93342], [-66.23364, -7.93625], [-66.21862, -7.92797], [-66.20721, -7.93307], [-66.19795, -7.92867], [-66.19219, -7.93256], [-66.17458, -7.9326], [-66.1602, -7.91807], [-66.1498, -7.89431], [-66.13542, -7.88693], [-66.12988, -7.87338], [-66.13277, -7.8674], [-66.12558, -7.86021], [-66.09078, -7.86435], [-66.08616, -7.86198], [-66.08446, -7.84944], [-66.0419, -7.84264], [-66.03895, -7.83353], [-66.03588, -7.83538], [-66.03534, -7.84154], [-66.02979, -7.84193], [-66.01962, -7.82934], [-66.01215, -7.83083], [-66.00277, -7.84199], [-66.01079, -7.86688], [-66.01074, -7.87399], [-66.0063, -7.88016], [-66.00888, -7.88597], [-66.00358, -7.89086], [-65.98763, -7.8964], [-65.98715, -7.91684], [-65.98161, -7.91747], [-65.96557, -7.90904], [-65.95296, -7.89805], [-65.94935, -7.88952], [-65.94125, -7.88501], [-65.9288, -7.88778], [-65.90947, -7.87841], [-65.90427, -7.87342], [-65.90309, -7.86232], [-65.8958, -7.8547], [-65.88538, -7.83116], [-65.87395, -7.83368], [-65.86573, -7.82761], [-65.85215, -7.8244], [-65.84899, -7.82143], [-65.85123, -7.81333], [-65.84796, -7.80714], [-65.83253, -7.80108], [-65.82353, -7.81763], [-65.83051, -7.83192], [-65.83884, -7.84027], [-65.83599, -7.84813], [-65.83129, -7.84851], [-65.83064, -7.85526], [-65.84208, -7.87246], [-65.85613, -7.88183], [-65.8763, -7.88422], [-65.88399, -7.89312], [-65.8998, -7.8954], [-65.94931, -7.92413], [-65.93119, -7.93385], [-65.91982, -7.92689], [-65.91584, -7.91947], [-65.91167, -7.9188], [-65.90617, -7.92502], [-65.90407, -7.93816], [-65.89552, -7.94114], [-65.88908, -7.94856], [-65.86702, -7.95597], [-65.85743, -7.96724], [-65.84987, -7.96909], [-65.85513, -7.97446], [-65.85355, -7.97747], [-65.83748, -7.9791], [-65.83906, -7.97218], [-65.83407, -7.96641], [-65.82326, -7.96234], [-65.81839, -7.96654], [-65.81345, -7.96128], [-65.81801, -7.97819], [-65.81364, -7.97452], [-65.80758, -7.97654], [-65.80149, -7.95886], [-65.79334, -7.95992], [-65.78411, -7.9437], [-65.7761, -7.94808], [-65.7708, -7.93565], [-65.75422, -7.92431], [-65.74512, -7.93029], [-65.74411, -7.92167], [-65.73617, -7.91976], [-65.73662, -7.91712], [-65.73273, -7.91937], [-65.73413, -7.92721], [-65.7206, -7.93617], [-65.72143, -7.92438], [-65.71436, -7.92644], [-65.70704, -7.91958], [-65.7031, -7.92325], [-65.70195, -7.91472], [-65.6968, -7.91647], [-65.69386, -7.91218], [-65.69051, -7.91747], [-65.6877, -7.9136], [-65.69091, -7.90721], [-65.68607, -7.90028], [-65.68141, -7.89839], [-65.67449, -7.90299], [-65.67576, -7.89659], [-65.67284, -7.89474], [-65.66981, -7.89949], [-65.67127, -7.89267], [-65.66705, -7.89099], [-65.67212, -7.88325], [-65.66689, -7.87744], [-65.66297, -7.88091], [-65.65492, -7.87921], [-65.65238, -7.87742], [-65.65386, -7.87395], [-65.64683, -7.88175], [-65.64668, -7.87895], [-65.64248, -7.87828], [-65.64056, -7.88433], [-65.64615, -7.88452], [-65.64023, -7.88547], [-65.64006, -7.88989], [-65.63782, -7.8848], [-65.63274, -7.88685], [-65.62993, -7.87866], [-65.62335, -7.87774], [-65.62083, -7.88089], [-65.61728, -7.87719], [-65.61629, -7.88236], [-65.61094, -7.87764], [-65.60438, -7.87929], [-65.61086, -7.87128], [-65.61119, -7.86719], [-65.60771, -7.86605], [-65.60887, -7.86071], [-65.60097, -7.86292], [-65.60001, -7.857], [-65.59521, -7.85988], [-65.58824, -7.85321], [-65.57998, -7.8586], [-65.57219, -7.85184], [-65.56419, -7.85027], [-65.56148, -7.84778], [-65.56331, -7.84506], [-65.55636, -7.84704], [-65.55418, -7.84426], [-65.5574, -7.84144], [-65.55168, -7.84129], [-65.55276, -7.83646], [-65.54811, -7.84046], [-65.54492, -7.83624], [-65.54671, -7.83233], [-65.54052, -7.8328], [-65.53576, -7.83918], [-65.53598, -7.83514], [-65.53088, -7.83883], [-65.53182, -7.83272], [-65.52357, -7.83144], [-65.52053, -7.82509], [-65.52837, -7.8134], [-65.52695, -7.80619], [-65.52379, -7.80528], [-65.5237, -7.79714], [-65.52069, -7.79523], [-65.52662, -7.78921], [-65.52501, -7.78564], [-65.51873, -7.78349], [-65.51774, -7.77276], [-65.5127, -7.77688], [-65.5155, -7.7707], [-65.50866, -7.77423], [-65.51097, -7.76436], [-65.50638, -7.76793], [-65.50155, -7.76561], [-65.5037, -7.76181], [-65.4983, -7.76216], [-65.49114, -7.74857], [-65.48762, -7.75071], [-65.48129, -7.74689], [-65.4812, -7.73712], [-65.47566, -7.73575], [-65.48226, -7.73508], [-65.48523, -7.73915], [-65.48342, -7.73015], [-65.4775, -7.72845], [-65.47978, -7.72351], [-65.47007, -7.72631], [-65.47304, -7.72097], [-65.47121, -7.71481], [-65.47878, -7.71314], [-65.47384, -7.70951], [-65.47415, -7.70417], [-65.46758, -7.70454], [-65.46674, -7.70124], [-65.47191, -7.70005], [-65.47389, -7.69315], [-65.48304, -7.68906], [-65.48454, -7.6847], [-65.49101, -7.6859], [-65.48732, -7.68016], [-65.49054, -7.67311], [-65.4808, -7.66864], [-65.47765, -7.67313], [-65.47704, -7.66635]]]}}, {"type": "Feature", "properties": {"nome": "RESERVA EXTRATIVISTA DO RIO JUTAÍ", "grupo": "Uso sustentável", "esfera": "Federal", "ano": "2002", "ha": 275514.6380861783, "bioma": "AMAZÔNIA"}, "geometry": {"type": "Polygon", "coordinates": [[[-67.11122, -3.09144], [-67.10292, -3.08169], [-67.108, -3.06185], [-67.1035, -3.05454], [-67.09577, -3.05519], [-67.09101, -3.06324], [-67.08429, -3.06694], [-67.08402, -3.07286], [-67.09432, -3.06229], [-67.08902, -3.07379], [-67.0776, -3.07765], [-67.06192, -3.06441], [-67.05618, -3.06856], [-67.05231, -3.07987], [-67.05836, -3.07342], [-67.05835, -3.07745], [-67.0695, -3.07549], [-67.08874, -3.09393], [-67.08876, -3.09997], [-67.08296, -3.09905], [-67.07652, -3.09204], [-67.07914, -3.0961], [-67.07582, -3.10068], [-67.0779, -3.10652], [-67.07392, -3.10495], [-67.07523, -3.1134], [-67.07935, -3.11266], [-67.079, -3.11681], [-67.08346, -3.12136], [-67.0935, -3.12039], [-67.09657, -3.12496], [-67.10127, -3.12532], [-67.10184, -3.1344], [-67.09416, -3.15483], [-67.0982, -3.16686], [-67.10211, -3.16366], [-67.10533, -3.17386], [-67.10114, -3.18265], [-67.10785, -3.1831], [-67.11006, -3.1913], [-67.12323, -3.19892], [-67.12007, -3.20315], [-67.12255, -3.20922], [-67.12059, -3.21275], [-67.12649, -3.21355], [-67.13095, -3.20799], [-67.13465, -3.22974], [-67.13005, -3.2371], [-67.13346, -3.24494], [-67.125, -3.24601], [-67.12023, -3.24117], [-67.11441, -3.24739], [-67.11685, -3.25064], [-67.11514, -3.25532], [-67.12295, -3.26185], [-67.1235, -3.26972], [-67.13124, -3.2789], [-67.13252, -3.27595], [-67.13466, -3.27777], [-67.13129, -3.28373], [-67.1256, -3.28195], [-67.12829, -3.29118], [-67.12351, -3.30343], [-67.11877, -3.30514], [-67.12372, -3.31153], [-67.12108, -3.31639], [-67.12258, -3.32173], [-67.11924, -3.32481], [-67.1287, -3.3346], [-67.13317, -3.34876], [-67.14356, -3.35555], [-67.14179, -3.36063], [-67.1469, -3.3619], [-67.14686, -3.36829], [-67.14268, -3.36793], [-67.14186, -3.37121], [-67.14395, -3.37338], [-67.14204, -3.37668], [-67.14677, -3.37979], [-67.14177, -3.38772], [-67.14659, -3.38848], [-67.14913, -3.38086], [-67.15342, -3.38967], [-67.1489, -3.39909], [-67.14276, -3.39893], [-67.14607, -3.40689], [-67.1445, -3.41893], [-67.14858, -3.42492], [-67.14694, -3.42695], [-67.15535, -3.43037], [-67.15456, -3.44142], [-67.16131, -3.44014], [-67.16188, -3.44531], [-67.15855, -3.44868], [-67.16178, -3.45618], [-67.1679, -3.45514], [-67.1719, -3.45849], [-67.17137, -3.46155], [-67.16776, -3.46182], [-67.16661, -3.47534], [-67.16277, -3.48027], [-67.17005, -3.48112], [-67.16593, -3.48645], [-67.17304, -3.48655], [-67.17092, -3.49094], [-67.1765, -3.49341], [-67.18146, -3.50509], [-67.1853, -3.50523], [-67.18778, -3.51135], [-67.18516, -3.51305], [-67.18329, -3.51019], [-67.18307, -3.5152], [-67.18672, -3.5139], [-67.19228, -3.51838], [-67.18609, -3.51908], [-67.18931, -3.52468], [-67.18729, -3.52815], [-67.19601, -3.52898], [-67.19221, -3.54179], [-67.18698, -3.5407], [-67.18297, -3.54488], [-67.19136, -3.54738], [-67.19606, -3.55693], [-67.19676, -3.55302], [-67.20897, -3.55818], [-67.19921, -3.56093], [-67.20309, -3.56951], [-67.20065, -3.57161], [-67.20147, -3.58299], [-67.196, -3.58983], [-67.20225, -3.59494], [-67.19676, -3.59552], [-67.20325, -3.60201], [-67.19879, -3.61178], [-67.20361, -3.61713], [-67.19878, -3.62075], [-67.20105, -3.62331], [-67.20549, -3.62114], [-67.20748, -3.62445], [-67.21159, -3.62355], [-67.21411, -3.62841], [-67.21241, -3.63389], [-67.22443, -3.64285], [-67.22103, -3.64668], [-67.22386, -3.65292], [-67.22031, -3.65284], [-67.22162, -3.65749], [-67.21728, -3.65811], [-67.21633, -3.66537], [-67.22888, -3.67484], [-67.22769, -3.68014], [-67.21919, -3.68817], [-67.22542, -3.6965], [-67.22222, -3.70257], [-67.22541, -3.70956], [-67.22133, -3.71414], [-67.2179, -3.70975], [-67.21674, -3.71787], [-67.21498, -3.71467], [-67.20935, -3.71887], [-67.21366, -3.73413], [-67.21195, -3.7388], [-67.2153, -3.7409], [-67.20825, -3.74649], [-67.21073, -3.75199], [-67.20724, -3.75709], [-67.21017, -3.76258], [-67.20273, -3.75903], [-67.19698, -3.7618], [-67.19993, -3.76441], [-67.19764, -3.76892], [-67.19938, -3.7758], [-67.20598, -3.7766], [-67.19904, -3.78064], [-67.19883, -3.78634], [-67.19476, -3.78684], [-67.19095, -3.77981], [-67.18958, -3.78943], [-67.18378, -3.78868], [-67.18729, -3.79463], [-67.18214, -3.79968], [-67.18129, -3.80585], [-67.18546, -3.80437], [-67.1857, -3.81296], [-67.19248, -3.82169], [-67.20388, -3.82215], [-67.21094, -3.8276], [-67.21398, -3.83251], [-67.21378, -3.84511], [-67.21994, -3.8527], [-67.24218, -3.86219], [-67.25077, -3.8625], [-67.26529, -3.8498], [-67.28718, -3.84486], [-67.29788, -3.83893], [-67.30197, -3.84085], [-67.30874, -3.83669], [-67.34898, -3.83383], [-67.35461, -3.8371], [-67.37035, -3.82468], [-67.37716, -3.82904], [-67.38079, -3.83924], [-67.38826, -3.84595], [-67.41458, -3.85666], [-67.41986, -3.85762], [-67.43476, -3.83942], [-67.44065, -3.83763], [-67.45055, -3.84155], [-67.45646, -3.85472], [-67.46559, -3.85255], [-67.46956, -3.85609], [-67.46424, -3.86289], [-67.46649, -3.86896], [-67.50158, -3.86407], [-67.50429, -3.86082], [-67.50487, -3.83682], [-67.51253, -3.82646], [-67.5101, -3.81494], [-67.5146, -3.80346], [-67.55753, -3.79387], [-67.55144, -3.77352], [-67.56202, -3.76345], [-67.56204, -3.75796], [-67.55641, -3.75179], [-67.54582, -3.74858], [-67.53553, -3.73214], [-67.54337, -3.73077], [-67.55504, -3.73567], [-67.56477, -3.72903], [-67.57742, -3.72625], [-67.58511, -3.71637], [-67.58421, -3.70512], [-67.58896, -3.69188], [-67.58149, -3.65944], [-67.53302, -3.56536], [-67.49549, -3.56536], [-67.49201, -3.56076], [-67.48011, -3.56204], [-67.46501, -3.54995], [-67.46345, -3.56757], [-67.4596, -3.57187], [-67.46134, -3.55844], [-67.45751, -3.55532], [-67.46253, -3.55274], [-67.46253, -3.54808], [-67.45134, -3.54227], [-67.43211, -3.52482], [-67.42527, -3.51367], [-67.43043, -3.50016], [-67.43868, -3.49529], [-67.45668, -3.50108], [-67.48486, -3.50481], [-67.48947, -3.50217], [-67.49206, -3.49432], [-67.48975, -3.48808], [-67.46939, -3.47248], [-67.46826, -3.45989], [-67.47202, -3.45323], [-67.48197, -3.45152], [-67.49047, -3.45649], [-67.51634, -3.46124], [-67.53223, -3.45217], [-67.539, -3.44425], [-67.52552, -3.43089], [-67.49091, -3.43878], [-67.48266, -3.43713], [-67.47824, -3.43246], [-67.47923, -3.41962], [-67.49133, -3.39671], [-67.49031, -3.38907], [-67.48117, -3.38181], [-67.47453, -3.38228], [-67.47305, -3.38742], [-67.45957, -3.37651], [-67.45728, -3.36733], [-67.46417, -3.35392], [-67.48062, -3.34557], [-67.48182, -3.33118], [-67.47564, -3.32733], [-67.46855, -3.3285], [-67.46275, -3.3365], [-67.47077, -3.3363], [-67.47236, -3.34025], [-67.46454, -3.33775], [-67.44875, -3.34419], [-67.43843, -3.32928], [-67.43028, -3.32356], [-67.42488, -3.30854], [-67.4269, -3.29575], [-67.43312, -3.2843], [-67.43285, -3.27584], [-67.42761, -3.26928], [-67.42568, -3.27028], [-67.42843, -3.27503], [-67.4241, -3.27202], [-67.41602, -3.25307], [-67.40045, -3.24541], [-67.39916, -3.23277], [-67.39219, -3.22537], [-67.39422, -3.21315], [-67.38771, -3.21023], [-67.37767, -3.21844], [-67.36774, -3.21659], [-67.36528, -3.20765], [-67.36725, -3.19555], [-67.3624, -3.19249], [-67.34298, -3.19695], [-67.34044, -3.20469], [-67.33366, -3.19832], [-67.31302, -3.19267], [-67.29622, -3.19101], [-67.29575, -3.1997], [-67.29197, -3.19077], [-67.28011, -3.19032], [-67.27434, -3.18687], [-67.26164, -3.16923], [-67.25474, -3.17189], [-67.26207, -3.17641], [-67.25888, -3.18243], [-67.23886, -3.18092], [-67.23616, -3.1756], [-67.24096, -3.16013], [-67.23914, -3.14214], [-67.23525, -3.13787], [-67.22408, -3.1381], [-67.20754, -3.13063], [-67.19797, -3.10628], [-67.18713, -3.09133], [-67.18263, -3.08838], [-67.17594, -3.08937], [-67.16215, -3.10022], [-67.15319, -3.10262], [-67.15354, -3.1086], [-67.15063, -3.1], [-67.14166, -3.09244], [-67.1473, -3.07564], [-67.16129, -3.06715], [-67.15674, -3.05593], [-67.15032, -3.05651], [-67.15031, -3.06905], [-67.14504, -3.06882], [-67.13757, -3.07638], [-67.13037, -3.07812], [-67.12254, -3.08908], [-67.11122, -3.09144]]]}}, {"type": "Feature", "properties": {"nome": "RESERVA EXTRATIVISTA DO ALTO JURUÁ", "grupo": "Uso sustentável", "esfera": "Federal", "ano": "1990", "ha": 537945.5479503655, "bioma": "AMAZÔNIA"}, "geometry": {"type": "Polygon", "coordinates": [[[-72.14823, -8.70876], [-72.15371, -8.75264], [-72.11838, -8.77982], [-72.12957, -8.78374], [-72.13645, -8.78038], [-72.14608, -8.78288], [-72.15187, -8.7797], [-72.15781, -8.78063], [-72.16748, -8.76941], [-72.19264, -8.78141], [-72.21452, -8.77413], [-72.23302, -8.77997], [-72.25553, -8.76723], [-72.26923, -8.77351], [-72.2793, -8.79035], [-72.29146, -8.79991], [-72.30643, -8.82085], [-72.31585, -8.84106], [-72.29715, -8.88127], [-72.20009, -8.88164], [-72.16993, -8.9173], [-72.1428, -8.92727], [-72.13293, -8.92209], [-72.11598, -8.9311], [-72.1118, -8.91838], [-72.05884, -8.91725], [-72.03937, -8.94231], [-72.03148, -8.94214], [-72.02093, -8.96978], [-72.0269, -8.98847], [-72.01108, -9.00181], [-72.02708, -9.03751], [-72.01981, -9.07648], [-72.02949, -9.11956], [-72.04802, -9.12795], [-72.04287, -9.14892], [-72.0614, -9.1573], [-72.05685, -9.18377], [-72.03453, -9.20702], [-72.07457, -9.24092], [-72.06816, -9.25366], [-72.08242, -9.26246], [-72.10369, -9.30238], [-72.10055, -9.30785], [-72.11466, -9.31116], [-72.15914, -9.35411], [-72.15899, -9.38222], [-72.16181, -9.38658], [-72.17365, -9.38647], [-72.201, -9.39629], [-72.21671, -9.40911], [-72.21854, -9.42101], [-72.22367, -9.42853], [-72.23523, -9.4347], [-72.24079, -9.42979], [-72.25051, -9.43034], [-72.25195, -9.46558], [-72.25722, -9.4649], [-72.26415, -9.47538], [-72.28209, -9.47626], [-72.29938, -9.47127], [-72.30025, -9.45475], [-72.34973, -9.44837], [-72.37598, -9.47174], [-72.39607, -9.45547], [-72.41048, -9.45246], [-72.42265, -9.45775], [-72.42688, -9.46733], [-72.44765, -9.466], [-72.4512, -9.47265], [-72.44994, -9.4824], [-72.45521, -9.48947], [-72.47432, -9.48342], [-72.48042, -9.48637], [-72.48716, -9.47979], [-72.49278, -9.48055], [-72.49562, -9.48436], [-72.50094, -9.48073], [-72.50484, -9.4869], [-72.51519, -9.48473], [-72.51716, -9.49218], [-72.52923, -9.48305], [-72.52589, -9.47972], [-72.52839, -9.47786], [-72.53062, -9.48043], [-72.53124, -9.4736], [-72.53678, -9.47494], [-72.5375, -9.46891], [-72.53974, -9.47266], [-72.54158, -9.4668], [-72.54693, -9.4686], [-72.55167, -9.46622], [-72.55381, -9.46958], [-72.55381, -9.46615], [-72.55758, -9.46628], [-72.56082, -9.47304], [-72.5602, -9.4636], [-72.56591, -9.4664], [-72.56649, -9.46005], [-72.57236, -9.46439], [-72.57707, -9.46374], [-72.57543, -9.45611], [-72.57872, -9.45985], [-72.58408, -9.46012], [-72.59344, -9.45458], [-72.59793, -9.45632], [-72.60415, -9.4513], [-72.60931, -9.45224], [-72.61037, -9.44878], [-72.61652, -9.45275], [-72.61807, -9.45025], [-72.619, -9.45344], [-72.6215, -9.44604], [-72.62429, -9.44393], [-72.62699, -9.44616], [-72.62826, -9.44159], [-72.63156, -9.44525], [-72.64358, -9.44236], [-72.64127, -9.44431], [-72.64578, -9.44756], [-72.65172, -9.44506], [-72.65664, -9.45161], [-72.65683, -9.44706], [-72.66217, -9.44718], [-72.6665, -9.44079], [-72.66914, -9.44332], [-72.66905, -9.43775], [-72.681, -9.43854], [-72.67903, -9.43549], [-72.68328, -9.43219], [-72.68694, -9.43355], [-72.68557, -9.43797], [-72.69013, -9.43444], [-72.69529, -9.4393], [-72.69483, -9.43254], [-72.69952, -9.43557], [-72.69989, -9.4281], [-72.70342, -9.43314], [-72.71191, -9.42956], [-72.71908, -9.41943], [-72.71501, -9.41642], [-72.71558, -9.4134], [-72.72038, -9.41163], [-72.8051, -9.41211], [-72.80188, -9.4072], [-72.80293, -9.39896], [-72.80863, -9.39758], [-72.81429, -9.38741], [-72.82127, -9.38203], [-72.81781, -9.36537], [-72.82252, -9.35267], [-72.82135, -9.34531], [-72.81783, -9.34383], [-72.82025, -9.34135], [-72.81806, -9.33208], [-72.82306, -9.31823], [-72.82085, -9.306], [-72.82532, -9.29759], [-72.8274, -9.29891], [-72.82795, -9.29314], [-72.82358, -9.28439], [-72.82783, -9.28025], [-72.82372, -9.26443], [-72.82605, -9.25994], [-72.82327, -9.26014], [-72.82941, -9.24957], [-72.82584, -9.23728], [-72.83032, -9.23371], [-72.82818, -9.23166], [-72.83243, -9.23163], [-72.82937, -9.22658], [-72.83082, -9.22323], [-72.82807, -9.2226], [-72.83071, -9.22052], [-72.82677, -9.20657], [-72.83005, -9.20235], [-72.82905, -9.19648], [-72.83357, -9.19369], [-72.83264, -9.18923], [-72.83735, -9.18398], [-72.83416, -9.18316], [-72.83529, -9.17668], [-72.83208, -9.17757], [-72.83507, -9.17407], [-72.83114, -9.17328], [-72.87471, -9.17051], [-72.89063, -9.1602], [-72.90223, -9.15722], [-72.90271, -9.15285], [-72.9071, -9.15535], [-72.9048, -9.14381], [-72.89674, -9.14798], [-72.8913, -9.14462], [-72.89903, -9.14423], [-72.89777, -9.13482], [-72.89339, -9.13982], [-72.8929, -9.13383], [-72.88886, -9.13661], [-72.89291, -9.13154], [-72.89256, -9.12163], [-72.89921, -9.11278], [-72.89828, -9.1074], [-72.89192, -9.10601], [-72.8987, -9.10442], [-72.89475, -9.1001], [-72.90218, -9.09358], [-72.90258, -9.08971], [-72.89393, -9.08721], [-72.89531, -9.08397], [-72.88637, -9.0617], [-72.88883, -9.05815], [-72.88088, -9.06499], [-72.87786, -9.06318], [-72.8809, -9.05181], [-72.86875, -9.04241], [-72.86505, -9.03288], [-72.86119, -9.03358], [-72.86646, -9.02543], [-72.85886, -9.02309], [-72.86116, -9.01626], [-72.858, -9.01399], [-72.86027, -9.01158], [-72.85687, -9.01063], [-72.85695, -9.00525], [-72.84683, -9.00134], [-72.84128, -8.99524], [-72.83564, -8.99704], [-72.83745, -8.99077], [-72.83301, -8.9862], [-72.83585, -8.98361], [-72.83175, -8.97775], [-72.82419, -8.97401], [-72.81595, -8.98387], [-72.80712, -8.97648], [-72.80244, -8.9849], [-72.79815, -8.9683], [-72.80396, -8.96195], [-72.79618, -8.9528], [-72.79831, -8.94696], [-72.79282, -8.95211], [-72.79527, -8.95906], [-72.79232, -8.96039], [-72.78866, -8.95121], [-72.7824, -8.95178], [-72.76929, -8.93923], [-72.76253, -8.94667], [-72.7519, -8.97443], [-72.74064, -8.97241], [-72.73544, -8.97568], [-72.73521, -8.96678], [-72.73266, -8.96554], [-72.72928, -8.97798], [-72.72501, -8.9819], [-72.7182, -8.9783], [-72.72285, -8.97006], [-72.71565, -8.97136], [-72.7161, -8.98373], [-72.67888, -8.96927], [-72.6632, -8.95159], [-72.63532, -8.94081], [-72.59418, -8.84992], [-72.54964, -8.84748], [-72.5442, -8.85364], [-72.47678, -8.85597], [-72.43463, -8.82495], [-72.42264, -8.78938], [-72.36833, -8.78126], [-72.34633, -8.77334], [-72.32693, -8.77125], [-72.25171, -8.71722], [-72.23741, -8.72269], [-72.21207, -8.69922], [-72.18269, -8.68494], [-72.17537, -8.70416], [-72.14823, -8.70876]]]}}, {"type": "Feature", "properties": {"nome": "FLORESTA NACIONAL DO TRAIRÃO", "grupo": "Uso sustentável", "esfera": "Federal", "ano": "2006", "ha": 257527.65966657433, "bioma": "AMAZÔNIA"}, "geometry": {"type": "Polygon", "coordinates": [[[-55.22976, -4.47402], [-55.22528, -4.4732], [-55.21951, -4.48279], [-55.22541, -4.49669], [-55.22168, -4.50737], [-55.20741, -4.50636], [-55.19382, -4.51096], [-55.19694, -4.51904], [-55.16905, -4.53988], [-55.15812, -4.55226], [-55.16099, -4.55619], [-55.15096, -4.55989], [-55.15428, -4.5869], [-55.14918, -4.59287], [-55.14311, -4.59192], [-55.14753, -4.60768], [-55.144, -4.61373], [-55.13703, -4.61374], [-55.14867, -4.62616], [-55.15526, -4.64174], [-55.17328, -4.64417], [-55.18476, -4.6378], [-55.19106, -4.63779], [-55.2055, -4.64452], [-55.2224, -4.64288], [-55.23415, -4.65076], [-55.24903, -4.6532], [-55.25715, -4.65792], [-55.25945, -4.67352], [-55.26284, -4.67373], [-55.26868, -4.66715], [-55.28131, -4.66598], [-55.28651, -4.67614], [-55.29689, -4.67837], [-55.29618, -4.66819], [-55.30992, -4.66521], [-55.31801, -4.65862], [-55.33842, -4.63029], [-55.34429, -4.63434], [-55.34812, -4.63319], [-55.35851, -4.6422], [-55.37631, -4.63762], [-55.3829, -4.65365], [-55.39054, -4.6491], [-55.40759, -4.62462], [-55.42717, -4.61573], [-55.43145, -4.61956], [-55.43601, -4.63311], [-55.4439, -4.63015], [-55.44723, -4.61679], [-55.45284, -4.61089], [-55.46073, -4.60905], [-55.49773, -4.62045], [-55.49287, -4.6501], [-55.47959, -4.65557], [-55.47804, -4.65874], [-55.48187, -4.66574], [-55.46554, -4.69384], [-55.47548, -4.70127], [-55.47103, -4.71756], [-55.4767, -4.72976], [-55.48439, -4.73674], [-55.49207, -4.73581], [-55.49679, -4.73896], [-55.49617, -4.7566], [-55.49009, -4.75549], [-55.48832, -4.76047], [-55.49509, -4.7661], [-55.51265, -4.77055], [-55.50959, -4.77564], [-55.52076, -4.78465], [-55.52726, -4.78462], [-55.52912, -4.79711], [-55.51298, -4.80054], [-55.51112, -4.80725], [-55.50795, -4.80836], [-55.50048, -4.80536], [-55.49523, -4.80907], [-55.49301, -4.81586], [-55.48173, -4.8159], [-55.47657, -4.81976], [-55.47704, -4.82767], [-55.46442, -4.82908], [-55.46379, -4.8379], [-55.44284, -4.84476], [-55.44381, -4.86443], [-55.43354, -4.89567], [-55.43492, -4.89996], [-55.44259, -4.90333], [-55.43923, -4.90831], [-55.43881, -4.91894], [-55.42826, -4.93322], [-55.40734, -4.94664], [-55.39006, -4.97609], [-55.37095, -5.0005], [-55.37534, -5.01092], [-55.36339, -5.01413], [-55.36466, -5.03629], [-55.35327, -5.04181], [-55.36419, -5.04699], [-55.37988, -5.03838], [-55.3919, -5.03748], [-55.40526, -5.04332], [-55.42586, -5.04316], [-55.45787, -5.05438], [-55.49664, -5.04855], [-55.50048, -5.0517], [-55.51738, -5.04474], [-55.52484, -5.03222], [-55.53435, -5.03362], [-55.53398, -5.04427], [-55.53805, -5.04362], [-55.54143, -5.05229], [-55.55435, -5.05912], [-55.55736, -5.05601], [-55.56151, -5.05862], [-55.56431, -5.05628], [-55.56694, -5.05913], [-55.58063, -5.05841], [-55.588, -5.06223], [-55.59331, -5.05638], [-55.60022, -5.05675], [-55.61027, -5.06268], [-55.61763, -5.06083], [-55.61615, -5.05809], [-55.62097, -5.05103], [-55.63753, -5.04067], [-55.64153, -5.02709], [-55.64935, -5.02899], [-55.65374, -5.0367], [-55.66023, -5.03993], [-55.65804, -5.05813], [-55.6615, -5.05594], [-55.66082, -5.06079], [-55.66458, -5.0603], [-55.66544, -5.06746], [-55.67156, -5.07494], [-55.70875, -5.09352], [-55.72159, -5.09382], [-55.72686, -5.10264], [-55.73938, -5.10705], [-55.74018, -5.1115], [-55.74841, -5.1103], [-55.75824, -5.11717], [-55.76196, -5.12094], [-55.75853, -5.12274], [-55.76294, -5.12621], [-55.77096, -5.12607], [-55.78689, -5.13396], [-55.78403, -5.14975], [-55.78743, -5.15328], [-55.79233, -5.17779], [-55.79587, -5.17875], [-55.79221, -5.18495], [-55.7975, -5.1906], [-55.799, -5.2031], [-55.7909, -5.21936], [-55.79195, -5.22148], [-55.79682, -5.21949], [-55.79881, -5.22336], [-55.79744, -5.23589], [-55.80021, -5.23792], [-55.80125, -5.24763], [-55.7953, -5.24646], [-55.80477, -5.27562], [-55.80852, -5.27585], [-55.81479, -5.26076], [-55.82021, -5.25875], [-55.82404, -5.25258], [-55.83061, -5.25099], [-55.8309, -5.24134], [-55.84061, -5.23735], [-55.85289, -5.22549], [-55.86604, -5.22629], [-55.8699, -5.22116], [-55.88039, -5.21736], [-55.90077, -5.19257], [-55.90592, -5.19069], [-55.91077, -5.17439], [-55.92784, -5.13998], [-55.93457, -5.1127], [-55.93989, -5.10696], [-55.95134, -5.104], [-55.95037, -5.0976], [-55.94331, -5.09329], [-55.94284, -5.07322], [-55.93168, -5.04092], [-55.93812, -5.03268], [-55.94591, -5.00208], [-55.93891, -5.0041], [-55.92646, -4.99061], [-55.9163, -4.98585], [-55.89572, -4.98452], [-55.87885, -4.98748], [-55.86383, -4.99923], [-55.85867, -4.99931], [-55.84831, -4.98916], [-55.83511, -4.96867], [-55.80683, -4.96869], [-55.79681, -4.95879], [-55.7876, -4.95587], [-55.77676, -4.93948], [-55.77793, -4.93045], [-55.76938, -4.92253], [-55.76961, -4.91179], [-55.7892, -4.89134], [-55.79967, -4.88552], [-55.80201, -4.86144], [-55.76933, -4.83153], [-55.76214, -4.83526], [-55.75292, -4.83084], [-55.72973, -4.80062], [-55.70039, -4.78755], [-55.68111, -4.77485], [-55.66453, -4.76808], [-55.65187, -4.76764], [-55.63177, -4.73947], [-55.61253, -4.719], [-55.60478, -4.6948], [-55.60991, -4.63063], [-55.62014, -4.61968], [-55.62294, -4.60126], [-55.63383, -4.59816], [-55.62623, -4.59126], [-55.63065, -4.59057], [-55.6294, -4.58611], [-55.63214, -4.58392], [-55.62867, -4.5817], [-55.63414, -4.57647], [-55.63042, -4.57185], [-55.62222, -4.5728], [-55.61906, -4.57677], [-55.612, -4.5719], [-55.60577, -4.57986], [-55.59798, -4.58344], [-55.59503, -4.57446], [-55.59877, -4.57111], [-55.58813, -4.56173], [-55.56841, -4.56309], [-55.56063, -4.55543], [-55.53959, -4.56239], [-55.5036, -4.54582], [-55.49259, -4.54626], [-55.48233, -4.55318], [-55.47312, -4.55144], [-55.46454, -4.53196], [-55.45374, -4.51911], [-55.44379, -4.51422], [-55.43678, -4.50382], [-55.43215, -4.51128], [-55.42063, -4.51416], [-55.41689, -4.51807], [-55.40279, -4.50642], [-55.40036, -4.50021], [-55.38743, -4.49955], [-55.38742, -4.49551], [-55.37289, -4.49062], [-55.36203, -4.50596], [-55.35155, -4.51021], [-55.34411, -4.52035], [-55.3308, -4.50892], [-55.3207, -4.50837], [-55.31673, -4.49584], [-55.30793, -4.49516], [-55.26808, -4.47166], [-55.25524, -4.47112], [-55.2487, -4.47413], [-55.23323, -4.46598], [-55.22976, -4.47402]]]}}, {"type": "Feature", "properties": {"nome": "FLORESTA NACIONAL DE JACUNDÁ", "grupo": "Uso sustentável", "esfera": "Federal", "ano": "2004", "ha": 220820.56491307184, "bioma": "AMAZÔNIA"}, "geometry": {"type": "Polygon", "coordinates": [[[-63.07671, -8.18882], [-63.06976, -8.2231], [-63.07332, -8.22811], [-63.07553, -8.24449], [-62.99968, -8.2399], [-62.99374, -8.24902], [-62.99851, -8.25683], [-62.99802, -8.26698], [-63.00702, -8.28593], [-62.99898, -8.29206], [-62.99536, -8.28718], [-63.00353, -8.28801], [-62.99477, -8.28384], [-62.99356, -8.292], [-63.00127, -8.30106], [-63.00253, -8.30737], [-63.01526, -8.31501], [-63.01747, -8.32937], [-63.00386, -8.33818], [-62.99952, -8.32882], [-63.00328, -8.32037], [-62.99721, -8.32236], [-62.98941, -8.31915], [-62.99193, -8.33547], [-62.99, -8.34432], [-62.98758, -8.34745], [-62.97543, -8.34191], [-62.97216, -8.34364], [-62.97016, -8.35442], [-62.97796, -8.35455], [-62.97878, -8.35791], [-62.97078, -8.36132], [-62.97135, -8.37055], [-62.95655, -8.37425], [-62.95427, -8.37071], [-62.96096, -8.36648], [-62.94992, -8.36478], [-62.95437, -8.35806], [-62.94693, -8.35126], [-62.93382, -8.36382], [-62.93609, -8.36831], [-62.94438, -8.36889], [-62.93947, -8.37804], [-62.93148, -8.37998], [-62.92866, -8.37474], [-62.91893, -8.37441], [-62.91808, -8.38136], [-62.91303, -8.37689], [-62.90907, -8.38014], [-62.89933, -8.37686], [-62.89257, -8.38151], [-62.89875, -8.38175], [-62.9087, -8.3881], [-62.81541, -8.38794], [-62.67779, -8.68156], [-62.67702, -8.68976], [-62.68425, -8.70141], [-62.69515, -8.70693], [-62.69935, -8.69895], [-62.70736, -8.69423], [-62.70731, -8.68694], [-62.70966, -8.68684], [-62.70665, -8.68339], [-62.70773, -8.67766], [-62.71386, -8.67262], [-62.71657, -8.67398], [-62.71639, -8.66945], [-62.72343, -8.67134], [-62.72236, -8.66492], [-62.72648, -8.66509], [-62.7266, -8.66826], [-62.731, -8.66457], [-62.72933, -8.66054], [-62.73337, -8.65983], [-62.73525, -8.67518], [-62.74026, -8.67858], [-62.74816, -8.67857], [-62.74571, -8.68982], [-62.75026, -8.68993], [-62.75489, -8.68511], [-62.76312, -8.68959], [-62.7624, -8.69465], [-62.75274, -8.70335], [-62.75796, -8.72488], [-62.76278, -8.72603], [-62.76503, -8.7179], [-62.77351, -8.7178], [-62.77135, -8.71427], [-62.7622, -8.71479], [-62.76107, -8.71006], [-62.76426, -8.70697], [-62.77356, -8.70612], [-62.78127, -8.71564], [-62.77042, -8.72338], [-62.7691, -8.73336], [-62.76116, -8.73431], [-62.75785, -8.74947], [-62.75236, -8.75089], [-62.76795, -8.75981], [-62.76422, -8.77332], [-62.75935, -8.77405], [-62.76302, -8.78031], [-62.75575, -8.77971], [-62.75813, -8.7885], [-62.76471, -8.79814], [-62.77032, -8.79621], [-62.76927, -8.78955], [-62.77347, -8.78415], [-62.77823, -8.78672], [-62.7756, -8.79332], [-62.785, -8.79565], [-62.78945, -8.79098], [-62.79237, -8.79205], [-62.79023, -8.80504], [-62.78354, -8.80063], [-62.78291, -8.80315], [-62.7857, -8.80832], [-62.79044, -8.80906], [-62.79018, -8.81314], [-62.79637, -8.8129], [-62.79879, -8.81819], [-62.80103, -8.81617], [-62.80078, -8.81987], [-62.7902, -8.82441], [-62.79671, -8.8309], [-62.80109, -8.83079], [-62.80529, -8.83978], [-62.80704, -8.63718], [-63.00082, -8.6376], [-63.00157, -8.54699], [-63.32903, -8.54732], [-63.3304, -8.54239], [-63.32665, -8.54271], [-63.32718, -8.53652], [-63.32956, -8.53729], [-63.32666, -8.53302], [-63.33043, -8.52362], [-63.33291, -8.52538], [-63.33176, -8.52169], [-63.3343, -8.52341], [-63.33813, -8.52057], [-63.34075, -8.52312], [-63.3477, -8.51129], [-63.35466, -8.517], [-63.35642, -8.51191], [-63.35384, -8.51118], [-63.35387, -8.50427], [-63.36013, -8.50177], [-63.36313, -8.50468], [-63.41923, -8.4673], [-63.33726, -8.3889], [-63.3373, -8.36634], [-63.32992, -8.36637], [-63.3282, -8.34786], [-63.37488, -8.33841], [-63.36113, -8.31081], [-63.33669, -8.28179], [-63.33121, -8.25675], [-63.3374, -8.25661], [-63.32536, -8.23275], [-63.3029, -8.24632], [-63.28954, -8.2233], [-63.26038, -8.24965], [-63.25331, -8.2441], [-63.20263, -8.24901], [-63.19904, -8.25536], [-63.20016, -8.26385], [-63.20593, -8.26807], [-63.22238, -8.2696], [-63.23421, -8.27775], [-63.24826, -8.27952], [-63.25218, -8.30057], [-63.18165, -8.28551], [-63.17487, -8.29093], [-63.16632, -8.28777], [-63.16174, -8.2897], [-63.14742, -8.30306], [-63.14885, -8.3114], [-63.12423, -8.31126], [-63.11799, -8.29619], [-63.1499, -8.23701], [-63.12979, -8.22981], [-63.13174, -8.20153], [-63.07671, -8.18882]]]}}, {"type": "Feature", "properties": {"nome": "RESERVA BIOLÓGICA DO MANICORÉ", "grupo": "Proteção integral", "esfera": "Federal", "ano": "2016", "ha": 359143.48394601856, "bioma": "AMAZÔNIA"}, "geometry": {"type": "Polygon", "coordinates": [[[-60.58815, -6.51667], [-60.5821, -6.52076], [-60.58596, -6.52333], [-60.58523, -6.53205], [-60.58191, -6.53343], [-60.5888, -6.5375], [-60.58358, -6.5388], [-60.58048, -6.54624], [-60.58517, -6.5528], [-60.58083, -6.576], [-60.58928, -6.59049], [-60.59389, -6.60782], [-60.58922, -6.61976], [-60.59796, -6.62407], [-60.60147, -6.63225], [-60.60502, -6.63195], [-60.60314, -6.64102], [-60.61557, -6.64821], [-60.62244, -6.66221], [-60.63189, -6.66707], [-60.63629, -6.66273], [-60.63937, -6.6636], [-60.63844, -6.67473], [-60.64866, -6.67183], [-60.6548, -6.67691], [-60.65627, -6.6716], [-60.65972, -6.67367], [-60.66472, -6.67057], [-60.67107, -6.67757], [-60.68412, -6.68301], [-60.69182, -6.69162], [-60.68793, -6.71406], [-60.68883, -6.73894], [-60.68232, -6.74467], [-60.67712, -6.75943], [-60.68027, -6.7851], [-60.68615, -6.79276], [-60.69746, -6.79578], [-60.71063, -6.80519], [-60.71604, -6.8279], [-60.71385, -6.83789], [-60.73434, -6.84613], [-60.74634, -6.8673], [-60.76293, -6.87569], [-60.83369, -6.88014], [-60.82811, -6.9532], [-60.83389, -6.96007], [-60.8415, -6.9886], [-60.8557, -6.9974], [-60.86506, -6.99705], [-60.8686, -7.00146], [-60.86754, -7.04446], [-60.87537, -7.04756], [-60.88456, -7.04352], [-60.88317, -7.06106], [-60.87237, -7.07209], [-60.87263, -7.07727], [-60.86318, -7.08121], [-60.86558, -7.08712], [-60.86188, -7.09694], [-60.87133, -7.10735], [-60.85955, -7.11248], [-60.86073, -7.11567], [-60.86758, -7.11729], [-60.85834, -7.12453], [-60.85754, -7.12874], [-60.86118, -7.13293], [-60.85417, -7.13089], [-60.84908, -7.1415], [-60.84482, -7.13944], [-60.84206, -7.14189], [-60.84531, -7.15265], [-60.83768, -7.15643], [-60.84042, -7.16576], [-60.83375, -7.16758], [-60.84205, -7.17888], [-60.83424, -7.19104], [-60.8311, -7.20792], [-60.81808, -7.21743], [-60.81506, -7.22522], [-60.80846, -7.22847], [-60.80352, -7.24301], [-60.80128, -7.24161], [-60.80633, -7.2478], [-60.80342, -7.24976], [-60.80161, -7.26477], [-60.80366, -7.29309], [-60.81537, -7.30232], [-60.85123, -7.31833], [-60.86433, -7.32984], [-60.86803, -7.34295], [-60.88849, -7.34065], [-60.8976, -7.34685], [-60.90857, -7.33905], [-60.91329, -7.34252], [-60.9272, -7.3372], [-60.96102, -7.33263], [-60.96878, -7.33466], [-61.07754, -7.31908], [-61.08181, -7.32103], [-61.08242, -7.32594], [-61.07554, -7.33276], [-61.11589, -7.33666], [-61.11323, -7.32479], [-61.11694, -7.30913], [-61.13361, -7.30069], [-61.14341, -7.30129], [-61.15467, -7.29576], [-61.16384, -7.29852], [-61.16221, -7.30772], [-61.1662, -7.31285], [-61.18429, -7.30713], [-61.19019, -7.30948], [-61.19251, -7.31547], [-61.20511, -7.32096], [-61.22867, -7.31043], [-61.23247, -7.30113], [-61.24184, -7.29851], [-61.24584, -7.28859], [-61.2426, -7.27255], [-61.23499, -7.26588], [-61.23155, -7.26724], [-61.2207, -7.26262], [-61.21879, -7.25446], [-61.1911, -7.25657], [-61.18856, -7.2502], [-61.19585, -7.24353], [-61.20617, -7.24352], [-61.20843, -7.23431], [-61.20444, -7.22661], [-61.21105, -7.23047], [-61.21669, -7.22844], [-61.21507, -7.21959], [-61.20372, -7.21727], [-61.20071, -7.20496], [-61.20604, -7.19127], [-61.21336, -7.18837], [-61.21499, -7.18222], [-61.22038, -7.18202], [-61.21618, -7.17409], [-61.22139, -7.17441], [-61.23195, -7.1681], [-61.22751, -7.17705], [-61.23067, -7.17837], [-61.24475, -7.15606], [-61.2424, -7.14372], [-61.23428, -7.13515], [-61.22776, -7.1363], [-61.22513, -7.13317], [-61.23257, -7.12374], [-61.23036, -7.11751], [-61.22474, -7.1177], [-61.22128, -7.12604], [-61.21715, -7.12303], [-61.21184, -7.1243], [-61.21465, -7.12848], [-61.21083, -7.13205], [-61.20205, -7.13102], [-61.20532, -7.12127], [-61.20269, -7.1203], [-61.20839, -7.10698], [-61.21511, -7.10448], [-61.22796, -7.09106], [-61.24433, -7.08252], [-61.25793, -7.05282], [-61.24581, -7.02763], [-61.24264, -7.00574], [-61.23704, -6.99909], [-61.24108, -6.99736], [-61.2446, -6.98866], [-61.25159, -6.95824], [-61.25138, -6.93986], [-61.26381, -6.92154], [-61.25628, -6.89869], [-61.25588, -6.8881], [-61.26065, -6.87449], [-61.25628, -6.86039], [-61.2616, -6.84684], [-61.26005, -6.84437], [-61.26364, -6.8421], [-61.26019, -6.843], [-61.25852, -6.84], [-61.26141, -6.84092], [-61.25811, -6.83532], [-61.25977, -6.81446], [-60.84488, -6.63375], [-60.58815, -6.51667]]]}}, {"type": "Feature", "properties": {"nome": "PARQUE NACIONAL DO JAMANXIM", "grupo": "Proteção integral", "esfera": "Federal", "ano": "2006", "ha": 862889.9468332859, "bioma": "AMAZÔNIA"}, "geometry": {"type": "MultiPolygon", "coordinates": [[[[-55.69093, -6.00038], [-55.69128, -5.99998], [-55.69186, -5.9993], [-55.69093, -6.00038]]], [[[-55.64364, -5.02675], [-55.63753, -5.04067], [-55.62097, -5.05103], [-55.61615, -5.05809], [-55.61763, -5.06083], [-55.61027, -5.06268], [-55.60022, -5.05675], [-55.59331, -5.05638], [-55.588, -5.06223], [-55.58063, -5.05841], [-55.56694, -5.05913], [-55.56431, -5.05628], [-55.56019, -5.05889], [-55.55736, -5.05601], [-55.55435, -5.05912], [-55.54143, -5.05229], [-55.53805, -5.04362], [-55.53398, -5.04427], [-55.53435, -5.03362], [-55.52484, -5.03222], [-55.51738, -5.04474], [-55.50024, -5.05172], [-55.49996, -5.04869], [-55.49664, -5.04855], [-55.45787, -5.05438], [-55.42586, -5.04316], [-55.40526, -5.04332], [-55.3919, -5.03748], [-55.37988, -5.03838], [-55.36419, -5.04699], [-55.35229, -5.04337], [-55.3524, -5.04981], [-55.37431, -5.06062], [-55.38631, -5.07346], [-55.38917, -5.09377], [-55.3929, -5.09956], [-55.38681, -5.11572], [-55.38943, -5.11716], [-55.39284, -5.11153], [-55.40279, -5.10923], [-55.42429, -5.12394], [-55.42443, -5.14135], [-55.43148, -5.14378], [-55.44192, -5.15653], [-55.45484, -5.14923], [-55.44828, -5.16431], [-55.45023, -5.178], [-55.47692, -5.17764], [-55.48834, -5.18376], [-55.50048, -5.18107], [-55.5197, -5.18829], [-55.52704, -5.19675], [-55.54168, -5.20255], [-55.55095, -5.20161], [-55.56418, -5.19044], [-55.59345, -5.1962], [-55.59734, -5.19896], [-55.59593, -5.20457], [-55.5817, -5.21499], [-55.58129, -5.22151], [-55.57395, -5.23216], [-55.58651, -5.2333], [-55.6044, -5.22982], [-55.61376, -5.23189], [-55.61856, -5.23676], [-55.61754, -5.2406], [-55.6234, -5.24724], [-55.62387, -5.25234], [-55.61962, -5.26433], [-55.60298, -5.2778], [-55.59829, -5.28933], [-55.59959, -5.29547], [-55.58229, -5.29673], [-55.54834, -5.28503], [-55.50345, -5.29772], [-55.49809, -5.31197], [-55.4897, -5.31663], [-55.48601, -5.32607], [-55.48679, -5.34022], [-55.48001, -5.34314], [-55.47921, -5.34641], [-55.48923, -5.36488], [-55.48951, -5.37141], [-55.48293, -5.37361], [-55.4749, -5.38297], [-55.45689, -5.39147], [-55.45123, -5.39983], [-55.44245, -5.40276], [-55.52218, -5.40444], [-55.54055, -5.43995], [-55.55923, -5.45364], [-55.56939, -5.47796], [-55.55267, -5.48839], [-55.54566, -5.48933], [-55.53875, -5.49636], [-55.52639, -5.49836], [-55.52368, -5.48982], [-55.51834, -5.49248], [-55.51573, -5.49867], [-55.50569, -5.49955], [-55.49759, -5.51016], [-55.48554, -5.50817], [-55.47996, -5.5191], [-55.47668, -5.52166], [-55.47154, -5.52041], [-55.46481, -5.52977], [-55.47026, -5.53516], [-55.45072, -5.53872], [-55.44756, -5.54657], [-55.43876, -5.55162], [-55.44179, -5.55619], [-55.43172, -5.56621], [-55.42907, -5.56105], [-55.4259, -5.56407], [-55.4206, -5.56281], [-55.40985, -5.55435], [-55.41098, -5.55767], [-55.40028, -5.56712], [-55.40007, -5.57339], [-55.39175, -5.57033], [-55.39102, -5.57575], [-55.38551, -5.57403], [-55.38221, -5.57937], [-55.38262, -5.58441], [-55.38736, -5.58862], [-55.38423, -5.60265], [-55.3723, -5.61619], [-55.36739, -5.62781], [-55.36425, -5.62579], [-55.36554, -5.63392], [-55.35536, -5.64938], [-55.35587, -5.65686], [-55.35161, -5.65852], [-55.34954, -5.66432], [-55.35288, -5.66759], [-55.34993, -5.67903], [-55.35376, -5.68156], [-55.35432, -5.69008], [-55.34847, -5.69387], [-55.34958, -5.69687], [-55.34311, -5.69378], [-55.3399, -5.69567], [-55.33718, -5.70196], [-55.34021, -5.70437], [-55.33461, -5.70943], [-55.3363, -5.71327], [-55.33009, -5.72069], [-55.33622, -5.72826], [-55.33175, -5.73085], [-55.33414, -5.73438], [-55.32667, -5.74031], [-55.3255, -5.74628], [-55.31653, -5.75251], [-55.30927, -5.75052], [-55.30772, -5.75808], [-55.30149, -5.75387], [-55.28683, -5.76709], [-55.27684, -5.76562], [-55.27555, -5.7766], [-55.27159, -5.77379], [-55.26939, -5.77931], [-55.26042, -5.78258], [-55.25688, -5.78717], [-55.26229, -5.80658], [-55.26874, -5.8123], [-55.27486, -5.83178], [-55.28485, -5.8484], [-55.29415, -5.85132], [-55.30502, -5.86395], [-55.3169, -5.86863], [-55.31725, -5.89326], [-55.33238, -5.90065], [-55.33697, -5.90885], [-55.34433, -5.91385], [-55.34496, -5.93417], [-55.35442, -5.94278], [-55.35888, -5.9528], [-55.35527, -5.96258], [-55.44947, -6.18577], [-55.44896, -6.17966], [-55.4541, -6.1691], [-55.45183, -6.15933], [-55.45661, -6.15973], [-55.45526, -6.15713], [-55.45617, -6.15488], [-55.4592, -6.15885], [-55.47438, -6.16364], [-55.49575, -6.1666], [-55.51334, -6.16498], [-55.52718, -6.18295], [-55.53815, -6.18431], [-55.5605, -6.17258], [-55.55762, -6.16435], [-55.56441, -6.15549], [-55.56566, -6.13567], [-55.57148, -6.126], [-55.56841, -6.11538], [-55.57377, -6.08576], [-55.59059, -6.08633], [-55.60107, -6.08284], [-55.60646, -6.0867], [-55.63203, -6.08272], [-55.64849, -6.06759], [-55.67668, -6.05206], [-55.68313, -6.043], [-55.6867, -6.02127], [-55.68485, -6.00811], [-55.69119, -5.99628], [-55.69037, -5.97981], [-55.71254, -5.93045], [-55.70892, -5.91468], [-55.70934, -5.87805], [-55.71384, -5.85082], [-55.74099, -5.7757], [-55.7356, -5.75384], [-55.74522, -5.71861], [-55.747, -5.72201], [-55.73808, -5.75449], [-55.74224, -5.7757], [-55.71621, -5.84763], [-55.71123, -5.87471], [-55.71041, -5.91064], [-55.71348, -5.93139], [-55.69166, -5.98081], [-55.69226, -5.99883], [-55.69659, -5.99743], [-55.70432, -6.00606], [-55.70177, -6.03147], [-55.72, -6.04005], [-55.72156, -6.0513], [-55.71527, -6.10546], [-55.72051, -6.10884], [-55.72743, -6.10822], [-55.73313, -6.10046], [-55.74254, -6.09499], [-55.75463, -6.09421], [-55.76349, -6.106], [-55.76335, -6.1154], [-55.76805, -6.1164], [-55.79633, -6.1024], [-55.83545, -6.06812], [-55.8412, -6.07665], [-55.85525, -6.08638], [-55.88784, -6.09408], [-55.91022, -6.1029], [-55.92923, -6.12543], [-55.95081, -6.12238], [-55.9622, -6.12506], [-55.98832, -6.13419], [-55.99936, -6.14605], [-56.0122, -6.13582], [-56.04146, -6.13], [-56.07198, -6.11663], [-56.12499, -6.13042], [-56.14724, -6.14673], [-56.16511, -6.15423], [-56.1713, -6.13387], [-56.16581, -6.12706], [-56.17413, -6.113], [-56.17953, -6.08856], [-56.17092, -6.05509], [-56.13282, -6.0366], [-56.12112, -6.01143], [-56.12348, -5.98594], [-56.11071, -5.98053], [-56.1093, -5.96761], [-56.14566, -5.94914], [-56.16065, -5.94808], [-56.16256, -5.93524], [-56.15594, -5.9332], [-56.15625, -5.92763], [-56.1615, -5.92107], [-56.16142, -5.90468], [-56.16937, -5.90358], [-56.17221, -5.89352], [-56.18424, -5.89221], [-56.18883, -5.88128], [-56.19871, -5.88064], [-56.20295, -5.86373], [-56.21556, -5.85252], [-56.21742, -5.84178], [-56.23066, -5.82654], [-56.23081, -5.81478], [-56.24392, -5.80958], [-56.24795, -5.802], [-56.26637, -5.78976], [-56.27829, -5.78818], [-56.27979, -5.7779], [-56.27612, -5.77485], [-56.28399, -5.76566], [-56.28016, -5.76351], [-56.28031, -5.75223], [-56.27485, -5.74952], [-56.2752, -5.74414], [-56.26689, -5.731], [-56.26697, -5.72535], [-56.26145, -5.72459], [-56.2487, -5.73392], [-56.2431, -5.73287], [-56.23181, -5.72197], [-56.24103, -5.71295], [-56.24608, -5.70277], [-56.24915, -5.69992], [-56.26017, -5.70013], [-56.26423, -5.69634], [-56.2678, -5.7003], [-56.28177, -5.69553], [-56.28992, -5.69746], [-56.31193, -5.68883], [-56.32282, -5.69347], [-56.34136, -5.68187], [-56.35418, -5.68605], [-56.40374, -5.67312], [-56.40452, -5.6462], [-56.42953, -5.63646], [-56.43499, -5.62408], [-56.43427, -5.61601], [-56.44159, -5.59944], [-56.43624, -5.58643], [-56.43593, -5.56536], [-56.43407, -5.56194], [-56.17771, -5.5625], [-56.17281, -5.55131], [-56.17087, -5.51333], [-56.16607, -5.50971], [-56.16424, -5.50123], [-56.15727, -5.50748], [-56.15028, -5.50099], [-56.15936, -5.49447], [-56.15839, -5.47638], [-56.13194, -5.45937], [-56.1054, -5.42922], [-56.11348, -5.42246], [-56.10777, -5.40738], [-56.11525, -5.37546], [-56.09814, -5.38759], [-56.08228, -5.38193], [-56.05013, -5.38395], [-56.03502, -5.37838], [-56.01849, -5.37763], [-56.0088, -5.36604], [-56.00341, -5.35239], [-55.98695, -5.35342], [-55.98755, -5.35744], [-55.9837, -5.35829], [-55.97716, -5.35398], [-55.9791, -5.34864], [-55.97675, -5.34533], [-55.97057, -5.34938], [-55.96291, -5.36483], [-55.94112, -5.36328], [-55.93195, -5.36908], [-55.92528, -5.38872], [-55.91453, -5.38981], [-55.91152, -5.39812], [-55.90572, -5.40156], [-55.9011, -5.40986], [-55.8952, -5.41049], [-55.89003, -5.4035], [-55.88029, -5.40274], [-55.87599, -5.39891], [-55.8727, -5.40282], [-55.86498, -5.40178], [-55.86549, -5.39033], [-55.86211, -5.38372], [-55.8657, -5.38066], [-55.86167, -5.37957], [-55.86572, -5.37782], [-55.86672, -5.37088], [-55.86257, -5.36982], [-55.86169, -5.36113], [-55.85483, -5.35764], [-55.86045, -5.35644], [-55.85964, -5.34996], [-55.85575, -5.34736], [-55.85292, -5.34934], [-55.84891, -5.34099], [-55.85713, -5.33766], [-55.85736, -5.33444], [-55.85353, -5.33329], [-55.85681, -5.32338], [-55.84209, -5.32154], [-55.83992, -5.3143], [-55.8122, -5.31262], [-55.80589, -5.3024], [-55.81499, -5.29566], [-55.79663, -5.28781], [-55.80876, -5.27613], [-55.80477, -5.27562], [-55.7953, -5.24646], [-55.80125, -5.24763], [-55.80021, -5.23792], [-55.79744, -5.23589], [-55.79881, -5.22336], [-55.79682, -5.21949], [-55.79195, -5.22148], [-55.7909, -5.21936], [-55.799, -5.2031], [-55.7975, -5.1906], [-55.79221, -5.18495], [-55.79587, -5.17875], [-55.79233, -5.17779], [-55.78743, -5.15328], [-55.78403, -5.14975], [-55.7869, -5.13406], [-55.77096, -5.12607], [-55.76294, -5.12621], [-55.75853, -5.12274], [-55.76196, -5.12094], [-55.75824, -5.11717], [-55.74841, -5.1103], [-55.74018, -5.1115], [-55.73938, -5.10705], [-55.72686, -5.10264], [-55.72159, -5.09382], [-55.70875, -5.09352], [-55.67156, -5.07494], [-55.66544, -5.06746], [-55.66458, -5.0603], [-55.66082, -5.06079], [-55.6615, -5.05594], [-55.65804, -5.05813], [-55.66023, -5.03993], [-55.64364, -5.02675]], [[-55.8858, -5.40402], [-55.88777, -5.40718], [-55.88314, -5.43696], [-55.8782, -5.45067], [-55.86901, -5.45787], [-55.86211, -5.471], [-55.84703, -5.47858], [-55.83285, -5.50031], [-55.83623, -5.51586], [-55.83351, -5.53218], [-55.84501, -5.53016], [-55.83172, -5.54282], [-55.82969, -5.54975], [-55.82807, -5.563], [-55.83354, -5.56953], [-55.83352, -5.61325], [-55.80978, -5.63548], [-55.75089, -5.71978], [-55.73759, -5.71655], [-55.7375, -5.7017], [-55.75194, -5.67384], [-55.77536, -5.6511], [-55.78821, -5.62234], [-55.77726, -5.60542], [-55.7807, -5.58453], [-55.79705, -5.58802], [-55.79894, -5.5596], [-55.80655, -5.55527], [-55.81628, -5.56048], [-55.82049, -5.53293], [-55.83164, -5.53181], [-55.83269, -5.52909], [-55.83432, -5.51028], [-55.8305, -5.50024], [-55.84301, -5.48448], [-55.84493, -5.47638], [-55.86101, -5.47001], [-55.86818, -5.45679], [-55.8766, -5.451], [-55.88669, -5.40601], [-55.88288, -5.40371], [-55.8858, -5.40402]]]]}}, {"type": "Feature", "properties": {"nome": "ÁREA DE RELEVANTE INTERESSE ECOLÓGICO PROJETO DINÂMICA BIOLÓGICA DE FRAGMENTOS FLORESTAIS", "grupo": "Uso sustentável", "esfera": "Federal", "ano": "1985", "ha": 3336.296355914912, "bioma": "AMAZÔNIA"}, "geometry": {"type": "MultiPolygon", "coordinates": [[[[-59.87554, -2.4055], [-59.8764, -2.4071], [-59.87675, -2.40583], [-59.87554, -2.4055]]], [[[-59.87319, -2.40339], [-59.87044, -2.40259], [-59.86947, -2.40557], [-59.87227, -2.40653], [-59.87319, -2.40339]]], [[[-59.90905, -2.3963], [-59.9006, -2.39766], [-59.90286, -2.41566], [-59.92535, -2.41258], [-59.92352, -2.3994], [-59.93688, -2.3973], [-59.93425, -2.37924], [-59.91642, -2.3817], [-59.90875, -2.39193], [-59.90905, -2.3963]]], [[[-59.8744, -2.3872], [-59.87538, -2.38636], [-59.8744, -2.38637], [-59.8744, -2.3872]]], [[[-59.96964, -2.37353], [-59.97051, -2.37261], [-59.96963, -2.37261], [-59.96964, -2.37353]]], [[[-59.87048, -2.37425], [-59.87335, -2.37426], [-59.87338, -2.37141], [-59.87046, -2.3714], [-59.87048, -2.37425]]], [[[-59.96796, -2.36136], [-59.96914, -2.3701], [-59.97474, -2.36936], [-59.97862, -2.36262], [-59.97815, -2.35979], [-59.96796, -2.36136]]], [[[-59.95949, -2.35652], [-59.95911, -2.35367], [-59.95633, -2.354], [-59.95667, -2.35687], [-59.95949, -2.35652]]], [[[-60.0921, -2.34877], [-60.09985, -2.34332], [-60.09777, -2.33635], [-60.09005, -2.33891], [-60.0921, -2.34877]]], [[[-60.10844, -2.33802], [-60.10898, -2.33689], [-60.10813, -2.33718], [-60.10844, -2.33802]]], [[[-60.1005, -2.33793], [-60.10119, -2.33629], [-60.10004, -2.33667], [-60.1005, -2.33793]]], [[[-60.11401, -2.33443], [-60.11251, -2.33826], [-60.11501, -2.33726], [-60.11401, -2.33443]]], [[[-59.74694, -2.44933], [-59.78054, -2.44774], [-59.78029, -2.44465], [-59.78432, -2.4446], [-59.783, -2.42936], [-59.77821, -2.42995], [-59.77767, -2.42458], [-59.75329, -2.42878], [-59.75408, -2.43628], [-59.74581, -2.43879], [-59.74694, -2.44933]]], [[[-59.80844, -2.42906], [-59.80727, -2.42011], [-59.79832, -2.42121], [-59.79956, -2.43012], [-59.80844, -2.42906]]], [[[-59.81867, -2.42325], [-59.81612, -2.42638], [-59.81907, -2.42604], [-59.81867, -2.42325]]], [[[-59.81287, -2.42284], [-59.81366, -2.42184], [-59.81276, -2.42194], [-59.81287, -2.42284]]], [[[-59.86316, -2.42625], [-59.86051, -2.42208], [-59.86226, -2.4177], [-59.85356, -2.40752], [-59.82849, -2.40492], [-59.83206, -2.43176], [-59.85984, -2.43474], [-59.86316, -2.42625]]], [[[-59.80289, -2.41364], [-59.80315, -2.41643], [-59.80616, -2.41613], [-59.80574, -2.41338], [-59.80289, -2.41364]]], [[[-59.80927, -2.41169], [-59.80833, -2.41081], [-59.80832, -2.41168], [-59.80927, -2.41169]]], [[[-59.8483, -2.39732], [-59.84923, -2.39645], [-59.84828, -2.39646], [-59.8483, -2.39732]]], [[[-59.84515, -2.39245], [-59.85398, -2.39396], [-59.85543, -2.38495], [-59.84663, -2.38349], [-59.84515, -2.39245]]], [[[-59.87195, -2.38324], [-59.86896, -2.38048], [-59.86896, -2.38322], [-59.87195, -2.38324]]], [[[-59.85407, -2.37939], [-59.85405, -2.37668], [-59.85105, -2.37665], [-59.85107, -2.37941], [-59.85407, -2.37939]]]]}}, {"type": "Feature", "properties": {"nome": "FLORESTA NACIONAL DO BOM FUTURO", "grupo": "Uso sustentável", "esfera": "Federal", "ano": "1988", "ha": 98349.99251649361, "bioma": "AMAZÔNIA"}, "geometry": {"type": "Polygon", "coordinates": [[[-63.79894, -9.16369], [-63.81104, -9.18906], [-63.80275, -9.21334], [-63.79512, -9.25935], [-63.8277, -9.25968], [-63.80332, -9.3769], [-63.77246, -9.43112], [-63.70499, -9.47936], [-63.67307, -9.45869], [-63.60125, -9.45905], [-63.59399, -9.48408], [-63.65892, -9.6111], [-63.67181, -9.60874], [-63.67289, -9.61141], [-63.71061, -9.61385], [-63.72735, -9.61013], [-63.75202, -9.58458], [-63.78853, -9.51936], [-63.82418, -9.48338], [-64.00545, -9.48717], [-64.01572, -9.52393], [-64.13155, -9.55205], [-64.12738, -9.57006], [-64.11892, -9.56799], [-64.11727, -9.56114], [-64.07588, -9.5557], [-64.06964, -9.59786], [-64.07801, -9.59959], [-64.0794, -9.59669], [-64.08204, -9.59899], [-64.08593, -9.58945], [-64.09591, -9.59286], [-64.09807, -9.59166], [-64.09628, -9.58819], [-64.10737, -9.58764], [-64.11606, -9.59272], [-64.11979, -9.59179], [-64.12326, -9.59878], [-64.12744, -9.59427], [-64.13196, -9.59547], [-64.13239, -9.58537], [-64.14175, -9.58349], [-64.14375, -9.57415], [-64.15273, -9.57903], [-64.15088, -9.56718], [-64.15528, -9.56246], [-64.16825, -9.56177], [-64.17131, -9.5523], [-64.17887, -9.55727], [-64.18447, -9.54492], [-64.19275, -9.548], [-64.20321, -9.53876], [-64.207, -9.53935], [-64.20716, -9.54415], [-64.21064, -9.5378], [-64.20509, -9.53796], [-64.20592, -9.53099], [-64.20347, -9.52903], [-64.2058, -9.52661], [-64.20905, -9.53222], [-64.21159, -9.53114], [-64.21147, -9.52662], [-64.21485, -9.52894], [-64.21772, -9.51986], [-64.22183, -9.52815], [-64.22885, -9.52766], [-64.22726, -9.51654], [-64.23085, -9.51447], [-64.23435, -9.51544], [-64.23543, -9.51993], [-64.24026, -9.51503], [-64.24198, -9.52128], [-64.24998, -9.51656], [-64.25159, -9.51994], [-64.25594, -9.51973], [-64.25671, -9.52358], [-64.26542, -9.52497], [-64.27028, -9.52029], [-64.26663, -9.51019], [-64.26956, -9.50612], [-64.26303, -9.50742], [-64.26393, -9.50025], [-64.27247, -9.50073], [-64.27524, -9.49538], [-64.27469, -9.49222], [-64.26857, -9.49202], [-64.27475, -9.48771], [-64.27209, -9.48282], [-64.26838, -9.4836], [-64.26931, -9.47688], [-64.27188, -9.47393], [-64.27665, -9.47654], [-64.28162, -9.47161], [-64.28913, -9.472], [-64.28624, -9.46256], [-64.28896, -9.45807], [-64.2919, -9.45891], [-64.29117, -9.46497], [-64.29548, -9.46681], [-64.30464, -9.4655], [-64.30318, -9.4604], [-64.30905, -9.4578], [-64.31574, -9.46016], [-64.31753, -9.44591], [-63.88339, -9.44138], [-63.88298, -9.31267], [-63.8805, -9.31137], [-63.87977, -9.2975], [-63.87593, -9.29448], [-63.87473, -9.28363], [-63.87206, -9.28291], [-63.87444, -9.27476], [-63.87249, -9.2684], [-63.88302, -9.26078], [-63.88256, -9.22254], [-63.83609, -9.22261], [-63.8362, -9.10762], [-63.82066, -9.12954], [-63.80337, -9.14183], [-63.79894, -9.16369]]]}}, {"type": "Feature", "properties": {"nome": "RESERVA EXTRATIVISTA DO CAZUMBÁ-IRACEMA", "grupo": "Uso sustentável", "esfera": "Federal", "ano": "2002", "ha": 756926.5346543823, "bioma": "AMAZÔNIA"}, "geometry": {"type": "Polygon", "coordinates": [[[-69.14944, -9.73844], [-69.14705, -9.74301], [-69.14983, -9.74454], [-69.15307, -9.76217], [-69.16417, -9.76195], [-69.16388, -9.7688], [-69.1743, -9.77169], [-69.17744, -9.78699], [-69.18336, -9.79321], [-69.3564, -9.69677], [-69.50056, -9.80232], [-69.50056, -9.76705], [-69.76723, -9.81705], [-69.95056, -10.00038], [-69.9517, -10.20287], [-69.97241, -10.19605], [-69.98227, -10.20218], [-69.99524, -10.19917], [-70.00979, -10.20449], [-70.02008, -10.22087], [-70.04095, -10.22856], [-70.04979, -10.24193], [-70.0603, -10.24951], [-70.09278, -10.24423], [-70.10031, -10.24803], [-70.11968, -10.24684], [-70.1259, -10.25255], [-70.13206, -10.25336], [-70.13937, -10.26925], [-70.14755, -10.27023], [-70.15431, -10.28009], [-70.15334, -10.28578], [-70.14802, -10.28809], [-70.14317, -10.29557], [-70.1421, -10.30379], [-70.14486, -10.31414], [-70.15238, -10.32416], [-70.17109, -10.32736], [-70.18251, -10.33589], [-70.19373, -10.3307], [-69.82289, -9.3685], [-69.76581, -9.35264], [-69.69754, -9.24612], [-69.22111, -9.0349], [-69.2043, -9.02245], [-69.09773, -9.02623], [-68.99771, -9.06869], [-68.912, -9.08913], [-68.87946, -9.0943], [-68.87568, -9.07577], [-68.8399, -9.08282], [-68.84524, -9.09902], [-68.859, -9.08325], [-68.86166, -9.08606], [-68.85875, -9.0951], [-68.8599, -9.10426], [-68.87023, -9.10128], [-68.8778, -9.11244], [-68.88223, -9.10977], [-68.88183, -9.1029], [-68.89156, -9.10734], [-68.89206, -9.11393], [-68.88512, -9.12332], [-68.88817, -9.12653], [-68.89002, -9.12178], [-68.89419, -9.12262], [-68.89991, -9.13568], [-68.90915, -9.12928], [-68.90726, -9.12435], [-68.89794, -9.11985], [-68.90429, -9.11322], [-68.90196, -9.10693], [-68.92775, -9.10156], [-68.93298, -9.10715], [-68.93895, -9.10625], [-68.94349, -9.1243], [-68.93182, -9.12413], [-68.92989, -9.16462], [-68.90616, -9.20541], [-68.90298, -9.22393], [-68.9066, -9.22932], [-68.90553, -9.23461], [-68.8916, -9.24457], [-68.88649, -9.2691], [-68.86971, -9.27469], [-68.86827, -9.30121], [-68.87672, -9.30369], [-68.87699, -9.31034], [-68.88207, -9.31279], [-68.8837, -9.31884], [-68.88821, -9.31891], [-68.89351, -9.32431], [-68.89685, -9.32221], [-68.90334, -9.32701], [-68.91052, -9.31827], [-68.92576, -9.33029], [-68.92819, -9.32141], [-68.94359, -9.32707], [-68.94932, -9.34767], [-68.9563, -9.35057], [-68.96213, -9.34622], [-68.98577, -9.36839], [-68.99107, -9.36981], [-68.99089, -9.38278], [-68.99446, -9.38733], [-68.99242, -9.39451], [-68.99531, -9.40475], [-69.00275, -9.41172], [-69.00218, -9.41915], [-69.00621, -9.42397], [-69.00406, -9.42938], [-69.01115, -9.44144], [-69.00897, -9.46509], [-69.01851, -9.47516], [-69.01958, -9.49305], [-69.02766, -9.49952], [-69.03015, -9.50728], [-69.03439, -9.50485], [-69.03985, -9.5078], [-69.04086, -9.51396], [-69.05668, -9.515], [-69.06164, -9.53537], [-69.06648, -9.54311], [-69.06493, -9.54642], [-69.07032, -9.55553], [-69.06094, -9.67681], [-69.07284, -9.68352], [-69.073, -9.68953], [-69.07715, -9.69397], [-69.08391, -9.68836], [-69.09879, -9.69163], [-69.10101, -9.68802], [-69.10496, -9.69201], [-69.10323, -9.69785], [-69.10998, -9.69792], [-69.11254, -9.70697], [-69.11929, -9.70155], [-69.12687, -9.70497], [-69.13072, -9.71313], [-69.12589, -9.7137], [-69.1235, -9.72022], [-69.13565, -9.72613], [-69.13277, -9.72909], [-69.1338, -9.73438], [-69.14108, -9.73298], [-69.14944, -9.73844]], [[-69.26972, -9.30508], [-69.25085, -9.29976], [-69.24602, -9.2939], [-69.23878, -9.29632], [-69.23466, -9.29034], [-69.22446, -9.28685], [-69.22423, -9.28183], [-69.21826, -9.27899], [-69.21878, -9.27348], [-69.21103, -9.26494], [-69.21233, -9.26001], [-69.20474, -9.25792], [-69.20462, -9.2477], [-69.19835, -9.2415], [-69.19912, -9.23604], [-69.19041, -9.23203], [-69.19369, -9.22301], [-69.1882, -9.21697], [-69.19168, -9.21479], [-69.18234, -9.21525], [-69.17938, -9.20877], [-69.18165, -9.20631], [-69.1778, -9.20085], [-69.17133, -9.20255], [-69.17002, -9.19711], [-69.16615, -9.1962], [-69.17096, -9.19434], [-69.16906, -9.1894], [-69.16259, -9.19339], [-69.16145, -9.1887], [-69.16542, -9.18366], [-69.16161, -9.18277], [-69.16521, -9.1786], [-69.17853, -9.17393], [-69.17744, -9.1815], [-69.18263, -9.18474], [-69.18036, -9.18813], [-69.18474, -9.1863], [-69.19174, -9.19323], [-69.19787, -9.19164], [-69.20356, -9.19626], [-69.20573, -9.19153], [-69.20234, -9.18562], [-69.21219, -9.18218], [-69.21436, -9.18703], [-69.22183, -9.18213], [-69.23288, -9.19527], [-69.24135, -9.19738], [-69.23586, -9.2091], [-69.24169, -9.21155], [-69.24695, -9.22171], [-69.25239, -9.22169], [-69.2521, -9.21845], [-69.25409, -9.22007], [-69.25289, -9.23462], [-69.25745, -9.23469], [-69.25815, -9.23014], [-69.26298, -9.23359], [-69.26738, -9.2442], [-69.28035, -9.2469], [-69.28133, -9.23992], [-69.28475, -9.23857], [-69.29385, -9.24584], [-69.28991, -9.24974], [-69.29925, -9.25461], [-69.30245, -9.26631], [-69.2923, -9.27308], [-69.28619, -9.32048], [-69.26972, -9.30508]]]}}, {"type": "Feature", "properties": {"nome": "RESERVA EXTRATIVISTA BAIXO RIO BRANCO-JAUAPERI", "grupo": "Uso sustentável", "esfera": "Federal", "ano": "2018", "ha": 580627.2116797256, "bioma": "AMAZÔNIA"}, "geometry": {"type": "Polygon", "coordinates": [[[-61.43278, -0.13506], [-61.40825, -0.23867], [-61.41581, -0.286], [-61.39167, -0.35381], [-61.434, -0.44058], [-61.44153, -0.56358], [-61.42924, -0.58312], [-61.43795, -0.59797], [-61.43938, -0.60704], [-61.43453, -0.61975], [-61.44374, -0.62375], [-61.44645, -0.62917], [-61.44705, -0.64095], [-61.44125, -0.63372], [-61.43963, -0.6399], [-61.44701, -0.6458], [-61.44477, -0.65152], [-61.45039, -0.65213], [-61.43235, -0.65307], [-61.42878, -0.64586], [-61.43364, -0.63801], [-61.43214, -0.63109], [-61.40915, -0.62652], [-61.39052, -0.61024], [-61.37236, -0.60469], [-61.36015, -0.5942], [-61.34766, -0.59077], [-61.33089, -0.5947], [-61.30337, -0.57239], [-61.28489, -0.57011], [-61.27822, -0.57294], [-61.28225, -0.57683], [-61.27575, -0.59081], [-61.26589, -0.5974], [-61.2628, -0.6109], [-61.26517, -0.61389], [-61.26057, -0.62001], [-61.25627, -0.63659], [-61.25839, -0.64853], [-61.2562, -0.65655], [-61.24784, -0.66296], [-61.24865, -0.67052], [-61.24243, -0.6822], [-61.24209, -0.69759], [-61.23373, -0.71353], [-61.24052, -0.73112], [-61.24595, -0.73681], [-61.25903, -0.74183], [-61.28697, -0.74251], [-61.29613, -0.75463], [-61.30083, -0.75494], [-61.52039, -1.19247], [-61.44994, -1.21764], [-61.36256, -1.54086], [-61.37164, -1.54172], [-61.37082, -1.54739], [-61.37805, -1.54987], [-61.39757, -1.53283], [-61.41299, -1.53568], [-61.4246, -1.52845], [-61.42174, -1.51417], [-61.42374, -1.51094], [-61.4384, -1.51446], [-61.44944, -1.50226], [-61.45248, -1.50521], [-61.45191, -1.5112], [-61.45617, -1.51369], [-61.45446, -1.51721], [-61.45941, -1.51854], [-61.46065, -1.52321], [-61.45789, -1.52482], [-61.46198, -1.52739], [-61.45989, -1.52968], [-61.46236, -1.52987], [-61.46217, -1.53729], [-61.45951, -1.53996], [-61.46455, -1.54234], [-61.46874, -1.55185], [-61.46094, -1.57032], [-61.46322, -1.57746], [-61.46846, -1.5766], [-61.46883, -1.59097], [-61.50247, -1.56389], [-61.52153, -1.53869], [-61.55142, -1.47382], [-61.56864, -1.45136], [-61.58368, -1.43746], [-61.62061, -1.415], [-61.65716, -1.40339], [-61.72302, -1.39539], [-61.73854, -1.37697], [-61.78022, -1.3604], [-61.80135, -1.36992], [-61.82115, -1.39277], [-61.83676, -1.39219], [-61.84342, -1.38572], [-61.84986, -1.39142], [-61.85412, -1.38841], [-61.86912, -1.35619], [-61.87245, -1.33036], [-61.83996, -1.26536], [-61.83912, -1.25841], [-61.8444, -1.24341], [-61.84774, -1.20647], [-61.86691, -1.15793], [-61.87857, -1.13841], [-61.88109, -1.12256], [-61.87496, -1.09868], [-61.86082, -1.07739], [-61.85884, -1.0573], [-61.88273, -1.01008], [-61.88829, -1.00535], [-61.88941, -0.99426], [-61.87156, -0.94394], [-61.86044, -0.94481], [-61.85167, -0.94079], [-61.84731, -0.94339], [-61.84618, -0.93203], [-61.84929, -0.92729], [-61.84669, -0.92503], [-61.83591, -0.9239], [-61.83642, -0.92874], [-61.82823, -0.9386], [-61.82962, -0.95102], [-61.82524, -0.95469], [-61.80912, -0.9505], [-61.80122, -0.94327], [-61.79237, -0.94289], [-61.78733, -0.93519], [-61.77549, -0.92825], [-61.77207, -0.93196], [-61.76339, -0.92888], [-61.75391, -0.94476], [-61.74421, -0.94065], [-61.73686, -0.94736], [-61.72016, -0.93207], [-61.72124, -0.9255], [-61.71172, -0.91253], [-61.71558, -0.89624], [-61.73129, -0.89348], [-61.72186, -0.87778], [-61.72853, -0.86864], [-61.73557, -0.87035], [-61.73738, -0.86769], [-61.73491, -0.85803], [-61.72703, -0.85429], [-61.73149, -0.84098], [-61.73277, -0.82214], [-61.72666, -0.81843], [-61.72432, -0.80815], [-61.71838, -0.8001], [-61.71324, -0.79884], [-61.70359, -0.78296], [-61.69656, -0.7648], [-61.69257, -0.73832], [-61.69542, -0.7269], [-61.72131, -0.71757], [-61.72474, -0.71338], [-61.7215, -0.70057], [-61.72593, -0.69481], [-61.72345, -0.68919], [-61.72655, -0.68229], [-61.72436, -0.67641], [-61.72655, -0.66594], [-61.71988, -0.65913], [-61.72526, -0.64959], [-61.72003, -0.63988], [-61.70613, -0.62861], [-61.71146, -0.61353], [-61.71865, -0.6051], [-61.7155, -0.59651], [-61.72355, -0.5918], [-61.7165, -0.57103], [-61.72236, -0.57017], [-61.7226, -0.56326], [-61.72926, -0.56036], [-61.72103, -0.55279], [-61.71527, -0.53973], [-61.7149, -0.52734], [-61.72449, -0.51895], [-61.73106, -0.49467], [-61.72792, -0.49062], [-61.72805, -0.47792], [-61.71348, -0.47393], [-61.703, -0.46442], [-61.70041, -0.45252], [-61.70785, -0.43596], [-61.70241, -0.41938], [-61.67913, -0.39675], [-61.69338, -0.36349], [-61.71358, -0.35956], [-61.71881, -0.35107], [-61.71239, -0.34845], [-61.70995, -0.34138], [-61.69502, -0.33478], [-61.69067, -0.32815], [-61.67479, -0.31714], [-61.67139, -0.30608], [-61.64692, -0.28072], [-61.61744, -0.27278], [-61.60408, -0.20517], [-61.54708, -0.13644], [-61.43278, -0.13506]]]}}, {"type": "Feature", "properties": {"nome": "RESERVA BIOLÓGICA DO ABUFARI", "grupo": "Proteção integral", "esfera": "Federal", "ano": "1982", "ha": 224744.98089195637, "bioma": "AMAZÔNIA"}, "geometry": {"type": "Polygon", "coordinates": [[[-62.88933, -4.86928], [-62.88566, -4.87254], [-62.89069, -4.88091], [-62.88878, -4.9043], [-62.89599, -4.92196], [-62.90526, -4.92855], [-62.93574, -4.9385], [-62.94548, -4.94852], [-62.94239, -4.95422], [-62.91701, -4.95194], [-62.90446, -4.9585], [-62.8839, -4.98675], [-62.87846, -4.99932], [-62.87868, -5.01316], [-62.88353, -5.02523], [-62.8912, -5.03498], [-62.90992, -5.04635], [-62.90905, -5.05541], [-62.89855, -5.06886], [-62.88735, -5.07635], [-62.87803, -5.0909], [-62.85404, -5.08726], [-62.83775, -5.09787], [-62.83524, -5.10549], [-62.84, -5.11935], [-62.83593, -5.13873], [-62.83872, -5.14772], [-62.83025, -5.15532], [-62.82496, -5.14768], [-62.81793, -5.15349], [-62.81768, -5.14515], [-62.80256, -5.12779], [-62.77389, -5.11824], [-62.81708, -5.25373], [-62.84639, -5.33297], [-62.90744, -5.34515], [-62.92168, -5.35102], [-62.93105, -5.35006], [-62.95002, -5.33845], [-62.96668, -5.33316], [-62.97272, -5.33328], [-62.9834, -5.33992], [-62.98846, -5.35387], [-62.98368, -5.38889], [-62.98027, -5.39038], [-62.96431, -5.38452], [-62.9489, -5.38658], [-62.93595, -5.39679], [-62.9325, -5.40356], [-62.93279, -5.42138], [-62.93737, -5.43092], [-62.94617, -5.43777], [-63.0641, -5.47793], [-63.08463, -5.46828], [-63.1207, -5.46484], [-63.16901, -5.4523], [-63.18548, -5.43674], [-63.17942, -5.43219], [-63.16969, -5.43127], [-63.16996, -5.42671], [-63.1605, -5.42262], [-63.17141, -5.40947], [-63.17379, -5.39881], [-63.17023, -5.38699], [-63.15855, -5.37198], [-63.15248, -5.36958], [-63.14395, -5.37353], [-63.14358, -5.35861], [-63.15107, -5.35424], [-63.14694, -5.34656], [-63.16345, -5.34074], [-63.18823, -5.33932], [-63.19885, -5.33024], [-63.20301, -5.31314], [-63.20605, -5.31638], [-63.20964, -5.30651], [-63.21544, -5.30569], [-63.22545, -5.29769], [-63.23291, -5.26089], [-63.22661, -5.24968], [-63.2104, -5.23784], [-63.21547, -5.23006], [-63.21227, -5.22096], [-63.21695, -5.20654], [-63.22024, -5.20592], [-63.24109, -5.22002], [-63.24678, -5.22759], [-63.26158, -5.23089], [-63.26874, -5.22559], [-63.26879, -5.22182], [-63.28309, -5.20565], [-63.3087, -5.16377], [-63.30404, -5.15048], [-63.31544, -5.1264], [-63.27859, -5.00646], [-63.26322, -5.03084], [-63.25242, -5.02992], [-63.24741, -5.03594], [-63.24752, -5.04273], [-63.24202, -5.04792], [-63.23698, -5.04932], [-63.23416, -5.04652], [-63.2308, -5.05108], [-63.2234, -5.05309], [-63.18331, -5.05252], [-63.17563, -5.04853], [-63.16983, -5.03944], [-63.15917, -5.03594], [-63.15484, -5.03857], [-63.14622, -5.03047], [-63.1322, -5.02623], [-63.11809, -5.00712], [-63.11367, -4.99294], [-63.10687, -4.98949], [-63.10009, -4.97946], [-63.10228, -4.97319], [-63.10565, -4.97408], [-63.1041, -4.97118], [-63.09936, -4.96936], [-63.08785, -4.9528], [-63.07728, -4.94954], [-63.06657, -4.9412], [-63.05718, -4.93851], [-63.05234, -4.94114], [-63.04454, -4.93521], [-63.03661, -4.93469], [-63.03636, -4.9176], [-63.03124, -4.91302], [-63.02977, -4.91541], [-63.02637, -4.91122], [-63.02488, -4.91319], [-63.02304, -4.90709], [-63.01207, -4.8992], [-63.01323, -4.89458], [-63.00971, -4.89293], [-63.00692, -4.89592], [-63.00055, -4.8926], [-63.00022, -4.88923], [-62.99714, -4.89055], [-62.9973, -4.88711], [-62.99065, -4.88648], [-62.97795, -4.89143], [-62.96814, -4.90637], [-62.96076, -4.90929], [-62.95803, -4.90971], [-62.94912, -4.89738], [-62.94212, -4.89573], [-62.92356, -4.90113], [-62.92861, -4.9043], [-62.92335, -4.90442], [-62.91865, -4.90305], [-62.91404, -4.89099], [-62.89712, -4.88131], [-62.88933, -4.86928]]]}}, {"type": "Feature", "properties": {"nome": "PARQUE NACIONAL NASCENTES DO LAGO JARI", "grupo": "Proteção integral", "esfera": "Federal", "ano": "2008", "ha": 808598.6986105064, "bioma": "AMAZÔNIA"}, "geometry": {"type": "Polygon", "coordinates": [[[-62.85403, -5.33499], [-62.6825, -5.2975], [-62.68185, -5.34965], [-62.68495, -5.36084], [-62.69173, -5.36906], [-62.68479, -5.37651], [-62.68526, -5.38244], [-62.66979, -5.39177], [-62.65664, -5.4067], [-62.66558, -5.41486], [-62.67773, -5.41788], [-62.67722, -5.4363], [-62.67389, -5.44456], [-62.68714, -5.4525], [-62.68549, -5.45974], [-62.69056, -5.46389], [-62.63902, -5.46667], [-62.6312, -5.47361], [-62.62936, -5.47004], [-62.62703, -5.47438], [-62.63148, -5.47848], [-62.62237, -5.47962], [-62.61831, -5.48478], [-62.61432, -5.48333], [-62.61056, -5.49289], [-62.57583, -5.43194], [-62.56667, -5.28639], [-62.53, -5.22222], [-62.52389, -5.20139], [-62.53293, -5.19528], [-62.53996, -5.17774], [-62.52158, -5.16439], [-62.51752, -5.16657], [-62.51395, -5.17946], [-62.4942, -5.20382], [-62.47159, -5.2102], [-62.46069, -5.22234], [-62.45526, -5.23441], [-62.43129, -5.24951], [-62.42439, -5.24979], [-62.42102, -5.25543], [-62.41119, -5.25106], [-62.41139, -5.24361], [-62.39363, -5.24542], [-62.37975, -5.23862], [-62.36876, -5.23064], [-62.36799, -5.22613], [-62.36482, -5.22607], [-62.35344, -5.21007], [-62.34247, -5.20076], [-62.33378, -5.19975], [-62.32959, -5.19458], [-62.31547, -5.19532], [-62.30409, -5.20018], [-62.293, -5.1964], [-62.29589, -5.19323], [-62.28383, -5.18713], [-62.27324, -5.17674], [-62.23692, -5.1739], [-62.23318, -5.16919], [-62.22622, -5.16801], [-62.22021, -5.16804], [-62.21541, -5.17338], [-62.21036, -5.17319], [-62.21047, -5.17577], [-62.19996, -5.17525], [-62.19418, -5.16707], [-62.17406, -5.15701], [-62.1725, -5.15268], [-62.16418, -5.15347], [-62.15692, -5.15796], [-62.15319, -5.16469], [-62.15206, -5.18414], [-62.15545, -5.18757], [-62.15862, -5.20743], [-62.1667, -5.21739], [-62.16731, -5.23164], [-62.17259, -5.24186], [-62.1641, -5.25414], [-62.15947, -5.27665], [-62.13139, -5.27972], [-62.1299, -5.28708], [-62.13351, -5.28861], [-62.13014, -5.31124], [-62.12533, -5.31123], [-62.12216, -5.31607], [-62.10252, -5.31772], [-62.10287, -5.31044], [-62.09441, -5.30484], [-62.09367, -5.30087], [-62.07967, -5.29169], [-62.069, -5.29159], [-62.06775, -5.28765], [-62.05913, -5.2862], [-62.04613, -5.29132], [-62.03578, -5.28629], [-62.02748, -5.30085], [-62.02411, -5.2975], [-62.01943, -5.30603], [-62.06541, -5.36354], [-62.05026, -5.37314], [-62.08206, -5.41668], [-62.13045, -5.51395], [-62.1593, -5.54834], [-62.27732, -5.73606], [-62.32924, -5.81325], [-62.43959, -5.93162], [-62.4893, -5.96881], [-62.50368, -5.95759], [-62.58123, -6.08211], [-62.66347, -6.18082], [-62.75497, -6.26301], [-62.81417, -6.35556], [-62.82019, -6.35088], [-62.83887, -6.34963], [-62.84493, -6.35411], [-62.84853, -6.36452], [-62.85272, -6.36567], [-62.85784, -6.36023], [-62.85948, -6.34615], [-62.87456, -6.34418], [-62.88592, -6.34631], [-62.88842, -6.35023], [-62.89219, -6.34875], [-62.89212, -6.33008], [-62.88915, -6.32563], [-62.89527, -6.32207], [-62.92312, -6.33396], [-62.92159, -6.35024], [-62.92393, -6.35455], [-62.93205, -6.35589], [-62.93988, -6.37205], [-62.94874, -6.35786], [-62.95106, -6.34661], [-62.96384, -6.34684], [-62.96834, -6.3504], [-62.9729, -6.35626], [-62.97891, -6.38567], [-62.9766, -6.38844], [-63.09, -6.33833], [-63.0925, -6.28333], [-63.14139, -6.19047], [-63.14219, -6.17569], [-63.13729, -6.15556], [-63.12588, -6.14605], [-63.11796, -6.1293], [-63.11935, -6.11767], [-63.109, -6.10452], [-63.11397, -6.09596], [-63.10259, -6.08614], [-63.09097, -6.08187], [-63.08858, -6.07247], [-63.09079, -6.06652], [-63.08228, -6.0503], [-63.08875, -6.03577], [-63.08518, -6.03065], [-63.08697, -6.02658], [-63.08389, -6.01388], [-63.07795, -6.00384], [-63.08419, -5.99121], [-63.09406, -5.98606], [-63.0953, -5.9782], [-63.10279, -5.97094], [-63.11215, -5.96795], [-63.11974, -5.9701], [-63.12585, -5.96532], [-63.12868, -5.96759], [-63.13802, -5.9512], [-63.14677, -5.94527], [-63.14413, -5.93982], [-63.14831, -5.93709], [-63.15137, -5.9207], [-63.14833, -5.9195], [-63.14094, -5.90174], [-63.15027, -5.88034], [-63.14543, -5.86508], [-63.14702, -5.85015], [-63.15786, -5.83472], [-63.1548, -5.82829], [-63.15884, -5.823], [-63.15686, -5.81884], [-63.16368, -5.8101], [-63.16244, -5.80362], [-63.16902, -5.79275], [-63.15873, -5.78845], [-63.12847, -5.80099], [-63.11004, -5.81662], [-63.06653, -5.84348], [-63.06953, -5.85482], [-63.06451, -5.86183], [-63.0442, -5.86294], [-63.03825, -5.86033], [-62.98622, -5.8669], [-62.94204, -5.88602], [-62.92963, -5.8945], [-62.90796, -5.89293], [-62.90185, -5.88856], [-62.90801, -5.82994], [-62.8993, -5.80805], [-62.90419, -5.80329], [-62.90509, -5.78231], [-62.90269, -5.7729], [-62.89343, -5.76252], [-62.89295, -5.67384], [-62.87414, -5.66924], [-62.86904, -5.64307], [-62.86278, -5.63549], [-62.86219, -5.62901], [-62.8522, -5.62288], [-62.84848, -5.60785], [-62.86314, -5.58953], [-62.86221, -5.57718], [-62.93313, -5.56698], [-62.93323, -5.5649], [-62.92421, -5.55766], [-62.92308, -5.54476], [-62.9111, -5.53065], [-62.91023, -5.50111], [-62.90374, -5.49219], [-62.90109, -5.4763], [-62.87214, -5.45322], [-62.85553, -5.4528], [-62.83427, -5.44283], [-62.82202, -5.42815], [-62.82161, -5.41914], [-62.81403, -5.41301], [-62.81508, -5.40475], [-62.82225, -5.3977], [-62.82425, -5.36295], [-62.82784, -5.36037], [-62.8289, -5.353], [-62.83364, -5.3514], [-62.84025, -5.34078], [-62.84743, -5.335], [-62.85403, -5.33499]]]}}, {"type": "Feature", "properties": {"nome": "REFÚGIO DE VIDA SILVESTRE DO SAUIM-DE-COLEIRA", "grupo": "Proteção integral", "esfera": "Federal", "ano": "2024", "ha": 15289.439948676381, "bioma": "AMAZÔNIA"}, "geometry": {"type": "Polygon", "coordinates": [[[-59.18874, -2.92647], [-59.18366, -2.93684], [-59.17215, -2.93522], [-59.1632, -2.94253], [-59.16221, -2.96619], [-59.15134, -3.00066], [-59.15095, -3.01233], [-59.16645, -3.01279], [-59.19472, -3.03813], [-59.20822, -3.03861], [-59.23649, -3.06408], [-59.25108, -3.06176], [-59.253, -3.05238], [-59.27198, -3.06246], [-59.28252, -3.05618], [-59.29322, -3.06701], [-59.29667, -3.06227], [-59.2861, -3.04894], [-59.27002, -3.03717], [-59.2834, -3.02858], [-59.27547, -3.00676], [-59.27645, -2.98237], [-59.27309, -2.96599], [-59.26715, -2.96], [-59.25802, -2.95867], [-59.23402, -2.93455], [-59.20119, -2.92901], [-59.19695, -2.93118], [-59.18874, -2.92647]]]}}, {"type": "Feature", "properties": {"nome": "FLORESTA NACIONAL DO AMAZONAS", "grupo": "Uso sustentável", "esfera": "Federal", "ano": "1989", "ha": 1944158.5504493373, "bioma": "AMAZÔNIA"}, "geometry": {"type": "Polygon", "coordinates": [[[-63.37956, 2.24095], [-63.32764, 2.18173], [-63.28326, 2.15451], [-63.26509, 2.14904], [-63.25192, 2.14951], [-63.17632, 2.17592], [-63.15079, 2.17639], [-63.13532, 2.16903], [-63.11904, 2.16714], [-63.11478, 2.15971], [-63.11924, 2.13249], [-63.10553, 2.09884], [-63.08438, 2.06926], [-63.06838, 2.0552], [-63.06283, 2.04365], [-63.03382, 2.0212], [-62.99991, 2.00864], [-62.98019, 2.01364], [-62.96377, 2.01384], [-62.93601, 2.02512], [-62.91837, 2.02674], [-62.90277, 2.02026], [-62.86494, 2.01843], [-62.81596, 2.00952], [-62.80928, 2.00459], [-62.80786, 1.99695], [-62.79576, 1.98797], [-62.75868, 1.97757], [-62.74098, 1.96689], [-62.71126, 1.95629], [-62.70004, 1.94777], [-62.68619, 1.92906], [-62.6837, 1.909], [-62.69363, 1.8634], [-62.72004, 1.81098], [-62.72065, 1.79652], [-62.71456, 1.77855], [-62.70734, 1.73282], [-62.70747, 1.71323], [-62.71443, 1.69931], [-62.7546, 1.66445], [-62.76733, 1.64574], [-62.78685, 1.62791], [-62.7855, 1.61528], [-62.79928, 1.60366], [-62.80022, 1.59717], [-62.78773, 1.57968], [-62.77847, 1.57583], [-62.74159, 1.53921], [-62.72835, 1.49611], [-62.70038, 1.47706], [-62.67869, 1.45632], [-62.65512, 1.44808], [-62.63627, 1.43369], [-62.63019, 1.41471], [-62.62073, 1.40255], [-62.62654, 1.38499], [-62.6235, 1.36715], [-62.61168, 1.35641], [-62.61026, 1.3425], [-62.60135, 1.32291], [-62.59973, 1.29751], [-62.59088, 1.26522], [-62.5596, 1.18827], [-62.54528, 1.12342], [-62.52863, 1.08562], [-62.49014, 1.08434], [-62.47801, 1.08933], [-62.47231, 1.08541], [-62.47017, 1.07899], [-62.47801, 1.05401], [-62.47481, 1.03974], [-62.47659, 1.02048], [-62.46208, 0.99868], [-62.44587, 0.98314], [-62.44323, 0.96395], [-62.45117, 0.94279], [-62.46903, 0.9246], [-62.47729, 0.89582], [-62.48577, 0.88028], [-62.5247, 0.8491], [-62.53077, 0.83947], [-62.5315, 0.80431], [-62.54427, 0.78369], [-62.53925, 0.76925], [-62.54333, 0.75816], [-62.56436, 0.74132], [-62.5882, 0.73031], [-62.58908, 0.72725], [-62.58314, 0.72036], [-62.58855, 0.70835], [-62.60598, 0.7007], [-62.61598, 0.70512], [-62.61902, 0.68683], [-62.63163, 0.69007], [-62.63642, 0.69722], [-62.64965, 0.70646], [-62.655, 0.73782], [-62.66626, 0.75094], [-62.7849, 0.74966], [-62.787, 0.76328], [-62.77663, 0.78586], [-62.76982, 0.8295], [-62.78812, 0.84687], [-62.7927, 0.85521], [-62.79293, 0.86872], [-62.80426, 0.89214], [-62.81794, 0.91358], [-62.83421, 0.92833], [-62.83968, 0.94534], [-62.85567, 0.97349], [-62.89351, 0.99377], [-62.89328, 1.02028], [-62.88546, 1.01895], [-62.87454, 1.0252], [-62.85657, 1.02351], [-62.8506, 1.02672], [-62.84379, 1.03658], [-62.82819, 1.03337], [-62.81569, 1.03601], [-62.81282, 1.04136], [-62.80516, 1.04226], [-62.79767, 1.03404], [-62.78303, 1.02869], [-62.77746, 1.02926], [-62.77753, 1.03342], [-62.78646, 1.04457], [-62.80135, 1.04922], [-62.80509, 1.07035], [-62.81408, 1.07871], [-62.82624, 1.08052], [-62.82887, 1.08381], [-62.83644, 1.07915], [-62.85542, 1.08552], [-62.85728, 1.08071], [-62.86821, 1.0796], [-62.87686, 1.09619], [-62.87543, 1.11121], [-62.88608, 1.12141], [-62.89398, 1.1251], [-62.90463, 1.12252], [-62.94491, 1.13963], [-62.95877, 1.15099], [-62.97317, 1.15584], [-62.97727, 1.1675], [-62.98478, 1.17413], [-62.99876, 1.17312], [-63.00617, 1.1766], [-63.02134, 1.19647], [-63.02276, 1.20487], [-63.03115, 1.20618], [-63.03737, 1.21387], [-63.03869, 1.22166], [-63.05416, 1.234], [-63.05492, 1.24259], [-63.07125, 1.26636], [-63.08159, 1.27406], [-63.0836, 1.28484], [-63.07495, 1.28889], [-63.07804, 1.2947], [-63.07237, 1.30138], [-63.07146, 1.31073], [-63.05993, 1.32004], [-63.05766, 1.34906], [-63.05058, 1.35913], [-63.05174, 1.36155], [-63.04203, 1.36358], [-63.04319, 1.37081], [-63.03536, 1.3832], [-63.03687, 1.41275], [-63.03357, 1.42617], [-63.04557, 1.45078], [-63.05441, 1.45172], [-63.0623, 1.45975], [-63.06283, 1.47478], [-63.06863, 1.49076], [-63.06405, 1.50695], [-63.06802, 1.51483], [-63.07295, 1.51578], [-63.07949, 1.5236], [-63.07969, 1.53041], [-63.08544, 1.53406], [-63.08733, 1.54827], [-63.09668, 1.55501], [-63.09821, 1.56238], [-63.06886, 1.66457], [-63.07006, 1.68974], [-63.0772, 1.70513], [-63.09128, 1.71281], [-63.10431, 1.71367], [-63.12018, 1.72334], [-63.1247, 1.72061], [-63.13261, 1.72157], [-63.12971, 1.73801], [-63.1231, 1.74313], [-63.12034, 1.7666], [-63.10928, 1.77968], [-63.1082, 1.77739], [-63.10537, 1.7904], [-63.11191, 1.80071], [-63.11848, 1.80216], [-63.12612, 1.81783], [-63.13041, 1.81707], [-63.14316, 1.82552], [-63.15777, 1.84377], [-63.16283, 1.84676], [-63.16763, 1.84549], [-63.1733, 1.86198], [-63.18154, 1.86805], [-63.18402, 1.87412], [-63.18831, 1.87513], [-63.1958, 1.88944], [-63.2046, 1.88747], [-63.21148, 1.89379], [-63.21446, 1.90102], [-63.21026, 1.90198], [-63.20758, 1.91634], [-63.21155, 1.9232], [-63.22008, 1.92517], [-63.23092, 1.93337], [-63.23461, 1.94004], [-63.25212, 1.95216], [-63.26052, 1.96334], [-63.28411, 1.97054], [-63.29625, 1.96831], [-63.32458, 1.97116], [-63.34661, 1.97931], [-63.34935, 1.98766], [-63.37229, 1.97374], [-63.36076, 1.96585], [-63.35989, 1.94761], [-63.34058, 1.92523], [-63.34597, 1.8911], [-63.34194, 1.86758], [-63.34331, 1.8476], [-63.35736, 1.82839], [-63.35504, 1.81848], [-63.36181, 1.80123], [-63.35888, 1.7758], [-63.36065, 1.76174], [-63.34912, 1.74025], [-63.35155, 1.71749], [-63.33304, 1.68801], [-63.32515, 1.68791], [-63.31443, 1.67233], [-63.3074, 1.66819], [-63.30152, 1.65513], [-63.30178, 1.64633], [-63.30415, 1.64294], [-63.30815, 1.64375], [-63.30835, 1.63763], [-63.31442, 1.63723], [-63.31133, 1.62444], [-63.31523, 1.6122], [-63.31335, 1.60305], [-63.32054, 1.5813], [-63.32387, 1.58211], [-63.32423, 1.57726], [-63.3349, 1.57842], [-63.34759, 1.57432], [-63.34796, 1.56794], [-63.35237, 1.56587], [-63.3521, 1.55563], [-63.33781, 1.54493], [-63.34293, 1.5434], [-63.34745, 1.52856], [-63.3519, 1.53011], [-63.3525, 1.52431], [-63.35878, 1.51831], [-63.35844, 1.50911], [-63.36567, 1.49601], [-63.37249, 1.49399], [-63.37634, 1.48593], [-63.37439, 1.47395], [-63.37895, 1.4704], [-63.38073, 1.47265], [-63.39591, 1.45184], [-63.39733, 1.45587], [-63.41002, 1.4602], [-63.42004, 1.44342], [-63.4211, 1.42962], [-63.40126, 1.40986], [-63.39818, 1.40314], [-63.38948, 1.39729], [-63.38506, 1.39682], [-63.37992, 1.40472], [-63.3698, 1.39792], [-63.36877, 1.3818], [-63.35771, 1.37508], [-63.34514, 1.37342], [-63.33905, 1.38488], [-63.33234, 1.38796], [-63.3272, 1.39982], [-63.32198, 1.39555], [-63.3136, 1.39523], [-63.31692, 1.37334], [-63.31123, 1.35555], [-63.29242, 1.35318], [-63.28433, 1.35004], [-63.28033, 1.34324], [-63.25525, 1.342], [-63.24663, 1.33644], [-63.23726, 1.31511], [-63.24326, 1.30301], [-63.24477, 1.28896], [-63.23948, 1.28016], [-63.23805, 1.26829], [-63.26547, 1.19776], [-63.25112, 1.19651], [-63.24141, 1.20166], [-63.23226, 1.19959], [-63.22981, 1.19391], [-63.23276, 1.18143], [-63.2209, 1.16967], [-63.22656, 1.15225], [-63.19234, 1.113], [-63.1717, 1.10856], [-63.16535, 1.10264], [-63.14435, 1.10273], [-63.1468, 1.09605], [-63.15088, 1.09475], [-63.15171, 1.08217], [-63.16252, 1.07861], [-63.1751, 1.08176], [-63.18084, 1.07589], [-63.19444, 1.08602], [-63.19624, 1.09069], [-63.20954, 1.08816], [-63.21594, 1.09006], [-63.23078, 1.08599], [-63.24329, 1.07915], [-63.24862, 1.07192], [-63.26723, 1.06318], [-63.27524, 1.05464], [-63.29861, 1.04501], [-63.31508, 1.04594], [-63.35208, 1.02595], [-63.36834, 1.01028], [-63.37306, 0.98139], [-63.69872, 1.00308], [-63.72051, 1.01635], [-63.73628, 1.01665], [-63.73867, 1.02572], [-63.73352, 1.0511], [-63.73472, 1.05865], [-63.74388, 1.07217], [-63.76046, 1.07995], [-63.7706, 1.09947], [-63.79723, 1.09565], [-63.87761, 1.12372], [-63.88148, 1.13026], [-63.88793, 1.13418], [-63.89086, 1.1328], [-63.89993, 1.14969], [-63.90034, 1.16432], [-63.9467, 1.20263], [-64.00879, 1.26406], [-64.03168, 1.25262], [-64.03713, 1.23762], [-64.04335, 1.23193], [-64.04561, 1.21995], [-64.05918, 1.2062], [-64.08213, 1.19002], [-64.08722, 1.17223], [-64.09496, 1.16254], [-64.10108, 1.21525], [-64.11793, 1.23348], [-64.12063, 1.24058], [-64.14015, 1.25325], [-64.14255, 1.26388], [-64.15838, 1.25485], [-64.17456, 1.23625], [-64.18834, 1.22993], [-64.21542, 1.22464], [-64.2184, 1.19979], [-64.23918, 1.17367], [-64.24933, 1.18815], [-64.24731, 1.19725], [-64.25038, 1.20045], [-64.24946, 1.21306], [-64.25708, 1.21476], [-64.25911, 1.22092], [-64.25021, 1.2464], [-64.29749, 1.23615], [-64.30161, 1.2243], [-64.31112, 1.21932], [-64.3215, 1.20433], [-64.33977, 1.22835], [-64.35441, 1.26066], [-64.41536, 1.21154], [-64.42148, 1.194], [-64.42242, 1.18602], [-64.41971, 1.18369], [-64.42361, 1.17509], [-64.42135, 1.17201], [-64.42801, 1.15492], [-64.4309, 1.11163], [-64.4385, 1.10314], [-64.44014, 1.09246], [-64.45289, 1.08304], [-64.45924, 1.0699], [-64.485, 1.06607], [-64.57921, 0.94413], [-64.59477, 0.93036], [-64.59047, 0.90774], [-64.59097, 0.8883], [-64.57692, 0.86353], [-64.61034, 0.8634], [-64.6228, 0.86754], [-64.62887, 0.87779], [-64.65572, 0.89487], [-64.66152, 0.89385], [-64.67328, 0.88375], [-64.69642, 0.89138], [-64.70443, 0.9018], [-64.71226, 0.90427], [-64.71721, 0.91361], [-64.73602, 0.92022], [-64.7398, 0.93309], [-64.74931, 0.9465], [-64.76568, 0.96058], [-64.7755, 0.96322], [-64.78129, 0.96977], [-64.79252, 0.96913], [-64.80224, 0.97337], [-64.81431, 0.98121], [-64.82532, 0.99378], [-64.88177, 1.02334], [-64.91051, 1.02405], [-64.91552, 1.00769], [-64.91504, 0.99103], [-64.92094, 0.98061], [-64.93574, 0.96824], [-64.94226, 0.95839], [-64.94198, 0.94535], [-64.94659, 0.93231], [-64.94535, 0.91475], [-64.88923, 0.82587], [-64.88864, 0.79999], [-64.89326, 0.788], [-64.87598, 0.75531], [-64.87203, 0.73684], [-64.87522, 0.71866], [-64.88583, 0.70205], [-64.88607, 0.69377], [-64.89192, 0.68487], [-64.89016, 0.6705], [-64.8835, 0.66479], [-64.8755, 0.64675], [-64.86917, 0.63971], [-64.86817, 0.62612], [-64.85975, 0.6309], [-64.82066, 0.62574], [-64.82963, 0.62095], [-64.83931, 0.59789], [-64.85137, 0.5918], [-64.84699, 0.58488], [-64.84908, 0.57352], [-64.84521, 0.56838], [-64.8435, 0.54224], [-64.84083, 0.53653], [-64.78833, 0.4949], [-64.78421, 0.47193], [-64.77824, 0.46666], [-64.77856, 0.44274], [-64.78319, 0.44014], [-64.78097, 0.42516], [-64.78605, 0.40721], [-64.7907, 0.40222], [-64.78808, 0.39418], [-64.79577, 0.35949], [-64.96345, 0.20754], [-65.02811, -0.12649], [-65.04041, -0.12978], [-65.05956, -0.12935], [-65.0674, -0.13525], [-65.07533, -0.13636], [-65.08907, -0.14739], [-65.10011, -0.16432], [-65.1076, -0.1513], [-65.1082, -0.13752], [-65.11558, -0.12924], [-65.12657, -0.12833], [-65.12251, -0.1202], [-65.12462, -0.115], [-65.11852, -0.11433], [-65.11317, -0.11787], [-65.10993, -0.11244], [-65.11151, -0.10273], [-65.12213, -0.09422], [-65.11588, -0.08375], [-65.12363, -0.08729], [-65.12281, -0.07269], [-65.12756, -0.07253], [-65.13049, -0.06824], [-65.12085, -0.05356], [-65.11197, -0.06621], [-65.10903, -0.06079], [-65.11709, -0.04957], [-65.09329, -0.03556], [-65.09201, -0.02765], [-65.09826, -0.01523], [-65.09728, -0.00905], [-65.08034, -0.0083], [-65.06799, 0.00233], [-65.06165, 0.00319], [-65.06432, 0.02066], [-65.05549, 0.03135], [-65.07577, 0.0381], [-65.05933, 0.04981], [-65.0559, 0.05776], [-65.0434, 0.0569], [-65.04795, 0.06369], [-65.0472, 0.06814], [-65.05093, 0.07061], [-65.04651, 0.07232], [-65.04113, 0.08095], [-65.05234, 0.08284], [-65.05257, 0.09647], [-65.06059, 0.10452], [-65.05717, 0.11686], [-65.06131, 0.12391], [-65.0583, 0.1283], [-65.06364, 0.13194], [-65.05679, 0.1339], [-65.06168, 0.14176], [-65.06097, 0.15993], [-65.05662, 0.16096], [-65.05145, 0.17844], [-65.04766, 0.17761], [-65.05132, 0.18401], [-65.04835, 0.18789], [-65.05849, 0.20603], [-65.05762, 0.21329], [-65.06191, 0.22019], [-65.05688, 0.2227], [-65.05949, 0.22549], [-65.05566, 0.22791], [-65.0598, 0.23215], [-65.05919, 0.23617], [-65.04677, 0.23531], [-65.04871, 0.24354], [-65.04573, 0.24902], [-65.05085, 0.25407], [-65.04195, 0.25578], [-65.03587, 0.27381], [-65.04591, 0.27356], [-65.05018, 0.27795], [-65.05475, 0.27728], [-65.05249, 0.28824], [-65.03538, 0.28995], [-65.03044, 0.29671], [-65.04122, 0.30943], [-65.04458, 0.31004], [-65.04926, 0.30474], [-65.05122, 0.31345], [-65.05828, 0.31766], [-65.06017, 0.32497], [-65.05785, 0.33112], [-65.06954, 0.33855], [-65.0816, 0.35402], [-65.09854, 0.36222], [-65.09491, 0.37078], [-65.08847, 0.37013], [-65.08432, 0.37394], [-65.08326, 0.39059], [-65.07857, 0.39175], [-65.08282, 0.40871], [-65.07761, 0.41292], [-65.07833, 0.43488], [-65.07285, 0.44208], [-65.07744, 0.45283], [-65.07114, 0.47014], [-65.07254, 0.47294], [-65.06925, 0.47486], [-65.07809, 0.47808], [-65.07685, 0.49059], [-65.07295, 0.49199], [-65.07329, 0.49823], [-65.0612, 0.50621], [-65.0565, 0.51642], [-65.05716, 0.5329], [-65.06031, 0.53297], [-65.05808, 0.53732], [-65.0688, 0.54345], [-65.0675, 0.55029], [-65.06276, 0.55057], [-65.06399, 0.57222], [-65.05846, 0.56952], [-65.05426, 0.58053], [-65.05458, 0.59648], [-65.05933, 0.59661], [-65.0623, 0.60127], [-65.0618, 0.6094], [-65.05714, 0.60794], [-65.05727, 0.61507], [-65.05892, 0.62228], [-65.06285, 0.62512], [-65.06152, 0.63781], [-65.05878, 0.63727], [-65.05837, 0.64001], [-65.06107, 0.6712], [-65.0565, 0.67911], [-65.05851, 0.68235], [-65.06426, 0.68294], [-65.06335, 0.69423], [-65.06892, 0.69519], [-65.07417, 0.68911], [-65.09784, 0.71126], [-65.1003, 0.71912], [-65.09633, 0.72373], [-65.09939, 0.72798], [-65.09866, 0.73374], [-65.07998, 0.74813], [-65.0894, 0.77243], [-65.09482, 0.77147], [-65.0954, 0.78651], [-65.10434, 0.78904], [-65.10519, 0.79387], [-65.11195, 0.79216], [-65.12979, 0.80251], [-65.13305, 0.79692], [-65.13915, 0.80271], [-65.14309, 0.80343], [-65.14521, 0.80018], [-65.14774, 0.8073], [-65.1574, 0.80767], [-65.16267, 0.80172], [-65.1805, 0.8092], [-65.18473, 0.79809], [-65.19273, 0.79717], [-65.19421, 0.79364], [-65.20151, 0.79157], [-65.20422, 0.79429], [-65.21274, 0.792], [-65.22247, 0.78549], [-65.23219, 0.79064], [-65.23919, 0.79004], [-65.25858, 0.80664], [-65.25271, 0.82252], [-65.25601, 0.83075], [-65.25243, 0.83633], [-65.25307, 0.85107], [-65.24792, 0.86123], [-65.24692, 0.87489], [-65.23328, 0.92378], [-65.2118, 0.92887], [-65.2063, 0.91813], [-65.20719, 0.9032], [-65.19646, 0.90919], [-65.1681, 0.94167], [-65.16274, 0.95621], [-65.16232, 0.97287], [-65.15501, 0.98431], [-65.1551, 0.99451], [-65.14306, 1.0044], [-65.15399, 1.00893], [-65.15966, 1.00674], [-65.16948, 1.01276], [-65.16606, 1.02644], [-65.16134, 1.02683], [-65.1581, 1.03246], [-65.15672, 1.04738], [-65.15057, 1.05102], [-65.1538, 1.05586], [-65.15057, 1.07215], [-65.15434, 1.08582], [-65.15087, 1.09256], [-65.14956, 1.11059], [-65.15231, 1.1171], [-65.15827, 1.11912], [-65.15786, 1.12271], [-65.12688, 1.1304], [-65.12157, 1.13488], [-65.11924, 1.14533], [-65.11476, 1.1455], [-65.10181, 1.15523], [-65.09441, 1.147], [-65.08659, 1.14401], [-65.07776, 1.14545], [-65.07245, 1.15153], [-65.06821, 1.1507], [-65.06839, 1.14479], [-65.06093, 1.14073], [-65.05979, 1.13596], [-65.06409, 1.1267], [-65.06314, 1.11065], [-65.05568, 1.11113], [-65.05215, 1.11584], [-65.04756, 1.11393], [-65.03037, 1.11644], [-65.02395, 1.11023], [-65.02459, 1.10672], [-65.01891, 1.10711], [-65.01751, 1.12145], [-65.00737, 1.12534], [-64.9614, 1.1847], [-64.95936, 1.19605], [-64.96516, 1.21703], [-64.96057, 1.22781], [-64.9468, 1.2301], [-64.94029, 1.21467], [-64.92767, 1.21467], [-64.91224, 1.22609], [-64.90204, 1.25452], [-64.8861, 1.24343], [-64.88373, 1.22691], [-64.8685, 1.23017], [-64.86576, 1.24037], [-64.85989, 1.2456], [-64.85881, 1.25376], [-64.85224, 1.2602], [-64.85198, 1.26351], [-64.85773, 1.2667], [-64.85753, 1.2711], [-64.81468, 1.30241], [-64.80607, 1.31344], [-64.80231, 1.31293], [-64.79693, 1.30287], [-64.78808, 1.29751], [-64.78614, 1.28163], [-64.79259, 1.27278], [-64.78899, 1.2649], [-64.77626, 1.25502], [-64.75741, 1.22618], [-64.74422, 1.22395], [-64.73469, 1.23212], [-64.71955, 1.23646], [-64.71676, 1.24754], [-64.70933, 1.25336], [-64.70756, 1.26467], [-64.70077, 1.27438], [-64.69762, 1.29265], [-64.69226, 1.28649], [-64.6814, 1.28414], [-64.66182, 1.293], [-64.65097, 1.29048], [-64.63503, 1.31647], [-64.62139, 1.32395], [-64.60749, 1.33889], [-64.58449, 1.33795], [-64.5725, 1.35375], [-64.57918, 1.35949], [-64.57721, 1.37487], [-64.56967, 1.38969], [-64.55669, 1.40519], [-64.55459, 1.41491], [-64.54337, 1.41753], [-64.5366, 1.41393], [-64.52646, 1.42686], [-64.52444, 1.44387], [-64.51271, 1.43658], [-64.5029, 1.44091], [-64.48774, 1.45423], [-64.48097, 1.46464], [-64.46855, 1.47136], [-64.46705, 1.47577], [-64.45347, 1.4804], [-64.44748, 1.47873], [-64.44761, 1.47192], [-64.43432, 1.47372], [-64.41107, 1.50229], [-64.4082, 1.51475], [-64.39981, 1.52088], [-64.39642, 1.52751], [-64.39214, 1.52807], [-64.39235, 1.52362], [-64.38495, 1.51946], [-64.37487, 1.52353], [-64.36918, 1.51882], [-64.35543, 1.51985], [-64.34823, 1.51244], [-64.35346, 1.48695], [-64.37509, 1.46974], [-64.37895, 1.46143], [-64.37342, 1.45333], [-64.38139, 1.44378], [-64.38798, 1.44434], [-64.38833, 1.43654], [-64.39372, 1.43461], [-64.39175, 1.42832], [-64.39706, 1.42288], [-64.39347, 1.4141], [-64.39891, 1.40523], [-64.39946, 1.39423], [-64.39123, 1.38737], [-64.38218, 1.38959], [-64.37394, 1.38468], [-64.36592, 1.38954], [-64.35836, 1.38918], [-64.35567, 1.38504], [-64.35749, 1.37634], [-64.35251, 1.37521], [-64.34387, 1.36392], [-64.33828, 1.36247], [-64.3359, 1.37081], [-64.34097, 1.37671], [-64.3419, 1.38618], [-64.32576, 1.39684], [-64.32306, 1.40657], [-64.32901, 1.42179], [-64.32602, 1.43587], [-64.31628, 1.44286], [-64.31209, 1.44943], [-64.31199, 1.45688], [-64.30645, 1.45838], [-64.30143, 1.46879], [-64.28569, 1.47842], [-64.28025, 1.47785], [-64.27534, 1.48473], [-64.26685, 1.48535], [-64.2638, 1.49731], [-64.2461, 1.50911], [-64.24112, 1.51066], [-64.21851, 1.50626], [-64.1977, 1.5206], [-64.1933, 1.52738], [-64.19516, 1.54032], [-64.17083, 1.5646], [-64.17358, 1.57184], [-64.16721, 1.57806], [-64.15908, 1.57355], [-64.14438, 1.58183], [-64.13289, 1.57531], [-64.12772, 1.57593], [-64.11359, 1.58794], [-64.11043, 1.60311], [-64.09495, 1.61729], [-64.08724, 1.64188], [-64.07353, 1.65518], [-64.06617, 1.67692], [-64.06793, 1.68479], [-64.06115, 1.70063], [-64.06716, 1.70746], [-64.07202, 1.72257], [-64.06472, 1.73329], [-64.06555, 1.74022], [-64.07011, 1.74669], [-64.07621, 1.74861], [-64.07958, 1.75663], [-64.07311, 1.75999], [-64.07212, 1.7718], [-64.06591, 1.77454], [-64.06778, 1.78365], [-64.06198, 1.79033], [-64.06374, 1.80182], [-64.05877, 1.81217], [-64.06307, 1.81693], [-64.05463, 1.82687], [-64.05644, 1.8394], [-64.06638, 1.844], [-64.07119, 1.85223], [-64.06208, 1.88391], [-64.06561, 1.90006], [-64.0611, 1.9129], [-64.06783, 1.91616], [-64.06266, 1.92237], [-64.0639, 1.92889], [-64.04961, 1.93013], [-64.04402, 1.93339], [-64.03957, 1.9453], [-64.03481, 1.94307], [-64.01969, 1.94996], [-64.01741, 1.96088], [-64.00882, 1.96259], [-64.00634, 1.96952], [-63.99651, 1.9754], [-63.99535, 1.97953], [-63.98655, 1.97885], [-63.97614, 1.9899], [-63.96628, 1.98683], [-63.95946, 1.99116], [-63.9484, 1.98362], [-63.94147, 1.9898], [-63.93468, 1.9842], [-63.92462, 1.98151], [-63.91311, 1.98499], [-63.90544, 1.99151], [-63.8982, 1.99147], [-63.89073, 1.98755], [-63.88841, 1.98178], [-63.86514, 1.97564], [-63.85603, 1.97864], [-63.84927, 1.9726], [-63.84596, 1.96291], [-63.84078, 1.96042], [-63.836, 1.96625], [-63.82982, 1.96745], [-63.82903, 1.97577], [-63.83323, 1.98137], [-63.82095, 1.98448], [-63.82224, 1.99297], [-63.79614, 1.98489], [-63.78966, 1.97912], [-63.77703, 1.98359], [-63.77256, 1.99635], [-63.76168, 2.0058], [-63.75823, 1.99847], [-63.75185, 1.99499], [-63.74134, 1.99826], [-63.74373, 2.01293], [-63.74001, 2.01771], [-63.73257, 2.01809], [-63.72233, 2.03477], [-63.70513, 2.04238], [-63.70312, 2.04771], [-63.6897, 2.03202], [-63.69344, 2.01924], [-63.6857, 2.02318], [-63.67795, 2.01944], [-63.67351, 2.02434], [-63.67265, 2.01831], [-63.66759, 2.01752], [-63.66256, 2.02394], [-63.66623, 2.05566], [-63.66362, 2.06622], [-63.65699, 2.06897], [-63.64852, 2.06622], [-63.63382, 2.0743], [-63.63587, 2.08118], [-63.61902, 2.09529], [-63.62346, 2.09777], [-63.62048, 2.10638], [-63.60793, 2.10859], [-63.5978, 2.12068], [-63.59191, 2.12306], [-63.58254, 2.12025], [-63.5727, 2.12319], [-63.56145, 2.13379], [-63.55311, 2.13064], [-63.54808, 2.13395], [-63.54301, 2.13021], [-63.53199, 2.132], [-63.53006, 2.1271], [-63.51825, 2.12247], [-63.51103, 2.11369], [-63.50639, 2.1129], [-63.49974, 2.11671], [-63.49223, 2.11591], [-63.48663, 2.12227], [-63.47653, 2.12535], [-63.47385, 2.14286], [-63.44572, 2.1249], [-63.43316, 2.12693], [-63.4281, 2.13781], [-63.42479, 2.13118], [-63.39514, 2.14949], [-63.39578, 2.16682], [-63.39159, 2.17362], [-63.39113, 2.18228], [-63.39927, 2.19007], [-63.39839, 2.19647], [-63.39357, 2.20292], [-63.38444, 2.20263], [-63.37264, 2.21025], [-63.37619, 2.21676], [-63.37956, 2.24095]], [[-62.71608, 0.98573], [-62.7071, 0.97183], [-62.70947, 0.96496], [-62.71637, 0.96274], [-62.74601, 0.97227], [-62.75062, 0.97002], [-62.7509, 0.94702], [-62.75782, 0.9425], [-62.7602, 0.93563], [-62.7557, 0.92868], [-62.73526, 0.91464], [-62.71683, 0.89018], [-62.70548, 0.88132], [-62.69908, 0.86092], [-62.68806, 0.8428], [-62.59402, 0.85784], [-62.59829, 0.85946], [-62.59693, 0.87323], [-62.60486, 0.89334], [-62.6131, 0.88739], [-62.62722, 0.88629], [-62.62561, 0.895], [-62.60838, 0.90757], [-62.60461, 0.92432], [-62.61801, 0.95716], [-62.6351, 0.96342], [-62.64063, 0.97798], [-62.64744, 0.98266], [-62.67038, 0.97832], [-62.68406, 0.98307], [-62.69766, 0.99473], [-62.71371, 0.99261], [-62.71608, 0.98573]], [[-62.88589, 1.71229], [-62.90189, 1.71476], [-62.9296, 1.69667], [-62.9597, 1.6694], [-62.9666, 1.66718], [-62.97126, 1.66032], [-62.98277, 1.65585], [-62.98989, 1.63522], [-62.98768, 1.6283], [-62.98087, 1.62362], [-62.97651, 1.60517], [-62.98399, 1.55464], [-62.982, 1.52931], [-62.99867, 1.47659], [-62.99185, 1.47191], [-62.98501, 1.46953], [-62.97811, 1.47176], [-62.96653, 1.48313], [-62.94577, 1.4944], [-62.88833, 1.50986], [-62.85371, 1.53248], [-62.85109, 1.56006], [-62.85997, 1.58316], [-62.85974, 1.60157], [-62.85031, 1.62447], [-62.83645, 1.63351], [-62.82939, 1.64954], [-62.82917, 1.66794], [-62.83816, 1.68184], [-62.83805, 1.69104], [-62.84254, 1.698], [-62.84945, 1.69577], [-62.85857, 1.69817], [-62.87226, 1.70293], [-62.88589, 1.71229]], [[-63.70545, 1.949], [-63.7446, 1.93102], [-63.78583, 1.93146], [-63.79965, 1.9247], [-63.80668, 1.91097], [-63.81158, 1.88342], [-63.92123, 1.90988], [-63.92815, 1.90536], [-63.93748, 1.89165], [-63.94437, 1.88942], [-63.95338, 1.90332], [-63.96499, 1.88964], [-63.9652, 1.87124], [-63.97905, 1.86218], [-63.98379, 1.84843], [-63.97012, 1.84138], [-63.97022, 1.83218], [-63.95893, 1.81826], [-63.9545, 1.80441], [-63.95, 1.79746], [-63.94087, 1.79506], [-63.93637, 1.78811], [-63.93218, 1.75356], [-63.946, 1.7468], [-63.95758, 1.73542], [-63.97359, 1.73789], [-64.01049, 1.71528], [-64.0086, 1.68075], [-64.00191, 1.66457], [-63.97917, 1.65053], [-63.96798, 1.62741], [-63.96114, 1.62503], [-63.97724, 1.6183], [-63.98191, 1.61145], [-63.99796, 1.60932], [-64.00303, 1.56566], [-64.01219, 1.56576], [-64.02602, 1.559], [-64.04434, 1.55919], [-64.10713, 1.47473], [-64.14853, 1.45906], [-64.14632, 1.45213], [-64.13948, 1.44976], [-64.10736, 1.45403], [-64.10052, 1.45166], [-64.09834, 1.44243], [-64.10544, 1.4218], [-64.10568, 1.4011], [-64.10349, 1.39188], [-64.08549, 1.36408], [-64.06943, 1.36621], [-64.06011, 1.37992], [-64.06223, 1.39604], [-64.05538, 1.39367], [-64.0347, 1.40036], [-64.02553, 1.40026], [-63.98673, 1.38835], [-63.97758, 1.38826], [-63.96598, 1.40194], [-63.94294, 1.4132], [-63.93136, 1.42458], [-63.90615, 1.42661], [-63.88564, 1.41719], [-63.86956, 1.42162], [-63.85572, 1.43068], [-63.84614, 1.46738], [-63.84821, 1.48581], [-63.84579, 1.49729], [-63.82716, 1.5247], [-63.82916, 1.55002], [-63.81963, 1.58213], [-63.80564, 1.60268], [-63.79186, 1.60714], [-63.76669, 1.60457], [-63.7554, 1.59065], [-63.74624, 1.59055], [-63.73932, 1.59508], [-63.72563, 1.59033], [-63.70486, 1.60391], [-63.7002, 1.61076], [-63.67957, 1.61284], [-63.67264, 1.61737], [-63.67027, 1.62425], [-63.66111, 1.62415], [-63.64519, 1.61478], [-63.63618, 1.60088], [-63.62937, 1.5962], [-63.60423, 1.59133], [-63.56986, 1.59326], [-63.56738, 1.60934], [-63.57158, 1.64159], [-63.56226, 1.6553], [-63.5528, 1.6805], [-63.54119, 1.69418], [-63.52734, 1.70323], [-63.51794, 1.72383], [-63.50632, 1.73751], [-63.49215, 1.77417], [-63.49205, 1.78337], [-63.50554, 1.80422], [-63.50996, 1.81807], [-63.49358, 1.8478], [-63.49347, 1.857], [-63.50029, 1.86168], [-63.50929, 1.87558], [-63.51128, 1.90091], [-63.52021, 1.92171], [-63.52005, 1.93551], [-63.58685, 1.90402], [-63.60072, 1.89267], [-63.60988, 1.89277], [-63.63236, 1.92982], [-63.63921, 1.93219], [-63.64371, 1.93914], [-63.65735, 1.94849], [-63.70545, 1.949]]]}}, {"type": "Feature", "properties": {"nome": "PARQUE NACIONAL DA AMAZÔNIA", "grupo": "Proteção integral", "esfera": "Federal", "ano": "1974", "ha": 1066288.696799492, "bioma": "AMAZÔNIA"}, "geometry": {"type": "Polygon", "coordinates": [[[-56.09517, -3.66724], [-56.08512, -3.66757], [-56.07526, -3.67626], [-56.07442, -3.69714], [-56.04061, -3.69649], [-56.03302, -3.70065], [-56.0318, -3.70775], [-56.02722, -3.71187], [-56.01634, -3.70985], [-56.0137, -3.70496], [-56.00064, -3.70518], [-56.00048, -3.74067], [-56.00297, -3.74516], [-55.99654, -3.77246], [-56.00344, -3.78616], [-55.99319, -3.8034], [-55.99822, -3.82371], [-55.99505, -3.84506], [-55.99663, -3.85512], [-56.00045, -3.85764], [-56.00017, -3.90004], [-56.02105, -3.89463], [-56.02757, -3.89855], [-56.03009, -3.87711], [-56.0464, -3.87273], [-56.05497, -3.87571], [-56.05217, -3.87702], [-56.05096, -3.88475], [-56.04584, -3.88801], [-56.05031, -3.90172], [-56.05898, -3.90945], [-56.0737, -3.90237], [-56.0764, -3.91382], [-56.08374, -3.9194], [-56.09523, -3.91634], [-56.10706, -3.90572], [-56.14238, -3.90302], [-56.16074, -3.90842], [-56.17966, -3.89752], [-56.18134, -3.92389], [-56.18562, -3.93368], [-56.19233, -3.93592], [-56.19159, -3.95698], [-56.17632, -3.96525], [-56.1793, -3.97093], [-56.19624, -3.98116], [-56.21559, -3.97922], [-56.23411, -3.99182], [-56.27621, -3.98294], [-56.28801, -4.00974], [-56.29085, -4.00903], [-56.29626, -4.01524], [-56.31241, -4.04231], [-56.34401, -4.05881], [-56.35643, -4.07887], [-56.36167, -4.08233], [-56.36744, -4.09973], [-56.3685, -4.11455], [-56.37544, -4.12957], [-56.36113, -4.15376], [-56.36113, -4.17029], [-56.37052, -4.18574], [-56.37213, -4.19894], [-56.39626, -4.21786], [-56.40626, -4.23596], [-56.40605, -4.24094], [-56.41577, -4.25059], [-56.41979, -4.27195], [-56.41388, -4.27841], [-56.41055, -4.29084], [-56.40718, -4.29324], [-56.40797, -4.29847], [-56.4021, -4.30578], [-56.44392, -4.31937], [-56.44032, -4.32397], [-56.44862, -4.33832], [-56.4421, -4.35434], [-56.44336, -4.36041], [-56.44103, -4.36572], [-56.38875, -4.35371], [-56.38289, -4.35667], [-56.37625, -4.36803], [-56.37276, -4.3823], [-56.36493, -4.39018], [-56.36439, -4.39641], [-56.35283, -4.40597], [-56.35316, -4.41073], [-56.3477, -4.41237], [-56.342, -4.42832], [-56.33244, -4.43164], [-56.33289, -4.43583], [-56.32715, -4.43193], [-56.32674, -4.44153], [-56.31702, -4.43706], [-56.31218, -4.44658], [-56.30509, -4.44686], [-56.30665, -4.45535], [-56.30123, -4.45617], [-56.29979, -4.46516], [-56.28733, -4.4645], [-56.28002, -4.47562], [-56.27441, -4.47822], [-56.27161, -4.47635], [-56.2685, -4.48169], [-56.26112, -4.48463], [-56.2522, -4.49804], [-56.25229, -4.50696], [-56.25379, -4.51092], [-56.25972, -4.51102], [-56.25977, -4.5168], [-56.26671, -4.5224], [-56.27332, -4.5225], [-56.27231, -4.51579], [-56.27791, -4.50947], [-56.29277, -4.51651], [-56.29783, -4.52423], [-56.29793, -4.53031], [-56.32476, -4.53109], [-56.3311, -4.53792], [-56.32388, -4.54614], [-56.33807, -4.55058], [-56.34146, -4.5476], [-56.34425, -4.55056], [-56.35117, -4.55022], [-56.3511, -4.55332], [-56.34749, -4.55398], [-56.34998, -4.55521], [-56.35609, -4.55281], [-56.35102, -4.5593], [-56.35431, -4.56432], [-56.36101, -4.56449], [-56.36947, -4.55969], [-56.37245, -4.56589], [-56.36873, -4.56134], [-56.36601, -4.56507], [-56.36263, -4.56383], [-56.3641, -4.56965], [-56.35781, -4.5672], [-56.3568, -4.57222], [-56.34724, -4.58068], [-56.33834, -4.57668], [-56.32231, -4.57729], [-56.32407, -4.58123], [-56.33191, -4.58054], [-56.33231, -4.58356], [-56.32157, -4.58225], [-56.32627, -4.58942], [-56.33301, -4.58571], [-56.33701, -4.58786], [-56.33804, -4.58291], [-56.34445, -4.5848], [-56.34466, -4.59031], [-56.35062, -4.58346], [-56.3501, -4.58848], [-56.35143, -4.58524], [-56.35474, -4.58367], [-56.36033, -4.58451], [-56.36382, -4.57858], [-56.36543, -4.57821], [-56.36041, -4.5858], [-56.35248, -4.58579], [-56.35223, -4.59041], [-56.34819, -4.58984], [-56.34568, -4.59322], [-56.33966, -4.59088], [-56.34391, -4.59711], [-56.34987, -4.59931], [-56.35595, -4.59665], [-56.35979, -4.59665], [-56.36749, -4.59253], [-56.36377, -4.59573], [-56.34825, -4.60036], [-56.34097, -4.59549], [-56.33533, -4.60054], [-56.34229, -4.61046], [-56.35236, -4.60746], [-56.3554, -4.61171], [-56.35096, -4.60864], [-56.3431, -4.61083], [-56.33623, -4.608], [-56.33315, -4.59567], [-56.33826, -4.59066], [-56.33531, -4.59151], [-56.33436, -4.58799], [-56.33112, -4.59379], [-56.32281, -4.59263], [-56.31694, -4.58392], [-56.31839, -4.57794], [-56.31392, -4.57661], [-56.30982, -4.57956], [-56.31568, -4.59728], [-56.3125, -4.60027], [-56.31288, -4.59631], [-56.30852, -4.59587], [-56.31111, -4.59417], [-56.31016, -4.58882], [-56.30703, -4.59004], [-56.30984, -4.58605], [-56.30643, -4.57338], [-56.30134, -4.57926], [-56.30467, -4.58251], [-56.29847, -4.58427], [-56.29869, -4.58947], [-56.30227, -4.58981], [-56.29882, -4.59224], [-56.29827, -4.60376], [-56.30618, -4.59961], [-56.31154, -4.60547], [-56.32015, -4.60346], [-56.32393, -4.60688], [-56.31974, -4.60046], [-56.32104, -4.59744], [-56.3253, -4.60366], [-56.32999, -4.60275], [-56.3256, -4.61028], [-56.33095, -4.61349], [-56.33257, -4.6186], [-56.33691, -4.6124], [-56.33943, -4.61531], [-56.33198, -4.62431], [-56.33464, -4.62807], [-56.34611, -4.62712], [-56.3473, -4.63047], [-56.35045, -4.62537], [-56.34814, -4.6182], [-56.35404, -4.62326], [-56.35809, -4.62034], [-56.35962, -4.62653], [-56.36564, -4.6281], [-56.36406, -4.63065], [-56.35614, -4.62546], [-56.35157, -4.62761], [-56.34926, -4.63334], [-56.36167, -4.63868], [-56.36472, -4.64525], [-56.37378, -4.65185], [-56.37394, -4.64699], [-56.36789, -4.64552], [-56.36624, -4.63654], [-56.36908, -4.643], [-56.37628, -4.64627], [-56.3776, -4.63552], [-56.37587, -4.63504], [-56.37241, -4.63329], [-56.37226, -4.63289], [-56.37765, -4.63374], [-56.37644, -4.62994], [-56.37888, -4.63175], [-56.38077, -4.6278], [-56.37718, -4.62058], [-56.38199, -4.62531], [-56.38722, -4.62014], [-56.38787, -4.62486], [-56.39651, -4.61443], [-56.40097, -4.6179], [-56.40564, -4.61559], [-56.40452, -4.61455], [-56.40477, -4.61323], [-56.40586, -4.6121], [-56.40771, -4.61185], [-56.40536, -4.61297], [-56.40659, -4.61559], [-56.40325, -4.61926], [-56.39463, -4.61866], [-56.39212, -4.62347], [-56.3956, -4.62694], [-56.38765, -4.62711], [-56.38982, -4.63597], [-56.38576, -4.63749], [-56.38748, -4.64141], [-56.38381, -4.64208], [-56.38154, -4.65019], [-56.38398, -4.65385], [-56.39213, -4.65132], [-56.38936, -4.64594], [-56.39326, -4.64818], [-56.39594, -4.63996], [-56.3938, -4.63716], [-56.4014, -4.632], [-56.40884, -4.63263], [-56.39762, -4.63491], [-56.39482, -4.64375], [-56.39679, -4.64754], [-56.39348, -4.65239], [-56.39651, -4.6541], [-56.40415, -4.64495], [-56.40746, -4.64375], [-56.3981, -4.65417], [-56.392, -4.65782], [-56.39341, -4.65432], [-56.38975, -4.65252], [-56.38981, -4.65618], [-56.3863, -4.65424], [-56.38259, -4.65783], [-56.39332, -4.66439], [-56.3969, -4.66072], [-56.40121, -4.65915], [-56.39755, -4.66283], [-56.40206, -4.67073], [-56.39716, -4.66482], [-56.39448, -4.66589], [-56.40034, -4.675], [-56.40596, -4.67591], [-56.40835, -4.67051], [-56.40984, -4.66231], [-56.40624, -4.66011], [-56.41135, -4.65779], [-56.40644, -4.65596], [-56.40658, -4.65348], [-56.41207, -4.65637], [-56.41491, -4.6542], [-56.41347, -4.65076], [-56.41616, -4.6542], [-56.413, -4.65905], [-56.4195, -4.65423], [-56.41987, -4.65015], [-56.41677, -4.64869], [-56.42084, -4.64616], [-56.41507, -4.64058], [-56.4211, -4.64409], [-56.41909, -4.64124], [-56.42208, -4.63998], [-56.41949, -4.63892], [-56.42477, -4.63739], [-56.42081, -4.63673], [-56.42314, -4.634], [-56.42581, -4.63619], [-56.42588, -4.63254], [-56.42913, -4.63301], [-56.42699, -4.63081], [-56.43058, -4.63012], [-56.43271, -4.63421], [-56.42919, -4.6341], [-56.42951, -4.63628], [-56.4342, -4.63494], [-56.43588, -4.63173], [-56.43873, -4.63302], [-56.43124, -4.63788], [-56.42779, -4.63662], [-56.4276, -4.64032], [-56.42339, -4.64184], [-56.42567, -4.64439], [-56.43027, -4.64118], [-56.43235, -4.64897], [-56.42863, -4.65382], [-56.42268, -4.65454], [-56.42513, -4.65929], [-56.42122, -4.65586], [-56.41943, -4.65737], [-56.42373, -4.66285], [-56.4191, -4.65918], [-56.41333, -4.66084], [-56.41058, -4.6677], [-56.41776, -4.66643], [-56.41743, -4.67161], [-56.42167, -4.6729], [-56.42499, -4.66533], [-56.42478, -4.67423], [-56.43219, -4.67184], [-56.43019, -4.65993], [-56.43162, -4.65819], [-56.43109, -4.66226], [-56.43506, -4.66308], [-56.43842, -4.65342], [-56.43722, -4.64757], [-56.43228, -4.64564], [-56.43554, -4.64554], [-56.43561, -4.6418], [-56.43806, -4.64534], [-56.44125, -4.63456], [-56.44138, -4.6406], [-56.44402, -4.64145], [-56.45125, -4.63424], [-56.44947, -4.63055], [-56.44498, -4.6328], [-56.44145, -4.62918], [-56.44278, -4.62625], [-56.44484, -4.63043], [-56.44943, -4.62993], [-56.45001, -4.62404], [-56.44443, -4.61909], [-56.45102, -4.62131], [-56.44921, -4.60972], [-56.45206, -4.60572], [-56.45217, -4.61553], [-56.45379, -4.60987], [-56.45641, -4.60677], [-56.45879, -4.60786], [-56.45487, -4.60958], [-56.45023, -4.62731], [-56.45324, -4.63064], [-56.45974, -4.62769], [-56.46283, -4.62049], [-56.46238, -4.62585], [-56.46166, -4.62731], [-56.45404, -4.63064], [-56.45411, -4.63668], [-56.45224, -4.63535], [-56.44783, -4.63994], [-56.45495, -4.64513], [-56.44661, -4.6413], [-56.44508, -4.64559], [-56.44369, -4.6428], [-56.44009, -4.64565], [-56.44443, -4.64811], [-56.44944, -4.66286], [-56.44507, -4.65576], [-56.4401, -4.65578], [-56.44273, -4.65828], [-56.44349, -4.66227], [-56.43877, -4.65892], [-56.43395, -4.66552], [-56.43388, -4.67243], [-56.43837, -4.67253], [-56.44088, -4.66375], [-56.44141, -4.67473], [-56.43014, -4.67629], [-56.4336, -4.67908], [-56.43325, -4.6857], [-56.44346, -4.67852], [-56.44595, -4.67929], [-56.43908, -4.68852], [-56.43303, -4.68786], [-56.43265, -4.69664], [-56.43014, -4.68721], [-56.42881, -4.69315], [-56.42485, -4.69297], [-56.4269, -4.68706], [-56.42443, -4.68752], [-56.43061, -4.6826], [-56.42935, -4.67857], [-56.42577, -4.67685], [-56.42345, -4.68043], [-56.42426, -4.67648], [-56.42047, -4.67489], [-56.41802, -4.67919], [-56.41319, -4.67039], [-56.40845, -4.67906], [-56.414, -4.68306], [-56.40998, -4.68332], [-56.40917, -4.69036], [-56.41244, -4.69464], [-56.41576, -4.69015], [-56.41865, -4.69596], [-56.41229, -4.69588], [-56.41293, -4.69937], [-56.42322, -4.70027], [-56.42833, -4.70586], [-56.43172, -4.69794], [-56.43056, -4.70361], [-56.43524, -4.70481], [-56.43222, -4.71372], [-56.43422, -4.71618], [-56.44165, -4.70828], [-56.43972, -4.70635], [-56.44304, -4.70553], [-56.44156, -4.70103], [-56.44444, -4.70218], [-56.45226, -4.69596], [-56.44948, -4.69383], [-56.44577, -4.69751], [-56.44382, -4.69398], [-56.45273, -4.69244], [-56.45427, -4.68881], [-56.45011, -4.68295], [-56.45485, -4.68289], [-56.45052, -4.67497], [-56.45254, -4.67637], [-56.45475, -4.67305], [-56.44709, -4.67238], [-56.45415, -4.67112], [-56.45375, -4.66416], [-56.45579, -4.6787], [-56.45826, -4.67565], [-56.45738, -4.65224], [-56.4637, -4.6438], [-56.46105, -4.63629], [-56.46522, -4.64274], [-56.46874, -4.63644], [-56.47082, -4.63723], [-56.47147, -4.63184], [-56.48106, -4.63351], [-56.47194, -4.62376], [-56.47704, -4.60848], [-56.48611, -4.60713], [-56.48558, -4.59707], [-56.48223, -4.593], [-56.48557, -4.5928], [-56.48758, -4.60747], [-56.49611, -4.60252], [-56.48982, -4.60876], [-56.47782, -4.61126], [-56.47466, -4.62066], [-56.47828, -4.6221], [-56.48259, -4.63244], [-56.4877, -4.63241], [-56.48869, -4.6289], [-56.48949, -4.63398], [-56.47345, -4.63381], [-56.46173, -4.65158], [-56.46204, -4.67412], [-56.45738, -4.68249], [-56.45743, -4.69661], [-56.4696, -4.69527], [-56.46668, -4.69114], [-56.46985, -4.67931], [-56.46684, -4.67126], [-56.47041, -4.66502], [-56.46905, -4.66003], [-56.46972, -4.65605], [-56.47078, -4.66356], [-56.47485, -4.66123], [-56.46794, -4.67067], [-56.47338, -4.67459], [-56.46902, -4.68829], [-56.47075, -4.69313], [-56.47433, -4.69226], [-56.47181, -4.69665], [-56.47958, -4.69434], [-56.48169, -4.68213], [-56.48453, -4.68271], [-56.48077, -4.68909], [-56.48408, -4.68976], [-56.48189, -4.69276], [-56.48851, -4.69264], [-56.4862, -4.68905], [-56.4897, -4.6939], [-56.49887, -4.69037], [-56.49485, -4.6891], [-56.49932, -4.68088], [-56.49441, -4.67852], [-56.492, -4.68062], [-56.49224, -4.67554], [-56.47972, -4.66796], [-56.48099, -4.66253], [-56.48354, -4.65883], [-56.4831, -4.66111], [-56.48719, -4.66101], [-56.48127, -4.66433], [-56.48329, -4.66992], [-56.48833, -4.67234], [-56.48942, -4.66904], [-56.4933, -4.67713], [-56.49873, -4.67767], [-56.50167, -4.68165], [-56.49888, -4.68738], [-56.50383, -4.68808], [-56.50495, -4.69122], [-56.50083, -4.69048], [-56.50016, -4.69496], [-56.50999, -4.69438], [-56.5077, -4.69168], [-56.51134, -4.69076], [-56.50775, -4.68791], [-56.50835, -4.68689], [-56.51252, -4.69076], [-56.51224, -4.69423], [-56.51759, -4.69541], [-56.51982, -4.6893], [-56.52217, -4.69209], [-56.52145, -4.68198], [-56.51745, -4.68305], [-56.51461, -4.67481], [-56.51039, -4.67275], [-56.51028, -4.67182], [-56.5149, -4.67395], [-56.51682, -4.67072], [-56.5168, -4.6788], [-56.52185, -4.67991], [-56.52364, -4.66519], [-56.51846, -4.66498], [-56.52325, -4.66348], [-56.52229, -4.65754], [-56.52515, -4.65954], [-56.52552, -4.65336], [-56.52882, -4.64826], [-56.52451, -4.66326], [-56.52417, -4.67834], [-56.52647, -4.68007], [-56.52356, -4.68279], [-56.52807, -4.68611], [-56.53294, -4.68134], [-56.53481, -4.68287], [-56.53569, -4.67994], [-56.53363, -4.67709], [-56.53258, -4.67336], [-56.53305, -4.67172], [-56.53884, -4.67908], [-56.53414, -4.68532], [-56.54062, -4.6829], [-56.54246, -4.67755], [-56.53917, -4.67157], [-56.53998, -4.665], [-56.5457, -4.67528], [-56.54721, -4.67206], [-56.55201, -4.67182], [-56.54484, -4.66531], [-56.55499, -4.66979], [-56.55318, -4.66405], [-56.55073, -4.66414], [-56.5524, -4.65783], [-56.54723, -4.66014], [-56.54511, -4.65935], [-56.55132, -4.65504], [-56.5431, -4.65357], [-56.549, -4.65045], [-56.53935, -4.64727], [-56.53627, -4.64479], [-56.54969, -4.64919], [-56.54446, -4.63754], [-56.53572, -4.63171], [-56.54004, -4.63329], [-56.54407, -4.6267], [-56.54094, -4.63284], [-56.5438, -4.63629], [-56.54731, -4.63386], [-56.54524, -4.63663], [-56.54908, -4.63889], [-56.54913, -4.64354], [-56.55659, -4.63684], [-56.55081, -4.64487], [-56.55076, -4.65118], [-56.55286, -4.65355], [-56.55835, -4.65125], [-56.55495, -4.65464], [-56.55433, -4.66215], [-56.55821, -4.66926], [-56.56084, -4.65657], [-56.5614, -4.66043], [-56.56537, -4.65288], [-56.57303, -4.6514], [-56.56532, -4.64189], [-56.57352, -4.6498], [-56.57535, -4.6409], [-56.57342, -4.65651], [-56.5693, -4.65419], [-56.56961, -4.65941], [-56.5659, -4.65824], [-56.56286, -4.66368], [-56.56626, -4.66515], [-56.56255, -4.66607], [-56.56566, -4.66641], [-56.56344, -4.66989], [-56.56977, -4.66947], [-56.56912, -4.66422], [-56.57153, -4.66367], [-56.57205, -4.66844], [-56.57622, -4.66841], [-56.57565, -4.66097], [-56.58305, -4.65765], [-56.58071, -4.65526], [-56.58584, -4.64762], [-56.58162, -4.63333], [-56.57889, -4.63382], [-56.57757, -4.62847], [-56.57395, -4.6308], [-56.57691, -4.62642], [-56.57275, -4.62274], [-56.57336, -4.61691], [-56.57601, -4.62407], [-56.57962, -4.62381], [-56.57857, -4.62856], [-56.5828, -4.63138], [-56.58433, -4.62863], [-56.5837, -4.63413], [-56.58691, -4.63282], [-56.58787, -4.6342], [-56.58417, -4.63632], [-56.58921, -4.64689], [-56.58882, -4.65559], [-56.5853, -4.65619], [-56.5856, -4.6627], [-56.57958, -4.66376], [-56.57949, -4.66642], [-56.59172, -4.67095], [-56.59333, -4.66682], [-56.58962, -4.66403], [-56.59278, -4.66205], [-56.59444, -4.66522], [-56.59583, -4.65941], [-56.5949, -4.6674], [-56.59793, -4.66882], [-56.59399, -4.66995], [-56.59384, -4.67304], [-56.60039, -4.6747], [-56.60402, -4.66703], [-56.60761, -4.66823], [-56.60702, -4.66374], [-56.60333, -4.66324], [-56.60608, -4.65872], [-56.60279, -4.65651], [-56.59936, -4.65925], [-56.59964, -4.65155], [-56.59385, -4.64582], [-56.59455, -4.64157], [-56.59537, -4.64705], [-56.60477, -4.65466], [-56.6056, -4.64823], [-56.59748, -4.62949], [-56.60299, -4.63843], [-56.60526, -4.6352], [-56.60636, -4.63422], [-56.6079, -4.63365], [-56.60967, -4.63474], [-56.60598, -4.63482], [-56.60329, -4.64019], [-56.60703, -4.64761], [-56.60919, -4.64052], [-56.60847, -4.64697], [-56.60558, -4.65208], [-56.60828, -4.65812], [-56.62074, -4.63747], [-56.62519, -4.64487], [-56.61587, -4.65614], [-56.61643, -4.66099], [-56.62139, -4.66465], [-56.6151, -4.66473], [-56.61323, -4.6677], [-56.61498, -4.67567], [-56.61128, -4.68145], [-56.61191, -4.68683], [-56.62071, -4.69836], [-56.61952, -4.69641], [-56.62674, -4.69034], [-56.63979, -4.6917], [-56.63935, -4.68592], [-56.6306, -4.67694], [-56.63224, -4.67461], [-56.62827, -4.67108], [-56.62334, -4.67262], [-56.62862, -4.66857], [-56.62618, -4.6598], [-56.63241, -4.64698], [-56.63096, -4.63442], [-56.62717, -4.63119], [-56.61988, -4.63408], [-56.61154, -4.62983], [-56.61313, -4.62492], [-56.61463, -4.63016], [-56.62191, -4.63289], [-56.61954, -4.62275], [-56.62467, -4.63083], [-56.63444, -4.62758], [-56.63438, -4.61835], [-56.63246, -4.61513], [-56.62886, -4.61764], [-56.63011, -4.61434], [-56.63525, -4.61536], [-56.63702, -4.62093], [-56.64224, -4.6141], [-56.6437, -4.61811], [-56.64734, -4.61659], [-56.64661, -4.60818], [-56.64378, -4.60492], [-56.64055, -4.60658], [-56.63959, -4.60591], [-56.64242, -4.60405], [-56.64221, -4.5986], [-56.63883, -4.59562], [-56.6385, -4.59299], [-56.64408, -4.59678], [-56.64467, -4.59149], [-56.64793, -4.59314], [-56.64714, -4.58886], [-56.65192, -4.58503], [-56.64741, -4.58149], [-56.65151, -4.58265], [-56.65878, -4.57729], [-56.65776, -4.57285], [-56.6538, -4.5736], [-56.65252, -4.57259], [-56.6574, -4.57032], [-56.65755, -4.56565], [-56.65916, -4.56606], [-56.65888, -4.56359], [-56.66173, -4.56193], [-56.6595, -4.56409], [-56.66175, -4.56822], [-56.65698, -4.57154], [-56.66389, -4.5767], [-56.66166, -4.57697], [-56.66286, -4.57971], [-56.65927, -4.57847], [-56.65326, -4.58326], [-56.65094, -4.58909], [-56.65387, -4.5958], [-56.64876, -4.60442], [-56.65253, -4.60666], [-56.64837, -4.61357], [-56.64938, -4.62212], [-56.6535, -4.62518], [-56.64878, -4.62339], [-56.64644, -4.62824], [-56.64326, -4.62054], [-56.63841, -4.62266], [-56.64004, -4.62522], [-56.63624, -4.62774], [-56.63665, -4.63243], [-56.6388, -4.63371], [-56.64147, -4.63011], [-56.63917, -4.63934], [-56.64259, -4.64281], [-56.64385, -4.63884], [-56.64491, -4.6459], [-56.64776, -4.63881], [-56.64629, -4.64679], [-56.64908, -4.64791], [-56.65318, -4.64074], [-56.65195, -4.63575], [-56.65425, -4.63115], [-56.6535, -4.6396], [-56.6585, -4.63685], [-56.65319, -4.6436], [-56.6657, -4.64013], [-56.6663, -4.63433], [-56.66275, -4.63431], [-56.65962, -4.63224], [-56.6659, -4.63363], [-56.66812, -4.62972], [-56.66321, -4.62007], [-56.6656, -4.62062], [-56.66764, -4.61328], [-56.66713, -4.60519], [-56.66907, -4.60259], [-56.67384, -4.59951], [-56.66842, -4.60425], [-56.66858, -4.61182], [-56.67288, -4.60967], [-56.66693, -4.61697], [-56.66818, -4.62093], [-56.67261, -4.61859], [-56.66825, -4.62151], [-56.67023, -4.62442], [-56.66766, -4.63185], [-56.67993, -4.62214], [-56.69183, -4.62063], [-56.68574, -4.62208], [-56.68537, -4.62659], [-56.68339, -4.6237], [-56.67935, -4.62441], [-56.6759, -4.63192], [-56.66896, -4.63417], [-56.66842, -4.64042], [-56.67802, -4.63537], [-56.6878, -4.63271], [-56.68206, -4.63865], [-56.67703, -4.63778], [-56.67709, -4.64263], [-56.67603, -4.6381], [-56.67247, -4.63976], [-56.67437, -4.64482], [-56.66914, -4.64137], [-56.67106, -4.64662], [-56.67027, -4.64688], [-56.66591, -4.64095], [-56.66234, -4.6448], [-56.66634, -4.64879], [-56.66272, -4.64754], [-56.66252, -4.65169], [-56.6614, -4.64593], [-56.65775, -4.64517], [-56.65676, -4.65213], [-56.65371, -4.64618], [-56.6539, -4.65111], [-56.65166, -4.64866], [-56.64808, -4.65041], [-56.64914, -4.65502], [-56.64292, -4.64931], [-56.64027, -4.65695], [-56.63733, -4.65735], [-56.63479, -4.66612], [-56.63702, -4.66771], [-56.6344, -4.6699], [-56.63734, -4.67473], [-56.64152, -4.66854], [-56.6394, -4.66336], [-56.64271, -4.66747], [-56.64622, -4.66209], [-56.64788, -4.66383], [-56.65166, -4.66074], [-56.64284, -4.66959], [-56.64589, -4.67229], [-56.6407, -4.67715], [-56.64568, -4.68339], [-56.65569, -4.67378], [-56.65213, -4.66772], [-56.65569, -4.67067], [-56.65688, -4.66424], [-56.65801, -4.67231], [-56.66125, -4.66633], [-56.66244, -4.6691], [-56.66433, -4.66759], [-56.66443, -4.6623], [-56.66577, -4.66587], [-56.66302, -4.67164], [-56.66978, -4.67071], [-56.67055, -4.66281], [-56.66761, -4.66127], [-56.66735, -4.66006], [-56.67079, -4.66115], [-56.66988, -4.65816], [-56.67324, -4.6575], [-56.67676, -4.64927], [-56.68391, -4.64954], [-56.67715, -4.65091], [-56.67275, -4.65916], [-56.67631, -4.66186], [-56.67137, -4.66467], [-56.67456, -4.67125], [-56.67047, -4.67117], [-56.67118, -4.67408], [-56.66655, -4.67294], [-56.66615, -4.67587], [-56.66476, -4.67329], [-56.65741, -4.67367], [-56.66288, -4.68141], [-56.65734, -4.67625], [-56.6541, -4.6784], [-56.65535, -4.68339], [-56.66209, -4.68504], [-56.65562, -4.68468], [-56.65178, -4.68052], [-56.64966, -4.68329], [-56.65538, -4.68812], [-56.65071, -4.69139], [-56.65261, -4.68646], [-56.64621, -4.68572], [-56.64496, -4.68978], [-56.64751, -4.69197], [-56.64449, -4.69069], [-56.64313, -4.69469], [-56.6473, -4.69429], [-56.64755, -4.69881], [-56.65534, -4.69989], [-56.65268, -4.69609], [-56.65608, -4.69576], [-56.65581, -4.68876], [-56.65654, -4.69834], [-56.65872, -4.69751], [-56.65758, -4.70134], [-56.661, -4.70409], [-56.66717, -4.70181], [-56.66302, -4.70161], [-56.66315, -4.70088], [-56.6701, -4.70055], [-56.66872, -4.69663], [-56.66563, -4.69789], [-56.66354, -4.69625], [-56.66727, -4.69632], [-56.66647, -4.69221], [-56.67064, -4.69614], [-56.67448, -4.69322], [-56.67349, -4.69996], [-56.67508, -4.69697], [-56.68038, -4.69676], [-56.68521, -4.70052], [-56.69077, -4.69938], [-56.6915, -4.69714], [-56.68488, -4.69592], [-56.6808, -4.68902], [-56.67661, -4.68995], [-56.66976, -4.68646], [-56.6806, -4.6882], [-56.67664, -4.67894], [-56.67754, -4.67503], [-56.68306, -4.66734], [-56.68225, -4.66395], [-56.68399, -4.6669], [-56.68774, -4.66575], [-56.67784, -4.67551], [-56.67869, -4.68222], [-56.6872, -4.69448], [-56.69111, -4.69563], [-56.69374, -4.69106], [-56.69678, -4.69126], [-56.69244, -4.69903], [-56.69794, -4.69963], [-56.69783, -4.70208], [-56.69547, -4.70858], [-56.69323, -4.70109], [-56.67606, -4.70295], [-56.6837, -4.70753], [-56.68262, -4.71272], [-56.69411, -4.71319], [-56.68761, -4.71717], [-56.69387, -4.72469], [-56.69724, -4.72395], [-56.71031, -4.70196], [-56.70746, -4.69954], [-56.7011, -4.70114], [-56.7063, -4.69824], [-56.7042, -4.69498], [-56.70734, -4.68974], [-56.69956, -4.68259], [-56.69474, -4.68411], [-56.69268, -4.67883], [-56.69813, -4.67636], [-56.69572, -4.68183], [-56.70044, -4.68198], [-56.7029, -4.68369], [-56.70423, -4.67492], [-56.70706, -4.67153], [-56.70206, -4.67152], [-56.7083, -4.66987], [-56.70801, -4.66397], [-56.71211, -4.66595], [-56.71236, -4.65685], [-56.71448, -4.66334], [-56.72205, -4.65879], [-56.72171, -4.66204], [-56.7139, -4.66478], [-56.71184, -4.67152], [-56.70562, -4.67501], [-56.70436, -4.68376], [-56.70854, -4.68793], [-56.71456, -4.68029], [-56.70841, -4.69618], [-56.71174, -4.69904], [-56.71369, -4.69295], [-56.71707, -4.69643], [-56.72212, -4.69028], [-56.72264, -4.6708], [-56.72548, -4.67341], [-56.72628, -4.66792], [-56.72754, -4.67188], [-56.73562, -4.66796], [-56.74132, -4.65771], [-56.75345, -4.65348], [-56.75736, -4.64435], [-56.75961, -4.64377], [-56.75863, -4.63846], [-56.76003, -4.64262], [-56.76918, -4.64149], [-56.77443, -4.6355], [-56.77915, -4.63212], [-56.78015, -4.63482], [-56.77436, -4.63661], [-56.77063, -4.64328], [-56.76467, -4.6427], [-56.75576, -4.64938], [-56.75714, -4.658], [-56.75423, -4.65532], [-56.74423, -4.65823], [-56.74102, -4.66483], [-56.74422, -4.66822], [-56.74844, -4.66688], [-56.7449, -4.66887], [-56.73972, -4.66685], [-56.73019, -4.67419], [-56.72566, -4.68536], [-56.73111, -4.68607], [-56.73266, -4.68058], [-56.73482, -4.67835], [-56.7327, -4.68496], [-56.73654, -4.68618], [-56.74396, -4.67947], [-56.74548, -4.68243], [-56.7521, -4.68013], [-56.75748, -4.67519], [-56.76184, -4.661], [-56.76602, -4.65804], [-56.75912, -4.67298], [-56.76431, -4.6767], [-56.75912, -4.67518], [-56.75277, -4.68164], [-56.7411, -4.6839], [-56.7384, -4.68689], [-56.7442, -4.69063], [-56.74177, -4.69344], [-56.73296, -4.68607], [-56.72292, -4.69459], [-56.72634, -4.6976], [-56.7313, -4.69473], [-56.72738, -4.70004], [-56.73216, -4.70287], [-56.73617, -4.6984], [-56.7358, -4.70147], [-56.74316, -4.69796], [-56.74817, -4.70041], [-56.75533, -4.69087], [-56.75236, -4.69739], [-56.76282, -4.70062], [-56.76098, -4.70282], [-56.75593, -4.69854], [-56.74732, -4.70177], [-56.73935, -4.70054], [-56.73706, -4.70315], [-56.74097, -4.70664], [-56.74144, -4.70788], [-56.73717, -4.70403], [-56.73612, -4.70686], [-56.73597, -4.70249], [-56.7311, -4.70415], [-56.72739, -4.70968], [-56.73285, -4.71207], [-56.71828, -4.72237], [-56.73176, -4.71904], [-56.73302, -4.71612], [-56.73487, -4.71942], [-56.74017, -4.71715], [-56.74196, -4.7197], [-56.74375, -4.7158], [-56.74464, -4.71925], [-56.74865, -4.71941], [-56.75017, -4.71444], [-56.75348, -4.71739], [-56.75858, -4.70957], [-56.76163, -4.71153], [-56.76839, -4.70524], [-56.77031, -4.70949], [-56.78282, -4.7057], [-56.7932, -4.69411], [-56.78912, -4.70401], [-56.78024, -4.70747], [-56.77966, -4.71103], [-56.76474, -4.70966], [-56.76352, -4.71401], [-56.75744, -4.71414], [-56.75349, -4.71912], [-56.75951, -4.72171], [-56.78656, -4.71308], [-56.78838, -4.71411], [-56.7734, -4.72052], [-56.7738, -4.72727], [-56.76955, -4.72179], [-56.75478, -4.72344], [-56.75513, -4.72798], [-56.75262, -4.72343], [-56.75169, -4.72778], [-56.74977, -4.72135], [-56.7405, -4.72421], [-56.73825, -4.71921], [-56.73176, -4.72146], [-56.73109, -4.72509], [-56.72651, -4.72483], [-56.72785, -4.73065], [-56.72215, -4.72586], [-56.71819, -4.72795], [-56.71891, -4.73179], [-56.71407, -4.72727], [-56.71467, -4.73256], [-56.70997, -4.72809], [-56.70784, -4.73395], [-56.70526, -4.73035], [-56.70232, -4.73306], [-56.70632, -4.7409], [-56.715, -4.73621], [-56.71546, -4.73884], [-56.71831, -4.73637], [-56.72256, -4.73755], [-56.71837, -4.73919], [-56.72493, -4.74055], [-56.73314, -4.73517], [-56.72572, -4.74212], [-56.73579, -4.74597], [-56.74235, -4.73332], [-56.73708, -4.7455], [-56.74239, -4.75073], [-56.74811, -4.73991], [-56.74771, -4.74748], [-56.7548, -4.74062], [-56.7538, -4.74513], [-56.76211, -4.74373], [-56.76526, -4.73799], [-56.76383, -4.74325], [-56.76978, -4.74724], [-56.76289, -4.74463], [-56.75195, -4.74606], [-56.74505, -4.74968], [-56.75057, -4.7552], [-56.75075, -4.75706], [-56.74479, -4.75082], [-56.74102, -4.75114], [-56.73751, -4.75816], [-56.73446, -4.76012], [-56.73986, -4.75141], [-56.73608, -4.74666], [-56.73165, -4.74669], [-56.72962, -4.75614], [-56.73029, -4.74628], [-56.72254, -4.74225], [-56.72207, -4.74894], [-56.71863, -4.74901], [-56.72003, -4.7415], [-56.70811, -4.74362], [-56.7083, -4.74685], [-56.71731, -4.75081], [-56.71537, -4.7524], [-56.71773, -4.75585], [-56.71558, -4.75698], [-56.71419, -4.7521], [-56.70817, -4.74894], [-56.70883, -4.76127], [-56.71465, -4.76066], [-56.72008, -4.76671], [-56.72609, -4.76383], [-56.7198, -4.7724], [-56.72646, -4.77526], [-56.72221, -4.77659], [-56.72299, -4.78167], [-56.72823, -4.7754], [-56.7258, -4.78569], [-56.73134, -4.78509], [-56.73173, -4.78055], [-56.73432, -4.78345], [-56.73834, -4.78184], [-56.73671, -4.77825], [-56.74027, -4.77553], [-56.73588, -4.77373], [-56.7395, -4.77347], [-56.73671, -4.77022], [-56.73955, -4.77206], [-56.74075, -4.76931], [-56.74167, -4.77558], [-56.74664, -4.77225], [-56.74277, -4.766], [-56.73433, -4.76536], [-56.74201, -4.76419], [-56.74459, -4.76637], [-56.7477, -4.76135], [-56.74619, -4.76829], [-56.75042, -4.77166], [-56.74942, -4.76692], [-56.75151, -4.77054], [-56.75374, -4.76962], [-56.75167, -4.76856], [-56.75267, -4.76418], [-56.7532, -4.76767], [-56.76004, -4.7655], [-56.76019, -4.76265], [-56.75747, -4.75873], [-56.75751, -4.75632], [-56.76195, -4.76464], [-56.76915, -4.76292], [-56.76738, -4.76677], [-56.76207, -4.76546], [-56.75465, -4.7716], [-56.77704, -4.76832], [-56.77427, -4.76451], [-56.77775, -4.76511], [-56.7785, -4.75385], [-56.78257, -4.75906], [-56.77907, -4.7592], [-56.77929, -4.76768], [-56.78473, -4.76618], [-56.7832, -4.76196], [-56.78572, -4.76522], [-56.78823, -4.76398], [-56.7894, -4.7584], [-56.78542, -4.75435], [-56.79181, -4.75605], [-56.79539, -4.75163], [-56.79195, -4.74625], [-56.79592, -4.74835], [-56.79793, -4.74392], [-56.79348, -4.73969], [-56.78665, -4.74315], [-56.78639, -4.73894], [-56.79164, -4.73847], [-56.78672, -4.7319], [-56.78309, -4.73588], [-56.78416, -4.74172], [-56.7838, -4.74366], [-56.78245, -4.73588], [-56.78622, -4.72873], [-56.78825, -4.73191], [-56.7897, -4.7287], [-56.79384, -4.72741], [-56.79116, -4.7295], [-56.79433, -4.73086], [-56.79464, -4.73217], [-56.7909, -4.7305], [-56.79054, -4.73448], [-56.79586, -4.73758], [-56.79818, -4.73512], [-56.79736, -4.739], [-56.80197, -4.74247], [-56.79911, -4.74904], [-56.80341, -4.74986], [-56.80614, -4.74372], [-56.80308, -4.74479], [-56.80295, -4.73821], [-56.80771, -4.7434], [-56.81101, -4.73987], [-56.80315, -4.73416], [-56.8105, -4.73568], [-56.81429, -4.72771], [-56.81117, -4.73894], [-56.81189, -4.74], [-56.81593, -4.73284], [-56.8243, -4.72885], [-56.8169, -4.72167], [-56.8209, -4.72154], [-56.82247, -4.70433], [-56.81574, -4.69836], [-56.81587, -4.69616], [-56.82441, -4.70324], [-56.83167, -4.69121], [-56.83077, -4.70305], [-56.83605, -4.70182], [-56.84166, -4.69401], [-56.83729, -4.70235], [-56.82298, -4.70699], [-56.82582, -4.71131], [-56.82434, -4.723], [-56.82952, -4.72758], [-56.82659, -4.732], [-56.84262, -4.73629], [-56.8352, -4.7401], [-56.82785, -4.73288], [-56.82212, -4.73316], [-56.82329, -4.73513], [-56.82321, -4.73819], [-56.82273, -4.73468], [-56.81984, -4.73377], [-56.81964, -4.73673], [-56.81752, -4.7338], [-56.81436, -4.7414], [-56.8211, -4.74273], [-56.81845, -4.74406], [-56.81864, -4.75273], [-56.81488, -4.74692], [-56.81765, -4.74427], [-56.81392, -4.74311], [-56.80673, -4.74831], [-56.80831, -4.75471], [-56.80599, -4.7514], [-56.80354, -4.75263], [-56.80513, -4.75607], [-56.79824, -4.75424], [-56.7944, -4.76294], [-56.80579, -4.76021], [-56.81698, -4.76609], [-56.82142, -4.76264], [-56.82069, -4.75745], [-56.82783, -4.74566], [-56.82815, -4.74961], [-56.83917, -4.74984], [-56.84383, -4.74054], [-56.85067, -4.73942], [-56.84911, -4.73503], [-56.8433, -4.73589], [-56.85794, -4.72684], [-56.85834, -4.72267], [-56.86381, -4.7238], [-56.86657, -4.71855], [-56.86758, -4.72042], [-56.86646, -4.72413], [-56.8591, -4.72699], [-56.85123, -4.74116], [-56.84555, -4.74287], [-56.84659, -4.74666], [-56.84036, -4.7503], [-56.84122, -4.75661], [-56.84546, -4.7598], [-56.84084, -4.75762], [-56.83917, -4.75246], [-56.82738, -4.75395], [-56.82474, -4.7628], [-56.81539, -4.76794], [-56.81744, -4.77717], [-56.81433, -4.7683], [-56.80976, -4.76938], [-56.80883, -4.76628], [-56.80473, -4.7693], [-56.81578, -4.78853], [-56.82353, -4.78221], [-56.82541, -4.78399], [-56.82476, -4.78698], [-56.8196, -4.78652], [-56.82208, -4.78938], [-56.81578, -4.79155], [-56.81671, -4.7945], [-56.81293, -4.78818], [-56.80932, -4.79037], [-56.81133, -4.79329], [-56.80846, -4.79176], [-56.80379, -4.79817], [-56.80055, -4.79628], [-56.80778, -4.78831], [-56.80844, -4.7808], [-56.79784, -4.76906], [-56.79651, -4.77276], [-56.79572, -4.76886], [-56.7836, -4.77219], [-56.78566, -4.77893], [-56.79066, -4.78026], [-56.79268, -4.78193], [-56.78684, -4.78039], [-56.78605, -4.78325], [-56.78207, -4.77399], [-56.77503, -4.77574], [-56.77989, -4.78238], [-56.78207, -4.7978], [-56.79108, -4.80578], [-56.78755, -4.80784], [-56.79166, -4.81498], [-56.7855, -4.81557], [-56.78258, -4.80119], [-56.77743, -4.80274], [-56.77946, -4.79926], [-56.77657, -4.79998], [-56.77863, -4.7974], [-56.77628, -4.79581], [-56.7789, -4.79249], [-56.77491, -4.78431], [-56.77221, -4.78418], [-56.7728, -4.77997], [-56.77028, -4.78254], [-56.76535, -4.776], [-56.76061, -4.77736], [-56.76154, -4.77962], [-56.75803, -4.77638], [-56.74962, -4.78109], [-56.74545, -4.77913], [-56.74155, -4.78184], [-56.74504, -4.78523], [-56.74008, -4.78455], [-56.73336, -4.78961], [-56.74359, -4.78869], [-56.74981, -4.79213], [-56.75942, -4.78535], [-56.76147, -4.78611], [-56.75603, -4.79042], [-56.75743, -4.79259], [-56.7516, -4.79289], [-56.75239, -4.79637], [-56.74379, -4.79053], [-56.73703, -4.79087], [-56.73398, -4.79294], [-56.73888, -4.79384], [-56.74246, -4.79784], [-56.73411, -4.79478], [-56.73557, -4.79992], [-56.72789, -4.79379], [-56.72539, -4.79698], [-56.72888, -4.80077], [-56.72371, -4.79822], [-56.71999, -4.80369], [-56.71701, -4.81312], [-56.72298, -4.81714], [-56.7154, -4.81517], [-56.71091, -4.84236], [-56.71667, -4.84146], [-56.72868, -4.82812], [-56.72602, -4.81891], [-56.7345, -4.82011], [-56.73755, -4.8153], [-56.73773, -4.81912], [-56.74159, -4.81986], [-56.73057, -4.82091], [-56.7302, -4.82219], [-56.73615, -4.82396], [-56.74046, -4.82731], [-56.73022, -4.82306], [-56.72955, -4.82702], [-56.73443, -4.82999], [-56.73463, -4.83202], [-56.73115, -4.82849], [-56.72715, -4.83014], [-56.7264, -4.83393], [-56.73119, -4.83477], [-56.73114, -4.83597], [-56.72555, -4.83477], [-56.72536, -4.83911], [-56.71889, -4.8415], [-56.72176, -4.84236], [-56.72346, -4.84562], [-56.72038, -4.84341], [-56.71566, -4.84653], [-56.71972, -4.85208], [-56.72394, -4.85147], [-56.72521, -4.85924], [-56.73433, -4.86795], [-56.73218, -4.87079], [-56.74059, -4.87373], [-56.73024, -4.87447], [-56.72947, -4.88428], [-56.73157, -4.88642], [-56.7345, -4.88442], [-56.73271, -4.8943], [-56.741, -4.8985], [-56.74399, -4.89394], [-56.74336, -4.89904], [-56.75049, -4.90376], [-56.7528, -4.89804], [-56.75321, -4.90363], [-56.7676, -4.9086], [-56.775, -4.90336], [-56.77161, -4.90865], [-56.7732, -4.91306], [-56.77139, -4.90961], [-56.76387, -4.90808], [-56.76959, -4.91771], [-56.76209, -4.90743], [-56.73242, -4.89862], [-56.73403, -4.90725], [-56.73879, -4.90697], [-56.73786, -4.91152], [-56.74294, -4.91152], [-56.74585, -4.91641], [-56.75147, -4.91143], [-56.74724, -4.91804], [-56.74413, -4.91811], [-56.74474, -4.92407], [-56.75125, -4.91998], [-56.7577, -4.91973], [-56.75111, -4.92063], [-56.74467, -4.92702], [-56.7507, -4.93559], [-56.75723, -4.93449], [-56.75917, -4.93092], [-56.76153, -4.92941], [-56.758, -4.93468], [-56.76097, -4.93626], [-56.76111, -4.94202], [-56.76611, -4.94229], [-56.77277, -4.93552], [-56.77499, -4.93953], [-56.78054, -4.93906], [-56.78043, -4.93705], [-56.77902, -4.93713], [-56.77707, -4.93385], [-56.78249, -4.93846], [-56.78512, -4.93506], [-56.79081, -4.93866], [-56.79567, -4.93599], [-56.80552, -4.93847], [-56.80664, -4.93543], [-56.80747, -4.93793], [-56.81198, -4.93149], [-56.80699, -4.92968], [-56.80433, -4.92119], [-56.80567, -4.91686], [-56.80581, -4.92395], [-56.81274, -4.93035], [-56.81649, -4.92114], [-56.81982, -4.92167], [-56.82385, -4.91563], [-56.8204, -4.92203], [-56.81576, -4.92328], [-56.81316, -4.93751], [-56.82399, -4.92579], [-56.8244, -4.93144], [-56.82801, -4.92999], [-56.83273, -4.93294], [-56.83722, -4.92635], [-56.83536, -4.91883], [-56.83856, -4.92596], [-56.84309, -4.91967], [-56.84175, -4.91593], [-56.84328, -4.91811], [-56.84506, -4.91563], [-56.84356, -4.9089], [-56.84786, -4.91398], [-56.85203, -4.90798], [-56.84981, -4.90137], [-56.85378, -4.90673], [-56.8537, -4.89369], [-56.85482, -4.89639], [-56.86135, -4.8949], [-56.85443, -4.89796], [-56.85591, -4.90454], [-56.85952, -4.90543], [-56.86132, -4.90104], [-56.86106, -4.90593], [-56.86604, -4.90387], [-56.86485, -4.90729], [-56.86825, -4.90767], [-56.86701, -4.91052], [-56.86313, -4.90743], [-56.8616, -4.91025], [-56.86064, -4.9062], [-56.85591, -4.90624], [-56.85104, -4.91522], [-56.85531, -4.91494], [-56.85452, -4.91885], [-56.84814, -4.91692], [-56.84551, -4.92204], [-56.8482, -4.92273], [-56.843, -4.92402], [-56.84092, -4.92982], [-56.85094, -4.93067], [-56.8509, -4.92788], [-56.8609, -4.92505], [-56.86188, -4.92141], [-56.86326, -4.92382], [-56.86576, -4.91584], [-56.86754, -4.91891], [-56.87596, -4.91502], [-56.86642, -4.91963], [-56.85997, -4.9283], [-56.86451, -4.93163], [-56.86507, -4.92903], [-56.87034, -4.92911], [-56.86729, -4.93164], [-56.8752, -4.93748], [-56.88505, -4.93661], [-56.88769, -4.93324], [-56.89171, -4.93686], [-56.90046, -4.93016], [-56.90577, -4.92974], [-56.91445, -4.92067], [-56.91605, -4.91477], [-56.92047, -4.91406], [-56.93024, -4.90167], [-56.93822, -4.90096], [-56.9453, -4.89627], [-56.94803, -4.88923], [-56.98814, -4.87465], [-57.01291, -4.87702], [-57.01829, -4.88307], [-57.0303, -4.88509], [-57.04173, -4.89298], [-57.07718, -4.89382], [-57.10138, -4.90113], [-57.10944, -4.91147], [-57.12053, -4.9176], [-57.16565, -4.93214], [-57.17447, -4.94247], [-57.17541, -4.94801], [-57.2192, -4.94865], [-57.21888, -4.94195], [-57.21294, -4.93349], [-57.21288, -4.92515], [-57.22514, -4.90575], [-57.22667, -4.88916], [-57.23875, -4.88692], [-57.26641, -4.86613], [-57.29086, -4.86199], [-57.31419, -4.84333], [-57.33004, -4.83965], [-57.33619, -4.83415], [-57.3433, -4.83661], [-57.35714, -4.83488], [-57.37813, -4.82704], [-57.40277, -4.825], [-57.40796, -4.8167], [-57.40995, -4.8212], [-57.41557, -4.81866], [-57.42317, -4.81997], [-57.43114, -4.81238], [-57.45129, -4.81034], [-57.45764, -4.79515], [-57.46714, -4.79186], [-57.46312, -4.7842], [-57.47342, -4.77704], [-57.47492, -4.76654], [-57.35229, -4.50502], [-57.35219, -4.29554], [-57.22962, -4.24197], [-57.21515, -4.2107], [-57.19896, -4.20762], [-57.1695, -4.19565], [-57.15628, -4.17889], [-57.13516, -4.17136], [-57.11426, -4.14706], [-57.10717, -4.1571], [-57.10702, -4.16463], [-57.10237, -4.16744], [-57.1051, -4.17077], [-57.09868, -4.18156], [-57.10038, -4.18547], [-56.66515, -3.99524], [-56.66274, -3.98121], [-56.65562, -3.97813], [-56.65283, -3.96598], [-56.64006, -3.95472], [-56.63933, -3.94438], [-56.62448, -3.92491], [-56.60826, -3.9256], [-56.59404, -3.92025], [-56.58628, -3.91344], [-56.57818, -3.91164], [-56.56253, -3.89673], [-56.54727, -3.89338], [-56.53045, -3.88218], [-56.52904, -3.87827], [-56.52341, -3.87737], [-56.5234, -3.86909], [-56.52776, -3.86112], [-56.5246, -3.85932], [-56.52548, -3.85365], [-56.52064, -3.85381], [-56.52409, -3.838], [-56.51724, -3.83672], [-56.51462, -3.82519], [-56.51061, -3.82757], [-56.51056, -3.81708], [-56.5044, -3.81674], [-56.50392, -3.80609], [-56.49691, -3.79448], [-56.48341, -3.80323], [-56.47714, -3.80123], [-56.46945, -3.80624], [-56.46177, -3.80666], [-56.44544, -3.82254], [-56.42377, -3.82411], [-56.40435, -3.81459], [-56.38814, -3.79816], [-56.37666, -3.80128], [-56.36244, -3.79736], [-56.35551, -3.78889], [-56.33942, -3.78246], [-56.32969, -3.77371], [-56.32634, -3.74949], [-56.32159, -3.75318], [-56.31551, -3.74949], [-56.30056, -3.75133], [-56.28036, -3.76133], [-56.26907, -3.7577], [-56.24589, -3.7278], [-56.24685, -3.71989], [-56.26245, -3.70917], [-56.2427, -3.69542], [-56.23744, -3.68699], [-56.23467, -3.67179], [-56.23821, -3.6676], [-56.23566, -3.66235], [-56.22737, -3.66954], [-56.22193, -3.67759], [-56.2239, -3.68157], [-56.2183, -3.68673], [-56.19788, -3.69208], [-56.19065, -3.70015], [-56.17638, -3.69559], [-56.17574, -3.6894], [-56.16855, -3.6795], [-56.16393, -3.67883], [-56.15079, -3.66732], [-56.13873, -3.66933], [-56.1253, -3.65044], [-56.11314, -3.65467], [-56.09517, -3.66724]]]}}, {"type": "Feature", "properties": {"nome": "FLORESTA NACIONAL DE ITAITUBA I", "grupo": "Uso sustentável", "esfera": "Federal", "ano": "1998", "ha": 213089.43285655027, "bioma": "AMAZÔNIA"}, "geometry": {"type": "Polygon", "coordinates": [[[-56.83842, -5.174], [-56.8341, -5.18168], [-56.84543, -5.1875], [-56.83733, -5.18661], [-56.83646, -5.19362], [-56.839, -5.19601], [-56.84441, -5.19587], [-56.84914, -5.19891], [-56.8358, -5.19681], [-56.83861, -5.2017], [-56.83469, -5.19985], [-56.83254, -5.20253], [-56.8315, -5.21394], [-56.84003, -5.2173], [-56.84946, -5.22578], [-56.8494, -5.22788], [-56.83941, -5.21796], [-56.82761, -5.21217], [-56.82384, -5.21854], [-56.82459, -5.22536], [-56.82927, -5.23072], [-56.8354, -5.22954], [-56.82713, -5.23246], [-56.82662, -5.2493], [-56.82414, -5.23844], [-56.8263, -5.23009], [-56.81983, -5.22173], [-56.81543, -5.2332], [-56.80766, -5.23927], [-56.80954, -5.24728], [-56.80558, -5.24206], [-56.79801, -5.24836], [-56.79792, -5.25202], [-56.79429, -5.25233], [-56.79694, -5.25848], [-56.79276, -5.25386], [-56.78538, -5.25923], [-56.79095, -5.27418], [-56.78428, -5.26137], [-56.78045, -5.26107], [-56.77973, -5.26302], [-56.78174, -5.26619], [-56.7813, -5.27044], [-56.78036, -5.27402], [-56.77744, -5.27719], [-56.77679, -5.28103], [-56.77715, -5.27722], [-56.78109, -5.27089], [-56.78133, -5.26583], [-56.77639, -5.26075], [-56.77166, -5.26742], [-56.75889, -5.27156], [-56.7595, -5.28204], [-56.72503, -5.2887], [-56.69994, -5.31748], [-56.68709, -5.32194], [-56.68214, -5.32947], [-56.68146, -5.34099], [-56.47881, -5.49979], [-56.48134, -5.49423], [-56.47865, -5.48622], [-56.48935, -5.47325], [-56.49382, -5.45842], [-56.47254, -5.43548], [-56.4786, -5.40618], [-56.47531, -5.39216], [-56.46419, -5.38235], [-56.44905, -5.3805], [-56.43907, -5.37264], [-56.44072, -5.36935], [-56.43727, -5.36621], [-56.44178, -5.34883], [-56.44131, -5.33786], [-56.42631, -5.32496], [-56.41838, -5.29674], [-56.41857, -5.28236], [-56.42475, -5.2645], [-56.40297, -5.26509], [-56.38715, -5.27342], [-56.35781, -5.27927], [-56.35855, -5.283], [-56.34543, -5.29314], [-56.33022, -5.31234], [-56.32701, -5.32147], [-56.31876, -5.32562], [-56.30021, -5.32015], [-56.27768, -5.32506], [-56.23594, -5.31796], [-56.22408, -5.32014], [-56.1964, -5.31665], [-56.18861, -5.31715], [-56.18097, -5.32262], [-56.16644, -5.32405], [-56.1623, -5.3297], [-56.1623, -5.34235], [-56.15772, -5.35189], [-56.11525, -5.37546], [-56.10894, -5.40393], [-56.11348, -5.42246], [-56.10849, -5.42447], [-56.10577, -5.43026], [-56.13194, -5.45937], [-56.15839, -5.47638], [-56.15936, -5.49447], [-56.15028, -5.50099], [-56.15727, -5.50748], [-56.16424, -5.50123], [-56.16607, -5.50971], [-56.17087, -5.51333], [-56.17281, -5.55131], [-56.17771, -5.5625], [-56.76467, -5.56297], [-56.76145, -5.55774], [-56.76972, -5.56062], [-56.77155, -5.55402], [-56.76948, -5.55179], [-56.77742, -5.54871], [-56.77201, -5.5405], [-56.77536, -5.54171], [-56.7767, -5.53258], [-56.78251, -5.52779], [-56.77635, -5.52775], [-56.7815, -5.52485], [-56.77957, -5.51976], [-56.77932, -5.51738], [-56.78034, -5.51527], [-56.78294, -5.52619], [-56.78658, -5.52602], [-56.78698, -5.52222], [-56.79605, -5.51963], [-56.79595, -5.51562], [-56.80075, -5.51114], [-56.80449, -5.51189], [-56.80431, -5.50772], [-56.80892, -5.50786], [-56.80502, -5.50371], [-56.80148, -5.50449], [-56.80006, -5.50326], [-56.79837, -5.49951], [-56.80217, -5.50264], [-56.80309, -5.49583], [-56.80409, -5.5025], [-56.80836, -5.50421], [-56.81271, -5.50184], [-56.81065, -5.49928], [-56.81346, -5.50056], [-56.81325, -5.49607], [-56.81437, -5.50002], [-56.81691, -5.49391], [-56.80421, -5.4902], [-56.80808, -5.48698], [-56.8089, -5.49066], [-56.81787, -5.49247], [-56.81542, -5.48176], [-56.8095, -5.48268], [-56.81444, -5.48029], [-56.81417, -5.47467], [-56.80463, -5.4725], [-56.79862, -5.47638], [-56.79515, -5.47368], [-56.79205, -5.47881], [-56.79633, -5.48549], [-56.79568, -5.48865], [-56.78888, -5.4768], [-56.78503, -5.48055], [-56.78836, -5.48398], [-56.78829, -5.48685], [-56.78339, -5.4818], [-56.77714, -5.48903], [-56.78162, -5.49524], [-56.78168, -5.49808], [-56.77722, -5.49046], [-56.77031, -5.49947], [-56.77455, -5.49005], [-56.76884, -5.48992], [-56.76615, -5.48893], [-56.7664, -5.48831], [-56.77591, -5.48883], [-56.78927, -5.47405], [-56.77592, -5.47463], [-56.76777, -5.47025], [-56.76741, -5.47311], [-56.75897, -5.4748], [-56.75671, -5.48603], [-56.75732, -5.4735], [-56.74706, -5.47339], [-56.7449, -5.48312], [-56.74763, -5.48546], [-56.74859, -5.48708], [-56.74419, -5.48358], [-56.74005, -5.49074], [-56.74589, -5.47835], [-56.74533, -5.4726], [-56.73557, -5.47362], [-56.73482, -5.47946], [-56.73134, -5.47228], [-56.72797, -5.47883], [-56.72644, -5.47522], [-56.71976, -5.47792], [-56.72989, -5.47159], [-56.7635, -5.47147], [-56.76813, -5.46962], [-56.76669, -5.46604], [-56.7674, -5.4649], [-56.76897, -5.46979], [-56.77605, -5.47344], [-56.77979, -5.4678], [-56.78099, -5.47089], [-56.79248, -5.47365], [-56.79565, -5.46971], [-56.79302, -5.46256], [-56.79435, -5.46222], [-56.79485, -5.45935], [-56.79686, -5.45732], [-56.79472, -5.46082], [-56.79822, -5.47123], [-56.80545, -5.46911], [-56.80367, -5.46563], [-56.80811, -5.46816], [-56.80858, -5.4611], [-56.80995, -5.46758], [-56.81593, -5.47173], [-56.81776, -5.48364], [-56.82226, -5.48317], [-56.82201, -5.48498], [-56.82306, -5.48613], [-56.8244, -5.48262], [-56.82827, -5.48363], [-56.83091, -5.4815], [-56.8177, -5.46767], [-56.81641, -5.46295], [-56.83014, -5.47872], [-56.82731, -5.47244], [-56.82764, -5.46614], [-56.83095, -5.46704], [-56.82782, -5.47178], [-56.83121, -5.47737], [-56.83526, -5.47722], [-56.83562, -5.47375], [-56.8367, -5.47695], [-56.8397, -5.47441], [-56.83816, -5.4715], [-56.84083, -5.47433], [-56.84452, -5.47026], [-56.82777, -5.45147], [-56.8253, -5.45421], [-56.82717, -5.44998], [-56.82187, -5.44223], [-56.82217, -5.4372], [-56.81965, -5.4357], [-56.81578, -5.43677], [-56.81483, -5.43606], [-56.82072, -5.43425], [-56.81653, -5.42828], [-56.80944, -5.42655], [-56.81653, -5.42716], [-56.81587, -5.42205], [-56.822, -5.42895], [-56.82007, -5.43064], [-56.82461, -5.44309], [-56.83242, -5.4539], [-56.83509, -5.44854], [-56.8387, -5.44541], [-56.83387, -5.45594], [-56.83996, -5.4528], [-56.83705, -5.45688], [-56.83963, -5.46162], [-56.84506, -5.45862], [-56.84083, -5.46265], [-56.84216, -5.46481], [-56.84964, -5.4676], [-56.85432, -5.46568], [-56.85595, -5.46357], [-56.85314, -5.46124], [-56.85235, -5.45735], [-56.85377, -5.46162], [-56.85632, -5.46184], [-56.856, -5.45822], [-56.85699, -5.46173], [-56.86061, -5.46344], [-56.85437, -5.44265], [-56.8626, -5.45884], [-56.86879, -5.45273], [-56.86696, -5.44751], [-56.86767, -5.4447], [-56.86915, -5.45066], [-56.87489, -5.45403], [-56.88201, -5.44377], [-56.87852, -5.44377], [-56.87997, -5.44162], [-56.87476, -5.43868], [-56.87178, -5.43492], [-56.87112, -5.43307], [-56.8825, -5.44141], [-56.88929, -5.4348], [-56.88729, -5.43132], [-56.88802, -5.42367], [-56.88823, -5.43132], [-56.89132, -5.43403], [-56.8968, -5.42847], [-56.89391, -5.42414], [-56.89682, -5.41915], [-56.89808, -5.42664], [-56.90628, -5.42684], [-56.90334, -5.41609], [-56.90454, -5.4183], [-56.90908, -5.41693], [-56.91162, -5.41059], [-56.91794, -5.41018], [-56.91974, -5.39292], [-56.91216, -5.39063], [-56.9087, -5.39399], [-56.90942, -5.39902], [-56.9064, -5.4036], [-56.90891, -5.39843], [-56.90322, -5.39251], [-56.90455, -5.39085], [-56.90668, -5.39438], [-56.9135, -5.38367], [-56.91403, -5.38879], [-56.92172, -5.38756], [-56.92183, -5.37434], [-56.91021, -5.37382], [-56.90869, -5.37942], [-56.9074, -5.3771], [-56.90476, -5.37957], [-56.90832, -5.37378], [-56.89618, -5.37469], [-56.89381, -5.36968], [-56.89784, -5.3733], [-56.90673, -5.37263], [-56.90743, -5.3664], [-56.90868, -5.37229], [-56.91912, -5.37169], [-56.91951, -5.36625], [-56.91497, -5.3664], [-56.91959, -5.36389], [-56.92042, -5.35819], [-56.90951, -5.35744], [-56.90684, -5.35234], [-56.90785, -5.35051], [-56.91113, -5.35598], [-56.91857, -5.3554], [-56.91297, -5.34663], [-56.91569, -5.34552], [-56.9147, -5.34108], [-56.91702, -5.3514], [-56.92493, -5.3551], [-56.92359, -5.34673], [-56.92709, -5.34093], [-56.92174, -5.33543], [-56.92795, -5.33856], [-56.92711, -5.33297], [-56.93077, -5.33593], [-56.93386, -5.33299], [-56.93211, -5.33034], [-56.93549, -5.33104], [-56.93785, -5.32559], [-56.93369, -5.32337], [-56.9116, -5.33118], [-56.90424, -5.32887], [-56.89503, -5.33566], [-56.89846, -5.32998], [-56.89321, -5.32525], [-56.89878, -5.32974], [-56.90466, -5.32757], [-56.91216, -5.33005], [-56.91453, -5.32757], [-56.91021, -5.31861], [-56.90877, -5.31789], [-56.90784, -5.31634], [-56.90582, -5.31672], [-56.89987, -5.31262], [-56.90855, -5.31601], [-56.91511, -5.3253], [-56.9183, -5.31743], [-56.91744, -5.32746], [-56.92638, -5.32246], [-56.93025, -5.32338], [-56.93348, -5.32004], [-56.93043, -5.31517], [-56.93396, -5.31816], [-56.93583, -5.31305], [-56.93444, -5.3213], [-56.94005, -5.32255], [-56.94573, -5.3135], [-56.94204, -5.30891], [-56.9363, -5.30843], [-56.93469, -5.30588], [-56.93459, -5.30403], [-56.93713, -5.30797], [-56.94266, -5.3076], [-56.94674, -5.31296], [-56.94677, -5.30696], [-56.9391, -5.298], [-56.93128, -5.29971], [-56.92841, -5.29802], [-56.92451, -5.29985], [-56.92784, -5.29652], [-56.92618, -5.2942], [-56.92562, -5.29151], [-56.93136, -5.29943], [-56.93923, -5.29735], [-56.93994, -5.29335], [-56.94426, -5.3025], [-56.94744, -5.29966], [-56.94652, -5.30487], [-56.95106, -5.30585], [-56.94928, -5.30877], [-56.95281, -5.31211], [-56.94716, -5.31481], [-56.94202, -5.32316], [-56.9498, -5.31837], [-56.95758, -5.32179], [-56.96029, -5.31796], [-56.95893, -5.31364], [-56.97008, -5.30702], [-56.97535, -5.3104], [-56.98159, -5.30292], [-56.97994, -5.29757], [-56.97341, -5.29825], [-56.95782, -5.31084], [-56.96046, -5.30696], [-56.95881, -5.30409], [-56.96147, -5.30605], [-56.96605, -5.30111], [-56.95851, -5.29769], [-56.95875, -5.29624], [-56.95508, -5.29363], [-56.95145, -5.28971], [-56.9515, -5.28856], [-56.9598, -5.29609], [-56.96174, -5.29341], [-56.96799, -5.30093], [-56.97162, -5.29708], [-56.97023, -5.29457], [-56.97831, -5.29471], [-56.97577, -5.28847], [-56.9656, -5.29067], [-56.97054, -5.28655], [-56.97563, -5.2869], [-56.97285, -5.28017], [-56.9689, -5.28194], [-56.96452, -5.27964], [-56.95931, -5.28318], [-56.95712, -5.2818], [-56.96298, -5.27884], [-56.9623, -5.27517], [-56.96494, -5.27856], [-56.97174, -5.27735], [-56.97225, -5.26687], [-56.97022, -5.26531], [-56.96621, -5.26983], [-56.96605, -5.26659], [-56.95966, -5.26685], [-56.95799, -5.27285], [-56.95868, -5.26659], [-56.95647, -5.26697], [-56.94524, -5.27898], [-56.9494, -5.27021], [-56.94212, -5.2663], [-56.94702, -5.26309], [-56.94994, -5.26909], [-56.95577, -5.26648], [-56.95757, -5.26436], [-56.95489, -5.25823], [-56.95687, -5.2562], [-56.95883, -5.26484], [-56.9667, -5.26478], [-56.96881, -5.25838], [-56.96123, -5.25393], [-56.96466, -5.25313], [-56.96445, -5.2503], [-56.95869, -5.25028], [-56.95439, -5.24279], [-56.95064, -5.24561], [-56.95175, -5.24187], [-56.94446, -5.23783], [-56.94643, -5.2457], [-56.94958, -5.24568], [-56.95236, -5.25322], [-56.95147, -5.25538], [-56.94467, -5.24531], [-56.94248, -5.25141], [-56.94456, -5.2538], [-56.9449, -5.25914], [-56.94152, -5.25127], [-56.9423, -5.24098], [-56.93538, -5.24724], [-56.9342, -5.25336], [-56.93175, -5.25602], [-56.93369, -5.2496], [-56.93165, -5.24573], [-56.93425, -5.24756], [-56.93879, -5.2425], [-56.93659, -5.23902], [-56.93995, -5.24111], [-56.94083, -5.23749], [-56.9262, -5.22421], [-56.92311, -5.22691], [-56.92384, -5.23982], [-56.9215, -5.24069], [-56.92004, -5.24974], [-56.91619, -5.25432], [-56.91976, -5.25848], [-56.92051, -5.26099], [-56.91596, -5.25612], [-56.91579, -5.25294], [-56.92189, -5.23944], [-56.92236, -5.2276], [-56.91703, -5.23466], [-56.9131, -5.23631], [-56.90731, -5.2358], [-56.90624, -5.23317], [-56.91239, -5.23601], [-56.91828, -5.23186], [-56.92076, -5.22747], [-56.91465, -5.22412], [-56.92037, -5.22639], [-56.92531, -5.22273], [-56.92305, -5.21961], [-56.9255, -5.21791], [-56.92101, -5.21597], [-56.91699, -5.22091], [-56.89463, -5.2272], [-56.8801, -5.24814], [-56.88138, -5.25678], [-56.87705, -5.2807], [-56.86661, -5.2811], [-56.85376, -5.23603], [-56.85811, -5.19914], [-56.85152, -5.19458], [-56.84803, -5.18201], [-56.84404, -5.17832], [-56.84645, -5.17706], [-56.83842, -5.174]]]}}, {"type": "Feature", "properties": {"nome": "FLORESTA NACIONAL MAPIÁ - INAUINI", "grupo": "Uso sustentável", "esfera": "Federal", "ano": "1989", "ha": 368947.3926657377, "bioma": "AMAZÔNIA"}, "geometry": {"type": "Polygon", "coordinates": [[[-68.51145, -7.9572], [-68.49668, -7.9639], [-68.48389, -7.95921], [-68.4768, -7.9606], [-68.4541, -7.97935], [-68.43869, -7.9802], [-68.42818, -7.98808], [-68.41207, -7.98094], [-68.39614, -7.98293], [-68.38127, -8.04853], [-68.37064, -8.04474], [-68.36173, -8.05044], [-68.35164, -8.06833], [-68.35282, -8.07184], [-68.35108, -8.07729], [-68.3475, -8.07836], [-68.34786, -8.08322], [-68.34168, -8.07491], [-68.33285, -8.07951], [-68.32849, -8.07738], [-68.32817, -8.08292], [-68.32118, -8.08093], [-68.32025, -8.08515], [-68.31655, -8.08396], [-68.31063, -8.0876], [-68.30841, -8.09388], [-68.301, -8.09052], [-68.29854, -8.09487], [-68.29634, -8.09328], [-68.29608, -8.10041], [-68.3041, -8.0997], [-68.30805, -8.1089], [-68.30574, -8.1203], [-68.31137, -8.12835], [-68.31075, -8.13771], [-68.31632, -8.14691], [-68.31155, -8.16407], [-68.3151, -8.1774], [-68.30657, -8.17747], [-68.29969, -8.18287], [-68.2932, -8.18122], [-68.25158, -8.25774], [-68.24802, -8.24208], [-68.23497, -8.23595], [-68.22548, -8.22205], [-68.20242, -8.21671], [-68.19275, -8.19755], [-68.18255, -8.1867], [-68.17353, -8.18142], [-68.15973, -8.17994], [-68.14901, -8.16794], [-68.14035, -8.16351], [-68.12911, -8.15046], [-68.12513, -8.1375], [-68.07692, -8.09314], [-68.07056, -8.07934], [-68.05053, -8.08011], [-68.00682, -8.0552], [-67.99681, -8.06482], [-67.98776, -8.06214], [-67.98204, -8.06391], [-67.97974, -8.06642], [-68.06942, -8.14066], [-68.06952, -8.15116], [-68.0677, -8.15316], [-68.06271, -8.15114], [-68.06609, -8.15473], [-68.06475, -8.15696], [-68.05652, -8.15903], [-68.0542, -8.15633], [-68.05344, -8.16203], [-68.05036, -8.15715], [-68.04424, -8.16117], [-68.0382, -8.15541], [-68.03646, -8.15939], [-68.04064, -8.15791], [-68.04232, -8.16173], [-68.02801, -8.1842], [-68.0144, -8.1795], [-68.01163, -8.17228], [-68.00815, -8.17212], [-68.00761, -8.17909], [-67.99804, -8.18233], [-67.99872, -8.19508], [-67.99411, -8.19677], [-67.99128, -8.19329], [-67.98065, -8.19774], [-67.97546, -8.22718], [-67.97819, -8.23169], [-67.96684, -8.23337], [-67.96396, -8.22966], [-67.95683, -8.23588], [-67.95757, -8.24811], [-67.94818, -8.25023], [-67.94642, -8.24669], [-67.94394, -8.24747], [-67.94266, -8.25232], [-67.94864, -8.26094], [-67.92913, -8.26717], [-67.9359, -8.28358], [-67.9267, -8.28947], [-67.92357, -8.30397], [-67.91923, -8.30592], [-67.91892, -8.31049], [-67.91483, -8.30855], [-67.9141, -8.31506], [-67.91034, -8.31788], [-67.90904, -8.3244], [-67.91317, -8.33129], [-67.89942, -8.33513], [-67.90018, -8.33883], [-67.90855, -8.34148], [-67.91601, -8.3499], [-67.90356, -8.34915], [-67.90078, -8.35629], [-67.89771, -8.35236], [-67.88903, -8.36328], [-67.88197, -8.35885], [-67.86749, -8.37276], [-67.85603, -8.37202], [-67.84569, -8.37767], [-67.84692, -8.37077], [-67.83765, -8.36928], [-67.82998, -8.37378], [-67.82864, -8.37999], [-67.82251, -8.38429], [-67.80717, -8.37631], [-67.80544, -8.38435], [-67.79031, -8.38303], [-67.79869, -8.40319], [-67.79719, -8.40925], [-67.78346, -8.39719], [-67.7811, -8.41632], [-67.77409, -8.41575], [-67.77557, -8.41054], [-67.76677, -8.41006], [-67.7516, -8.43106], [-67.74264, -8.41934], [-67.73559, -8.43344], [-67.73231, -8.43479], [-67.73262, -8.42981], [-67.7297, -8.42982], [-67.72362, -8.4404], [-67.71902, -8.43739], [-67.71602, -8.44102], [-67.70917, -8.43949], [-67.70332, -8.44319], [-67.70293, -8.43801], [-67.69573, -8.43911], [-67.69589, -8.44745], [-67.68047, -8.44728], [-67.67461, -8.46729], [-67.67159, -8.46261], [-67.66836, -8.46397], [-67.66656, -8.45753], [-67.6602, -8.46094], [-67.65604, -8.47855], [-67.66432, -8.48405], [-67.66828, -8.48229], [-67.66756, -8.48437], [-67.66069, -8.48712], [-67.64771, -8.48256], [-67.64301, -8.48855], [-67.64345, -8.49869], [-67.64677, -8.50109], [-67.64208, -8.50544], [-67.64429, -8.50945], [-67.64816, -8.50719], [-67.64914, -8.50971], [-67.63837, -8.52068], [-67.66257, -8.5282], [-67.66298, -8.53932], [-67.66682, -8.53761], [-67.67029, -8.52751], [-67.67265, -8.53095], [-67.68297, -8.53139], [-67.68336, -8.53539], [-67.67883, -8.5386], [-67.68637, -8.54352], [-67.68333, -8.54592], [-67.68537, -8.5478], [-67.69383, -8.53757], [-67.69689, -8.53978], [-67.69566, -8.5437], [-67.70111, -8.54746], [-67.70785, -8.53823], [-67.714, -8.53893], [-67.7139, -8.54501], [-67.72622, -8.54155], [-67.73444, -8.54282], [-67.72756, -8.56651], [-67.73054, -8.61065], [-67.72248, -8.62899], [-67.70332, -8.64805], [-67.70525, -8.65947], [-67.71451, -8.66515], [-67.72823, -8.65765], [-67.73795, -8.65985], [-67.74703, -8.65238], [-67.77395, -8.65003], [-67.77504, -8.65557], [-67.81467, -8.68288], [-67.81339, -8.67811], [-67.82372, -8.67114], [-67.83016, -8.66908], [-67.84132, -8.67145], [-67.85278, -8.66163], [-67.85959, -8.64996], [-67.87173, -8.6687], [-67.87241, -8.68488], [-67.9015, -8.6898], [-67.9088, -8.68715], [-67.92214, -8.69338], [-67.92766, -8.69263], [-67.9355, -8.68204], [-67.94153, -8.66252], [-67.95463, -8.67563], [-67.9611, -8.68886], [-67.97301, -8.6884], [-67.98157, -8.68389], [-67.99634, -8.69887], [-68.00053, -8.69732], [-68.00516, -8.69361], [-68.00903, -8.6799], [-68.01647, -8.67313], [-68.01703, -8.66214], [-68.03452, -8.63688], [-68.04008, -8.62117], [-68.03999, -8.61298], [-68.03502, -8.60328], [-68.02405, -8.59159], [-68.01758, -8.59671], [-68.00602, -8.59272], [-68.00507, -8.57998], [-68.01144, -8.5786], [-68.0106, -8.58322], [-68.01457, -8.5791], [-68.02096, -8.58013], [-68.02272, -8.57313], [-68.0204, -8.57139], [-68.02502, -8.57171], [-68.02698, -8.57515], [-68.0286, -8.57082], [-68.03545, -8.56853], [-68.03995, -8.56294], [-68.05222, -8.56613], [-68.04914, -8.56068], [-68.05337, -8.55647], [-68.05749, -8.55645], [-68.05644, -8.55981], [-68.06075, -8.56271], [-68.07126, -8.55291], [-68.08253, -8.55289], [-68.09002, -8.53444], [-68.09622, -8.53126], [-68.09636, -8.5161], [-68.10103, -8.5115], [-68.10016, -8.50536], [-68.10501, -8.50291], [-68.10244, -8.48885], [-68.10573, -8.47303], [-68.0998, -8.45563], [-68.10743, -8.40895], [-68.1002, -8.39503], [-68.10067, -8.38819], [-68.11162, -8.38875], [-68.11377, -8.38321], [-68.11845, -8.38182], [-68.12262, -8.38505], [-68.12358, -8.38159], [-68.12682, -8.38345], [-68.13189, -8.3784], [-68.13713, -8.38073], [-68.14139, -8.37411], [-68.14976, -8.37342], [-68.1512, -8.37573], [-68.17296, -8.36346], [-68.17884, -8.36452], [-68.18685, -8.3545], [-68.19864, -8.3489], [-68.20519, -8.3491], [-68.20728, -8.34603], [-68.22901, -8.34671], [-68.23507, -8.35352], [-68.23397, -8.35722], [-68.24263, -8.36489], [-68.27166, -8.37452], [-68.27742, -8.37081], [-68.29884, -8.37557], [-68.30956, -8.38979], [-68.31893, -8.39147], [-68.32204, -8.39503], [-68.33686, -8.39628], [-68.34307, -8.40231], [-68.34363, -8.40732], [-68.36112, -8.41721], [-68.37375, -8.43831], [-68.38762, -8.45429], [-68.39467, -8.458], [-68.4249, -8.45488], [-68.42851, -8.44826], [-68.46774, -8.41796], [-68.48117, -8.40274], [-68.49236, -8.40553], [-68.49801, -8.39602], [-68.50058, -8.37176], [-68.49588, -8.36054], [-68.52274, -8.32453], [-68.53165, -8.33097], [-68.53598, -8.32872], [-68.54846, -8.33727], [-68.55327, -8.3431], [-68.55235, -8.34638], [-68.56384, -8.35367], [-68.56748, -8.36315], [-68.58255, -8.36422], [-68.58257, -8.36737], [-68.59406, -8.36293], [-68.59927, -8.36836], [-68.60564, -8.36695], [-68.60904, -8.36201], [-68.61468, -8.36212], [-68.62198, -8.3522], [-68.62775, -8.33302], [-68.63887, -8.32726], [-68.64137, -8.32177], [-68.63801, -8.32317], [-68.63411, -8.32029], [-68.62463, -8.30912], [-68.61913, -8.29651], [-68.59733, -8.27081], [-68.59125, -8.26787], [-68.60565, -8.25665], [-68.62153, -8.25674], [-68.62979, -8.24586], [-68.62479, -8.20988], [-68.6209, -8.20253], [-68.62446, -8.18679], [-68.61567, -8.17291], [-68.60882, -8.13806], [-68.61586, -8.13817], [-68.62328, -8.14651], [-68.63304, -8.145], [-68.63357, -8.13415], [-68.64491, -8.13284], [-68.64802, -8.12771], [-68.63275, -8.11074], [-68.63148, -8.10075], [-68.60814, -8.08944], [-68.60549, -8.08265], [-68.6328, -8.03994], [-68.62255, -8.03952], [-68.5953, -8.0192], [-68.58301, -8.035], [-68.57632, -8.0364], [-68.57242, -8.03301], [-68.55167, -8.04069], [-68.53458, -8.04061], [-68.53533, -8.02896], [-68.54322, -8.01986], [-68.56677, -8.00754], [-68.5714, -8.00041], [-68.54081, -7.96146], [-68.52284, -7.9613], [-68.51145, -7.9572]]]}}, {"type": "Feature", "properties": {"nome": "FLORESTA NACIONAL DE SARACÁ-TAQUERA", "grupo": "Uso sustentável", "esfera": "Federal", "ano": "1989", "ha": 439452.04221770354, "bioma": "AMAZÔNIA"}, "geometry": {"type": "Polygon", "coordinates": [[[-56.64977, -1.42924], [-56.62886, -1.43794], [-56.61572, -1.46129], [-56.60946, -1.46568], [-56.59776, -1.4687], [-56.58043, -1.46778], [-56.56454, -1.46299], [-56.54046, -1.4412], [-56.51479, -1.44335], [-56.50282, -1.43974], [-56.46023, -1.40914], [-56.44597, -1.40594], [-56.42837, -1.40784], [-56.41671, -1.41801], [-56.41419, -1.44181], [-56.40428, -1.45473], [-56.40911, -1.45285], [-56.41183, -1.45502], [-56.41012, -1.45188], [-56.41363, -1.44907], [-56.41586, -1.45239], [-56.41682, -1.44763], [-56.42309, -1.44879], [-56.42602, -1.45884], [-56.41787, -1.46611], [-56.42258, -1.47509], [-56.41326, -1.48437], [-56.41851, -1.48926], [-56.4231, -1.50452], [-56.43302, -1.52091], [-56.42956, -1.53096], [-56.43093, -1.53849], [-56.41415, -1.55783], [-56.39973, -1.55542], [-56.39112, -1.56484], [-56.3779, -1.57016], [-56.35959, -1.57242], [-56.34258, -1.55735], [-56.33196, -1.543], [-56.32778, -1.52681], [-56.33508, -1.52056], [-56.33893, -1.52166], [-56.33778, -1.52558], [-56.34019, -1.52847], [-56.34045, -1.5219], [-56.34869, -1.52], [-56.34647, -1.51719], [-56.33738, -1.51945], [-56.33677, -1.51112], [-56.33481, -1.5171], [-56.32654, -1.5201], [-56.33228, -1.51062], [-56.33031, -1.49849], [-56.33605, -1.51122], [-56.33239, -1.49968], [-56.33696, -1.49702], [-56.33847, -1.50519], [-56.3401, -1.50281], [-56.3363, -1.49321], [-56.34344, -1.49277], [-56.33924, -1.49073], [-56.34165, -1.4871], [-56.34071, -1.48647], [-56.3351, -1.49155], [-56.33455, -1.48826], [-56.33592, -1.48876], [-56.33973, -1.4846], [-56.33601, -1.48725], [-56.33581, -1.48245], [-56.33513, -1.48267], [-56.33349, -1.48768], [-56.33074, -1.47892], [-56.34357, -1.46907], [-56.34775, -1.47561], [-56.35305, -1.47487], [-56.34684, -1.47042], [-56.35075, -1.46534], [-56.3446, -1.46501], [-56.327, -1.47572], [-56.31667, -1.49406], [-56.3077, -1.49377], [-56.30251, -1.49689], [-56.29526, -1.5177], [-56.28762, -1.52637], [-56.27346, -1.52986], [-56.26342, -1.52114], [-56.25441, -1.52008], [-56.23591, -1.53755], [-56.22673, -1.53978], [-56.2323, -1.55296], [-56.23136, -1.56147], [-56.20194, -1.56053], [-56.19513, -1.54627], [-56.17089, -1.54295], [-56.13702, -1.55358], [-56.11565, -1.54962], [-56.12113, -1.55984], [-56.08241, -1.56691], [-56.06482, -1.5644], [-56.03813, -1.59642], [-56.0473, -1.60889], [-56.05436, -1.63033], [-56.04043, -1.63876], [-56.04929, -1.65855], [-56.04889, -1.66859], [-56.05463, -1.67263], [-56.05901, -1.68843], [-56.06569, -1.69902], [-56.0799, -1.70213], [-56.09293, -1.70949], [-56.0922, -1.72443], [-56.09551, -1.73159], [-56.10187, -1.72664], [-56.11992, -1.7247], [-56.15014, -1.73012], [-56.16891, -1.73744], [-56.19335, -1.7329], [-56.20437, -1.74378], [-56.21313, -1.73481], [-56.21505, -1.72771], [-56.24198, -1.7271], [-56.25433, -1.73549], [-56.25168, -1.74745], [-56.25506, -1.75885], [-56.25381, -1.76746], [-56.26623, -1.75767], [-56.30001, -1.77066], [-56.30737, -1.77795], [-56.31628, -1.77719], [-56.31845, -1.77413], [-56.32346, -1.77724], [-56.33063, -1.77645], [-56.335, -1.78515], [-56.34616, -1.79581], [-56.34506, -1.8057], [-56.34013, -1.81231], [-56.34972, -1.8263], [-56.37469, -1.84837], [-56.38239, -1.84706], [-56.39215, -1.87023], [-56.40349, -1.87947], [-56.4039, -1.88565], [-56.43064, -1.89728], [-56.43678, -1.8953], [-56.44003, -1.90047], [-56.45329, -1.89303], [-56.46033, -1.89545], [-56.47038, -1.89076], [-56.48085, -1.89469], [-56.48036, -1.89938], [-56.48295, -1.89999], [-56.50159, -1.89574], [-56.50427, -1.89266], [-56.52955, -1.90134], [-56.53233, -1.88239], [-56.53724, -1.87494], [-56.55674, -1.87273], [-56.56255, -1.87863], [-56.58147, -1.87834], [-56.59062, -1.88686], [-56.59594, -1.88306], [-56.60793, -1.8913], [-56.61623, -1.88502], [-56.62405, -1.88956], [-56.62979, -1.88654], [-56.63958, -1.90449], [-56.64881, -1.8932], [-56.66157, -1.8948], [-56.66599, -1.90047], [-56.6764, -1.89629], [-56.68576, -1.89919], [-56.68705, -1.88472], [-56.69048, -1.87974], [-56.69644, -1.87829], [-56.70586, -1.88404], [-56.72443, -1.88181], [-56.73692, -1.90021], [-56.75036, -1.90405], [-56.74988, -1.88199], [-56.76077, -1.87389], [-56.76341, -1.86809], [-56.78406, -1.88513], [-56.79772, -1.87644], [-56.80945, -1.87551], [-56.81769, -1.89803], [-56.82412, -1.8909], [-56.83145, -1.88859], [-56.83554, -1.88091], [-56.85178, -1.88152], [-56.88276, -1.86282], [-56.89202, -1.86559], [-56.90176, -1.86105], [-56.9089, -1.87398], [-56.92407, -1.88078], [-56.92897, -1.87491], [-56.94977, -1.87387], [-56.96354, -1.86924], [-56.96322, -1.86061], [-56.96787, -1.85631], [-56.96342, -1.85049], [-56.96601, -1.84596], [-56.98954, -1.8292], [-56.99911, -1.81512], [-56.99109, -1.80853], [-56.97831, -1.78211], [-56.97513, -1.76045], [-56.99699, -1.70979], [-57.01961, -1.69498], [-57.05563, -1.66264], [-57.0674, -1.63965], [-57.07155, -1.61643], [-57.0819, -1.58979], [-57.0942, -1.58644], [-57.10238, -1.57981], [-57.11961, -1.57855], [-57.14022, -1.56439], [-57.16319, -1.55885], [-57.17174, -1.55298], [-57.1765, -1.53516], [-57.16117, -1.49251], [-57.14571, -1.48773], [-57.13106, -1.48759], [-57.11764, -1.48107], [-57.11326, -1.47471], [-57.09428, -1.47208], [-57.08524, -1.476], [-57.07369, -1.47629], [-57.06674, -1.46987], [-57.04662, -1.46691], [-57.03577, -1.45944], [-56.99244, -1.44999], [-56.97999, -1.43965], [-56.96435, -1.44007], [-56.95445, -1.43459], [-56.94744, -1.43648], [-56.94378, -1.43384], [-56.93007, -1.4336], [-56.92196, -1.42687], [-56.89496, -1.41957], [-56.88658, -1.41035], [-56.87534, -1.40969], [-56.86719, -1.40281], [-56.86094, -1.39057], [-56.8547, -1.39858], [-56.84993, -1.39899], [-56.85097, -1.40528], [-56.85109, -1.40382], [-56.8558, -1.40297], [-56.85318, -1.4053], [-56.85381, -1.41022], [-56.8543, -1.40565], [-56.85563, -1.40846], [-56.85827, -1.40441], [-56.8556, -1.41796], [-56.85755, -1.4128], [-56.85899, -1.41572], [-56.8621, -1.41196], [-56.85871, -1.41962], [-56.86372, -1.42415], [-56.86059, -1.4237], [-56.86215, -1.42536], [-56.8586, -1.42853], [-56.86371, -1.42988], [-56.85839, -1.43149], [-56.86153, -1.43696], [-56.85936, -1.44016], [-56.85295, -1.43516], [-56.85574, -1.43264], [-56.85071, -1.42735], [-56.83939, -1.44233], [-56.81816, -1.45492], [-56.82269, -1.46041], [-56.81531, -1.45709], [-56.81693, -1.45547], [-56.77794, -1.45259], [-56.74097, -1.46584], [-56.74428, -1.46986], [-56.75926, -1.46946], [-56.78277, -1.49248], [-56.76972, -1.50098], [-56.75476, -1.52439], [-56.748, -1.52727], [-56.74288, -1.52271], [-56.73468, -1.52169], [-56.72907, -1.51534], [-56.72946, -1.5031], [-56.73524, -1.49423], [-56.73186, -1.46773], [-56.72784, -1.46259], [-56.69316, -1.45538], [-56.67845, -1.44532], [-56.66612, -1.43194], [-56.64977, -1.42924]]]}}, {"type": "Feature", "properties": {"nome": "PARQUE NACIONAL DO JAÚ", "grupo": "Proteção integral", "esfera": "Federal", "ano": "1980", "ha": 2355958.0077550844, "bioma": "AMAZÔNIA"}, "geometry": {"type": "Polygon", "coordinates": [[[-63.80105, -2.41441], [-63.7976, -2.39948], [-63.79897, -2.39065], [-63.78751, -2.38318], [-63.77657, -2.36853], [-63.7748, -2.35431], [-63.782, -2.34132], [-63.78302, -2.3321], [-63.78929, -2.32576], [-63.79348, -2.30105], [-63.78593, -2.29156], [-63.78022, -2.27672], [-63.77318, -2.2741], [-63.77111, -2.26885], [-63.7624, -2.26947], [-63.75839, -2.25675], [-63.74948, -2.25648], [-63.73505, -2.24159], [-63.7292, -2.24454], [-63.7284, -2.24228], [-63.72105, -2.24295], [-63.72055, -2.23624], [-63.71809, -2.23889], [-63.7143, -2.23152], [-63.7049, -2.2302], [-63.70016, -2.23535], [-63.68884, -2.23454], [-63.68351, -2.22955], [-63.6769, -2.23127], [-63.67815, -2.22945], [-63.67348, -2.22547], [-63.66708, -2.22637], [-63.6555, -2.24301], [-63.64557, -2.23826], [-63.63719, -2.24546], [-63.6356, -2.23555], [-63.62241, -2.23636], [-63.61299, -2.22335], [-63.61077, -2.22649], [-63.60178, -2.22205], [-63.60099, -2.22524], [-63.59351, -2.2261], [-63.59545, -2.22283], [-63.59329, -2.2183], [-63.59115, -2.22036], [-63.58792, -2.21698], [-63.58466, -2.20144], [-63.57468, -2.19737], [-63.57034, -2.18804], [-63.57216, -2.17531], [-63.57386, -2.17205], [-63.57553, -2.17414], [-63.57743, -2.16583], [-63.5722, -2.15947], [-63.57412, -2.14994], [-63.5717, -2.146], [-63.5747, -2.14553], [-63.57631, -2.13909], [-63.57925, -2.14163], [-63.58267, -2.13898], [-63.57896, -2.13777], [-63.58314, -2.13535], [-63.57989, -2.13279], [-63.58769, -2.13027], [-63.58608, -2.12827], [-63.58917, -2.12443], [-63.5866, -2.11921], [-63.589, -2.11382], [-63.58753, -2.10447], [-63.57578, -2.09699], [-63.57884, -2.09194], [-63.57254, -2.08952], [-63.57017, -2.08406], [-63.57229, -2.07335], [-63.575, -2.07265], [-63.57348, -2.06285], [-63.56882, -2.06404], [-63.57018, -2.06706], [-63.56781, -2.0635], [-63.5669, -2.05932], [-63.55328, -2.05849], [-63.54498, -2.0509], [-63.54496, -2.04671], [-63.54057, -2.04741], [-63.54298, -2.04395], [-63.53692, -2.03649], [-63.5274, -2.04418], [-63.52363, -2.0416], [-63.52371, -2.03765], [-63.51742, -2.03892], [-63.51716, -2.03353], [-63.50872, -2.03329], [-63.51067, -2.03071], [-63.50664, -2.03087], [-63.50351, -2.02636], [-63.50006, -2.03171], [-63.49272, -2.03146], [-63.49211, -2.02287], [-63.48468, -2.0231], [-63.48064, -2.01828], [-63.47375, -2.0211], [-63.46878, -2.01867], [-63.46872, -2.02147], [-63.46704, -2.01941], [-63.46508, -2.022], [-63.46156, -2.0193], [-63.45766, -2.02359], [-63.45334, -2.02024], [-63.44923, -2.02118], [-63.44964, -2.01501], [-63.44078, -2.00932], [-63.44203, -2.00318], [-63.43649, -2.00304], [-63.43767, -1.99857], [-63.44011, -1.99972], [-63.43481, -1.99552], [-63.4362, -1.99325], [-63.43115, -1.99405], [-63.4354, -1.99029], [-63.43223, -1.9882], [-63.43371, -1.98546], [-63.42285, -1.9899], [-63.42086, -1.98746], [-63.4173, -1.98982], [-63.41751, -1.98704], [-63.4057, -1.99076], [-63.40399, -1.98078], [-63.38586, -1.98082], [-63.38335, -1.97695], [-63.37727, -1.98217], [-63.37173, -1.98225], [-63.37408, -1.9793], [-63.36483, -1.97241], [-63.36113, -1.97302], [-63.36314, -1.97531], [-63.36103, -1.97814], [-63.35479, -1.97024], [-63.34865, -1.97059], [-63.34959, -1.96605], [-63.34405, -1.96206], [-63.34501, -1.95799], [-63.34176, -1.95959], [-63.33997, -1.95488], [-63.3233, -1.95396], [-63.32501, -1.94786], [-63.32242, -1.94115], [-63.31583, -1.94438], [-63.31587, -1.93964], [-63.30949, -1.94101], [-63.30683, -1.93469], [-63.3017, -1.9405], [-63.299, -1.93774], [-63.29867, -1.94451], [-63.2927, -1.93835], [-63.2858, -1.93896], [-63.28073, -1.92706], [-63.28392, -1.92407], [-63.27931, -1.91826], [-63.28069, -1.91609], [-63.27678, -1.91882], [-63.27279, -1.91493], [-63.27036, -1.91702], [-63.27044, -1.91307], [-63.26619, -1.91258], [-63.26461, -1.9162], [-63.26097, -1.91383], [-63.26077, -1.91653], [-63.25498, -1.91416], [-63.257, -1.90624], [-63.2534, -1.90444], [-63.25373, -1.90121], [-63.24721, -1.90622], [-63.24105, -1.90371], [-63.23954, -1.90614], [-63.23909, -1.90162], [-63.23311, -1.9017], [-63.23489, -1.90015], [-63.23013, -1.89624], [-63.22381, -1.89813], [-63.22366, -1.89456], [-63.21713, -1.89298], [-63.2153, -1.89788], [-63.20789, -1.89838], [-63.20499, -1.90454], [-63.20143, -1.90105], [-63.19837, -1.90227], [-63.19981, -1.89771], [-63.19752, -1.89624], [-63.19297, -1.9008], [-63.1907, -1.89815], [-63.18815, -1.90339], [-63.18503, -1.89906], [-63.17572, -1.90161], [-63.17626, -1.8991], [-63.17518, -1.9007], [-63.17592, -1.90566], [-63.17063, -1.90522], [-63.16891, -1.89922], [-63.16745, -1.90251], [-63.16147, -1.90324], [-63.15688, -1.90007], [-63.15518, -1.88776], [-63.14774, -1.89148], [-63.14399, -1.88868], [-63.1425, -1.89301], [-63.13629, -1.89513], [-63.13343, -1.89076], [-63.1295, -1.89201], [-63.13045, -1.886], [-63.12371, -1.88596], [-63.12275, -1.88244], [-63.1206, -1.88656], [-63.11617, -1.88576], [-63.11347, -1.88924], [-63.11252, -1.88455], [-63.10741, -1.88288], [-63.10815, -1.87921], [-63.1012, -1.87889], [-63.09967, -1.87332], [-63.0946, -1.87264], [-63.0901, -1.86746], [-63.08379, -1.87104], [-63.07951, -1.86993], [-63.07474, -1.87445], [-63.06713, -1.8747], [-63.06809, -1.86954], [-63.07096, -1.86972], [-63.06998, -1.86258], [-63.06181, -1.86234], [-63.05699, -1.86762], [-63.05343, -1.86467], [-63.05066, -1.86749], [-63.04825, -1.86325], [-63.04058, -1.86422], [-63.03663, -1.85853], [-63.0293, -1.85786], [-63.02582, -1.84609], [-63.02169, -1.84079], [-63.01818, -1.8412], [-63.02226, -1.83736], [-63.01966, -1.82987], [-63.01387, -1.83012], [-63.01657, -1.82434], [-63.00967, -1.82335], [-63.01742, -1.81908], [-63.01581, -1.81236], [-63.01238, -1.81289], [-63.00789, -1.80842], [-62.99852, -1.80859], [-62.98908, -1.79681], [-62.9852, -1.79632], [-62.98633, -1.79018], [-62.98024, -1.78927], [-62.97945, -1.78571], [-62.97359, -1.79631], [-62.96335, -1.7963], [-62.95767, -1.78566], [-62.95921, -1.78158], [-62.95221, -1.78331], [-62.95619, -1.7785], [-62.95294, -1.77425], [-62.94914, -1.77789], [-62.95026, -1.76779], [-62.94495, -1.76855], [-62.94187, -1.76427], [-62.93881, -1.76847], [-62.93328, -1.76804], [-62.93272, -1.7639], [-62.92352, -1.76648], [-62.92038, -1.75631], [-62.91841, -1.75881], [-62.91309, -1.75557], [-62.91674, -1.75101], [-62.91252, -1.74695], [-62.90462, -1.74967], [-62.89817, -1.74812], [-62.90038, -1.74217], [-62.89672, -1.73919], [-62.90044, -1.73646], [-62.88913, -1.71785], [-62.88501, -1.72508], [-62.88228, -1.72382], [-62.88422, -1.71851], [-62.87791, -1.71925], [-62.8717, -1.71485], [-62.86858, -1.71969], [-62.86482, -1.71775], [-62.86402, -1.72612], [-62.85763, -1.72061], [-62.85466, -1.72244], [-62.84835, -1.70925], [-62.83079, -1.70466], [-62.81525, -1.71801], [-62.79953, -1.72405], [-62.78534, -1.71737], [-62.7793, -1.70904], [-62.78053, -1.70423], [-62.79015, -1.70493], [-62.79572, -1.69948], [-62.79572, -1.69479], [-62.78675, -1.69238], [-62.77285, -1.69813], [-62.7535, -1.71696], [-62.74981, -1.71045], [-62.74588, -1.71015], [-62.75075, -1.72429], [-62.74746, -1.73121], [-62.73474, -1.72464], [-62.72242, -1.73364], [-62.72359, -1.73015], [-62.71926, -1.72464], [-62.72164, -1.73094], [-62.71832, -1.73732], [-62.72928, -1.74142], [-62.72483, -1.7457], [-62.71521, -1.74418], [-62.70536, -1.75034], [-62.70119, -1.73796], [-62.67961, -1.73093], [-62.67621, -1.73403], [-62.67522, -1.745], [-62.6714, -1.74594], [-62.66959, -1.73579], [-62.66158, -1.73351], [-62.65349, -1.74166], [-62.66105, -1.75289], [-62.65751, -1.75881], [-62.65238, -1.75925], [-62.65677, -1.76558], [-62.6556, -1.76869], [-62.65185, -1.77162], [-62.63854, -1.76828], [-62.62241, -1.78605], [-62.61696, -1.78071], [-62.61297, -1.78857], [-62.61813, -1.79613], [-62.61971, -1.80687], [-62.61238, -1.81261], [-62.60564, -1.82499], [-62.60218, -1.82417], [-62.59854, -1.81695], [-62.57603, -1.8173], [-62.56805, -1.82135], [-62.56623, -1.8285], [-62.57567, -1.84141], [-62.56289, -1.848], [-62.56409, -1.85202], [-62.57365, -1.85803], [-62.57183, -1.86888], [-62.5394, -1.86601], [-62.53237, -1.87908], [-62.52715, -1.88231], [-62.50193, -1.87316], [-62.49484, -1.86601], [-62.49026, -1.87128], [-62.49349, -1.88278], [-62.48833, -1.88788], [-62.47748, -1.888], [-62.47208, -1.88395], [-62.46364, -1.88606], [-62.46153, -1.88225], [-62.45015, -1.84618], [-62.45502, -1.82226], [-62.44922, -1.81065], [-62.4369, -1.81335], [-62.43303, -1.82044], [-62.43192, -1.83586], [-62.42758, -1.8402], [-62.42183, -1.83991], [-62.41303, -1.80748], [-62.40764, -1.80308], [-62.39996, -1.80314], [-62.39362, -1.8076], [-62.3894, -1.81733], [-62.38085, -1.81986], [-62.37599, -1.81686], [-62.37951, -1.81417], [-62.37868, -1.81071], [-62.37124, -1.80707], [-62.37182, -1.80056], [-62.35986, -1.80402], [-62.34703, -1.80274], [-62.32487, -1.78761], [-62.32229, -1.79014], [-62.32698, -1.80444], [-62.32282, -1.80761], [-62.31736, -1.80093], [-62.31513, -1.78843], [-62.30563, -1.78562], [-62.29209, -1.78797], [-62.28699, -1.77571], [-62.27866, -1.77383], [-62.25761, -1.78216], [-62.25139, -1.76427], [-62.23292, -1.76433], [-62.22782, -1.76727], [-62.2175, -1.75689], [-62.20665, -1.75178], [-62.20307, -1.74346], [-62.20442, -1.73525], [-62.21386, -1.72006], [-62.20577, -1.71461], [-62.19867, -1.72164], [-62.19615, -1.74076], [-62.18659, -1.74909], [-62.17744, -1.74363], [-62.16965, -1.7285], [-62.15956, -1.72654], [-62.15786, -1.72287], [-62.16158, -1.71414], [-62.15874, -1.71094], [-62.13912, -1.72199], [-62.1427, -1.73378], [-62.14082, -1.73654], [-62.12115, -1.73956], [-62.1171, -1.74481], [-62.10461, -1.73566], [-62.10145, -1.72839], [-62.09573, -1.73018], [-62.08863, -1.72604], [-62.08189, -1.72686], [-62.07934, -1.71994], [-62.0694, -1.71689], [-62.06453, -1.7271], [-62.06594, -1.73853], [-62.0728, -1.7444], [-62.07333, -1.7485], [-62.06864, -1.75472], [-62.04717, -1.74774], [-62.03257, -1.75835], [-61.99715, -1.76287], [-61.98461, -1.75759], [-61.96819, -1.74182], [-61.97012, -1.72094], [-61.96642, -1.71529], [-61.95606, -1.71734], [-61.94492, -1.72565], [-61.93797, -1.73654], [-61.91598, -1.73238], [-61.87891, -1.71705], [-61.85526, -1.71658], [-61.8473, -1.70754], [-61.83459, -1.70529], [-61.82829, -1.68925], [-61.80791, -1.6732], [-61.78842, -1.66899], [-61.76971, -1.66958], [-61.73525, -1.65734], [-61.73026, -1.65894], [-61.70715, -1.65384], [-61.67833, -1.65615], [-61.6617, -1.64171], [-61.65243, -1.64112], [-61.63223, -1.64879], [-61.61797, -1.63874], [-61.60407, -1.63459], [-61.57032, -1.64041], [-61.56093, -1.64837], [-61.5557, -1.66275], [-61.54168, -1.66928], [-61.53966, -1.67439], [-61.52837, -1.67439], [-61.51862, -1.66646], [-61.50748, -1.67173], [-61.50681, -1.66237], [-61.51397, -1.64706], [-61.51063, -1.6241], [-61.53044, -1.57199], [-61.52743, -1.55892], [-61.51834, -1.54883], [-61.49332, -1.58064], [-61.47359, -1.59383], [-61.4686, -1.60405], [-61.44947, -1.61652], [-61.42713, -1.61902], [-61.41394, -1.63625], [-61.41798, -1.67154], [-61.41014, -1.70267], [-61.4168, -1.72572], [-61.41834, -1.76197], [-61.40932, -1.78875], [-61.37661, -1.81444], [-61.37375, -1.85895], [-61.36825, -1.87315], [-61.35696, -1.88819], [-61.38951, -1.90585], [-61.39776, -1.9053], [-61.4117, -1.89867], [-61.45144, -1.90628], [-61.4558, -1.9007], [-61.46023, -1.90118], [-61.46208, -1.90719], [-61.44795, -1.93204], [-61.44742, -1.94373], [-61.45047, -1.94788], [-61.47373, -1.95311], [-61.49477, -1.9702], [-61.49831, -1.96897], [-61.50733, -1.95439], [-61.51786, -1.95381], [-61.52706, -1.95925], [-61.52835, -1.99606], [-61.54263, -2.01723], [-61.54438, -2.03075], [-61.55908, -2.04444], [-61.56413, -2.05464], [-61.57691, -2.06484], [-61.57319, -2.07314], [-61.574, -2.08543], [-61.56745, -2.09192], [-61.58446, -2.09376], [-61.59102, -2.10668], [-61.60157, -2.10036], [-61.60905, -2.10652], [-61.59797, -2.11403], [-61.60488, -2.11788], [-61.60365, -2.12406], [-61.60934, -2.12894], [-61.61239, -2.13787], [-61.60822, -2.13795], [-61.60466, -2.12987], [-61.59894, -2.12985], [-61.58156, -2.14921], [-61.58303, -2.16732], [-61.58658, -2.16861], [-61.58466, -2.16348], [-61.58782, -2.16125], [-61.59078, -2.1685], [-61.59592, -2.17057], [-61.58763, -2.18415], [-61.59488, -2.18852], [-61.58831, -2.19483], [-61.59176, -2.20055], [-61.58799, -2.19987], [-61.59027, -2.20435], [-61.57916, -2.21257], [-61.57985, -2.2176], [-61.57183, -2.21829], [-61.56815, -2.22505], [-61.57561, -2.2329], [-61.57999, -2.25465], [-61.58801, -2.26694], [-61.59174, -2.2648], [-61.59658, -2.27323], [-61.60143, -2.26485], [-61.60567, -2.27316], [-61.61443, -2.2678], [-61.623, -2.26819], [-61.65533, -2.2883], [-61.6697, -2.2868], [-61.66092, -2.27263], [-61.66468, -2.27664], [-61.66798, -2.27269], [-61.67207, -2.27574], [-61.68209, -2.27538], [-61.68356, -2.27935], [-61.67668, -2.28375], [-61.68418, -2.29613], [-61.68803, -2.29477], [-61.6876, -2.28771], [-61.6951, -2.28494], [-61.69354, -2.27689], [-61.70161, -2.26257], [-61.71091, -2.26543], [-61.71366, -2.27862], [-61.72086, -2.28165], [-61.7209, -2.28795], [-61.72464, -2.29135], [-61.72823, -2.28978], [-61.72421, -2.28229], [-61.72909, -2.28207], [-61.72905, -2.27708], [-61.73615, -2.26971], [-61.74019, -2.28263], [-61.73437, -2.30375], [-61.74002, -2.3204], [-61.74445, -2.32648], [-61.7521, -2.31767], [-61.75832, -2.32236], [-61.75516, -2.33195], [-61.75713, -2.34146], [-61.74807, -2.36941], [-61.75864, -2.39185], [-61.75913, -2.40022], [-61.76319, -2.3937], [-61.77068, -2.39222], [-61.77572, -2.39528], [-61.77116, -2.3983], [-61.77095, -2.40429], [-61.78421, -2.40033], [-61.81284, -2.4081], [-61.82678, -2.41862], [-61.83669, -2.40331], [-61.85018, -2.40115], [-61.86678, -2.39324], [-61.86954, -2.3982], [-61.87975, -2.40077], [-61.89608, -2.40019], [-61.90184, -2.41707], [-61.89666, -2.41959], [-61.89619, -2.41447], [-61.89155, -2.41502], [-61.89423, -2.41762], [-61.8948, -2.42951], [-61.89984, -2.43058], [-61.89656, -2.43514], [-61.90104, -2.43634], [-61.89902, -2.44082], [-61.90392, -2.4443], [-61.90197, -2.46838], [-61.9075, -2.46553], [-61.91203, -2.46977], [-61.91754, -2.46959], [-61.91409, -2.47146], [-61.91643, -2.47861], [-61.91299, -2.47834], [-61.91167, -2.48857], [-61.92617, -2.48901], [-61.92774, -2.49288], [-61.92988, -2.49182], [-61.92776, -2.48879], [-61.93191, -2.48939], [-61.93045, -2.49402], [-61.93609, -2.4954], [-61.93502, -2.49935], [-61.9388, -2.4947], [-61.94227, -2.49816], [-61.954, -2.4967], [-61.95599, -2.49076], [-61.95857, -2.49242], [-61.96295, -2.48717], [-61.96722, -2.48724], [-61.96801, -2.49004], [-61.97335, -2.48777], [-61.97554, -2.49509], [-61.9819, -2.49228], [-61.98622, -2.49579], [-61.98559, -2.49988], [-61.99163, -2.49629], [-61.99807, -2.49869], [-62.0049, -2.49103], [-62.01747, -2.51021], [-62.02166, -2.50983], [-62.02236, -2.50649], [-62.02671, -2.50803], [-62.0286, -2.50307], [-62.03463, -2.50731], [-62.03799, -2.50145], [-62.03295, -2.49876], [-62.03908, -2.49937], [-62.04523, -2.49408], [-62.04518, -2.50078], [-62.03994, -2.50477], [-62.04634, -2.51964], [-62.05308, -2.51805], [-62.05246, -2.51562], [-62.05898, -2.5109], [-62.06163, -2.51453], [-62.06576, -2.51054], [-62.06748, -2.51393], [-62.06902, -2.51172], [-62.07812, -2.51274], [-62.07394, -2.50935], [-62.08135, -2.51212], [-62.07791, -2.50886], [-62.08778, -2.50564], [-62.08933, -2.51358], [-62.08692, -2.51545], [-62.0921, -2.51782], [-62.08658, -2.52059], [-62.09562, -2.53098], [-62.09987, -2.52773], [-62.10906, -2.52842], [-62.11001, -2.52375], [-62.1133, -2.5269], [-62.11574, -2.52153], [-62.12143, -2.52916], [-62.12684, -2.53033], [-62.1232, -2.53249], [-62.13281, -2.54007], [-62.13611, -2.53806], [-62.13353, -2.5352], [-62.14052, -2.53127], [-62.14177, -2.53435], [-62.14859, -2.52941], [-62.14983, -2.537], [-62.15373, -2.53465], [-62.15674, -2.53687], [-62.15468, -2.53824], [-62.15706, -2.54088], [-62.15366, -2.54254], [-62.16146, -2.54678], [-62.16499, -2.55412], [-62.1681, -2.55619], [-62.17231, -2.55359], [-62.17723, -2.5578], [-62.18028, -2.55458], [-62.1899, -2.56712], [-62.19043, -2.56374], [-62.19686, -2.56359], [-62.20326, -2.57949], [-62.21144, -2.58014], [-62.20952, -2.58457], [-62.21303, -2.58333], [-62.21599, -2.58879], [-62.22022, -2.58905], [-62.21911, -2.59229], [-62.22613, -2.59337], [-62.22584, -2.59634], [-62.22875, -2.59343], [-62.24411, -2.59529], [-62.24125, -2.59891], [-62.24495, -2.60277], [-62.25031, -2.60286], [-62.2477, -2.60591], [-62.25536, -2.60165], [-62.25539, -2.59747], [-62.25952, -2.60011], [-62.25515, -2.60437], [-62.25818, -2.60686], [-62.26918, -2.60057], [-62.27285, -2.60369], [-62.2686, -2.60987], [-62.27166, -2.61111], [-62.26914, -2.61344], [-62.27116, -2.61729], [-62.28602, -2.62239], [-62.28886, -2.63287], [-62.30187, -2.63552], [-62.30288, -2.63982], [-62.29915, -2.6385], [-62.30425, -2.64795], [-62.31199, -2.64762], [-62.31476, -2.64163], [-62.32062, -2.65178], [-62.33529, -2.65565], [-62.3339, -2.66099], [-62.34744, -2.66839], [-62.35773, -2.66243], [-62.35725, -2.66498], [-62.37486, -2.67758], [-62.38487, -2.6679], [-62.39262, -2.66948], [-62.39228, -2.67269], [-62.40049, -2.68177], [-62.40372, -2.67946], [-62.40777, -2.68342], [-62.41181, -2.68078], [-62.41335, -2.68435], [-62.41051, -2.68782], [-62.41828, -2.69409], [-62.41923, -2.69859], [-62.41825, -2.71147], [-62.42354, -2.70941], [-62.42816, -2.71266], [-62.42894, -2.70922], [-62.43241, -2.71339], [-62.43283, -2.70973], [-62.43676, -2.72052], [-62.44578, -2.71992], [-62.44934, -2.72494], [-62.45323, -2.72202], [-62.45532, -2.72362], [-62.45534, -2.73147], [-62.46015, -2.72607], [-62.46319, -2.72619], [-62.46644, -2.73244], [-62.46948, -2.72648], [-62.47771, -2.7284], [-62.48002, -2.72327], [-62.48412, -2.72674], [-62.49545, -2.72192], [-62.50118, -2.7326], [-62.50834, -2.73128], [-62.51644, -2.73501], [-62.51391, -2.73112], [-62.51539, -2.72342], [-62.51869, -2.7218], [-62.52499, -2.73264], [-62.54268, -2.73082], [-62.54211, -2.7367], [-62.54894, -2.73733], [-62.54877, -2.7413], [-62.5586, -2.74686], [-62.55815, -2.75645], [-62.56296, -2.75726], [-62.56347, -2.764], [-62.56806, -2.76508], [-62.57107, -2.7798], [-62.57925, -2.78324], [-62.58215, -2.78784], [-62.57639, -2.80132], [-62.58084, -2.80062], [-62.57988, -2.80974], [-62.58341, -2.81922], [-62.59623, -2.82409], [-62.59806, -2.83424], [-62.60815, -2.83126], [-62.61058, -2.8363], [-62.62132, -2.83632], [-62.62563, -2.84378], [-62.63525, -2.84358], [-62.63719, -2.84662], [-62.63088, -2.85047], [-62.64152, -2.85889], [-62.64605, -2.87067], [-62.66377, -2.88254], [-62.67079, -2.87918], [-62.68333, -2.90113], [-62.6973, -2.90157], [-62.69792, -2.90516], [-62.70485, -2.90154], [-62.70669, -2.90471], [-62.71249, -2.90523], [-62.71598, -2.90167], [-62.72047, -2.90519], [-62.72439, -2.90414], [-62.72855, -2.91649], [-62.73317, -2.91895], [-62.73982, -2.93024], [-62.75519, -2.9356], [-62.78894, -2.95931], [-62.81398, -2.96658], [-62.82806, -2.96697], [-62.83487, -2.97086], [-62.86738, -2.95554], [-62.87111, -2.94938], [-62.88046, -2.94662], [-62.88564, -2.93866], [-62.897, -2.93938], [-62.89185, -2.92998], [-62.90125, -2.9189], [-62.90339, -2.89703], [-62.91474, -2.88607], [-62.91794, -2.87076], [-62.92886, -2.85362], [-62.95774, -2.84524], [-62.94828, -2.83181], [-62.94566, -2.82129], [-62.94759, -2.81577], [-62.9564, -2.8094], [-62.98022, -2.81497], [-63.0, -2.80278], [-63.02164, -2.81287], [-63.02027, -2.80208], [-63.02763, -2.79368], [-63.0511, -2.81464], [-63.06679, -2.81658], [-63.08181, -2.82373], [-63.10122, -2.81998], [-63.11285, -2.82204], [-63.1209, -2.82485], [-63.12651, -2.83398], [-63.14537, -2.83216], [-63.16766, -2.83976], [-63.17746, -2.82943], [-63.18525, -2.83575], [-63.1991, -2.83206], [-63.21837, -2.81994], [-63.22101, -2.81148], [-63.22607, -2.81185], [-63.24076, -2.79625], [-63.24996, -2.77943], [-63.25922, -2.75156], [-63.27967, -2.71772], [-63.27953, -2.70422], [-63.28293, -2.70181], [-63.29489, -2.70324], [-63.3128, -2.70028], [-63.34629, -2.70412], [-63.37414, -2.70189], [-63.40866, -2.70749], [-63.46308, -2.70344], [-63.48138, -2.71335], [-63.50814, -2.7425], [-63.51733, -2.73895], [-63.52697, -2.74877], [-63.53452, -2.74621], [-63.53287, -2.75624], [-63.56399, -2.76285], [-63.58447, -2.78038], [-63.60919, -2.78658], [-63.62967, -2.80675], [-63.64685, -2.81217], [-63.6518, -2.80851], [-63.65377, -2.8143], [-63.67984, -2.82902], [-63.7001, -2.82909], [-63.71197, -2.83515], [-63.72467, -2.82441], [-63.72833, -2.81578], [-63.72886, -2.803], [-63.71453, -2.77125], [-63.71635, -2.75155], [-63.72692, -2.71768], [-63.7323, -2.68359], [-63.75458, -2.63701], [-63.74919, -2.62439], [-63.7603, -2.61656], [-63.76343, -2.60655], [-63.74535, -2.59621], [-63.74334, -2.58803], [-63.73443, -2.5832], [-63.73368, -2.57621], [-63.74769, -2.57663], [-63.76583, -2.56773], [-63.7652, -2.55315], [-63.78245, -2.54087], [-63.79463, -2.54119], [-63.7959, -2.53032], [-63.81087, -2.5352], [-63.83845, -2.53783], [-63.85254, -2.54949], [-63.86261, -2.549], [-63.87231, -2.55292], [-63.87309, -2.56547], [-63.91147, -2.56217], [-63.94588, -2.57415], [-63.9614, -2.57541], [-63.97957, -2.56837], [-63.96745, -2.55045], [-63.97883, -2.54765], [-63.98859, -2.5541], [-63.98748, -2.52529], [-63.96659, -2.51603], [-63.96495, -2.50171], [-63.94202, -2.46871], [-63.9359, -2.46944], [-63.93001, -2.46446], [-63.92202, -2.46663], [-63.90805, -2.45333], [-63.91064, -2.44092], [-63.9077, -2.434], [-63.8969, -2.444], [-63.87202, -2.45621], [-63.83945, -2.45303], [-63.83262, -2.44676], [-63.84215, -2.43941], [-63.84582, -2.42961], [-63.84047, -2.4234], [-63.82952, -2.41954], [-63.82683, -2.42799], [-63.82202, -2.42538], [-63.81738, -2.43612], [-63.80661, -2.44314], [-63.79857, -2.44117], [-63.79722, -2.42738], [-63.80527, -2.41798], [-63.80105, -2.41441]]]}}, {"type": "Feature", "properties": {"nome": "RESERVA EXTRATIVISTA DO LAGO DO CUNIÃ", "grupo": "Uso sustentável", "esfera": "Federal", "ano": "1999", "ha": 76409.98953865457, "bioma": "AMAZÔNIA"}, "geometry": {"type": "Polygon", "coordinates": [[[-63.33484, -8.14744], [-63.34643, -8.15174], [-63.37166, -8.20139], [-63.40315, -8.23981], [-63.41361, -8.28806], [-63.44555, -8.38722], [-63.47555, -8.41556], [-63.48901, -8.42497], [-63.50833, -8.39918], [-63.58761, -8.46157], [-63.58047, -8.47569], [-63.59301, -8.48224], [-63.60295, -8.49921], [-63.61598, -8.4892], [-63.63093, -8.49237], [-63.63241, -8.48895], [-63.63707, -8.49006], [-63.63733, -8.44969], [-63.69276, -8.44956], [-63.69301, -8.49445], [-63.74801, -8.49441], [-63.74702, -8.31328], [-63.72762, -8.30459], [-63.70644, -8.31498], [-63.68585, -8.31336], [-63.66103, -8.34464], [-63.64789, -8.34762], [-63.63141, -8.33796], [-63.59772, -8.35886], [-63.58728, -8.35608], [-63.57301, -8.36178], [-63.57697, -8.37155], [-63.56534, -8.37829], [-63.56573, -8.27004], [-63.4997, -8.26871], [-63.50025, -8.19206], [-63.4976, -8.19218], [-63.49823, -8.18737], [-63.4886, -8.17705], [-63.47244, -8.17243], [-63.45856, -8.17569], [-63.44462, -8.17194], [-63.44593, -8.16276], [-63.4405, -8.14029], [-63.44522, -8.13145], [-63.44135, -8.12038], [-63.44762, -8.11175], [-63.44269, -8.10377], [-63.43331, -8.09955], [-63.42289, -8.08668], [-63.41153, -8.08554], [-63.39605, -8.08907], [-63.39294, -8.09487], [-63.3907, -8.09352], [-63.37768, -8.10652], [-63.37163, -8.10812], [-63.36768, -8.11698], [-63.36306, -8.11768], [-63.36071, -8.12672], [-63.34974, -8.1337], [-63.34938, -8.14065], [-63.34659, -8.13839], [-63.33484, -8.14744]]]}}, {"type": "Feature", "properties": {"nome": "RESERVA EXTRATIVISTA ITUXÍ", "grupo": "Uso sustentável", "esfera": "Federal", "ano": "2008", "ha": 777381.6207575917, "bioma": "AMAZÔNIA"}, "geometry": {"type": "Polygon", "coordinates": [[[-65.15693, -7.8645], [-65.155, -7.86808], [-65.14706, -7.86992], [-65.13815, -7.8659], [-65.14422, -7.87103], [-65.14193, -7.87838], [-65.14749, -7.88413], [-65.15074, -7.89467], [-65.13385, -7.9041], [-65.13302, -7.90818], [-65.13762, -7.91456], [-65.13553, -7.91861], [-65.12896, -7.91765], [-65.11951, -7.92482], [-65.11911, -7.9522], [-65.10931, -7.96478], [-65.09898, -7.96965], [-65.09828, -7.98185], [-65.07884, -7.99932], [-65.07557, -8.01366], [-65.07023, -8.01528], [-65.07182, -8.01231], [-65.06888, -8.01242], [-65.06093, -8.02653], [-65.04246, -8.02383], [-65.04239, -8.03151], [-65.03746, -8.04009], [-65.03069, -8.04081], [-65.02108, -8.05031], [-65.02019, -8.06316], [-65.01385, -8.07796], [-65.01464, -8.09114], [-65.00303, -8.08068], [-64.97102, -8.07291], [-64.96041, -8.07757], [-64.9566, -8.08484], [-64.94597, -8.08924], [-64.94053, -8.09626], [-64.92799, -8.10245], [-64.91989, -8.10012], [-64.92112, -8.10281], [-64.91172, -8.10687], [-64.90826, -8.11457], [-64.89767, -8.11761], [-64.89806, -8.12669], [-64.90046, -8.12739], [-64.89764, -8.13013], [-64.90521, -8.13734], [-64.90509, -8.14126], [-64.89955, -8.14291], [-64.90265, -8.14759], [-64.90164, -8.15296], [-64.883, -8.16701], [-64.86713, -8.1862], [-64.85883, -8.18414], [-64.85652, -8.18806], [-64.88323, -8.19799], [-64.89342, -8.2122], [-64.83268, -8.24569], [-64.76451, -8.29831], [-64.63977, -8.36882], [-64.62174, -8.3568], [-64.60287, -8.41618], [-64.60208, -8.42314], [-64.60653, -8.42551], [-64.60344, -8.42809], [-64.60425, -8.43269], [-64.60767, -8.43614], [-64.60184, -8.47064], [-64.60274, -8.48118], [-64.59347, -8.49199], [-64.60693, -8.50372], [-64.60151, -8.50671], [-64.59813, -8.51501], [-64.58816, -8.50798], [-64.57601, -8.50963], [-64.56855, -8.50721], [-64.54513, -8.51721], [-64.54854, -8.54568], [-64.55482, -8.54553], [-64.56663, -8.55177], [-64.56326, -8.55394], [-64.57, -8.56237], [-64.56765, -8.56865], [-64.5724, -8.58217], [-64.57535, -8.58048], [-64.57994, -8.58632], [-64.58877, -8.58794], [-64.59108, -8.59095], [-64.5884, -8.59302], [-64.59195, -8.59574], [-64.58942, -8.60474], [-64.59561, -8.60758], [-64.59524, -8.61173], [-64.60491, -8.61562], [-64.60591, -8.61053], [-64.6098, -8.61081], [-64.60718, -8.60804], [-64.60776, -8.60687], [-64.61892, -8.60894], [-64.63349, -8.62642], [-64.63488, -8.62268], [-64.63823, -8.63058], [-64.65326, -8.63499], [-64.66363, -8.62766], [-64.66186, -8.6239], [-64.67273, -8.62567], [-64.67477, -8.62266], [-64.67155, -8.62115], [-64.67743, -8.60609], [-64.6936, -8.60167], [-64.68601, -8.59202], [-64.68808, -8.58312], [-64.6919, -8.58193], [-64.68814, -8.57677], [-64.68852, -8.57135], [-64.69504, -8.5742], [-64.70157, -8.57184], [-64.70957, -8.56363], [-64.70836, -8.5581], [-64.72131, -8.55409], [-64.71817, -8.53779], [-64.73166, -8.5265], [-64.7319, -8.52166], [-64.73705, -8.5165], [-64.74582, -8.51527], [-64.74286, -8.51177], [-64.74785, -8.50788], [-64.74638, -8.50535], [-64.79809, -8.47206], [-64.80087, -8.46198], [-64.8102, -8.45614], [-64.81445, -8.44434], [-64.82451, -8.4374], [-64.82876, -8.44413], [-64.83369, -8.44394], [-64.84823, -8.43561], [-64.86397, -8.41872], [-64.87859, -8.41421], [-64.88827, -8.41896], [-64.87267, -8.43912], [-64.86094, -8.4754], [-64.86851, -8.49762], [-64.88404, -8.52286], [-64.98913, -8.4736], [-65.00339, -8.5407], [-65.00929, -8.53226], [-65.02222, -8.52791], [-65.02759, -8.51652], [-65.04636, -8.52175], [-65.05825, -8.51299], [-65.07828, -8.51226], [-65.09973, -8.52242], [-65.12272, -8.52127], [-65.1232, -8.52521], [-65.12733, -8.52406], [-65.12505, -8.52789], [-65.12853, -8.52891], [-65.12736, -8.53182], [-65.13661, -8.53451], [-65.13495, -8.53608], [-65.14114, -8.5446], [-65.1543, -8.5444], [-65.15796, -8.55202], [-65.16882, -8.55556], [-65.17418, -8.56084], [-65.1783, -8.55941], [-65.18822, -8.56219], [-65.1908, -8.56705], [-65.19757, -8.56687], [-65.19543, -8.57415], [-65.20929, -8.58686], [-65.20577, -8.58794], [-65.20951, -8.5912], [-65.20798, -8.59619], [-65.21232, -8.59977], [-65.21489, -8.60885], [-65.22662, -8.6111], [-65.22811, -8.61668], [-65.23751, -8.61998], [-65.24007, -8.62834], [-65.24564, -8.6312], [-65.24584, -8.63769], [-65.25287, -8.64772], [-65.25014, -8.6486], [-65.25592, -8.65131], [-65.25613, -8.65721], [-65.26231, -8.66303], [-65.27012, -8.66342], [-65.27732, -8.65904], [-65.28098, -8.65134], [-65.28926, -8.65087], [-65.29314, -8.64535], [-65.29913, -8.64789], [-65.30252, -8.64218], [-65.30904, -8.64716], [-65.31161, -8.6397], [-65.3215, -8.63351], [-65.33727, -8.63156], [-65.33326, -8.64132], [-65.33595, -8.6452], [-65.3427, -8.64424], [-65.34508, -8.64999], [-65.34266, -8.65412], [-65.34655, -8.65675], [-65.33989, -8.66324], [-65.3459, -8.67759], [-65.34073, -8.68223], [-65.34498, -8.68368], [-65.34382, -8.68853], [-65.35264, -8.69353], [-65.34472, -8.70011], [-65.34681, -8.70212], [-65.34483, -8.70581], [-65.33785, -8.70961], [-65.3424, -8.71601], [-65.33861, -8.72326], [-65.34137, -8.72881], [-65.34581, -8.72935], [-65.3534, -8.73741], [-65.35747, -8.72993], [-65.3714, -8.72144], [-65.37854, -8.72965], [-65.37995, -8.7361], [-65.384, -8.73374], [-65.38981, -8.73566], [-65.38539, -8.74043], [-65.38771, -8.7424], [-65.39283, -8.73984], [-65.40381, -8.72105], [-65.4105, -8.71912], [-65.40696, -8.73096], [-65.41194, -8.73173], [-65.4098, -8.72554], [-65.41197, -8.72381], [-65.41394, -8.72652], [-65.42099, -8.72483], [-65.41683, -8.72909], [-65.42646, -8.73233], [-65.43027, -8.72095], [-65.43349, -8.71978], [-65.43174, -8.7136], [-65.44237, -8.70841], [-65.44172, -8.70287], [-65.43725, -8.70269], [-65.44084, -8.69835], [-65.43895, -8.69543], [-65.45453, -8.68995], [-65.4635, -8.72142], [-65.48242, -8.72654], [-65.49379, -8.73272], [-65.49273, -8.73711], [-65.49675, -8.73734], [-65.4961, -8.74006], [-65.50108, -8.73936], [-65.49693, -8.74656], [-65.50087, -8.7483], [-65.50024, -8.75189], [-65.49293, -8.75543], [-65.47899, -8.74663], [-65.4809, -8.7439], [-65.47778, -8.74463], [-65.47725, -8.74904], [-65.47234, -8.74716], [-65.47431, -8.75256], [-65.46924, -8.75352], [-65.47534, -8.75437], [-65.47847, -8.75147], [-65.48099, -8.75444], [-65.47771, -8.75818], [-65.48304, -8.75674], [-65.48533, -8.76344], [-65.48257, -8.76624], [-65.486, -8.76684], [-65.48208, -8.77012], [-65.48188, -8.77625], [-65.48571, -8.77756], [-65.48246, -8.77797], [-65.48402, -8.78249], [-65.48158, -8.78304], [-65.48012, -8.79138], [-65.48475, -8.80272], [-65.48212, -8.80792], [-65.48769, -8.81239], [-65.48298, -8.81759], [-65.48618, -8.81817], [-65.4818, -8.83236], [-65.4866, -8.83715], [-65.47964, -8.84293], [-65.48301, -8.8441], [-65.48262, -8.84863], [-65.47695, -8.84974], [-65.47906, -8.85593], [-65.47159, -8.86438], [-65.48803, -8.89007], [-65.48663, -8.89575], [-65.48901, -8.89852], [-65.48294, -8.9027], [-65.49401, -8.90547], [-65.49739, -8.90911], [-65.49465, -8.90808], [-65.49, -8.91523], [-65.49473, -8.92494], [-65.49929, -8.9237], [-65.50561, -8.92731], [-65.50618, -8.92283], [-65.51035, -8.92894], [-65.5139, -8.92903], [-65.51661, -8.93588], [-65.52061, -8.93313], [-65.51995, -8.92936], [-65.52418, -8.93099], [-65.52572, -8.92565], [-65.53281, -8.92941], [-65.53161, -8.92574], [-65.53857, -8.92164], [-65.5382, -8.92387], [-65.54312, -8.92494], [-65.54065, -8.91606], [-65.54519, -8.91553], [-65.5493, -8.91002], [-65.58117, -8.907], [-65.58921, -8.92391], [-65.59641, -8.92513], [-65.6013, -8.9349], [-65.59977, -8.95044], [-65.6021, -8.95317], [-65.59903, -8.95646], [-65.60104, -8.96153], [-65.59779, -8.96371], [-65.60694, -8.96917], [-65.61538, -8.96673], [-65.61689, -8.96189], [-65.61979, -8.96647], [-65.63663, -8.96703], [-65.63791, -8.97188], [-65.64498, -8.97301], [-65.64766, -8.97664], [-65.64951, -8.99037], [-65.65835, -8.98826], [-65.66364, -8.98188], [-65.67045, -8.9837], [-65.67019, -8.98741], [-65.67615, -8.99067], [-65.68556, -8.98715], [-65.69407, -8.99329], [-65.73225, -8.99886], [-65.74654, -8.98586], [-65.76422, -8.99033], [-65.76723, -8.98347], [-65.77409, -8.98128], [-65.77284, -8.97858], [-65.76762, -8.97995], [-65.76791, -8.9745], [-65.78041, -8.97552], [-65.77976, -8.97269], [-65.78345, -8.97084], [-65.79344, -8.98223], [-65.79992, -8.97952], [-65.81019, -8.98289], [-65.82251, -8.96435], [-65.83179, -8.96157], [-65.82615, -8.91609], [-65.77727, -8.84567], [-65.77779, -8.78049], [-65.75264, -8.72886], [-65.71803, -8.72856], [-65.7036, -8.71272], [-65.69067, -8.66986], [-65.67383, -8.59499], [-65.65864, -8.56994], [-65.65613, -8.57548], [-65.64475, -8.58389], [-65.6366, -8.58595], [-65.62814, -8.58072], [-65.62876, -8.56899], [-65.61565, -8.57051], [-65.60644, -8.56254], [-65.60783, -8.54108], [-65.61327, -8.53379], [-65.59281, -8.5182], [-65.58877, -8.50811], [-65.57033, -8.50459], [-65.57254, -8.48353], [-65.56693, -8.47979], [-65.55864, -8.4811], [-65.55216, -8.47534], [-65.55179, -8.4645], [-65.56166, -8.46205], [-65.56105, -8.45784], [-65.55646, -8.45513], [-65.55594, -8.46107], [-65.54745, -8.4608], [-65.54328, -8.44948], [-65.5472, -8.44059], [-65.54554, -8.43475], [-65.55881, -8.42392], [-65.56225, -8.41218], [-65.59137, -8.36629], [-65.59323, -8.35701], [-65.59714, -8.35761], [-65.59756, -8.36697], [-65.6012, -8.36138], [-65.60555, -8.37247], [-65.61882, -8.36627], [-65.61166, -8.35567], [-65.60994, -8.34588], [-65.61322, -8.33856], [-65.60773, -8.33009], [-65.6094, -8.32827], [-65.62, -8.33519], [-65.63291, -8.32746], [-65.64304, -8.32961], [-65.65396, -8.34159], [-65.64684, -8.34882], [-65.64894, -8.35267], [-65.65699, -8.34874], [-65.65707, -8.34385], [-65.66342, -8.34464], [-65.67031, -8.33981], [-65.6733, -8.32789], [-65.70895, -8.33745], [-65.70844, -8.33235], [-65.71449, -8.33044], [-65.72063, -8.30274], [-65.71734, -8.25579], [-65.72758, -8.25094], [-65.73906, -8.25586], [-65.7481, -8.24306], [-65.75657, -8.23973], [-65.76299, -8.24263], [-65.76658, -8.21892], [-65.73863, -8.20987], [-65.71182, -8.19568], [-65.67657, -8.17156], [-65.65037, -8.14014], [-65.64151, -8.11778], [-65.63818, -8.11511], [-65.6328, -8.11861], [-65.63032, -8.11713], [-65.6258, -8.10779], [-65.62851, -8.10481], [-65.62695, -8.10342], [-65.61688, -8.10555], [-65.61936, -8.0972], [-65.61665, -8.09537], [-65.61705, -8.08955], [-65.63299, -8.08327], [-65.63339, -8.07461], [-65.62895, -8.07028], [-65.62025, -8.06861], [-65.6183, -8.05544], [-65.60983, -8.05443], [-65.58059, -8.03294], [-65.5699, -8.00548], [-65.55329, -7.99908], [-65.53056, -7.93906], [-65.52269, -7.94606], [-65.5245, -7.95441], [-65.52136, -7.96167], [-65.51221, -7.96231], [-65.49913, -7.97188], [-65.48881, -7.97231], [-65.4839, -7.95598], [-65.46791, -7.94104], [-65.45824, -7.93531], [-65.43239, -7.93323], [-65.40546, -7.91576], [-65.40302, -7.93387], [-65.38266, -7.93624], [-65.37332, -7.93376], [-65.37363, -7.92603], [-65.36586, -7.91427], [-65.36388, -7.89908], [-65.3521, -7.88541], [-65.32389, -7.88295], [-65.30663, -7.87186], [-65.28987, -7.87111], [-65.28682, -7.876], [-65.28081, -7.87336], [-65.27051, -7.87786], [-65.26565, -7.87025], [-65.25319, -7.8703], [-65.24455, -7.87722], [-65.24282, -7.89073], [-65.23887, -7.89161], [-65.2366, -7.89942], [-65.23044, -7.90169], [-65.22992, -7.89866], [-65.22329, -7.89947], [-65.22404, -7.89585], [-65.21541, -7.89438], [-65.21877, -7.88942], [-65.21409, -7.88463], [-65.21674, -7.87789], [-65.21419, -7.87183], [-65.20864, -7.87124], [-65.19826, -7.87938], [-65.19123, -7.87564], [-65.18961, -7.87742], [-65.19295, -7.88091], [-65.1762, -7.87393], [-65.17217, -7.87491], [-65.17107, -7.87061], [-65.15693, -7.8645]]]}}, {"type": "Feature", "properties": {"nome": "RESERVA EXTRATIVISTA AUATÍ-PARANÁ", "grupo": "Uso sustentável", "esfera": "Federal", "ano": "2001", "ha": 141985.91467085198, "bioma": "AMAZÔNIA"}, "geometry": {"type": "Polygon", "coordinates": [[[-66.28041, -1.83342], [-66.03861, -1.86482], [-66.03248, -1.87844], [-66.03614, -1.88602], [-66.03376, -1.89234], [-66.02544, -1.89443], [-66.01686, -1.9012], [-66.01894, -1.90305], [-66.01364, -1.91805], [-66.01279, -1.9373], [-65.98828, -2.0084], [-65.99308, -2.00163], [-66.00773, -1.99371], [-66.01344, -1.9948], [-66.02451, -2.00416], [-66.03299, -2.00117], [-66.04792, -2.0071], [-66.06628, -2.00492], [-66.09272, -1.98944], [-66.11667, -1.98524], [-66.12744, -1.97808], [-66.13224, -1.98084], [-66.12624, -1.98957], [-66.13021, -1.99408], [-66.15101, -1.98349], [-66.17833, -1.9861], [-66.2154, -2.00322], [-66.22279, -2.01025], [-66.24436, -2.01583], [-66.25732, -2.02458], [-66.25945, -2.03205], [-66.26101, -2.02537], [-66.26683, -2.02237], [-66.27703, -2.02204], [-66.29676, -2.02924], [-66.30599, -2.02921], [-66.31097, -2.03631], [-66.3189, -2.03937], [-66.31171, -2.05609], [-66.32175, -2.05485], [-66.32614, -2.0573], [-66.33074, -2.06508], [-66.33773, -2.0687], [-66.33549, -2.07586], [-66.3447, -2.08193], [-66.36169, -2.08392], [-66.36116, -2.09621], [-66.37281, -2.10292], [-66.38944, -2.09686], [-66.40945, -2.10012], [-66.41862, -2.05727], [-66.45273, -2.05864], [-66.45142, -2.10082], [-66.46901, -2.10152], [-66.47512, -2.11934], [-66.48367, -2.11457], [-66.4991, -2.1178], [-66.50027, -2.15698], [-66.50401, -2.1582], [-66.5382, -2.14404], [-66.55774, -2.15324], [-66.57314, -2.16448], [-66.5704, -2.18001], [-66.5832, -2.18061], [-66.58982, -2.18583], [-66.59467, -2.19793], [-66.60587, -2.20879], [-66.61219, -2.22846], [-66.62429, -2.22759], [-66.62021, -2.23591], [-66.62829, -2.24009], [-66.63343, -2.24715], [-66.6458, -2.27341], [-66.64648, -2.29129], [-66.65198, -2.30098], [-66.64879, -2.32843], [-66.64072, -2.33929], [-66.64369, -2.35579], [-66.65069, -2.36329], [-66.65201, -2.37343], [-66.65633, -2.37278], [-66.65708, -2.36287], [-66.6606, -2.36056], [-66.66697, -2.38192], [-66.67314, -2.38343], [-66.68491, -2.3803], [-66.7772, -2.15454], [-66.77192, -2.1495], [-66.75274, -2.15101], [-66.71415, -2.16585], [-66.66618, -2.14611], [-66.65012, -2.15284], [-66.64079, -2.15319], [-66.62117, -2.15102], [-66.61307, -2.14716], [-66.59981, -2.1178], [-66.57417, -2.11571], [-66.55848, -2.10789], [-66.54665, -2.08417], [-66.52918, -2.06431], [-66.52804, -2.05579], [-66.53868, -2.02446], [-66.53023, -1.99327], [-66.50984, -1.97187], [-66.46006, -1.93437], [-66.43511, -1.93059], [-66.41206, -1.88914], [-66.41017, -1.87559], [-66.39867, -1.8637], [-66.38997, -1.86311], [-66.38465, -1.85293], [-66.28041, -1.83342]]]}}, {"type": "Feature", "properties": {"nome": "FLORESTA NACIONAL DE TEFÉ", "grupo": "Uso sustentável", "esfera": "Federal", "ano": "1989", "ha": 865120.5242603846, "bioma": "AMAZÔNIA"}, "geometry": {"type": "Polygon", "coordinates": [[[-64.99112, -3.49696], [-64.97948, -3.50121], [-64.97974, -3.50483], [-64.98707, -3.50726], [-64.98699, -3.51716], [-64.98047, -3.52512], [-64.9741, -3.52539], [-64.96715, -3.53429], [-64.96946, -3.53833], [-64.98022, -3.5382], [-64.98758, -3.54205], [-64.99134, -3.54941], [-64.99656, -3.55022], [-64.99152, -3.55122], [-64.98955, -3.55725], [-64.99288, -3.5519], [-65.00124, -3.5556], [-64.99657, -3.56356], [-64.99154, -3.55816], [-64.98863, -3.55968], [-64.99709, -3.56663], [-64.99508, -3.57301], [-65.00206, -3.58363], [-64.98951, -3.58652], [-64.99404, -3.59247], [-64.98686, -3.6082], [-64.99283, -3.60873], [-64.99131, -3.61608], [-64.99661, -3.62266], [-64.9794, -3.61623], [-64.97551, -3.62921], [-64.97933, -3.63401], [-64.98649, -3.63374], [-65.00432, -3.64362], [-65.00495, -3.64978], [-65.01078, -3.64568], [-65.01598, -3.64677], [-65.01773, -3.65058], [-65.01253, -3.6538], [-65.01313, -3.65098], [-65.00447, -3.65035], [-65.01758, -3.66056], [-65.02259, -3.65336], [-65.02881, -3.65504], [-65.02932, -3.65746], [-65.0245, -3.65473], [-65.02202, -3.65537], [-65.02429, -3.65729], [-65.02112, -3.66145], [-65.0351, -3.6651], [-65.04032, -3.67011], [-65.03889, -3.67422], [-65.03009, -3.67581], [-65.03056, -3.67798], [-65.0374, -3.68121], [-65.04096, -3.67623], [-65.04015, -3.68268], [-65.03138, -3.68353], [-65.01801, -3.69176], [-65.01672, -3.69538], [-65.02178, -3.70512], [-65.01409, -3.70353], [-65.00525, -3.71299], [-65.0088, -3.72371], [-65.00651, -3.72769], [-65.00248, -3.72488], [-65.00253, -3.73066], [-64.99735, -3.7319], [-65.00145, -3.74238], [-64.99346, -3.74513], [-64.99444, -3.75361], [-64.99935, -3.7569], [-64.99389, -3.75987], [-65.00073, -3.76362], [-64.99334, -3.77512], [-64.99777, -3.77269], [-65.00374, -3.77574], [-64.99871, -3.77581], [-64.99448, -3.78234], [-65.00157, -3.77828], [-65.00393, -3.78066], [-65.00132, -3.7855], [-64.99334, -3.78668], [-65.00134, -3.79352], [-64.99642, -3.79624], [-64.99856, -3.8048], [-64.9914, -3.80565], [-64.99084, -3.80872], [-65.0132, -3.81345], [-64.99973, -3.81199], [-65.00333, -3.81707], [-65.00083, -3.82376], [-65.01116, -3.82681], [-65.00538, -3.83289], [-64.99933, -3.83348], [-65.00137, -3.84034], [-65.01361, -3.84704], [-65.00655, -3.85605], [-65.02123, -3.85799], [-65.02258, -3.86511], [-65.02833, -3.86738], [-65.02917, -3.88291], [-65.02616, -3.88761], [-65.02836, -3.89175], [-65.02448, -3.89223], [-65.02665, -3.89678], [-65.01852, -3.90169], [-65.02006, -3.90658], [-65.02389, -3.90127], [-65.02821, -3.90183], [-65.02225, -3.90904], [-65.02847, -3.90661], [-65.02694, -3.91441], [-65.02012, -3.91826], [-65.02889, -3.91823], [-65.02545, -3.9203], [-65.02324, -3.92912], [-65.0295, -3.93051], [-65.02602, -3.93468], [-65.02173, -3.93132], [-65.02412, -3.93627], [-65.01791, -3.9421], [-65.01753, -3.9486], [-65.02363, -3.94241], [-65.02658, -3.94453], [-65.02405, -3.95382], [-65.03152, -3.94738], [-65.03569, -3.94906], [-65.03655, -3.96019], [-65.04477, -3.96797], [-65.02854, -3.96682], [-65.0201, -3.96958], [-65.02123, -3.97645], [-65.02638, -3.97832], [-65.02226, -3.98453], [-65.02281, -3.99194], [-65.0287, -3.98847], [-65.0367, -3.99401], [-65.03944, -4.00651], [-65.03567, -4.01562], [-65.05171, -4.02403], [-65.05657, -4.0199], [-65.059, -4.02793], [-65.06581, -4.02826], [-65.07948, -4.03804], [-65.08001, -4.04325], [-65.08677, -4.04693], [-65.08436, -4.05515], [-65.09415, -4.06383], [-65.0925, -4.087], [-65.08513, -4.09145], [-65.09042, -4.09767], [-65.08716, -4.10315], [-65.09282, -4.10196], [-65.09539, -4.11068], [-65.10561, -4.11172], [-65.1103, -4.11775], [-65.09962, -4.12372], [-65.10146, -4.12905], [-65.09677, -4.13118], [-65.09447, -4.12824], [-65.08156, -4.14203], [-65.09063, -4.14985], [-65.0902, -4.14094], [-65.09639, -4.13885], [-65.09808, -4.1498], [-65.10219, -4.15239], [-65.09991, -4.1721], [-65.10354, -4.17367], [-65.10939, -4.1691], [-65.11327, -4.17001], [-65.11719, -4.19061], [-65.1193, -4.1867], [-65.12589, -4.18803], [-65.13155, -4.18005], [-65.13564, -4.17968], [-65.13227, -4.19021], [-65.13971, -4.18882], [-65.14039, -4.19828], [-65.15081, -4.20922], [-65.14248, -4.21348], [-65.1524, -4.2212], [-65.15042, -4.22597], [-65.14248, -4.23089], [-65.14311, -4.23494], [-65.15489, -4.22833], [-65.16445, -4.22962], [-65.17329, -4.22664], [-65.17825, -4.23314], [-65.17353, -4.23045], [-65.1763, -4.23964], [-65.1868, -4.2393], [-65.1822, -4.25191], [-65.18785, -4.24793], [-65.19011, -4.25075], [-65.18208, -4.27328], [-65.18502, -4.27401], [-65.19311, -4.26472], [-65.20108, -4.26671], [-65.19677, -4.28311], [-65.21401, -4.31385], [-65.22358, -4.3168], [-65.21887, -4.32456], [-65.22202, -4.32455], [-65.22413, -4.31744], [-65.22737, -4.3164], [-65.22701, -4.32749], [-65.2377, -4.33132], [-65.24015, -4.33939], [-65.25129, -4.33499], [-65.24887, -4.33033], [-65.25089, -4.32672], [-65.26035, -4.33391], [-65.26473, -4.32423], [-65.27172, -4.32068], [-65.27093, -4.32877], [-65.27699, -4.33357], [-65.28022, -4.34249], [-65.28385, -4.34091], [-65.28177, -4.33622], [-65.28412, -4.33368], [-65.29137, -4.34278], [-65.29611, -4.33768], [-65.30035, -4.3411], [-65.31059, -4.35642], [-65.30529, -4.36365], [-65.31089, -4.36244], [-65.31115, -4.3711], [-65.31697, -4.37718], [-65.31459, -4.38187], [-65.31317, -4.37923], [-65.31164, -4.38791], [-65.29569, -4.38736], [-65.29128, -4.39211], [-65.30792, -4.39218], [-65.3, -4.40249], [-65.30873, -4.41598], [-65.31221, -4.40574], [-65.32204, -4.41335], [-65.32087, -4.40539], [-65.33354, -4.40585], [-65.33727, -4.40969], [-65.33714, -4.39969], [-65.33724, -4.40384], [-65.34221, -4.40075], [-65.34925, -4.40646], [-65.35522, -4.39472], [-65.35865, -4.39746], [-65.355, -4.39759], [-65.35881, -4.40056], [-65.35728, -4.40614], [-65.36119, -4.40631], [-65.36487, -4.39801], [-65.37206, -4.40707], [-65.36494, -4.40763], [-65.36525, -4.40987], [-65.375, -4.41235], [-65.38268, -4.42189], [-65.3909, -4.41682], [-65.39629, -4.42276], [-65.40434, -4.4175], [-65.40712, -4.42622], [-65.40228, -4.4319], [-65.41121, -4.43696], [-65.41525, -4.44315], [-65.42205, -4.44121], [-65.43291, -4.44566], [-65.44097, -4.43406], [-65.43167, -4.43673], [-65.42664, -4.43437], [-65.42862, -4.43108], [-65.43438, -4.43226], [-65.43794, -4.42944], [-65.43467, -4.41996], [-65.43794, -4.41748], [-65.44166, -4.42574], [-65.44998, -4.4293], [-65.45767, -4.42737], [-65.45951, -4.43387], [-65.47231, -4.43582], [-65.46909, -4.44208], [-65.4815, -4.45709], [-65.47251, -4.47865], [-65.47701, -4.48464], [-65.49064, -4.48388], [-65.48667, -4.48671], [-65.49021, -4.49706], [-65.49855, -4.49598], [-65.50149, -4.48669], [-65.50787, -4.48661], [-65.50984, -4.48135], [-65.50763, -4.47994], [-65.51303, -4.47595], [-65.50905, -4.47501], [-65.50962, -4.47276], [-65.51666, -4.47296], [-65.5187, -4.47591], [-65.51921, -4.46673], [-65.52573, -4.46981], [-65.5343, -4.46608], [-65.53966, -4.46794], [-65.54334, -4.4579], [-65.55403, -4.45516], [-65.56216, -4.44731], [-65.57007, -4.4513], [-65.57521, -4.44585], [-65.57756, -4.44769], [-65.58138, -4.44466], [-65.58377, -4.44713], [-65.58754, -4.44197], [-65.58693, -4.44505], [-65.5945, -4.45174], [-65.59833, -4.44517], [-65.60256, -4.44789], [-65.6063, -4.44298], [-65.60761, -4.44675], [-65.61432, -4.44813], [-65.61408, -4.4421], [-65.62866, -4.45166], [-65.63327, -4.44998], [-65.63313, -4.44209], [-65.63695, -4.44136], [-65.63899, -4.44726], [-65.64087, -4.44569], [-65.64326, -4.44951], [-65.64671, -4.4481], [-65.64519, -4.44465], [-65.65674, -4.44025], [-65.65967, -4.44388], [-65.66224, -4.44076], [-65.66672, -4.44244], [-65.67367, -4.45057], [-65.67707, -4.44455], [-65.69445, -4.44358], [-65.69408, -4.44087], [-65.69964, -4.44268], [-65.70115, -4.44008], [-65.70521, -4.44527], [-65.70902, -4.44353], [-65.71755, -4.44798], [-65.72031, -4.45293], [-65.72352, -4.45194], [-65.73375, -4.46895], [-65.74766, -4.47328], [-65.74479, -4.4792], [-65.7466, -4.48125], [-65.75706, -4.48103], [-65.76639, -4.47629], [-65.76806, -4.47049], [-65.78426, -4.46359], [-65.79034, -4.46674], [-65.80749, -4.46404], [-65.81162, -4.46949], [-65.81186, -4.46543], [-65.8154, -4.46726], [-65.81874, -4.46407], [-65.83345, -4.47063], [-65.84013, -4.46504], [-65.85327, -4.48501], [-65.8839, -4.5053], [-65.90257, -4.50435], [-65.96028, -4.52193], [-65.97658, -4.52127], [-66.00506, -4.53867], [-66.02077, -4.53658], [-66.03348, -4.53866], [-66.04699, -4.51945], [-66.0573, -4.51423], [-66.0888, -4.52261], [-66.1061, -4.53857], [-66.10357, -4.54498], [-66.11149, -4.56254], [-66.1279, -4.57375], [-66.13561, -4.58479], [-66.14223, -4.58526], [-66.14326, -4.59196], [-66.15117, -4.59937], [-66.17673, -4.59618], [-66.20746, -4.57289], [-66.22047, -4.54181], [-66.23056, -4.53578], [-66.24213, -4.51404], [-66.25924, -4.4984], [-66.25854, -4.47425], [-66.26144, -4.4683], [-66.27321, -4.46256], [-66.27212, -4.45861], [-66.27711, -4.44948], [-66.27385, -4.4461], [-66.27345, -4.43308], [-66.26852, -4.42753], [-66.27048, -4.42571], [-66.26262, -4.4088], [-66.25213, -4.40377], [-66.25257, -4.39242], [-66.24786, -4.3852], [-66.25095, -4.38028], [-66.24993, -4.37331], [-66.24384, -4.36618], [-66.23271, -4.36214], [-66.23135, -4.35435], [-66.22195, -4.3543], [-66.22008, -4.34757], [-66.21188, -4.34346], [-66.21026, -4.33094], [-66.20138, -4.32804], [-66.20085, -4.32057], [-66.19588, -4.31959], [-66.19322, -4.30933], [-66.18737, -4.30445], [-66.185, -4.30734], [-66.18362, -4.29752], [-66.18686, -4.29645], [-66.18787, -4.29123], [-66.17962, -4.28509], [-66.18232, -4.27877], [-66.18072, -4.27391], [-66.17535, -4.27426], [-66.17748, -4.26624], [-66.18642, -4.25973], [-66.18167, -4.25176], [-66.18546, -4.24936], [-66.18253, -4.24469], [-66.18675, -4.23538], [-66.1811, -4.22858], [-66.18343, -4.22702], [-66.18207, -4.22342], [-66.17849, -4.22496], [-66.17671, -4.21949], [-66.17989, -4.20912], [-66.17721, -4.20654], [-66.18084, -4.20465], [-66.17821, -4.20201], [-66.18006, -4.19435], [-66.1863, -4.1941], [-66.18724, -4.19111], [-66.19247, -4.19319], [-66.19257, -4.18833], [-66.19558, -4.18934], [-66.19462, -4.18553], [-66.20062, -4.17846], [-66.19685, -4.17106], [-66.20117, -4.16584], [-66.20201, -4.15827], [-66.19708, -4.15592], [-66.19731, -4.14647], [-66.19143, -4.14433], [-66.18284, -4.12879], [-66.18677, -4.12872], [-66.18327, -4.12266], [-66.18491, -4.11422], [-66.18198, -4.11399], [-66.18431, -4.10716], [-66.18688, -4.10729], [-66.18514, -4.10074], [-66.18859, -4.09592], [-66.18521, -4.094], [-66.19087, -4.08928], [-66.18208, -4.08186], [-66.18057, -4.06337], [-66.17621, -4.06086], [-66.18003, -4.05689], [-66.17341, -4.05107], [-66.16908, -4.03896], [-66.16592, -4.04022], [-66.15803, -4.03151], [-66.15929, -4.02971], [-66.15082, -4.02783], [-66.14231, -4.01131], [-66.13989, -4.01422], [-66.1337, -4.00832], [-66.12996, -4.0085], [-66.13074, -3.99074], [-66.1236, -3.99142], [-66.12746, -3.98412], [-66.12237, -3.98026], [-66.12182, -3.97112], [-66.11881, -3.96695], [-66.11711, -3.96873], [-66.11573, -3.96097], [-66.10913, -3.96164], [-66.11772, -3.94231], [-66.1071, -3.93155], [-66.09703, -3.93471], [-66.09642, -3.9287], [-66.09226, -3.92558], [-66.09029, -3.91681], [-66.08426, -3.91298], [-66.08433, -3.90882], [-66.07832, -3.91008], [-66.07107, -3.92014], [-66.0638, -3.92069], [-66.06222, -3.92696], [-66.05246, -3.93323], [-66.04915, -3.94107], [-66.04483, -3.94172], [-66.03622, -3.95126], [-66.0337, -3.96648], [-66.03623, -3.977], [-66.03314, -3.97857], [-66.03015, -4.00036], [-66.01735, -4.00914], [-66.00143, -4.03634], [-65.99368, -4.04396], [-65.99367, -4.05585], [-65.99768, -4.06206], [-66.00468, -4.06185], [-66.00363, -4.06807], [-65.97645, -4.09104], [-65.94923, -4.08815], [-65.93096, -4.07903], [-65.91731, -4.08407], [-65.90584, -4.09968], [-65.89803, -4.10507], [-65.87734, -4.10716], [-65.86285, -4.10049], [-65.84113, -4.07964], [-65.83611, -4.03457], [-65.81712, -4.01632], [-65.79793, -3.9828], [-65.7909, -3.97979], [-65.77368, -3.97985], [-65.75955, -3.96933], [-65.74834, -3.96925], [-65.73814, -3.96242], [-65.69096, -3.94806], [-65.65568, -3.93099], [-65.6437, -3.91969], [-65.62882, -3.89857], [-65.62243, -3.8991], [-65.60332, -3.89216], [-65.59082, -3.87112], [-65.59072, -3.86359], [-65.58362, -3.85602], [-65.54956, -3.84259], [-65.53853, -3.83309], [-65.51915, -3.82953], [-65.51126, -3.82509], [-65.5023, -3.81139], [-65.49633, -3.81264], [-65.49398, -3.80647], [-65.48982, -3.80713], [-65.48496, -3.79577], [-65.47871, -3.79139], [-65.47812, -3.77899], [-65.46796, -3.76931], [-65.46448, -3.76054], [-65.45761, -3.75833], [-65.45496, -3.75146], [-65.45735, -3.74687], [-65.45264, -3.74234], [-65.44685, -3.74167], [-65.44226, -3.73616], [-65.43372, -3.73838], [-65.43208, -3.73441], [-65.42384, -3.7336], [-65.42035, -3.72781], [-65.41917, -3.73111], [-65.40829, -3.72519], [-65.40199, -3.71641], [-65.39156, -3.71565], [-65.38654, -3.70861], [-65.38158, -3.70927], [-65.38183, -3.70523], [-65.37162, -3.6929], [-65.36015, -3.69243], [-65.35568, -3.68818], [-65.35238, -3.69001], [-65.34344, -3.68052], [-65.33847, -3.67989], [-65.33747, -3.66635], [-65.32411, -3.65992], [-65.31855, -3.64996], [-65.31377, -3.65022], [-65.31275, -3.64506], [-65.31597, -3.64389], [-65.30662, -3.63738], [-65.3007, -3.62786], [-65.29409, -3.62932], [-65.28616, -3.6193], [-65.27984, -3.62178], [-65.27587, -3.61536], [-65.27271, -3.61707], [-65.2736, -3.61395], [-65.2682, -3.61288], [-65.27182, -3.60938], [-65.26671, -3.60581], [-65.26991, -3.60556], [-65.2654, -3.59953], [-65.26216, -3.60292], [-65.26173, -3.59903], [-65.2436, -3.59416], [-65.24064, -3.58289], [-65.24271, -3.58085], [-65.23872, -3.58121], [-65.24051, -3.57849], [-65.23204, -3.56655], [-65.2322, -3.56103], [-65.2298, -3.56357], [-65.22114, -3.55333], [-65.21082, -3.55119], [-65.21156, -3.54544], [-65.20372, -3.53506], [-65.20569, -3.53241], [-65.20326, -3.52971], [-65.19874, -3.53347], [-65.18616, -3.53514], [-65.18652, -3.52878], [-65.1816, -3.52277], [-65.17599, -3.52503], [-65.17674, -3.52998], [-65.17408, -3.5265], [-65.17418, -3.52982], [-65.16973, -3.53083], [-65.16045, -3.51905], [-65.14899, -3.52002], [-65.14663, -3.5123], [-65.14576, -3.51544], [-65.14157, -3.51161], [-65.13546, -3.51482], [-65.12831, -3.5103], [-65.126, -3.51201], [-65.12184, -3.50043], [-65.11587, -3.50059], [-65.11807, -3.50315], [-65.11431, -3.50698], [-65.10858, -3.50082], [-65.10328, -3.50513], [-65.08985, -3.50173], [-65.08914, -3.50682], [-65.08598, -3.50544], [-65.08418, -3.49842], [-65.07924, -3.49633], [-65.07773, -3.49894], [-65.06862, -3.49383], [-65.06742, -3.49713], [-65.06133, -3.49796], [-65.05366, -3.49065], [-65.04641, -3.49234], [-65.04189, -3.4898], [-65.0397, -3.49229], [-65.03312, -3.48654], [-65.02698, -3.48869], [-65.03162, -3.49085], [-65.02785, -3.49367], [-65.01977, -3.49433], [-65.02175, -3.49751], [-65.03296, -3.49622], [-65.03175, -3.49991], [-65.02204, -3.4988], [-65.02048, -3.5037], [-65.01654, -3.49854], [-65.00986, -3.50152], [-65.00658, -3.49902], [-65.00718, -3.49498], [-65.00443, -3.49917], [-64.99895, -3.49231], [-64.99891, -3.4976], [-64.9951, -3.48991], [-64.98585, -3.48624], [-64.99416, -3.49059], [-64.99112, -3.49696]]]}}, {"type": "Feature", "properties": {"nome": "FLORESTA NACIONAL DO PURUS", "grupo": "Uso sustentável", "esfera": "Federal", "ano": "1988", "ha": 256125.27546178116, "bioma": "AMAZÔNIA"}, "geometry": {"type": "Polygon", "coordinates": [[[-67.64301, -8.48855], [-67.64771, -8.48256], [-67.66069, -8.48712], [-67.66756, -8.48437], [-67.66828, -8.48229], [-67.66432, -8.48405], [-67.65604, -8.47855], [-67.6602, -8.46094], [-67.66656, -8.45753], [-67.66836, -8.46397], [-67.67159, -8.46261], [-67.67461, -8.46729], [-67.68047, -8.44728], [-67.69589, -8.44745], [-67.69573, -8.43911], [-67.70293, -8.43801], [-67.70332, -8.44319], [-67.70917, -8.43949], [-67.71602, -8.44102], [-67.71902, -8.43739], [-67.72362, -8.4404], [-67.7297, -8.42982], [-67.73262, -8.42981], [-67.73231, -8.43479], [-67.73559, -8.43344], [-67.74264, -8.41934], [-67.7516, -8.43106], [-67.76677, -8.41006], [-67.77557, -8.41054], [-67.77409, -8.41575], [-67.7811, -8.41632], [-67.78346, -8.39719], [-67.79719, -8.40925], [-67.79869, -8.40319], [-67.79031, -8.38303], [-67.80544, -8.38435], [-67.80717, -8.37631], [-67.82251, -8.38429], [-67.82864, -8.37999], [-67.82998, -8.37378], [-67.83765, -8.36928], [-67.84692, -8.37077], [-67.84569, -8.37767], [-67.85603, -8.37202], [-67.86749, -8.37276], [-67.88197, -8.35885], [-67.88903, -8.36328], [-67.89771, -8.35236], [-67.90078, -8.35629], [-67.90356, -8.34915], [-67.91582, -8.35009], [-67.90947, -8.34217], [-67.89909, -8.33633], [-67.90281, -8.33266], [-67.90691, -8.3348], [-67.91302, -8.33153], [-67.90889, -8.32224], [-67.91468, -8.30878], [-67.91915, -8.31033], [-67.92741, -8.2944], [-67.9267, -8.28947], [-67.93517, -8.28533], [-67.92927, -8.26692], [-67.9478, -8.26233], [-67.94816, -8.25729], [-67.94257, -8.25206], [-67.94378, -8.24769], [-67.94642, -8.24669], [-67.94818, -8.25023], [-67.95757, -8.24811], [-67.95683, -8.23588], [-67.96371, -8.22978], [-67.96684, -8.23337], [-67.97761, -8.23261], [-67.97546, -8.22718], [-67.97993, -8.19891], [-67.991, -8.19334], [-67.99411, -8.19677], [-67.99872, -8.19508], [-67.99804, -8.18233], [-68.00761, -8.17909], [-68.00736, -8.17239], [-68.01163, -8.17228], [-68.0144, -8.1795], [-68.02801, -8.1842], [-68.04232, -8.16173], [-68.04064, -8.15791], [-68.03646, -8.15939], [-68.03747, -8.15598], [-68.03959, -8.15516], [-68.04424, -8.16117], [-68.05036, -8.15715], [-68.05344, -8.16203], [-68.0542, -8.15633], [-68.05652, -8.15903], [-68.06475, -8.15696], [-68.06609, -8.15473], [-68.06203, -8.15244], [-68.06933, -8.15163], [-68.06942, -8.14066], [-67.93213, -8.02837], [-67.91343, -8.04817], [-67.90581, -8.05154], [-67.90433, -8.06029], [-67.89499, -8.06497], [-67.8916, -8.07143], [-67.86886, -8.07121], [-67.87041, -8.06877], [-67.86118, -8.06455], [-67.85984, -8.0567], [-67.85488, -8.05101], [-67.84469, -8.04695], [-67.81782, -8.06347], [-67.80434, -8.08563], [-67.78783, -8.08592], [-67.77317, -8.07513], [-67.76524, -8.07346], [-67.76211, -8.07656], [-67.75793, -8.07433], [-67.75992, -8.07128], [-67.74633, -8.0689], [-67.74451, -8.06615], [-67.73459, -8.06858], [-67.72633, -8.06063], [-67.71422, -8.06192], [-67.70513, -8.07056], [-67.69467, -8.0677], [-67.68563, -8.07522], [-67.67695, -8.07766], [-67.66426, -8.06954], [-67.65308, -8.06875], [-67.65165, -8.06542], [-67.64532, -8.06508], [-67.64282, -8.06939], [-67.63792, -8.06625], [-67.63114, -8.07044], [-67.62167, -8.06858], [-67.61478, -8.07722], [-67.60641, -8.07556], [-67.58841, -8.0791], [-67.5722, -8.07107], [-67.56522, -8.07496], [-67.55616, -8.06826], [-67.54578, -8.06817], [-67.52345, -8.18995], [-67.34416, -8.15675], [-67.32694, -8.12371], [-67.28581, -8.12038], [-67.29498, -8.14982], [-67.27901, -8.1578], [-67.30026, -8.166], [-67.30529, -8.17237], [-67.32249, -8.17177], [-67.32415, -8.1887], [-67.27929, -8.17086], [-67.27384, -8.17776], [-67.27784, -8.19379], [-67.29268, -8.20042], [-67.29667, -8.20851], [-67.30328, -8.21031], [-67.3107, -8.20587], [-67.31629, -8.20652], [-67.33596, -8.21657], [-67.34157, -8.22376], [-67.38169, -8.21689], [-67.39714, -8.23254], [-67.41003, -8.25267], [-67.42577, -8.26166], [-67.43832, -8.28442], [-67.43538, -8.37006], [-67.42307, -8.37034], [-67.4115, -8.37782], [-67.39742, -8.37513], [-67.3926, -8.39383], [-67.3875, -8.39722], [-67.37621, -8.39387], [-67.36984, -8.40894], [-67.37847, -8.41914], [-67.38614, -8.41329], [-67.39114, -8.41367], [-67.40074, -8.40438], [-67.42138, -8.40218], [-67.42976, -8.39648], [-67.4297, -8.43403], [-67.41889, -8.43858], [-67.43971, -8.44704], [-67.43958, -8.49626], [-67.44251, -8.50709], [-67.45915, -8.51705], [-67.46065, -8.54301], [-67.45786, -8.5464], [-67.46084, -8.55202], [-67.46595, -8.54731], [-67.46421, -8.55207], [-67.46829, -8.56161], [-67.47502, -8.55692], [-67.47832, -8.55787], [-67.47381, -8.56788], [-67.47718, -8.57982], [-67.48586, -8.57286], [-67.48415, -8.56467], [-67.49297, -8.5611], [-67.49697, -8.56372], [-67.4956, -8.57275], [-67.50878, -8.5762], [-67.51872, -8.5691], [-67.52094, -8.57717], [-67.53, -8.57879], [-67.53468, -8.56895], [-67.52723, -8.56506], [-67.52587, -8.56087], [-67.53925, -8.54611], [-67.54421, -8.54664], [-67.5499, -8.55374], [-67.55159, -8.545], [-67.55938, -8.54151], [-67.5678, -8.55226], [-67.5583, -8.54939], [-67.55321, -8.55609], [-67.56156, -8.5587], [-67.56899, -8.553], [-67.56863, -8.54494], [-67.57563, -8.53051], [-67.58414, -8.52833], [-67.58405, -8.5382], [-67.58829, -8.53968], [-67.59087, -8.53459], [-67.58954, -8.5264], [-67.59541, -8.51303], [-67.60054, -8.51304], [-67.60448, -8.50755], [-67.60288, -8.49428], [-67.60808, -8.4924], [-67.61613, -8.48062], [-67.62119, -8.48272], [-67.63086, -8.48011], [-67.64301, -8.48855]]]}}, {"type": "Feature", "properties": {"nome": "RESERVA EXTRATIVISTA DO LAGO DO CAPANÃ GRANDE", "grupo": "Uso sustentável", "esfera": "Federal", "ano": "2004", "ha": 304896.5115111108, "bioma": "AMAZÔNIA"}, "geometry": {"type": "Polygon", "coordinates": [[[-62.07568, -5.45086], [-62.06677, -5.45371], [-62.06252, -5.45955], [-62.0638, -5.46542], [-62.05556, -5.475], [-62.05142, -5.50668], [-62.03964, -5.51076], [-62.03412, -5.52354], [-62.02839, -5.52867], [-62.0341, -5.55672], [-62.02642, -5.55806], [-62.02498, -5.56787], [-62.03158, -5.5802], [-62.03172, -5.58878], [-62.02225, -5.5974], [-62.02426, -5.59999], [-62.0209, -5.60755], [-62.00372, -5.62002], [-62.00267, -5.62747], [-61.98648, -5.64548], [-61.97762, -5.65028], [-61.97073, -5.64768], [-61.96852, -5.65715], [-61.96154, -5.65419], [-61.95535, -5.65615], [-61.95024, -5.67101], [-61.9394, -5.67317], [-61.93826, -5.67676], [-61.92862, -5.67277], [-61.93004, -5.67553], [-61.92544, -5.67522], [-61.92266, -5.67932], [-61.92173, -5.67624], [-61.90378, -5.68458], [-61.89852, -5.68264], [-61.89842, -5.68686], [-61.89243, -5.68596], [-61.89048, -5.68197], [-61.88669, -5.6837], [-61.88413, -5.67774], [-61.87951, -5.67955], [-61.87507, -5.67537], [-61.87093, -5.67727], [-61.87226, -5.68054], [-61.86801, -5.67997], [-61.86696, -5.68448], [-61.86256, -5.6805], [-61.85583, -5.68163], [-61.85661, -5.68426], [-61.85179, -5.68695], [-61.85534, -5.68795], [-61.85349, -5.69358], [-61.84232, -5.70076], [-61.84057, -5.6953], [-61.83569, -5.69554], [-61.83682, -5.68649], [-61.83008, -5.69086], [-61.83286, -5.69218], [-61.83005, -5.69581], [-61.82771, -5.69188], [-61.82406, -5.69387], [-61.8213, -5.68707], [-61.81579, -5.68985], [-61.80878, -5.67688], [-61.81079, -5.67148], [-61.80449, -5.66896], [-61.80032, -5.67128], [-61.79907, -5.66729], [-61.79182, -5.66339], [-61.78997, -5.65748], [-61.77916, -5.65991], [-61.76985, -5.66966], [-61.77309, -5.67624], [-61.76877, -5.68315], [-61.77106, -5.69236], [-61.77699, -5.69424], [-61.78442, -5.70427], [-61.77746, -5.72025], [-61.79129, -5.75375], [-61.79078, -5.76591], [-61.79785, -5.77529], [-61.80247, -5.7857], [-61.80035, -5.78674], [-61.80569, -5.79056], [-61.80532, -5.79719], [-61.81432, -5.80622], [-61.81216, -5.8117], [-61.81548, -5.81414], [-61.81333, -5.81745], [-61.81493, -5.83029], [-61.82268, -5.83434], [-61.82006, -5.83661], [-61.82302, -5.84119], [-61.82199, -5.84688], [-61.80901, -5.85468], [-61.84381, -5.84295], [-61.84424, -5.87035], [-61.83821, -5.89644], [-61.82179, -5.90581], [-61.82002, -5.91533], [-61.8241, -5.92718], [-61.83917, -5.93101], [-61.84711, -5.9377], [-61.84842, -5.95829], [-61.85646, -5.96801], [-61.85062, -5.97809], [-61.83577, -5.98857], [-61.82976, -5.98315], [-61.83152, -5.98654], [-61.82674, -5.98671], [-61.82724, -5.98447], [-61.82708, -5.98372], [-61.82414, -5.98729], [-61.81687, -5.98235], [-61.81962, -5.98165], [-61.80165, -5.9774], [-61.8123, -5.98284], [-61.80186, -5.98739], [-61.80194, -5.99006], [-61.80607, -5.98986], [-61.80471, -5.99146], [-61.79955, -5.99126], [-61.79776, -5.98613], [-61.80004, -5.99298], [-61.79085, -5.99923], [-61.78878, -5.99241], [-61.79271, -5.99058], [-61.7886, -5.99175], [-61.78729, -5.99531], [-61.78615, -5.9901], [-61.7851, -5.99026], [-61.78584, -5.9953], [-61.78818, -5.99648], [-61.78319, -5.99868], [-61.78579, -5.99923], [-61.78404, -6.00493], [-61.77836, -5.99816], [-61.77242, -5.99955], [-61.77363, -6.00397], [-61.77054, -6.00543], [-61.77173, -5.99458], [-61.76606, -5.99319], [-61.75828, -5.99816], [-61.75708, -5.99412], [-61.74724, -5.99196], [-61.75318, -5.99232], [-61.75472, -5.98793], [-61.75697, -5.99157], [-61.75411, -5.98642], [-61.75591, -5.98328], [-61.75817, -5.98756], [-61.76023, -5.98922], [-61.75599, -5.98194], [-61.76152, -5.98495], [-61.75486, -5.97457], [-61.75873, -5.96997], [-61.74978, -5.97242], [-61.74716, -5.97135], [-61.75394, -5.96855], [-61.73966, -5.9606], [-61.74362, -5.95722], [-61.73488, -5.94568], [-61.7309, -5.94417], [-61.73067, -5.94888], [-61.72859, -5.94576], [-61.71876, -5.94835], [-61.72441, -5.95367], [-61.72536, -5.96151], [-61.7251, -5.96682], [-61.71799, -5.96972], [-61.72311, -5.98064], [-61.72385, -6.00487], [-61.7265, -6.01039], [-61.72388, -6.01457], [-61.8843, -6.11193], [-61.97635, -6.13035], [-61.97058, -6.11699], [-61.97729, -6.10453], [-61.98032, -6.09032], [-61.9779, -6.08589], [-61.98343, -6.07782], [-61.9724, -6.0683], [-61.97133, -6.06474], [-61.97495, -6.06483], [-61.97123, -6.0618], [-61.99102, -6.05766], [-61.98897, -6.04957], [-61.99104, -6.04592], [-61.98384, -6.03722], [-62.00636, -6.03734], [-62.00624, -6.08204], [-62.01989, -6.08261], [-62.02431, -6.091], [-62.03024, -6.09259], [-62.03268, -6.1003], [-62.04121, -6.10206], [-62.04294, -6.10758], [-62.05033, -6.10559], [-62.05299, -6.11237], [-62.06125, -6.10567], [-62.05547, -6.10231], [-62.0616, -6.09404], [-62.05298, -6.08679], [-62.0564, -6.08141], [-62.05332, -6.08339], [-62.05507, -6.07907], [-62.05069, -6.07194], [-62.05305, -6.05986], [-62.05108, -6.05671], [-62.05596, -6.04996], [-62.06043, -6.04891], [-62.0589, -6.04552], [-62.06462, -6.03909], [-62.06532, -6.04128], [-62.06941, -6.03925], [-62.06669, -6.03759], [-62.07129, -6.03719], [-62.07093, -6.03456], [-62.06821, -6.03586], [-62.06925, -6.03235], [-62.08441, -6.0335], [-62.08189, -6.03034], [-62.08385, -6.02602], [-62.09416, -6.02548], [-62.09961, -6.01551], [-62.11176, -6.01406], [-62.11516, -6.01702], [-62.12659, -6.00817], [-62.13075, -6.01059], [-62.13411, -6.0089], [-62.1347, -6.01198], [-62.13954, -6.0083], [-62.14368, -6.00999], [-62.14642, -6.00527], [-62.15606, -6.0078], [-62.1646, -6.00333], [-62.16603, -6.00877], [-62.16967, -6.00176], [-62.17699, -6.00072], [-62.1888, -6.00702], [-62.19856, -6.00262], [-62.20665, -6.00525], [-62.20855, -6.00007], [-62.21312, -6.0023], [-62.21867, -5.99927], [-62.22125, -6.0009], [-62.22706, -5.99575], [-62.23217, -5.99671], [-62.23511, -5.99009], [-62.23664, -5.99226], [-62.24404, -5.98513], [-62.25122, -5.98911], [-62.2593, -5.98793], [-62.26149, -5.99099], [-62.26333, -5.98682], [-62.26667, -5.9911], [-62.27552, -5.98919], [-62.28087, -5.99348], [-62.28507, -5.99174], [-62.29726, -5.99499], [-62.29381, -6.00285], [-62.29928, -6.01263], [-62.30098, -6.0344], [-62.29835, -6.03889], [-62.29987, -6.044], [-62.29249, -6.05733], [-62.30447, -6.07211], [-62.31061, -6.0738], [-62.31282, -6.06596], [-62.31999, -6.06056], [-62.3237, -6.0615], [-62.32893, -6.06674], [-62.33273, -6.08081], [-62.34038, -6.09271], [-62.36364, -6.07548], [-62.38443, -6.0767], [-62.40027, -6.08705], [-62.40009, -6.09285], [-62.41312, -6.10488], [-62.42358, -6.03228], [-62.44133, -6.02856], [-62.4411, -6.02108], [-62.44992, -6.00934], [-62.44991, -6.00083], [-62.45551, -5.99936], [-62.464, -5.98653], [-62.47598, -5.98169], [-62.48183, -5.96433], [-62.43921, -5.93224], [-62.32855, -5.81358], [-62.28439, -5.74852], [-62.15919, -5.54931], [-62.12984, -5.51421], [-62.10175, -5.45828], [-62.09522, -5.46147], [-62.09019, -5.45916], [-62.08789, -5.45342], [-62.08288, -5.45507], [-62.07568, -5.45086]]]}}, {"type": "Feature", "properties": {"nome": "RESERVA BIOLÓGICA DO RIO TROMBETAS", "grupo": "Proteção integral", "esfera": "Federal", "ano": "1979", "ha": 410677.44381126866, "bioma": "AMAZÔNIA"}, "geometry": {"type": "Polygon", "coordinates": [[[-56.87195, -0.84661], [-56.85248, -0.79847], [-56.85361, -0.78394], [-56.84748, -0.77019], [-56.84594, -0.7565], [-56.83326, -0.74052], [-56.82738, -0.71262], [-56.82518, -0.71016], [-56.81564, -0.71773], [-56.80143, -0.70408], [-56.79954, -0.68628], [-56.79023, -0.67679], [-56.78219, -0.67581], [-56.77044, -0.65285], [-56.75756, -0.66236], [-56.74657, -0.66116], [-56.73878, -0.66635], [-56.72624, -0.66534], [-56.72204, -0.66803], [-56.67136, -0.72064], [-56.66928, -0.72602], [-56.66473, -0.72635], [-56.66053, -0.73636], [-56.65929, -0.75752], [-56.6504, -0.76855], [-56.6491, -0.77498], [-56.64219, -0.77958], [-56.64132, -0.7854], [-56.63572, -0.78853], [-56.63304, -0.80274], [-56.62501, -0.81546], [-56.62516, -0.81939], [-56.64014, -0.83619], [-56.6408, -0.84159], [-56.63894, -0.84996], [-56.63433, -0.85356], [-56.63452, -0.86069], [-56.63152, -0.86168], [-56.62922, -0.87754], [-56.61791, -0.8782], [-56.61342, -0.89148], [-56.61929, -0.89515], [-56.61446, -0.8959], [-56.6162, -0.90182], [-56.61104, -0.90614], [-56.61064, -0.9154], [-56.60484, -0.92076], [-56.60715, -0.93108], [-56.58855, -0.9442], [-56.58267, -0.95578], [-56.58071, -0.952], [-56.57805, -0.95302], [-56.58067, -0.9585], [-56.57731, -0.96519], [-56.58128, -0.97182], [-56.57971, -0.97559], [-56.57549, -0.98119], [-56.56969, -0.98225], [-56.56825, -0.99369], [-56.5647, -0.99169], [-56.56316, -0.99639], [-56.55995, -0.99491], [-56.55285, -1.00253], [-56.55534, -1.01109], [-56.55055, -1.01812], [-56.53747, -1.02466], [-56.53979, -1.03691], [-56.52557, -1.03372], [-56.52016, -1.04024], [-56.51915, -1.05148], [-56.51312, -1.04672], [-56.50806, -1.05112], [-56.50346, -1.05059], [-56.50841, -1.05731], [-56.49949, -1.06214], [-56.50173, -1.06587], [-56.50014, -1.07478], [-56.49208, -1.07268], [-56.49597, -1.06779], [-56.49068, -1.06014], [-56.48556, -1.065], [-56.47885, -1.06524], [-56.47664, -1.07073], [-56.46966, -1.07023], [-56.46188, -1.06472], [-56.44711, -1.07096], [-56.44972, -1.09034], [-56.44736, -1.09165], [-56.44429, -1.08848], [-56.43832, -1.09124], [-56.44041, -1.10267], [-56.43664, -1.10802], [-56.43133, -1.10207], [-56.43335, -1.11003], [-56.42792, -1.11757], [-56.42126, -1.11854], [-56.42804, -1.129], [-56.42918, -1.13842], [-56.42435, -1.13918], [-56.41858, -1.13028], [-56.41023, -1.1332], [-56.40767, -1.13612], [-56.4115, -1.14676], [-56.39814, -1.1527], [-56.39124, -1.14838], [-56.38633, -1.15064], [-56.38687, -1.14489], [-56.37847, -1.13716], [-56.36889, -1.15178], [-56.35958, -1.15261], [-56.35921, -1.29829], [-56.35636, -1.29143], [-56.34468, -1.29133], [-56.3356, -1.3113], [-56.34591, -1.33636], [-56.34136, -1.34339], [-56.34072, -1.37911], [-56.33519, -1.38992], [-56.3327, -1.42956], [-56.32408, -1.432], [-56.3251, -1.42805], [-56.32252, -1.43287], [-56.31572, -1.43163], [-56.31611, -1.43702], [-56.31446, -1.43572], [-56.31119, -1.44379], [-56.30696, -1.43709], [-56.30995, -1.44641], [-56.30496, -1.44942], [-56.30643, -1.45214], [-56.30829, -1.44996], [-56.30736, -1.45826], [-56.30208, -1.4578], [-56.30503, -1.46324], [-56.3013, -1.45896], [-56.29237, -1.45704], [-56.2883, -1.44927], [-56.28731, -1.45109], [-56.29335, -1.46054], [-56.3014, -1.46334], [-56.29806, -1.46685], [-56.3025, -1.46774], [-56.30418, -1.47399], [-56.30038, -1.47565], [-56.30305, -1.47649], [-56.30043, -1.4796], [-56.30382, -1.48429], [-56.30262, -1.48819], [-56.31428, -1.48685], [-56.31857, -1.4913], [-56.32854, -1.47418], [-56.34925, -1.46346], [-56.38947, -1.46132], [-56.40087, -1.45683], [-56.40165, -1.45878], [-56.40959, -1.44544], [-56.41769, -1.41638], [-56.42588, -1.40888], [-56.4385, -1.4061], [-56.45135, -1.40649], [-56.46399, -1.41096], [-56.50903, -1.44254], [-56.54182, -1.44173], [-56.56454, -1.46299], [-56.58415, -1.46813], [-56.60348, -1.46807], [-56.6118, -1.46435], [-56.62886, -1.43794], [-56.65055, -1.42911], [-56.66612, -1.43194], [-56.67845, -1.44532], [-56.69316, -1.45538], [-56.72481, -1.46074], [-56.73686, -1.46564], [-56.74855, -1.46432], [-56.77794, -1.45259], [-56.81693, -1.45547], [-56.81531, -1.45709], [-56.82269, -1.46041], [-56.81816, -1.45492], [-56.83939, -1.44233], [-56.85071, -1.42735], [-56.85574, -1.43264], [-56.85295, -1.43516], [-56.85938, -1.44014], [-56.86153, -1.43696], [-56.85839, -1.43149], [-56.86371, -1.42988], [-56.8586, -1.42853], [-56.86215, -1.42536], [-56.86059, -1.4237], [-56.86259, -1.4248], [-56.86372, -1.42415], [-56.85871, -1.41962], [-56.8621, -1.41196], [-56.85899, -1.41572], [-56.85755, -1.4128], [-56.8556, -1.41796], [-56.85539, -1.41014], [-56.85748, -1.40741], [-56.85902, -1.40933], [-56.85827, -1.40441], [-56.85563, -1.40846], [-56.8543, -1.40565], [-56.85381, -1.41022], [-56.85318, -1.4053], [-56.8558, -1.40297], [-56.85097, -1.40528], [-56.84994, -1.39893], [-56.85479, -1.39849], [-56.86287, -1.3834], [-56.8703, -1.38277], [-56.86766, -1.38103], [-56.8701, -1.3767], [-56.86334, -1.37957], [-56.85811, -1.37679], [-56.87856, -1.35197], [-56.93084, -1.23253], [-56.95054, -1.20736], [-56.99914, -1.17098], [-57.02029, -1.10772], [-57.02515, -1.10403], [-57.03867, -1.10587], [-57.04755, -1.08993], [-57.04161, -1.05578], [-57.03315, -1.04598], [-57.02676, -1.0237], [-57.01861, -1.01739], [-57.0114, -1.00282], [-56.99722, -0.99172], [-56.9876, -0.97387], [-56.9746, -0.96389], [-56.96731, -0.94415], [-56.94817, -0.93984], [-56.91363, -0.91535], [-56.90709, -0.90484], [-56.90286, -0.8872], [-56.87195, -0.84661]]]}}, {"type": "Feature", "properties": {"nome": "ESTAÇÃO ECOLÓGICA DE JUTAÍ-SOLIMÕES", "grupo": "Proteção integral", "esfera": "Federal", "ano": "1983", "ha": 290120.2959904326, "bioma": "AMAZÔNIA"}, "geometry": {"type": "Polygon", "coordinates": [[[-67.20378, -3.09958], [-67.20866, -3.11528], [-67.21703, -3.12379], [-67.22315, -3.12751], [-67.23454, -3.12551], [-67.24391, -3.13149], [-67.24718, -3.14752], [-67.24557, -3.1571], [-67.2398, -3.16581], [-67.24097, -3.1713], [-67.24861, -3.1726], [-67.25575, -3.16112], [-67.26455, -3.15918], [-67.28052, -3.17453], [-67.29426, -3.18113], [-67.31315, -3.18232], [-67.33344, -3.18884], [-67.36624, -3.1845], [-67.37091, -3.19012], [-67.36803, -3.20612], [-67.37368, -3.2118], [-67.38799, -3.20065], [-67.39703, -3.20463], [-67.39837, -3.21225], [-67.39465, -3.21968], [-67.40146, -3.22307], [-67.40756, -3.23327], [-67.40595, -3.23562], [-67.40238, -3.2306], [-67.40473, -3.24023], [-67.41738, -3.24404], [-67.42284, -3.25763], [-67.43772, -3.26798], [-67.43827, -3.2825], [-67.43045, -3.2941], [-67.4302, -3.30279], [-67.43334, -3.3132], [-67.44544, -3.327], [-67.45178, -3.32679], [-67.44948, -3.32963], [-67.44416, -3.32884], [-67.44625, -3.33262], [-67.45791, -3.33277], [-67.46784, -3.32078], [-67.47769, -3.31793], [-67.48076, -3.31123], [-67.47394, -3.30987], [-67.47762, -3.30277], [-67.48257, -3.30605], [-67.48175, -3.30015], [-67.4844, -3.29816], [-67.48593, -3.30525], [-67.48726, -3.29873], [-67.49313, -3.29964], [-67.49502, -3.29544], [-67.49875, -3.30018], [-67.50136, -3.29858], [-67.50124, -3.30209], [-67.50255, -3.29969], [-67.50544, -3.30147], [-67.50319, -3.3025], [-67.50574, -3.30469], [-67.50929, -3.30202], [-67.51385, -3.30803], [-67.52815, -3.30783], [-67.53211, -3.31414], [-67.54063, -3.31153], [-67.53917, -3.30789], [-67.54266, -3.31058], [-67.54593, -3.3082], [-67.54893, -3.31009], [-67.54775, -3.31262], [-67.55406, -3.31452], [-67.55834, -3.31284], [-67.56029, -3.31847], [-67.57033, -3.3236], [-67.5702, -3.32848], [-67.58025, -3.33275], [-67.57892, -3.34491], [-67.58612, -3.34631], [-67.58365, -3.3567], [-67.59119, -3.36028], [-67.59315, -3.35802], [-67.59399, -3.36677], [-67.59619, -3.36385], [-67.60616, -3.36481], [-67.60781, -3.37004], [-67.61026, -3.36882], [-67.61431, -3.37357], [-67.6114, -3.37507], [-67.61495, -3.3802], [-67.61773, -3.37891], [-67.61652, -3.38182], [-67.61902, -3.38039], [-67.62177, -3.38343], [-67.62492, -3.39643], [-67.6199, -3.39692], [-67.62677, -3.40126], [-67.62688, -3.40569], [-67.63167, -3.39978], [-67.63656, -3.40146], [-67.64359, -3.39763], [-67.64341, -3.39986], [-67.65508, -3.40049], [-67.65537, -3.40414], [-67.6512, -3.4045], [-67.65434, -3.40859], [-67.65062, -3.40766], [-67.6539, -3.41064], [-67.66745, -3.40374], [-67.6679, -3.40619], [-67.67276, -3.40391], [-67.67249, -3.4063], [-67.68505, -3.41258], [-67.68706, -3.41218], [-67.68436, -3.40812], [-67.68866, -3.4076], [-67.69812, -3.41165], [-67.69491, -3.4121], [-67.70367, -3.41979], [-67.70151, -3.41909], [-67.70347, -3.42394], [-67.70812, -3.41996], [-67.70941, -3.42344], [-67.7108, -3.42], [-67.71535, -3.42336], [-67.71445, -3.42623], [-67.71792, -3.42631], [-67.71921, -3.42211], [-67.7203, -3.4267], [-67.73253, -3.42245], [-67.73342, -3.43109], [-67.73659, -3.42854], [-67.73919, -3.43028], [-67.73778, -3.42618], [-67.7454, -3.42223], [-67.75204, -3.42302], [-67.7543, -3.42863], [-67.76336, -3.42208], [-67.76504, -3.42793], [-67.77295, -3.43321], [-67.78432, -3.4358], [-67.78578, -3.43322], [-67.79069, -3.43934], [-67.7905, -3.44421], [-67.79616, -3.4441], [-67.799, -3.43965], [-67.80167, -3.44192], [-67.79968, -3.44329], [-67.80299, -3.44161], [-67.80173, -3.44494], [-67.80787, -3.44824], [-67.80413, -3.45191], [-67.80579, -3.46146], [-67.81298, -3.46062], [-67.81627, -3.4663], [-67.82297, -3.46224], [-67.83047, -3.46431], [-67.83968, -3.45871], [-67.85095, -3.46829], [-67.85449, -3.46586], [-67.85801, -3.46875], [-67.85807, -3.46548], [-67.8641, -3.46201], [-67.87441, -3.46243], [-67.88018, -3.46832], [-67.88067, -3.46546], [-67.88783, -3.4678], [-67.89042, -3.45703], [-67.88329, -3.44318], [-67.88205, -3.43339], [-67.8696, -3.42505], [-67.86588, -3.41472], [-67.86406, -3.38252], [-67.85776, -3.37468], [-67.8591, -3.36909], [-67.87349, -3.36344], [-67.89506, -3.36346], [-67.90694, -3.34835], [-67.91623, -3.34372], [-67.94381, -3.33898], [-67.95285, -3.3426], [-67.93698, -3.32902], [-67.92626, -3.31043], [-67.92121, -3.28467], [-67.86723, -3.26703], [-67.85602, -3.25948], [-67.83979, -3.24137], [-67.81836, -3.20401], [-67.80564, -3.15908], [-67.79471, -3.07157], [-67.80104, -3.01456], [-67.80867, -2.99696], [-67.81703, -2.98728], [-67.79681, -2.97219], [-67.75493, -2.97183], [-67.74621, -2.94146], [-67.73682, -2.9264], [-67.71074, -2.90388], [-67.6894, -2.89535], [-67.67132, -2.89385], [-67.65496, -2.89904], [-67.64501, -2.90636], [-67.62607, -2.92867], [-67.6063, -2.94255], [-67.58468, -2.9276], [-67.5807, -2.9192], [-67.57557, -2.91825], [-67.57784, -2.90979], [-67.57489, -2.89235], [-67.5692, -2.89551], [-67.56808, -2.89217], [-67.56186, -2.89065], [-67.55462, -2.89818], [-67.55084, -2.88964], [-67.53957, -2.89208], [-67.5337, -2.89018], [-67.5274, -2.88156], [-67.51945, -2.88211], [-67.51751, -2.87797], [-67.50752, -2.87966], [-67.50297, -2.87273], [-67.49047, -2.87819], [-67.48437, -2.87635], [-67.48498, -2.87234], [-67.4819, -2.87011], [-67.47125, -2.87283], [-67.46326, -2.86743], [-67.45803, -2.86775], [-67.45938, -2.87266], [-67.45632, -2.87302], [-67.45778, -2.87676], [-67.45339, -2.88142], [-67.44084, -2.88186], [-67.44076, -2.88804], [-67.43393, -2.8906], [-67.42269, -2.88867], [-67.41976, -2.89234], [-67.41586, -2.88598], [-67.40956, -2.8883], [-67.40731, -2.88354], [-67.40016, -2.88432], [-67.39491, -2.87761], [-67.38865, -2.88015], [-67.37812, -2.87516], [-67.37641, -2.87935], [-67.37127, -2.87752], [-67.36812, -2.88206], [-67.35227, -2.87529], [-67.34973, -2.8784], [-67.35122, -2.86881], [-67.34686, -2.86957], [-67.33425, -2.86144], [-67.33059, -2.86288], [-67.31883, -2.86956], [-67.31427, -2.87647], [-67.30964, -2.87527], [-67.30463, -2.87879], [-67.30508, -2.88125], [-67.28928, -2.882], [-67.29578, -2.89732], [-67.30848, -2.90702], [-67.31304, -2.90354], [-67.31607, -2.90554], [-67.31103, -2.90943], [-67.31452, -2.91359], [-67.32646, -2.90899], [-67.33646, -2.92613], [-67.34331, -2.92579], [-67.34585, -2.93002], [-67.343, -2.93439], [-67.34504, -2.94356], [-67.33451, -2.96451], [-67.33581, -2.97096], [-67.33275, -2.97598], [-67.33474, -3.0151], [-67.31169, -3.02862], [-67.29963, -3.02814], [-67.29515, -3.02497], [-67.28857, -3.02826], [-67.28646, -3.03574], [-67.29225, -3.04554], [-67.28973, -3.05821], [-67.29445, -3.07329], [-67.28834, -3.07947], [-67.2839, -3.09326], [-67.26213, -3.09679], [-67.24668, -3.08815], [-67.23836, -3.08722], [-67.22052, -3.09632], [-67.20378, -3.09958]]]}}, {"type": "Feature", "properties": {"nome": "FLORESTA NACIONAL DO CREPORI", "grupo": "Uso sustentável", "esfera": "Federal", "ano": "2006", "ha": 738886.4756991046, "bioma": "AMAZÔNIA"}, "geometry": {"type": "Polygon", "coordinates": [[[-57.08925, -5.89458], [-57.08847, -5.89891], [-57.08004, -5.9041], [-57.08168, -5.91004], [-57.07886, -5.90636], [-57.07129, -5.91111], [-57.07484, -5.91743], [-57.079, -5.9172], [-57.07783, -5.92067], [-57.0696, -5.91432], [-57.06189, -5.91918], [-57.06428, -5.93246], [-57.0583, -5.92844], [-57.05168, -5.93763], [-57.05373, -5.94142], [-57.04936, -5.93911], [-57.04784, -5.94261], [-57.04907, -5.93597], [-57.0432, -5.9383], [-57.03967, -5.93751], [-57.047, -5.93605], [-57.04674, -5.93295], [-57.05268, -5.93303], [-57.06452, -5.91259], [-57.05807, -5.91466], [-57.05873, -5.9115], [-57.04986, -5.90758], [-57.05101, -5.9112], [-57.04782, -5.90879], [-57.04236, -5.91033], [-57.04789, -5.90606], [-57.04512, -5.90374], [-57.03453, -5.90624], [-57.03446, -5.91489], [-57.03349, -5.90373], [-57.03067, -5.90302], [-57.02434, -5.90837], [-57.02547, -5.91054], [-57.02836, -5.90765], [-57.03093, -5.90761], [-57.0235, -5.91972], [-57.00051, -5.92816], [-56.99919, -5.93656], [-57.00373, -5.93752], [-57.00686, -5.93966], [-56.99809, -5.93793], [-56.99054, -5.94284], [-56.97737, -5.93868], [-56.96334, -5.94189], [-56.95971, -5.95121], [-56.96864, -5.95991], [-56.97089, -5.97005], [-56.96854, -5.97852], [-56.96552, -5.97867], [-56.97303, -5.99573], [-56.96011, -5.99953], [-56.93956, -5.99776], [-56.91494, -6.01503], [-56.90077, -6.01639], [-56.83935, -6.0061], [-56.83336, -6.00038], [-56.82608, -5.98307], [-56.80021, -5.98399], [-56.78045, -5.98171], [-56.76427, -5.97586], [-56.74454, -5.97621], [-56.72777, -5.96738], [-56.7172, -5.97126], [-56.686, -5.97187], [-56.67078, -5.98161], [-56.64063, -5.9877], [-56.62744, -5.99736], [-56.60042, -5.99969], [-56.59886, -6.01235], [-56.6048, -6.02155], [-56.62867, -6.02063], [-56.63145, -6.02822], [-56.62823, -6.03512], [-56.63368, -6.0397], [-56.63777, -6.03855], [-56.65083, -6.05011], [-56.65935, -6.04589], [-56.65746, -6.0395], [-56.66423, -6.04174], [-56.67782, -6.06426], [-56.68642, -6.0653], [-56.69313, -6.07009], [-56.69723, -6.06073], [-56.70212, -6.0601], [-56.70981, -6.07082], [-56.71397, -6.06795], [-56.71813, -6.07245], [-56.72528, -6.07226], [-56.72153, -6.08438], [-56.72706, -6.11182], [-56.73749, -6.11692], [-56.74085, -6.12381], [-56.75157, -6.13193], [-56.74997, -6.13659], [-56.75368, -6.14161], [-56.75503, -6.15751], [-56.7444, -6.1688], [-56.74456, -6.17453], [-56.74148, -6.17793], [-56.73556, -6.17763], [-56.72645, -6.19105], [-56.74409, -6.20822], [-56.73956, -6.2167], [-56.74408, -6.2267], [-56.73692, -6.23096], [-56.74453, -6.23718], [-56.7374, -6.25164], [-56.73792, -6.26492], [-56.72679, -6.26707], [-56.72883, -6.28106], [-56.72597, -6.28334], [-56.71932, -6.28159], [-56.71884, -6.28743], [-56.72441, -6.30155], [-56.74626, -6.31559], [-56.74367, -6.32986], [-56.75871, -6.33478], [-56.76031, -6.35001], [-56.76655, -6.36117], [-56.77639, -6.37014], [-56.78614, -6.37293], [-56.78443, -6.38785], [-56.79119, -6.3883], [-56.79331, -6.39359], [-56.78573, -6.40466], [-56.80243, -6.41663], [-56.8014, -6.43779], [-56.80924, -6.4455], [-56.80802, -6.45667], [-56.82469, -6.45551], [-56.82916, -6.46719], [-56.8225, -6.47261], [-56.8238, -6.47878], [-56.83813, -6.48676], [-56.83709, -6.49292], [-56.84276, -6.49521], [-56.83997, -6.50296], [-56.83383, -6.50664], [-56.83838, -6.52037], [-56.84292, -6.52497], [-56.84994, -6.52271], [-56.8527, -6.52738], [-56.85086, -6.53726], [-56.84479, -6.53994], [-56.85205, -6.54916], [-56.85165, -6.56158], [-56.85753, -6.56736], [-56.85911, -6.58523], [-56.85583, -6.59506], [-56.84921, -6.59598], [-56.83576, -6.61746], [-56.84143, -6.62086], [-56.84556, -6.61842], [-56.84955, -6.62003], [-56.85289, -6.64225], [-56.86613, -6.64789], [-56.86922, -6.65624], [-56.86628, -6.66497], [-56.87822, -6.66298], [-56.88572, -6.66535], [-56.88478, -6.67848], [-56.87802, -6.69102], [-56.88595, -6.70079], [-56.89458, -6.69977], [-56.876, -6.71589], [-56.87535, -6.72233], [-56.86711, -6.73111], [-56.86858, -6.74256], [-56.86111, -6.74931], [-56.86617, -6.75959], [-56.86703, -6.77621], [-56.86275, -6.77733], [-56.86685, -6.78428], [-56.86271, -6.79278], [-56.85411, -6.79702], [-56.84901, -6.80432], [-56.85162, -6.82427], [-56.84775, -6.82998], [-56.84929, -6.83619], [-56.84562, -6.8464], [-56.85059, -6.87079], [-56.85512, -6.87815], [-56.86269, -6.8811], [-56.86174, -6.88801], [-56.8728, -6.89302], [-56.87698, -6.89109], [-56.89708, -6.89367], [-56.90848, -6.8883], [-56.93124, -6.88603], [-56.96411, -6.89506], [-56.97472, -6.88889], [-56.99356, -6.895], [-57.01536, -6.88776], [-57.05688, -6.92456], [-57.07521, -6.91428], [-57.08214, -6.91679], [-57.0841, -6.93956], [-57.11854, -6.9629], [-57.11549, -6.97373], [-57.12576, -6.98297], [-57.10354, -6.99706], [-57.0966, -7.01373], [-57.11264, -7.09016], [-57.10753, -7.09261], [-57.10398, -7.11153], [-57.09747, -7.12256], [-57.11332, -7.12469], [-57.12219, -7.13336], [-57.13007, -7.13481], [-57.14901, -7.13573], [-57.16799, -7.12291], [-57.17959, -7.12974], [-57.19298, -7.15028], [-57.20401, -7.17673], [-57.19984, -7.18267], [-57.21364, -7.22557], [-57.22249, -7.21666], [-57.22587, -7.22033], [-57.2325, -7.22059], [-57.24459, -7.21383], [-57.24876, -7.21883], [-57.25302, -7.21869], [-57.2548, -7.19979], [-57.26024, -7.19157], [-57.27314, -7.18416], [-57.27303, -7.1765], [-57.26585, -7.16478], [-57.27367, -7.15228], [-57.27178, -7.1452], [-57.27596, -7.14165], [-57.27869, -7.12741], [-57.28775, -7.11875], [-57.28863, -7.11244], [-57.30174, -7.10249], [-57.30636, -7.08929], [-57.31512, -7.08603], [-57.31407, -7.06608], [-57.32158, -7.04931], [-57.32545, -7.01134], [-57.32176, -6.99734], [-57.31826, -6.99548], [-57.31929, -6.98408], [-57.32517, -6.97846], [-57.33117, -6.97784], [-57.33724, -6.9665], [-57.33477, -6.96047], [-57.34959, -6.95036], [-57.35053, -6.93621], [-57.3548, -6.93361], [-57.36088, -6.93485], [-57.36761, -6.92879], [-57.37081, -6.9162], [-57.37571, -6.90732], [-57.38195, -6.90464], [-57.38312, -6.89876], [-57.38877, -6.90077], [-57.38907, -6.89747], [-57.39902, -6.89646], [-57.39729, -6.89335], [-57.40134, -6.89338], [-57.3964, -6.88441], [-57.40313, -6.87428], [-57.39551, -6.86282], [-57.39957, -6.85885], [-57.39666, -6.84026], [-57.40287, -6.83984], [-57.40195, -6.83334], [-57.40947, -6.83424], [-57.41413, -6.82861], [-57.43468, -6.82142], [-57.43895, -6.81395], [-57.43978, -6.80519], [-57.43486, -6.79571], [-57.43104, -6.79816], [-57.42713, -6.79388], [-57.42818, -6.78806], [-57.42349, -6.78715], [-57.42559, -6.77871], [-57.42284, -6.77541], [-57.42684, -6.76974], [-57.4235, -6.76858], [-57.42614, -6.76243], [-57.4221, -6.75971], [-57.42006, -6.75222], [-57.42291, -6.74409], [-57.4192, -6.73509], [-57.42229, -6.73231], [-57.42019, -6.73127], [-57.42204, -6.71953], [-57.43067, -6.71739], [-57.42567, -6.71664], [-57.42471, -6.71335], [-57.42999, -6.7005], [-57.42849, -6.69724], [-57.42287, -6.69627], [-57.42239, -6.6883], [-57.4186, -6.68456], [-57.418, -6.68036], [-57.42171, -6.68121], [-57.42416, -6.67354], [-57.41892, -6.66152], [-57.42216, -6.6613], [-57.41989, -6.65787], [-57.42237, -6.65449], [-57.4174, -6.65445], [-57.41589, -6.65125], [-57.42011, -6.6497], [-57.42195, -6.64193], [-57.41644, -6.6389], [-57.41652, -6.62246], [-57.41121, -6.61707], [-57.41486, -6.61454], [-57.41303, -6.6066], [-57.41783, -6.60602], [-57.4191, -6.60079], [-57.42088, -6.60237], [-57.42769, -6.59556], [-57.42894, -6.59063], [-57.42423, -6.59131], [-57.42641, -6.58197], [-57.43325, -6.58004], [-57.43187, -6.57547], [-57.4354, -6.57537], [-57.43155, -6.57326], [-57.43548, -6.57142], [-57.43407, -6.56572], [-57.42883, -6.5617], [-57.42903, -6.5573], [-57.43285, -6.55521], [-57.42938, -6.55031], [-57.43155, -6.54472], [-57.435, -6.54098], [-57.43779, -6.54316], [-57.44026, -6.53355], [-57.43797, -6.53225], [-57.45121, -6.52025], [-57.44497, -6.50923], [-57.44648, -6.50732], [-57.44907, -6.51048], [-57.45319, -6.50711], [-57.45001, -6.50484], [-57.45037, -6.50011], [-57.44136, -6.49938], [-57.4453, -6.49788], [-57.44654, -6.49242], [-57.44156, -6.4812], [-57.44603, -6.47243], [-57.45136, -6.47816], [-57.45885, -6.46917], [-57.44781, -6.46697], [-57.45255, -6.46632], [-57.44941, -6.46091], [-57.45234, -6.45153], [-57.46057, -6.44965], [-57.45309, -6.44764], [-57.44962, -6.43552], [-57.45905, -6.43429], [-57.45362, -6.42752], [-57.45354, -6.41806], [-57.46398, -6.41303], [-57.46114, -6.40786], [-57.46655, -6.40572], [-57.45997, -6.38986], [-57.46412, -6.38497], [-57.46948, -6.38413], [-57.47426, -6.36632], [-57.47189, -6.36035], [-57.4779, -6.35399], [-57.47623, -6.34532], [-57.48327, -6.34643], [-57.48276, -6.33181], [-57.48595, -6.32855], [-57.48049, -6.33196], [-57.47757, -6.33033], [-57.4805, -6.3242], [-57.47702, -6.32592], [-57.47839, -6.3133], [-57.4758, -6.30912], [-57.48157, -6.30373], [-57.47537, -6.30081], [-57.48806, -6.29482], [-57.48572, -6.28658], [-57.49124, -6.28555], [-57.49262, -6.27577], [-57.49564, -6.2746], [-57.49398, -6.27053], [-57.49883, -6.26728], [-57.49465, -6.26375], [-57.50891, -6.25924], [-57.51351, -6.24856], [-57.52113, -6.24497], [-57.51456, -6.24436], [-57.50759, -6.24981], [-57.49725, -6.24494], [-57.49513, -6.24956], [-57.48011, -6.25544], [-57.47687, -6.26297], [-57.46575, -6.2678], [-57.44944, -6.28079], [-57.44395, -6.28146], [-57.43681, -6.27525], [-57.42916, -6.27715], [-57.41813, -6.27409], [-57.40215, -6.27545], [-57.39006, -6.28099], [-57.38424, -6.28594], [-57.37253, -6.30857], [-57.34664, -6.32827], [-57.33956, -6.32871], [-57.33528, -6.33672], [-57.32901, -6.34077], [-57.30088, -6.32217], [-57.30403, -6.31681], [-57.30222, -6.31348], [-57.30734, -6.3081], [-57.30523, -6.28796], [-57.29504, -6.27073], [-57.2763, -6.25347], [-57.27539, -6.24335], [-57.26332, -6.22936], [-57.25644, -6.20266], [-57.25088, -6.19604], [-57.25116, -6.17354], [-57.2537, -6.17267], [-57.25583, -6.1592], [-57.26207, -6.1566], [-57.2636, -6.15137], [-57.26956, -6.15032], [-57.2684, -6.14854], [-57.275, -6.14717], [-57.28023, -6.15002], [-57.28243, -6.14352], [-57.27569, -6.13668], [-57.27266, -6.13825], [-57.26445, -6.13308], [-57.25433, -6.1162], [-57.24605, -6.10915], [-57.24598, -6.08342], [-57.24928, -6.07691], [-57.23843, -6.05958], [-57.24048, -6.05107], [-57.23787, -6.04545], [-57.24631, -6.04854], [-57.2462, -6.0429], [-57.23645, -6.01584], [-57.23137, -6.0076], [-57.21667, -6.00035], [-57.2152, -5.99486], [-57.2083, -5.99244], [-57.19099, -5.9773], [-57.18218, -5.97462], [-57.17665, -5.96122], [-57.16447, -5.95814], [-57.15939, -5.95052], [-57.16888, -5.94231], [-57.16866, -5.93092], [-57.12875, -5.9084], [-57.12374, -5.90167], [-57.12073, -5.88873], [-57.11587, -5.89051], [-57.11601, -5.8975], [-57.11414, -5.88993], [-57.11823, -5.88654], [-57.10774, -5.88885], [-57.1001, -5.89797], [-57.10691, -5.90759], [-57.11742, -5.91299], [-57.12026, -5.92272], [-57.11648, -5.93374], [-57.1167, -5.92698], [-57.11094, -5.93015], [-57.11806, -5.92056], [-57.11434, -5.91241], [-57.10035, -5.90453], [-57.09717, -5.91332], [-57.09211, -5.91483], [-57.08608, -5.91152], [-57.09637, -5.90793], [-57.09845, -5.90323], [-57.09781, -5.89154], [-57.09381, -5.89488], [-57.09662, -5.88901], [-57.08925, -5.89458]]]}}, {"type": "Feature", "properties": {"nome": "PARQUE NACIONAL SERRA DA MOCIDADE", "grupo": "Proteção integral", "esfera": "Federal", "ano": "1998", "ha": 359371.1338661169, "bioma": "AMAZÔNIA"}, "geometry": {"type": "Polygon", "coordinates": [[[-61.81292, 1.71306], [-61.72927, 1.55638], [-61.72118, 1.52603], [-61.70708, 1.52352], [-61.68117, 1.50265], [-61.65814, 1.49082], [-61.63922, 1.47594], [-61.63176, 1.46724], [-61.6183, 1.43185], [-61.61938, 1.42074], [-61.62659, 1.41478], [-61.63966, 1.41245], [-61.63751, 1.40602], [-61.64542, 1.40153], [-61.64464, 1.3934], [-61.6579, 1.38357], [-61.65746, 1.3711], [-61.65257, 1.37444], [-61.64451, 1.37081], [-61.65003, 1.36233], [-61.66113, 1.36046], [-61.66222, 1.35122], [-61.64939, 1.3479], [-61.66053, 1.33545], [-61.65884, 1.32526], [-61.66454, 1.32621], [-61.66769, 1.32008], [-61.67163, 1.32217], [-61.67736, 1.31163], [-61.67224, 1.28853], [-61.67489, 1.28481], [-61.67192, 1.2788], [-61.67379, 1.27515], [-61.67021, 1.26408], [-61.66639, 1.26206], [-61.6705, 1.25069], [-61.67563, 1.24876], [-61.69141, 1.22896], [-61.68537, 1.22298], [-61.69487, 1.20661], [-61.69199, 1.19847], [-61.68703, 1.19747], [-61.68766, 1.19157], [-61.70314, 1.18829], [-61.70306, 1.1767], [-61.71288, 1.17705], [-61.71703, 1.17253], [-61.71785, 1.17775], [-61.72018, 1.17631], [-61.72064, 1.1531], [-61.72839, 1.14696], [-61.72675, 1.12951], [-61.72179, 1.13017], [-61.73466, 1.11346], [-61.73457, 1.09758], [-61.72894, 1.0929], [-61.74138, 1.1001], [-61.74447, 1.08253], [-61.74594, 1.08878], [-61.74748, 1.087], [-61.74295, 1.06451], [-62.52741, 0.63469], [-62.53754, 0.67589], [-62.53164, 0.70571], [-62.49997, 0.74952], [-62.46401, 0.77953], [-62.45687, 0.78944], [-62.46186, 0.82448], [-62.46543, 0.83324], [-62.48226, 0.84832], [-62.48526, 0.8657], [-62.48269, 0.88495], [-62.47041, 0.92071], [-62.46256, 0.93263], [-62.44943, 0.94354], [-62.4423, 0.96379], [-62.44914, 0.98835], [-62.46224, 0.99918], [-62.00052, 0.99975], [-62.00061, 1.48859], [-61.99764, 1.48849], [-61.96892, 1.52042], [-61.95735, 1.52377], [-61.95652, 1.52845], [-61.94134, 1.54556], [-61.94116, 1.55127], [-61.93268, 1.55683], [-61.92404, 1.57393], [-61.93175, 1.58449], [-61.92734, 1.58474], [-61.92574, 1.58849], [-61.9186, 1.58491], [-61.91643, 1.58997], [-61.91965, 1.59793], [-61.91252, 1.59442], [-61.91067, 1.60093], [-61.90631, 1.60037], [-61.90742, 1.60618], [-61.90536, 1.60612], [-61.9088, 1.6095], [-61.90271, 1.62763], [-61.89847, 1.62868], [-61.85242, 1.70685], [-61.84572, 1.70302], [-61.83439, 1.7086], [-61.81292, 1.71306]]]}}, {"type": "Feature", "properties": {"nome": "FLORESTA NACIONAL DO MACAUÃ", "grupo": "Uso sustentável", "esfera": "Federal", "ano": "1988", "ha": 176371.91386525249, "bioma": "AMAZÔNIA"}, "geometry": {"type": "Polygon", "coordinates": [[[-69.35632, -9.69681], [-69.20389, -9.80144], [-69.21135, -9.81113], [-69.21795, -9.80503], [-69.22373, -9.80769], [-69.2259, -9.80573], [-69.22998, -9.81021], [-69.2306, -9.8198], [-69.22677, -9.83044], [-69.21512, -9.84334], [-69.21138, -9.85565], [-69.21549, -9.86627], [-69.24207, -9.8893], [-69.27299, -9.88931], [-69.28833, -9.84237], [-69.33272, -9.77848], [-69.39994, -9.80125], [-69.38813, -9.86903], [-69.39106, -9.8755], [-69.40332, -9.87822], [-69.40528, -9.87626], [-69.40972, -9.8824], [-69.41947, -9.88559], [-69.43433, -9.88005], [-69.44075, -9.88234], [-69.44624, -9.88979], [-69.45014, -9.88725], [-69.45657, -9.89391], [-69.4605, -9.89157], [-69.46374, -9.89533], [-69.47056, -9.89455], [-69.47062, -9.90284], [-69.48041, -9.90127], [-69.4839, -9.90602], [-69.48827, -9.90575], [-69.48547, -9.91464], [-69.50336, -9.92198], [-69.50977, -9.93072], [-69.50558, -9.94311], [-69.5096, -9.94627], [-69.50749, -9.95109], [-69.51113, -9.95305], [-69.50738, -9.95551], [-69.51018, -9.95688], [-69.50745, -9.96111], [-69.50391, -9.96208], [-69.50958, -9.9681], [-69.52321, -9.96864], [-69.52288, -9.97408], [-69.52659, -9.97632], [-69.52519, -9.98016], [-69.53182, -9.98425], [-69.52756, -9.98829], [-69.5294, -9.99827], [-69.53248, -10.00181], [-69.53477, -10.0006], [-69.53495, -10.00725], [-69.54011, -10.00881], [-69.53954, -10.01185], [-69.54498, -10.01065], [-69.54941, -10.01752], [-69.55545, -10.01616], [-69.5554, -10.02117], [-69.56134, -10.02464], [-69.56674, -10.01854], [-69.57265, -10.02193], [-69.57908, -10.0187], [-69.58205, -10.02658], [-69.58764, -10.02667], [-69.5893, -10.02365], [-69.59348, -10.02907], [-69.60234, -10.02782], [-69.61048, -10.03352], [-69.61562, -10.03338], [-69.6201, -10.03569], [-69.62135, -10.04281], [-69.63032, -10.04612], [-69.63468, -10.05349], [-69.64016, -10.05281], [-69.6532, -10.06457], [-69.65379, -10.06234], [-69.65755, -10.06542], [-69.65924, -10.06344], [-69.663, -10.06997], [-69.6754, -10.07329], [-69.67812, -10.06986], [-69.68676, -10.07074], [-69.69909, -10.08049], [-69.70464, -10.07984], [-69.70691, -10.08486], [-69.71274, -10.0854], [-69.71355, -10.08306], [-69.71592, -10.09377], [-69.73155, -10.09752], [-69.731, -10.10601], [-69.7358, -10.11079], [-69.7411, -10.11041], [-69.74302, -10.11409], [-69.74781, -10.11234], [-69.75123, -10.11841], [-69.75421, -10.11561], [-69.7594, -10.11895], [-69.7685, -10.11818], [-69.76918, -10.12347], [-69.77912, -10.12869], [-69.78546, -10.12772], [-69.80486, -10.1405], [-69.81097, -10.14025], [-69.81377, -10.14622], [-69.82076, -10.14788], [-69.82093, -10.15285], [-69.82925, -10.1528], [-69.83743, -10.15814], [-69.84631, -10.15461], [-69.8851, -10.18187], [-69.90854, -10.18567], [-69.91417, -10.19315], [-69.91745, -10.19249], [-69.92126, -10.19684], [-69.92344, -10.19495], [-69.93413, -10.20594], [-69.9442, -10.20877], [-69.94856, -10.2067], [-69.9505, -10.00042], [-69.76731, -9.81709], [-69.5005, -9.76709], [-69.5005, -9.80237], [-69.35632, -9.69681]]]}}, {"type": "Feature", "properties": {"nome": "PARQUE NACIONAL DO JURUENA", "grupo": "Proteção integral", "esfera": "Federal", "ano": "2006", "ha": 1957027.7560705447, "bioma": "AMAZÔNIA"}, "geometry": {"type": "Polygon", "coordinates": [[[-58.61402, -6.9095], [-58.59689, -6.90956], [-58.57239, -6.9029], [-58.56171, -6.90595], [-58.54452, -6.9263], [-58.53849, -6.92931], [-58.53638, -6.94168], [-58.51784, -6.95992], [-58.51181, -6.96007], [-58.50231, -6.95313], [-58.49552, -6.95374], [-58.48934, -6.95856], [-58.48829, -6.96761], [-58.47427, -6.97213], [-58.46454, -6.97118], [-58.43801, -7.00004], [-58.43198, -7.02252], [-58.42101, -7.02768], [-58.41417, -7.02404], [-58.40709, -7.02843], [-58.40492, -7.03599], [-58.39789, -7.03478], [-58.39008, -7.03933], [-58.36133, -7.02556], [-58.34817, -7.01081], [-58.35079, -6.98944], [-58.33389, -7.00068], [-58.32497, -7.01942], [-58.30683, -7.03369], [-58.2866, -7.08277], [-58.27054, -7.08916], [-58.26415, -7.08916], [-58.2576, -7.08485], [-58.25269, -7.08693], [-58.25017, -7.09818], [-58.23306, -7.11126], [-58.22712, -7.12599], [-58.21492, -7.13268], [-58.21239, -7.14041], [-58.21598, -7.14794], [-58.21434, -7.1524], [-58.19248, -7.1811], [-58.17939, -7.21221], [-58.17835, -7.21891], [-58.18103, -7.22277], [-58.17776, -7.22069], [-58.17657, -7.22366], [-58.17701, -7.23065], [-58.19099, -7.25817], [-58.18817, -7.26501], [-58.1782, -7.27408], [-58.17523, -7.29014], [-58.1804, -7.31046], [-58.18993, -7.32622], [-58.19705, -7.36147], [-58.19322, -7.36592], [-58.17314, -7.37068], [-58.15149, -7.3847], [-58.13664, -7.37082], [-58.13038, -7.35248], [-58.12746, -7.35307], [-58.08163, -7.39227], [-58.07575, -7.40267], [-58.05027, -7.42408], [-58.04721, -7.43825], [-58.0353, -7.46177], [-58.00138, -7.49419], [-57.99731, -7.50658], [-57.97711, -7.53525], [-57.94816, -7.6043], [-57.94771, -7.63611], [-57.94014, -7.65822], [-57.93713, -7.65927], [-57.93019, -7.6757], [-57.91858, -7.68068], [-57.9121, -7.68807], [-57.91074, -7.7045], [-57.9032, -7.71385], [-57.9032, -7.73734], [-57.89823, -7.74698], [-57.88737, -7.75648], [-57.88748, -7.76984], [-57.87768, -7.80421], [-57.86267, -7.82924], [-57.8488, -7.86211], [-57.84118, -7.88968], [-57.85325, -7.8952], [-57.85215, -7.89863], [-57.85729, -7.89922], [-57.85714, -7.90583], [-57.86117, -7.90491], [-57.86134, -7.90912], [-57.86595, -7.90981], [-57.8647, -7.91421], [-57.87035, -7.92096], [-57.86928, -7.92411], [-57.87532, -7.93093], [-57.88213, -7.93173], [-57.88219, -7.93768], [-57.88737, -7.93116], [-57.89071, -7.93197], [-57.89656, -7.94454], [-57.91618, -7.95878], [-57.92412, -7.99122], [-57.94068, -7.99639], [-57.94635, -8.00248], [-57.94886, -8.01089], [-57.93997, -8.03004], [-57.94853, -8.03948], [-57.94849, -8.04406], [-57.94013, -8.06528], [-57.94278, -8.07539], [-57.95512, -8.07996], [-57.94349, -8.0957], [-57.93727, -8.11178], [-57.93329, -8.13546], [-57.93513, -8.15056], [-57.92676, -8.16005], [-57.9142, -8.15668], [-57.89726, -8.17179], [-57.8973, -8.18076], [-57.91176, -8.17965], [-57.9237, -8.19004], [-57.92553, -8.19789], [-57.92319, -8.20647], [-57.92784, -8.21875], [-57.92339, -8.22061], [-57.9189, -8.23163], [-57.90175, -8.245], [-57.89777, -8.25541], [-57.86469, -8.28117], [-57.86791, -8.28768], [-57.86485, -8.29697], [-57.86781, -8.30554], [-57.89792, -8.32125], [-57.89749, -8.32484], [-57.88282, -8.33512], [-57.88048, -8.34186], [-57.88322, -8.34712], [-57.87622, -8.35761], [-57.87753, -8.36447], [-57.86337, -8.37573], [-57.8564, -8.38995], [-57.85686, -8.41129], [-57.84772, -8.41986], [-57.84486, -8.43402], [-57.84835, -8.44429], [-57.84365, -8.45246], [-57.84485, -8.46262], [-57.83988, -8.4693], [-57.83936, -8.47608], [-57.84513, -8.48047], [-57.84256, -8.48344], [-57.84553, -8.4871], [-57.84182, -8.49139], [-57.84068, -8.50264], [-57.83533, -8.50557], [-57.83659, -8.51436], [-57.82865, -8.5243], [-57.82568, -8.55621], [-57.83482, -8.58408], [-57.84584, -8.594], [-57.86252, -8.59897], [-57.8674, -8.60847], [-57.86803, -8.64727], [-57.8818, -8.66544], [-57.86718, -8.69428], [-57.87243, -8.69954], [-57.89676, -8.70489], [-57.891, -8.71252], [-57.89096, -8.7223], [-57.8965, -8.73623], [-57.90084, -8.73863], [-57.90375, -8.75398], [-57.90016, -8.75729], [-57.90118, -8.76809], [-57.89016, -8.773], [-57.88799, -8.78055], [-57.87674, -8.79277], [-57.85926, -8.78517], [-57.84561, -8.79128], [-57.84372, -8.79682], [-57.83682, -8.80192], [-57.8334, -8.80095], [-57.82363, -8.8102], [-57.81798, -8.80786], [-57.81855, -8.81065], [-57.81044, -8.81762], [-57.80502, -8.81425], [-57.79965, -8.81916], [-57.79519, -8.81568], [-57.78674, -8.81865], [-57.78412, -8.83702], [-57.77721, -8.84507], [-57.77373, -8.84364], [-57.76786, -8.84687], [-57.7626, -8.85475], [-57.75278, -8.84647], [-57.74718, -8.84893], [-57.7465, -8.8535], [-57.74233, -8.8539], [-57.7397, -8.85921], [-57.73382, -8.85412], [-57.71715, -8.85669], [-57.71222, -8.85094], [-57.70177, -8.85499], [-57.69406, -8.86676], [-57.68053, -8.87447], [-57.67608, -8.88261], [-57.6652, -8.88782], [-57.67071, -8.88701], [-57.67517, -8.89327], [-57.68773, -8.89972], [-57.68887, -8.90377], [-57.69458, -8.9052], [-57.6967, -8.90252], [-57.70034, -8.91108], [-57.71125, -8.9148], [-57.72119, -8.92884], [-57.72176, -8.93592], [-57.72844, -8.94369], [-57.72729, -8.94722], [-57.73905, -8.95694], [-57.7537, -8.96027], [-57.76703, -8.95142], [-57.78178, -8.94704], [-57.78997, -8.9498], [-57.80558, -8.96199], [-57.80367, -8.97531], [-57.79415, -8.98845], [-57.79872, -9.00025], [-57.78983, -9.01072], [-57.7912, -9.01479], [-57.7983, -9.01767], [-57.80297, -9.015], [-57.80944, -9.03813], [-57.79088, -9.04565], [-57.77689, -9.06012], [-57.76646, -9.06415], [-57.75399, -9.07967], [-57.744, -9.08166], [-57.72791, -9.09251], [-57.73219, -9.11494], [-57.72249, -9.11884], [-57.72066, -9.13842], [-57.74626, -9.13837], [-57.7501, -9.14217], [-57.75631, -9.14252], [-57.7995, -9.13538], [-57.83102, -9.14026], [-57.85458, -9.13728], [-57.86101, -9.13276], [-57.87171, -9.13645], [-57.88623, -9.13038], [-57.89372, -9.13157], [-57.90785, -9.12634], [-57.91582, -9.12681], [-57.93319, -9.11968], [-57.93997, -9.11289], [-57.94687, -9.11634], [-57.95722, -9.11539], [-57.97709, -9.12812], [-58.00053, -9.13514], [-58.0054, -9.13395], [-58.02194, -9.15275], [-58.03158, -9.15275], [-58.03729, -9.15775], [-58.04966, -9.15727], [-58.05061, -9.1606], [-58.06217, -9.16203], [-58.06823, -9.16001], [-58.06859, -9.1568], [-58.07561, -9.16346], [-58.08786, -9.16227], [-58.0931, -9.16679], [-58.09798, -9.15977], [-58.10476, -9.16274], [-58.11892, -9.15727], [-58.12213, -9.16203], [-58.13557, -9.15525], [-58.14188, -9.15822], [-58.14616, -9.15537], [-58.15536, -9.15591], [-58.17388, -9.1434], [-58.19309, -9.14155], [-58.2055, -9.1298], [-58.21624, -9.13141], [-58.23265, -9.11509], [-58.23814, -9.12134], [-58.24943, -9.11778], [-58.2595, -9.11089], [-58.25789, -9.10378], [-58.26145, -9.10008], [-58.26105, -9.10545], [-58.27314, -9.11875], [-58.2779, -9.13155], [-58.30189, -9.13745], [-58.31586, -9.14562], [-58.32783, -9.14201], [-58.34262, -9.14678], [-58.34657, -9.15111], [-58.35339, -9.15082], [-58.3582, -9.15907], [-58.37191, -9.16424], [-58.37248, -9.17244], [-58.39071, -9.19866], [-58.39938, -9.20057], [-58.41516, -9.19694], [-58.42442, -9.18812], [-58.44015, -9.18284], [-58.44553, -9.17526], [-58.45493, -9.17267], [-58.46318, -9.16605], [-58.4815, -9.16701], [-58.53219, -9.13273], [-58.53852, -9.11843], [-58.53874, -9.10839], [-58.54778, -9.10423], [-58.55278, -9.09423], [-58.5617, -9.08603], [-58.55944, -9.06949], [-58.56373, -9.05521], [-58.57657, -9.04519], [-58.59065, -9.04835], [-58.59151, -9.05417], [-58.59806, -9.06019], [-58.59782, -9.07231], [-58.6071, -9.08551], [-58.61538, -9.08844], [-58.61738, -9.08437], [-58.61517, -9.06224], [-58.62056, -9.06018], [-58.6156, -9.04722], [-58.62632, -9.04182], [-58.68188, -9.03456], [-58.6991, -9.03876], [-58.72404, -9.03712], [-58.73954, -9.04348], [-58.76252, -9.03931], [-58.77826, -9.04611], [-58.78426, -9.04437], [-58.78944, -9.04669], [-58.79801, -9.04341], [-58.81064, -9.03014], [-58.81578, -9.029], [-58.81447, -9.02327], [-58.82733, -9.01316], [-58.84452, -9.01265], [-58.85335, -9.01706], [-58.87001, -8.99671], [-58.89146, -8.98222], [-58.91195, -8.97411], [-58.92925, -8.97599], [-58.93548, -8.97339], [-58.94971, -8.96251], [-58.95469, -8.95369], [-58.96653, -8.94839], [-58.98174, -8.9333], [-58.98691, -8.92131], [-59.01902, -8.90733], [-59.01938, -8.89932], [-59.0103, -8.89694], [-59.01548, -8.88591], [-59.0205, -8.88488], [-59.02103, -8.8713], [-59.01661, -8.87169], [-59.01801, -8.86832], [-59.02721, -8.85984], [-59.04047, -8.858], [-59.05329, -8.84752], [-59.05205, -8.84173], [-59.06468, -8.83486], [-59.07232, -8.83261], [-59.09224, -8.8343], [-59.10982, -8.81461], [-59.11804, -8.81272], [-59.12865, -8.8025], [-58.44728, -8.80382], [-58.44305, -8.7967], [-58.43438, -8.79291], [-58.4287, -8.78554], [-58.4165, -8.79183], [-58.40925, -8.78511], [-58.39659, -8.78075], [-58.37262, -8.75625], [-58.3637, -8.7359], [-58.33707, -8.72736], [-58.32655, -8.71801], [-58.32746, -8.71455], [-58.35259, -8.70654], [-58.38755, -8.71127], [-58.41177, -8.72475], [-58.42467, -8.71726], [-58.42937, -8.71851], [-58.43354, -8.71304], [-58.43807, -8.71922], [-58.44343, -8.72002], [-58.44866, -8.71309], [-58.43628, -8.6838], [-58.42477, -8.6699], [-58.41592, -8.63792], [-58.4066, -8.63264], [-58.40452, -8.60989], [-58.39461, -8.60708], [-58.39145, -8.60178], [-58.39507, -8.58874], [-58.41296, -8.57665], [-58.41192, -8.55238], [-58.40678, -8.53686], [-58.40935, -8.52497], [-58.41325, -8.52363], [-58.41658, -8.5263], [-58.41401, -8.52858], [-58.41963, -8.52516], [-58.41687, -8.51592], [-58.41944, -8.50879], [-58.42315, -8.50707], [-58.42058, -8.49479], [-58.40792, -8.47041], [-58.40583, -8.46032], [-58.40154, -8.46356], [-58.39859, -8.46165], [-58.39745, -8.44833], [-58.39288, -8.439], [-58.37741, -8.42564], [-58.36903, -8.41412], [-58.36627, -8.40108], [-58.35523, -8.39271], [-58.36069, -8.38172], [-58.35013, -8.36944], [-58.35412, -8.35488], [-58.35051, -8.34498], [-58.33186, -8.332], [-58.33101, -8.32867], [-58.3212, -8.32962], [-58.31768, -8.32553], [-58.31692, -8.30583], [-58.3253, -8.29745], [-58.33167, -8.29888], [-58.33319, -8.28689], [-58.3311, -8.27918], [-58.32253, -8.2737], [-58.32182, -8.24241], [-58.32848, -8.2243], [-58.32765, -8.21526], [-58.3198, -8.21526], [-58.31444, -8.2074], [-58.31849, -8.18408], [-58.32527, -8.17112], [-58.31992, -8.15313], [-58.31552, -8.14825], [-58.31635, -8.14409], [-58.29446, -8.13433], [-58.29017, -8.12767], [-58.29565, -8.11827], [-58.29672, -8.10839], [-58.29029, -8.09114], [-58.29101, -8.08305], [-58.3098, -8.06949], [-58.31754, -8.05176], [-58.32848, -8.0027], [-58.33265, -8.00448], [-58.32836, -8.00056], [-58.33348, -7.97257], [-58.35668, -7.94771], [-58.36881, -7.92306], [-58.38202, -7.90771], [-58.38285, -7.88903], [-58.37726, -7.86773], [-58.38928, -7.85072], [-58.38856, -7.83906], [-58.38131, -7.81689], [-58.37607, -7.81593], [-58.36572, -7.80689], [-58.35287, -7.80796], [-58.33689, -7.8008], [-58.31143, -7.77677], [-58.29799, -7.76951], [-58.28721, -7.73732], [-58.28566, -7.71019], [-58.28079, -7.69663], [-58.2702, -7.68437], [-58.27198, -7.68199], [-58.25889, -7.68069], [-58.24463, -7.64792], [-58.22012, -7.63352], [-58.20727, -7.62079], [-58.20715, -7.60188], [-58.21322, -7.57225], [-58.22512, -7.54487], [-58.22904, -7.50085], [-58.22547, -7.49209], [-58.21512, -7.48555], [-58.21822, -7.46199], [-58.21381, -7.43094], [-58.20058, -7.41836], [-59.36739, -7.93883], [-59.36082, -7.9129], [-59.35702, -7.90826], [-59.36392, -7.90243], [-59.36011, -7.87566], [-59.34786, -7.86122], [-59.35107, -7.85479], [-59.34821, -7.84468], [-59.34583, -7.84218], [-59.33631, -7.84587], [-59.33156, -7.84289], [-59.32358, -7.82838], [-59.3057, -7.80811], [-59.3149, -7.80242], [-59.3204, -7.7874], [-59.31695, -7.77878], [-59.33063, -7.76795], [-59.35157, -7.72762], [-59.34395, -7.71872], [-59.34372, -7.70349], [-59.33658, -7.6979], [-59.32777, -7.66887], [-59.32754, -7.6574], [-59.33432, -7.64574], [-59.33134, -7.6292], [-59.32087, -7.621], [-59.31516, -7.59803], [-59.29637, -7.59232], [-59.2922, -7.58571], [-59.29506, -7.57702], [-59.29018, -7.5612], [-59.28863, -7.53146], [-59.28518, -7.53051], [-59.28137, -7.51678], [-59.2853, -7.51178], [-59.28244, -7.50631], [-59.28482, -7.49334], [-59.29196, -7.48858], [-59.29327, -7.48263], [-59.28657, -7.47882], [-59.28491, -7.46907], [-59.28146, -7.46728], [-59.28586, -7.46003], [-59.28193, -7.45991], [-59.27991, -7.44884], [-59.26789, -7.43516], [-59.26575, -7.42826], [-59.25671, -7.42457], [-59.25196, -7.42719], [-59.25113, -7.41458], [-59.24578, -7.41386], [-59.24649, -7.41006], [-59.23995, -7.40399], [-59.24411, -7.40197], [-59.23959, -7.39773], [-59.24709, -7.37858], [-59.24328, -7.37786], [-59.24423, -7.36739], [-59.24173, -7.36418], [-59.24494, -7.35788], [-59.23864, -7.35169], [-59.2365, -7.3436], [-59.22531, -7.34526], [-59.21996, -7.35216], [-59.2014, -7.3524], [-59.19581, -7.35728], [-59.17787, -7.35968], [-59.17465, -7.35219], [-59.16894, -7.34874], [-59.17263, -7.34469], [-59.16228, -7.33708], [-59.16466, -7.33173], [-59.15383, -7.3278], [-59.15491, -7.31888], [-59.14765, -7.32566], [-59.14218, -7.3165], [-59.14003, -7.32304], [-59.13504, -7.32494], [-59.13206, -7.32411], [-59.13159, -7.31602], [-59.12492, -7.32149], [-59.11814, -7.31745], [-59.11517, -7.3253], [-59.11148, -7.32197], [-59.10828, -7.33054], [-59.10483, -7.32661], [-59.09983, -7.32851], [-59.09531, -7.32625], [-59.09388, -7.33101], [-59.08877, -7.33101], [-59.0902, -7.32673], [-59.07176, -7.319], [-59.07354, -7.30853], [-59.06248, -7.30579], [-59.06593, -7.29758], [-59.05415, -7.30341], [-59.05629, -7.29104], [-59.05058, -7.29425], [-59.04663, -7.28716], [-59.04199, -7.28835], [-59.04116, -7.27871], [-59.04615, -7.27574], [-59.03104, -7.26765], [-59.03819, -7.25232], [-59.0232, -7.25565], [-59.01642, -7.24661], [-59.01154, -7.25542], [-59.00655, -7.24495], [-58.99441, -7.24483], [-58.99655, -7.23828], [-58.99393, -7.23555], [-58.98501, -7.23757], [-58.97906, -7.2346], [-58.96847, -7.24162], [-58.96467, -7.23698], [-58.95183, -7.23762], [-58.94831, -7.22996], [-58.9379, -7.22506], [-58.93713, -7.22078], [-58.94341, -7.21848], [-58.94249, -7.20225], [-58.95352, -7.19108], [-58.95428, -7.16842], [-58.95137, -7.15418], [-58.94445, -7.1481], [-58.94271, -7.14054], [-58.93672, -7.13793], [-58.92869, -7.14148], [-58.9257, -7.13737], [-58.93897, -7.10428], [-58.94046, -7.08914], [-58.93149, -7.07195], [-58.9257, -7.06709], [-58.92364, -7.05737], [-58.92682, -7.05045], [-58.9442, -7.03512], [-58.95224, -7.0312], [-58.9657, -7.03307], [-58.9657, -7.02933], [-58.95056, -7.02223], [-58.94705, -7.01309], [-58.94283, -7.01612], [-58.9386, -7.02819], [-58.92956, -7.02261], [-58.91569, -7.02864], [-58.8991, -7.02969], [-58.89579, -7.02728], [-58.8884, -7.03271], [-58.88252, -7.03226], [-58.88056, -7.03859], [-58.87513, -7.03874], [-58.86677, -7.02808], [-58.8687, -7.01321], [-58.86409, -7.01871], [-58.86275, -7.00919], [-58.85234, -7.00741], [-58.83806, -6.99893], [-58.82884, -7.00012], [-58.82572, -6.99343], [-58.81724, -6.99149], [-58.80936, -6.97618], [-58.7991, -6.97261], [-58.77278, -6.97543], [-58.7643, -6.97335], [-58.75508, -6.98093], [-58.75017, -6.98093], [-58.73738, -6.96681], [-58.72862, -6.96575], [-58.72474, -6.93547], [-58.7155, -6.93575], [-58.70651, -6.93019], [-58.69894, -6.93904], [-58.67816, -6.94064], [-58.66955, -6.89473], [-58.64936, -6.88187], [-58.61402, -6.9095]]]}}, {"type": "Feature", "properties": {"nome": "PARQUE NACIONAL DO ACARI", "grupo": "Proteção integral", "esfera": "Federal", "ano": "2016", "ha": 896429.1640895205, "bioma": "AMAZÔNIA"}, "geometry": {"type": "Polygon", "coordinates": [[[-58.82991, -5.65543], [-58.83798, -5.66125], [-58.83233, -5.66575], [-58.82906, -5.66253], [-58.82927, -5.66695], [-58.84414, -5.66785], [-58.84611, -5.67089], [-58.8368, -5.67854], [-58.83042, -5.67563], [-58.8295, -5.68347], [-58.83686, -5.68753], [-58.82782, -5.69484], [-58.83362, -5.69734], [-58.83581, -5.70606], [-58.83129, -5.70867], [-58.82785, -5.70439], [-58.82506, -5.70517], [-58.83126, -5.71542], [-58.82626, -5.71321], [-58.82067, -5.71774], [-58.81822, -5.73268], [-58.81114, -5.73827], [-58.81911, -5.74508], [-58.82266, -5.76068], [-58.82032, -5.76437], [-58.82588, -5.7668], [-58.82084, -5.77069], [-58.81918, -5.77998], [-58.81429, -5.78068], [-58.81837, -5.78706], [-58.81383, -5.79005], [-58.82313, -5.79717], [-58.82899, -5.79628], [-58.83037, -5.80136], [-58.82407, -5.80386], [-58.82309, -5.81152], [-58.82966, -5.81156], [-58.82908, -5.82029], [-58.82755, -5.82257], [-58.82309, -5.82109], [-58.81715, -5.83353], [-58.81923, -5.83714], [-58.81451, -5.83638], [-58.81455, -5.84303], [-58.81087, -5.84437], [-58.81911, -5.84818], [-58.81997, -5.85422], [-58.82603, -5.84708], [-58.83018, -5.85092], [-58.82423, -5.86029], [-58.82408, -5.8667], [-58.82639, -5.86791], [-58.82581, -5.86392], [-58.82892, -5.86366], [-58.82543, -5.87632], [-58.82937, -5.87707], [-58.82584, -5.88283], [-58.82645, -5.89583], [-58.82941, -5.89476], [-58.83373, -5.9019], [-58.82316, -5.90152], [-58.81848, -5.90448], [-58.81598, -5.90258], [-58.81858, -5.90048], [-58.8175, -5.89353], [-58.80919, -5.90685], [-58.81887, -5.91269], [-58.81298, -5.91982], [-58.81269, -5.92724], [-58.82396, -5.92996], [-58.8162, -5.93573], [-58.82447, -5.93873], [-58.81988, -5.94135], [-58.82494, -5.94899], [-58.82267, -5.95385], [-58.82676, -5.95861], [-58.82217, -5.9621], [-58.8287, -5.96647], [-58.81992, -5.97049], [-58.81898, -5.97774], [-58.83066, -5.97769], [-58.82666, -5.98007], [-58.82822, -5.987], [-58.83405, -5.98593], [-58.8361, -5.99035], [-58.83278, -5.99125], [-58.83464, -6.00146], [-58.83035, -6.00265], [-58.83126, -6.01455], [-58.82196, -6.02215], [-58.81522, -6.01801], [-58.81103, -6.01988], [-58.81633, -6.03133], [-58.80996, -6.04305], [-58.8103, -6.04817], [-58.80542, -6.048], [-58.8015, -6.05615], [-58.80279, -6.05803], [-58.80616, -6.05561], [-58.806, -6.05958], [-58.80891, -6.05815], [-58.81521, -6.06976], [-58.80312, -6.07611], [-58.80305, -6.08321], [-58.80651, -6.08273], [-58.80833, -6.08671], [-58.80484, -6.09163], [-58.80949, -6.09082], [-58.80973, -6.10186], [-58.81337, -6.10142], [-58.81381, -6.10734], [-58.81925, -6.11068], [-58.81579, -6.11657], [-58.82418, -6.12545], [-58.82708, -6.12357], [-58.83008, -6.12623], [-58.82569, -6.12944], [-58.83317, -6.13724], [-58.82925, -6.1409], [-58.83451, -6.14788], [-58.83457, -6.15523], [-58.84003, -6.1586], [-58.83643, -6.1648], [-58.83897, -6.1709], [-58.844, -6.17349], [-58.83901, -6.17627], [-58.8474, -6.19085], [-58.84714, -6.19308], [-58.84375, -6.19084], [-58.84613, -6.1948], [-58.8434, -6.19888], [-58.8488, -6.2131], [-58.8547, -6.21282], [-58.85678, -6.21642], [-58.86007, -6.21516], [-58.86106, -6.21918], [-58.87649, -6.22295], [-58.87468, -6.22491], [-58.87872, -6.23153], [-58.88575, -6.23331], [-58.88379, -6.23822], [-58.89076, -6.23727], [-58.89754, -6.2493], [-58.89947, -6.24809], [-58.8983, -6.25244], [-58.90249, -6.24717], [-58.90711, -6.24801], [-58.91503, -6.26], [-58.91074, -6.26191], [-58.91997, -6.27847], [-58.91755, -6.28338], [-58.92026, -6.28457], [-58.91269, -6.30117], [-58.91578, -6.30481], [-58.91297, -6.30864], [-58.90832, -6.30823], [-58.91102, -6.31164], [-58.90693, -6.31636], [-58.90761, -6.32303], [-58.89274, -6.33027], [-58.89236, -6.33907], [-58.88277, -6.34617], [-58.8804, -6.35383], [-58.8753, -6.3513], [-58.8688, -6.35352], [-58.86476, -6.35839], [-58.86605, -6.36155], [-58.85861, -6.36894], [-58.86019, -6.37424], [-58.85365, -6.3739], [-58.85519, -6.38166], [-58.84995, -6.38351], [-58.84656, -6.39213], [-58.84985, -6.39889], [-58.84397, -6.40245], [-58.84559, -6.40791], [-58.8393, -6.40948], [-58.83931, -6.41949], [-58.83548, -6.42155], [-58.83729, -6.42673], [-58.83363, -6.43738], [-58.83362, -6.46112], [-58.83768, -6.4645], [-58.8351, -6.47094], [-58.84342, -6.48592], [-58.84232, -6.49005], [-58.84526, -6.49204], [-58.84916, -6.50904], [-58.85468, -6.51132], [-58.86019, -6.52207], [-58.86264, -6.53486], [-58.89752, -6.53473], [-58.90118, -6.53899], [-58.91411, -6.53703], [-58.92392, -6.52947], [-58.93244, -6.53171], [-58.93598, -6.52745], [-58.94543, -6.52943], [-58.95431, -6.52689], [-58.96612, -6.53145], [-58.97894, -6.54127], [-58.99097, -6.5435], [-58.99879, -6.53917], [-59.01067, -6.54859], [-59.02197, -6.54744], [-59.02747, -6.5504], [-59.03066, -6.54578], [-59.0422, -6.54939], [-59.06863, -6.53371], [-59.07142, -6.54392], [-59.07857, -6.54705], [-59.08419, -6.55489], [-59.09531, -6.55547], [-59.31027, -6.62355], [-59.52718, -6.70653], [-59.55991, -6.69451], [-59.58355, -6.6781], [-59.64346, -6.67961], [-59.64268, -6.68814], [-59.65691, -6.70609], [-59.66108, -6.71872], [-59.67177, -6.72234], [-59.68743, -6.73978], [-59.70232, -6.74897], [-59.72634, -6.75664], [-59.78836, -6.75626], [-59.88678, -6.17388], [-58.85991, -5.66112], [-58.84545, -5.65511], [-58.83133, -5.65319], [-58.82991, -5.65543]]]}}, {"type": "Feature", "properties": {"nome": "FLORESTA NACIONAL DE URUPADI", "grupo": "Uso sustentável", "esfera": "Federal", "ano": "2016", "ha": 537998.5187073252, "bioma": "AMAZÔNIA"}, "geometry": {"type": "Polygon", "coordinates": [[[-57.83712, -5.54887], [-58.03261, -5.97303], [-58.16752, -6.28002], [-58.17284, -6.28119], [-58.18792, -6.26385], [-58.19998, -6.26225], [-58.20458, -6.25687], [-58.22542, -6.25353], [-58.24164, -6.2371], [-58.2472, -6.23865], [-58.26331, -6.2292], [-58.27016, -6.23463], [-58.2858, -6.23555], [-58.28924, -6.239], [-58.29832, -6.23699], [-58.30858, -6.24479], [-58.31587, -6.244], [-58.31899, -6.24819], [-58.33415, -6.24957], [-58.3384, -6.25473], [-58.3377, -6.25914], [-58.34313, -6.26145], [-58.3457, -6.28196], [-58.37215, -6.30461], [-58.37164, -6.31574], [-58.37672, -6.33288], [-58.3489, -6.36912], [-58.37039, -6.37973], [-58.37662, -6.39212], [-58.41446, -6.42978], [-58.4667, -6.45238], [-58.66194, -6.55864], [-58.87301, -6.60646], [-58.87087, -6.59996], [-58.87512, -6.59022], [-58.86893, -6.58041], [-58.87143, -6.56874], [-58.8666, -6.56013], [-58.86733, -6.54304], [-58.85489, -6.5113], [-58.84936, -6.50903], [-58.84547, -6.49203], [-58.84253, -6.49003], [-58.84363, -6.4859], [-58.83531, -6.47092], [-58.83788, -6.46427], [-58.83383, -6.46111], [-58.83384, -6.43737], [-58.83705, -6.43379], [-58.83568, -6.42154], [-58.83951, -6.41948], [-58.83951, -6.40947], [-58.8458, -6.40789], [-58.84417, -6.40244], [-58.85005, -6.39887], [-58.84676, -6.39211], [-58.85016, -6.3835], [-58.8554, -6.38164], [-58.85385, -6.37388], [-58.8604, -6.37422], [-58.85882, -6.36892], [-58.86626, -6.36154], [-58.86497, -6.35837], [-58.86901, -6.35351], [-58.87551, -6.35129], [-58.88061, -6.35381], [-58.88298, -6.34616], [-58.89257, -6.33906], [-58.89295, -6.33025], [-58.90782, -6.32301], [-58.90714, -6.31635], [-58.91123, -6.31163], [-58.90853, -6.30821], [-58.91318, -6.30863], [-58.91598, -6.30434], [-58.9129, -6.30115], [-58.91767, -6.29402], [-58.92026, -6.27902], [-58.91095, -6.2619], [-58.91531, -6.2604], [-58.91187, -6.25424], [-58.90525, -6.24668], [-58.89844, -6.25224], [-58.8993, -6.24766], [-58.89688, -6.24841], [-58.89011, -6.23645], [-58.884, -6.23821], [-58.88595, -6.23329], [-58.87851, -6.23106], [-58.87467, -6.2245], [-58.87669, -6.22293], [-58.86127, -6.21917], [-58.86028, -6.21514], [-58.85602, -6.21608], [-58.85456, -6.21254], [-58.84884, -6.21276], [-58.84564, -6.20603], [-58.81458, -6.21387], [-58.81519, -6.21614], [-58.80893, -6.21623], [-58.80714, -6.21974], [-58.80461, -6.21671], [-58.80173, -6.22046], [-58.80356, -6.22276], [-58.79903, -6.2204], [-58.79233, -6.22189], [-58.78975, -6.22749], [-58.78253, -6.22583], [-58.77203, -6.2345], [-58.76693, -6.23042], [-58.76553, -6.22102], [-58.75913, -6.21605], [-58.75232, -6.2212], [-58.73697, -6.21647], [-58.72433, -6.22146], [-58.71202, -6.21501], [-58.6989, -6.21908], [-58.69361, -6.21575], [-58.68639, -6.21911], [-58.68126, -6.21723], [-58.68511, -6.2113], [-58.62001, -6.21127], [-58.62608, -6.19903], [-58.64592, -6.17622], [-58.64756, -6.1699], [-58.6528, -6.17087], [-58.65274, -6.06341], [-58.65482, -6.05966], [-58.67086, -6.05133], [-58.67532, -6.05182], [-58.67737, -6.05648], [-58.69661, -6.04277], [-58.70623, -6.04268], [-58.70887, -6.04701], [-58.71815, -6.05077], [-58.71583, -6.0453], [-58.70836, -6.04173], [-58.70536, -6.02929], [-58.68582, -6.01676], [-58.68874, -6.0], [-58.68548, -5.98693], [-58.70962, -5.98536], [-58.71808, -5.98079], [-58.72211, -5.97448], [-58.7447, -5.96498], [-58.75674, -5.94939], [-58.75684, -5.94718], [-58.74539, -5.94723], [-58.73903, -5.93301], [-58.72879, -5.92246], [-58.73612, -5.91599], [-58.73036, -5.90527], [-58.73207, -5.88926], [-58.74052, -5.88017], [-58.74306, -5.86774], [-58.75212, -5.8645], [-58.75374, -5.85593], [-58.73291, -5.8471], [-58.72814, -5.83879], [-58.72608, -5.82258], [-58.7159, -5.80861], [-58.71897, -5.8003], [-58.70776, -5.79313], [-58.70112, -5.78444], [-58.70456, -5.77013], [-58.69752, -5.7537], [-58.68858, -5.74579], [-58.68876, -5.73006], [-58.68118, -5.72332], [-58.67415, -5.72476], [-58.67238, -5.72223], [-58.67508, -5.71572], [-58.67169, -5.70786], [-58.67572, -5.70227], [-58.6712, -5.69622], [-58.67564, -5.69555], [-58.67661, -5.6875], [-58.68382, -5.68407], [-58.68862, -5.67438], [-58.6798, -5.66685], [-58.6791, -5.66277], [-58.68836, -5.65972], [-58.69084, -5.64955], [-58.68567, -5.64791], [-58.69089, -5.63993], [-58.69696, -5.6376], [-58.70065, -5.63007], [-58.69679, -5.63033], [-58.69506, -5.62598], [-58.6892, -5.62729], [-58.6711, -5.60978], [-58.6605, -5.60868], [-58.65186, -5.60232], [-58.64455, -5.60517], [-58.61887, -5.60602], [-58.61335, -5.61756], [-58.58089, -5.60664], [-58.55486, -5.60516], [-58.5606, -5.62248], [-58.55496, -5.62522], [-58.5547, -5.63261], [-58.55078, -5.6355], [-58.55096, -5.64241], [-58.55681, -5.64219], [-58.557, -5.64738], [-58.5501, -5.65099], [-58.54627, -5.66364], [-58.5479, -5.672], [-58.55331, -5.67769], [-58.55277, -5.68196], [-58.54662, -5.68234], [-58.54577, -5.68786], [-58.5505, -5.70948], [-58.54507, -5.71661], [-58.54852, -5.72492], [-58.5383, -5.73724], [-58.55307, -5.76547], [-58.53338, -5.76901], [-58.52429, -5.76696], [-58.51644, -5.7731], [-58.51372, -5.77949], [-58.50869, -5.77945], [-58.51463, -5.79854], [-58.50684, -5.8318], [-58.51196, -5.84601], [-58.51149, -5.85427], [-58.51783, -5.86708], [-58.51759, -5.88022], [-58.52464, -5.89002], [-58.52276, -5.89393], [-58.51713, -5.89369], [-58.50947, -5.90085], [-58.51109, -5.91086], [-58.5076, -5.92401], [-58.51046, -5.92969], [-58.49723, -5.92964], [-58.49513, -5.93404], [-58.49111, -5.93404], [-58.48098, -5.92104], [-58.46855, -5.92352], [-58.46204, -5.92142], [-58.44637, -5.93538], [-58.43088, -5.93653], [-58.42553, -5.94265], [-58.42495, -5.94972], [-58.36815, -5.95971], [-58.35153, -5.95737], [-58.345, -5.96548], [-58.30793, -5.96926], [-58.28079, -5.99986], [-58.27975, -6.02639], [-58.26354, -6.04815], [-58.26863, -6.07099], [-58.25831, -6.06626], [-58.22054, -5.99389], [-58.2213, -5.96444], [-58.21442, -5.95527], [-58.20887, -5.93175], [-58.16107, -5.89423], [-58.15361, -5.87878], [-58.15457, -5.87056], [-58.13697, -5.84188], [-58.13047, -5.83824], [-58.10772, -5.81048], [-58.07884, -5.80746], [-58.07483, -5.8021], [-58.06508, -5.80455], [-58.04462, -5.79288], [-58.05131, -5.78026], [-58.05972, -5.74508], [-58.08286, -5.73073], [-58.09892, -5.71448], [-58.10865, -5.71238], [-58.12283, -5.71697], [-58.12799, -5.72882], [-58.13239, -5.73188], [-58.14463, -5.72404], [-58.16375, -5.7185], [-58.16795, -5.70244], [-58.14558, -5.65539], [-58.10141, -5.63035], [-58.10199, -5.61907], [-58.09854, -5.61754], [-58.08975, -5.61849], [-58.08057, -5.62614], [-58.06585, -5.62729], [-58.05322, -5.63723], [-58.03984, -5.62805], [-58.03295, -5.61562], [-58.01207, -5.62154], [-57.98687, -5.6357], [-57.96641, -5.63589], [-57.94939, -5.61352], [-57.95085, -5.59727], [-57.94671, -5.57795], [-57.9578, -5.55328], [-57.94346, -5.55589], [-57.93237, -5.55366], [-57.92729, -5.56783], [-57.91381, -5.57202], [-57.90158, -5.56609], [-57.89029, -5.568], [-57.88379, -5.55691], [-57.87978, -5.55768], [-57.87653, -5.5638], [-57.86678, -5.55653], [-57.85377, -5.5615], [-57.83712, -5.54887]]]}}, {"type": "Feature", "properties": {"nome": "FLORESTA NACIONAL DO ARIPUANÃ", "grupo": "Uso sustentável", "esfera": "Federal", "ano": "2016", "ha": 751295.9001868207, "bioma": "AMAZÔNIA"}, "geometry": {"type": "Polygon", "coordinates": [[[-60.07379, -6.28496], [-60.08089, -6.28625], [-60.10541, -6.30476], [-60.10497, -6.31789], [-60.09958, -6.33162], [-60.09494, -6.32866], [-60.09673, -6.32207], [-60.09025, -6.31744], [-60.07856, -6.32564], [-60.07979, -6.33197], [-60.0923, -6.3443], [-60.09261, -6.35165], [-60.08867, -6.35956], [-60.07435, -6.37309], [-60.06362, -6.37404], [-60.06813, -6.38082], [-60.09016, -6.39052], [-60.0893, -6.40562], [-60.10006, -6.41959], [-60.09522, -6.43055], [-60.08469, -6.43004], [-60.08945, -6.43803], [-60.08034, -6.44903], [-60.08643, -6.45651], [-60.09318, -6.45907], [-60.09699, -6.45722], [-60.09994, -6.46015], [-60.09749, -6.46845], [-60.08884, -6.47195], [-60.09877, -6.48734], [-60.10748, -6.53074], [-60.10051, -6.55488], [-60.09279, -6.55189], [-60.09084, -6.55859], [-60.10822, -6.56178], [-60.11135, -6.57516], [-60.11056, -6.59942], [-60.11351, -6.61037], [-60.12009, -6.61314], [-60.11903, -6.62216], [-60.12413, -6.62721], [-60.12428, -6.63381], [-60.13672, -6.63827], [-60.14041, -6.643], [-60.15481, -6.64545], [-60.15762, -6.65097], [-60.18253, -6.65325], [-60.17926, -6.74703], [-60.16943, -6.79994], [-60.13455, -6.8631], [-60.16189, -6.95636], [-60.15347, -7.01664], [-60.22582, -7.08368], [-60.22424, -7.17278], [-60.25171, -7.20384], [-60.28907, -7.23671], [-60.31597, -7.25465], [-60.32494, -7.27706], [-60.33166, -7.28134], [-60.36365, -7.21495], [-60.41019, -7.24798], [-60.38457, -7.30844], [-60.45217, -7.3314], [-60.46065, -7.3419], [-60.45974, -7.34553], [-60.45492, -7.34717], [-60.45852, -7.34936], [-60.45854, -7.35363], [-60.46409, -7.35379], [-60.46177, -7.35455], [-60.46313, -7.36389], [-60.46833, -7.3636], [-60.47654, -7.36956], [-60.48243, -7.38458], [-60.49038, -7.38799], [-60.49405, -7.38649], [-60.4987, -7.39085], [-60.5068, -7.39036], [-60.51675, -7.40006], [-60.54305, -7.40669], [-60.55316, -7.34555], [-60.55201, -7.27815], [-60.59344, -7.17038], [-60.6023, -7.15984], [-60.61482, -7.15206], [-60.6282, -7.14879], [-60.64255, -7.14983], [-60.64821, -7.13946], [-60.70765, -7.13913], [-60.69566, -7.16394], [-60.72548, -7.19138], [-60.73838, -7.20985], [-60.77064, -7.22908], [-60.77878, -7.24017], [-60.78321, -7.2532], [-60.78287, -7.27065], [-60.7516, -7.39146], [-60.76829, -7.48822], [-60.8114, -7.49681], [-60.95227, -7.57439], [-60.98062, -7.57414], [-60.99444, -7.5842], [-61.00051, -7.58527], [-61.01382, -7.57652], [-61.03024, -7.58163], [-61.06478, -7.60051], [-61.06339, -7.59534], [-61.08806, -7.59562], [-61.08955, -7.58468], [-61.09422, -7.58245], [-61.10099, -7.56724], [-61.10584, -7.56335], [-61.10538, -7.54691], [-61.10021, -7.53696], [-61.14614, -7.53631], [-61.16522, -7.54033], [-61.18586, -7.53683], [-61.19185, -7.54037], [-61.18422, -7.56102], [-61.18822, -7.57467], [-61.21544, -7.57373], [-61.23101, -7.56036], [-61.23908, -7.57141], [-61.23756, -7.58072], [-61.24158, -7.58642], [-61.2487, -7.585], [-61.253, -7.57805], [-61.25863, -7.57593], [-61.26688, -7.57947], [-61.27708, -7.58969], [-61.28889, -7.58948], [-61.28966, -7.5804], [-61.29809, -7.57102], [-61.2962, -7.56466], [-61.30008, -7.56667], [-61.30189, -7.55592], [-61.29489, -7.5474], [-61.29516, -7.53874], [-61.30208, -7.53559], [-61.31033, -7.53702], [-61.29573, -7.52857], [-61.30662, -7.52002], [-61.29846, -7.50879], [-61.30962, -7.5028], [-61.30925, -7.49742], [-61.30211, -7.49792], [-61.30097, -7.49024], [-61.30628, -7.48669], [-61.30678, -7.4816], [-61.30944, -7.48446], [-61.3119, -7.48018], [-61.30985, -7.47678], [-61.31326, -7.47678], [-61.31469, -7.47297], [-61.31222, -7.46841], [-61.31573, -7.45442], [-61.31297, -7.45089], [-61.31607, -7.44997], [-61.3182, -7.43274], [-61.31225, -7.42231], [-61.31453, -7.41983], [-61.3199, -7.42491], [-61.324, -7.42379], [-61.33025, -7.41475], [-61.32887, -7.40636], [-61.3182, -7.40539], [-61.31356, -7.40078], [-61.32756, -7.3979], [-61.33396, -7.40082], [-61.33374, -7.39308], [-61.34277, -7.38886], [-61.33344, -7.37675], [-61.32039, -7.37218], [-61.32436, -7.35895], [-61.3291, -7.36094], [-61.32858, -7.3537], [-61.31498, -7.35163], [-61.31884, -7.34505], [-61.31634, -7.34037], [-61.29449, -7.33174], [-61.29126, -7.31905], [-61.28117, -7.32016], [-61.27784, -7.31775], [-61.27827, -7.31239], [-61.27529, -7.31293], [-61.28049, -7.30507], [-61.27853, -7.30068], [-61.25896, -7.30622], [-61.24598, -7.30114], [-61.23701, -7.30684], [-61.231, -7.3062], [-61.22629, -7.31262], [-61.22086, -7.31269], [-61.20621, -7.32141], [-61.19284, -7.31583], [-61.19053, -7.30984], [-61.18462, -7.30749], [-61.16653, -7.3132], [-61.16254, -7.30807], [-61.16418, -7.29887], [-61.155, -7.29611], [-61.14375, -7.30164], [-61.13395, -7.30104], [-61.11727, -7.30948], [-61.11356, -7.32514], [-61.11592, -7.33666], [-61.07555, -7.33358], [-61.08232, -7.32738], [-61.08143, -7.32079], [-61.05885, -7.32013], [-60.96882, -7.33464], [-60.96136, -7.33298], [-60.92754, -7.33755], [-60.91363, -7.34287], [-60.90891, -7.33941], [-60.89794, -7.3472], [-60.88882, -7.34101], [-60.86836, -7.3433], [-60.86467, -7.33019], [-60.85145, -7.31824], [-60.81515, -7.3023], [-60.80399, -7.29344], [-60.80195, -7.26513], [-60.80376, -7.25012], [-60.80667, -7.24815], [-60.80162, -7.24196], [-60.80385, -7.24336], [-60.8088, -7.22882], [-60.8154, -7.22558], [-60.81842, -7.21779], [-60.83143, -7.20827], [-60.83458, -7.19139], [-60.84239, -7.17923], [-60.83408, -7.16794], [-60.84076, -7.16611], [-60.83801, -7.15679], [-60.84565, -7.153], [-60.8424, -7.14224], [-60.84516, -7.1398], [-60.84942, -7.14185], [-60.8545, -7.13125], [-60.86151, -7.13328], [-60.85788, -7.12909], [-60.85868, -7.12489], [-60.86792, -7.11764], [-60.86106, -7.11602], [-60.85989, -7.11283], [-60.87167, -7.1077], [-60.86222, -7.0973], [-60.86591, -7.08748], [-60.86352, -7.08156], [-60.87296, -7.07763], [-60.87271, -7.07245], [-60.88351, -7.06141], [-60.8849, -7.04388], [-60.8757, -7.04791], [-60.86788, -7.04481], [-60.86894, -7.00181], [-60.8654, -6.9974], [-60.85604, -6.99775], [-60.84184, -6.98895], [-60.83423, -6.96043], [-60.82845, -6.95356], [-60.83383, -6.88016], [-60.76293, -6.87576], [-60.74638, -6.86729], [-60.73468, -6.84649], [-60.71419, -6.83825], [-60.71638, -6.82825], [-60.71097, -6.80554], [-60.6978, -6.79614], [-60.68648, -6.79311], [-60.68061, -6.78545], [-60.67746, -6.75978], [-60.68266, -6.74503], [-60.68917, -6.7393], [-60.68827, -6.71441], [-60.69216, -6.69198], [-60.68446, -6.68337], [-60.67141, -6.67792], [-60.66506, -6.67093], [-60.66006, -6.67403], [-60.65661, -6.67196], [-60.65514, -6.67727], [-60.64899, -6.67218], [-60.63878, -6.67508], [-60.63971, -6.66396], [-60.63663, -6.66308], [-60.63223, -6.66743], [-60.62278, -6.66257], [-60.61591, -6.64856], [-60.60348, -6.64138], [-60.60536, -6.63231], [-60.60181, -6.6326], [-60.5983, -6.62443], [-60.58956, -6.62011], [-60.59423, -6.60818], [-60.58962, -6.59084], [-60.58117, -6.57635], [-60.58551, -6.55316], [-60.58082, -6.54659], [-60.58392, -6.53915], [-60.58914, -6.53785], [-60.58225, -6.53378], [-60.58557, -6.53241], [-60.5863, -6.52369], [-60.58244, -6.52112], [-60.5881, -6.51669], [-60.06345, -6.26323], [-60.06445, -6.276], [-60.07379, -6.28496]]]}}, {"type": "Feature", "properties": {"nome": "RESERVA EXTRATIVISTA DO MÉDIO PURÚS", "grupo": "Uso sustentável", "esfera": "Federal", "ano": "2008", "ha": 600547.317112505, "bioma": "AMAZÔNIA"}, "geometry": {"type": "Polygon", "coordinates": [[[-65.91165, -7.88009], [-65.9288, -7.88778], [-65.94125, -7.88501], [-65.94935, -7.88952], [-65.95296, -7.89805], [-65.96557, -7.90904], [-65.97557, -7.91553], [-65.98627, -7.91751], [-65.98763, -7.8964], [-66.00358, -7.89086], [-66.00888, -7.88597], [-66.0063, -7.88016], [-66.01114, -7.86951], [-66.00329, -7.84931], [-66.00483, -7.83717], [-66.01215, -7.83083], [-66.01962, -7.82934], [-66.02979, -7.84193], [-66.03534, -7.84154], [-66.03826, -7.83001], [-66.04888, -7.81773], [-66.04492, -7.81269], [-66.04557, -7.80545], [-66.03714, -7.79753], [-66.03983, -7.78817], [-66.03876, -7.74432], [-66.08297, -7.75324], [-66.09333, -7.75104], [-66.10297, -7.75585], [-66.1154, -7.75716], [-66.13298, -7.74901], [-66.16317, -7.75918], [-66.1688, -7.75759], [-66.16795, -7.77837], [-66.15959, -7.80231], [-66.16213, -7.80538], [-66.17986, -7.7949], [-66.18048, -7.78961], [-66.18935, -7.78242], [-66.19757, -7.7884], [-66.20999, -7.78811], [-66.21348, -7.79256], [-66.21916, -7.79104], [-66.22829, -7.7964], [-66.25155, -7.79382], [-66.25876, -7.78651], [-66.26468, -7.78981], [-66.27925, -7.78997], [-66.27881, -7.79273], [-66.28303, -7.79432], [-66.28553, -7.79115], [-66.29192, -7.79151], [-66.30039, -7.79474], [-66.30323, -7.79952], [-66.30844, -7.79875], [-66.3063, -7.81535], [-66.28757, -7.83294], [-66.2941, -7.84448], [-66.30322, -7.88434], [-66.29746, -7.90084], [-66.30156, -7.91445], [-66.295, -7.93492], [-66.28605, -7.94957], [-66.41515, -7.98966], [-66.49386, -7.99404], [-66.49074, -7.9872], [-66.47799, -7.97976], [-66.46403, -7.95155], [-66.44665, -7.94247], [-66.43693, -7.92367], [-66.41835, -7.91556], [-66.41386, -7.90949], [-66.40455, -7.90858], [-66.39713, -7.90166], [-66.38716, -7.88236], [-66.38865, -7.85858], [-66.37636, -7.84674], [-66.37079, -7.84533], [-66.36474, -7.83695], [-66.35727, -7.83365], [-66.37387, -7.8304], [-66.38365, -7.82429], [-66.39456, -7.83242], [-66.41056, -7.83025], [-66.42472, -7.83372], [-66.43628, -7.84381], [-66.43906, -7.85128], [-66.44666, -7.85293], [-66.45452, -7.86229], [-66.47247, -7.85165], [-66.486, -7.85235], [-66.49505, -7.84752], [-66.49133, -7.83611], [-66.4929, -7.82774], [-66.48625, -7.82187], [-66.48848, -7.80174], [-66.48371, -7.79197], [-66.48845, -7.78579], [-66.48503, -7.77847], [-66.60937, -7.72803], [-66.62235, -7.73918], [-66.62141, -7.75378], [-66.63071, -7.76438], [-66.63176, -7.77202], [-66.6398, -7.77895], [-66.66066, -7.78804], [-66.67933, -7.78315], [-66.71388, -7.80688], [-66.71024, -7.8233], [-66.71476, -7.83908], [-66.70263, -7.84961], [-66.70723, -7.87055], [-66.72269, -7.88733], [-66.72302, -7.9245], [-66.71488, -7.94505], [-66.8226, -7.94833], [-66.82253, -7.92891], [-66.82438, -7.9253], [-66.83224, -7.924], [-66.83583, -7.90787], [-66.84234, -7.90458], [-66.83355, -7.89581], [-66.8367, -7.89448], [-66.8306, -7.89028], [-66.83209, -7.88556], [-66.82566, -7.88939], [-66.83125, -7.88036], [-66.82701, -7.88075], [-66.82798, -7.88347], [-66.82223, -7.88679], [-66.82448, -7.88075], [-66.8201, -7.87891], [-66.82267, -7.87099], [-66.82131, -7.8684], [-66.81406, -7.86841], [-66.81628, -7.85454], [-66.81313, -7.84812], [-66.81639, -7.84402], [-66.81299, -7.83716], [-66.81836, -7.83153], [-66.8211, -7.83557], [-66.82385, -7.83442], [-66.82525, -7.82866], [-66.83311, -7.8235], [-66.83515, -7.76954], [-66.82495, -7.76152], [-66.8261, -7.7464], [-66.81678, -7.73251], [-66.8454, -7.70792], [-66.82983, -7.67603], [-66.83141, -7.67197], [-66.84455, -7.67151], [-66.84651, -7.66811], [-66.85739, -7.69242], [-66.86945, -7.69803], [-66.87799, -7.69823], [-66.88327, -7.69225], [-66.87125, -7.68088], [-66.87025, -7.67191], [-66.87656, -7.6643], [-66.886, -7.66477], [-66.85834, -7.59485], [-66.85423, -7.59689], [-66.85396, -7.60119], [-66.84941, -7.60081], [-66.84948, -7.60437], [-66.83695, -7.60652], [-66.83611, -7.61336], [-66.82514, -7.61282], [-66.82027, -7.618], [-66.81662, -7.61598], [-66.81203, -7.62269], [-66.80626, -7.62205], [-66.80621, -7.62534], [-66.80173, -7.62249], [-66.79876, -7.62708], [-66.78164, -7.62634], [-66.76787, -7.64067], [-66.74402, -7.63012], [-66.72234, -7.64091], [-66.71432, -7.64083], [-66.70363, -7.63544], [-66.6952, -7.63629], [-66.68847, -7.64454], [-66.69572, -7.66328], [-66.68149, -7.65589], [-66.67428, -7.66092], [-66.66918, -7.68419], [-66.67042, -7.70212], [-66.6636, -7.70875], [-66.65423, -7.70219], [-66.64751, -7.68183], [-66.64014, -7.67504], [-66.63033, -7.67291], [-66.61064, -7.68318], [-66.60746, -7.67898], [-66.60852, -7.67399], [-66.62774, -7.66785], [-66.6352, -7.66055], [-66.63033, -7.64988], [-66.61223, -7.64265], [-66.61013, -7.63727], [-66.61107, -7.63173], [-66.6182, -7.62602], [-66.61955, -7.62805], [-66.62636, -7.62493], [-66.62815, -7.61436], [-66.6307, -7.61372], [-66.55939, -7.54235], [-66.54611, -7.53691], [-66.52744, -7.54234], [-66.51358, -7.53889], [-66.50548, -7.54151], [-66.4864, -7.52698], [-66.48735, -7.51694], [-66.49552, -7.51141], [-66.49608, -7.51491], [-66.49948, -7.5153], [-66.49954, -7.5098], [-66.50281, -7.51002], [-66.50073, -7.5064], [-66.50804, -7.50584], [-66.50857, -7.5003], [-66.51186, -7.50284], [-66.51633, -7.49972], [-66.52649, -7.50101], [-66.52655, -7.49606], [-66.53408, -7.49788], [-66.5293, -7.49413], [-66.53334, -7.49206], [-66.53775, -7.49957], [-66.54566, -7.4877], [-66.55718, -7.48853], [-66.55998, -7.49484], [-66.57562, -7.49483], [-66.57676, -7.50028], [-66.58002, -7.49378], [-66.57565, -7.48877], [-66.57862, -7.48746], [-66.58002, -7.49104], [-66.58584, -7.49205], [-66.58132, -7.50176], [-66.58896, -7.49934], [-66.58983, -7.50312], [-66.59135, -7.49237], [-66.59695, -7.49107], [-66.58683, -7.48992], [-66.59319, -7.48451], [-66.59203, -7.47951], [-66.60277, -7.48194], [-66.59883, -7.48805], [-66.6099, -7.48847], [-66.61225, -7.4922], [-66.61886, -7.48601], [-66.60878, -7.48626], [-66.61586, -7.4762], [-66.61136, -7.4756], [-66.61691, -7.47107], [-66.61539, -7.4673], [-66.62076, -7.47188], [-66.62657, -7.47133], [-66.63033, -7.46713], [-66.63423, -7.46921], [-66.63523, -7.46047], [-66.64588, -7.45501], [-66.64288, -7.43541], [-66.6182, -7.40781], [-66.60831, -7.38212], [-66.60008, -7.37909], [-66.6004, -7.35466], [-66.58968, -7.33012], [-66.57347, -7.32363], [-66.55149, -7.32818], [-66.54534, -7.34168], [-66.5407, -7.34474], [-66.54135, -7.3586], [-66.53585, -7.36943], [-66.52262, -7.37194], [-66.5094, -7.36773], [-66.50743, -7.371], [-66.49568, -7.3722], [-66.48643, -7.38307], [-66.48231, -7.37578], [-66.47896, -7.37535], [-66.47739, -7.36761], [-66.4682, -7.36311], [-66.46038, -7.35344], [-66.42104, -7.3548], [-66.41042, -7.3502], [-66.39532, -7.35673], [-66.38973, -7.37228], [-66.37979, -7.37125], [-66.37131, -7.36286], [-66.365, -7.367], [-66.35546, -7.36735], [-66.34729, -7.35693], [-66.34252, -7.35691], [-66.33168, -7.3478], [-66.33106, -7.33357], [-66.32303, -7.32516], [-66.31995, -7.32586], [-66.31547, -7.31255], [-66.30427, -7.30894], [-66.29364, -7.30981], [-66.28514, -7.3064], [-66.28459, -7.30331], [-66.25639, -7.29331], [-66.23804, -7.27666], [-66.23515, -7.28587], [-66.22415, -7.29007], [-66.21547, -7.3056], [-66.20699, -7.30824], [-66.20338, -7.30485], [-66.17595, -7.36215], [-66.1731, -7.37699], [-66.15925, -7.37493], [-66.14768, -7.37905], [-66.13459, -7.40237], [-66.12856, -7.40698], [-66.11842, -7.40641], [-66.11292, -7.41107], [-66.08806, -7.41556], [-66.09478, -7.43026], [-66.10684, -7.43587], [-66.11525, -7.44581], [-66.12167, -7.44666], [-66.15069, -7.50015], [-66.16031, -7.61037], [-66.14418, -7.62377], [-66.14127, -7.61807], [-66.13708, -7.61804], [-66.13351, -7.63368], [-66.12928, -7.63906], [-66.10912, -7.64171], [-66.10432, -7.65187], [-66.10747, -7.65861], [-66.11463, -7.66156], [-66.13285, -7.65758], [-66.14273, -7.652], [-66.15179, -7.6536], [-66.15573, -7.66096], [-66.15666, -7.67456], [-66.1305, -7.67635], [-66.09942, -7.6638], [-66.09071, -7.66319], [-66.08072, -7.67187], [-66.06921, -7.71313], [-66.0527, -7.71732], [-66.03657, -7.71644], [-66.02167, -7.70767], [-66.00874, -7.68641], [-66.00113, -7.68085], [-65.97905, -7.679], [-65.95015, -7.66931], [-65.93651, -7.66212], [-65.9258, -7.65118], [-65.91018, -7.65689], [-65.90435, -7.66156], [-65.903, -7.66789], [-65.89925, -7.66769], [-65.88222, -7.64614], [-65.90922, -7.45185], [-65.90719, -7.45002], [-65.89043, -7.44564], [-65.88615, -7.44653], [-65.88475, -7.45268], [-65.88481, -7.4493], [-65.876, -7.44886], [-65.87543, -7.44417], [-65.86894, -7.45393], [-65.85937, -7.45267], [-65.862, -7.45562], [-65.85935, -7.45892], [-65.85282, -7.46181], [-65.84768, -7.46025], [-65.84747, -7.46319], [-65.84091, -7.46556], [-65.82252, -7.46078], [-65.81903, -7.45534], [-65.8192, -7.45995], [-65.79949, -7.46187], [-65.78848, -7.45056], [-65.78353, -7.4531], [-65.77837, -7.44737], [-65.76886, -7.44635], [-65.76855, -7.44384], [-65.75709, -7.44806], [-65.75562, -7.44499], [-65.74769, -7.44405], [-65.74614, -7.43965], [-65.74128, -7.43956], [-65.73488, -7.44512], [-65.72338, -7.44763], [-65.72386, -7.45039], [-65.71418, -7.45079], [-65.70501, -7.45562], [-65.68882, -7.4524], [-65.68335, -7.45683], [-65.66933, -7.45531], [-65.66369, -7.46001], [-65.65186, -7.45523], [-65.64982, -7.45935], [-65.64239, -7.45213], [-65.63109, -7.45642], [-65.62538, -7.44842], [-65.61242, -7.44827], [-65.60852, -7.43831], [-65.59156, -7.43645], [-65.58617, -7.4318], [-65.58273, -7.43454], [-65.5791, -7.42417], [-65.57328, -7.42505], [-65.5669, -7.42013], [-65.5605, -7.42635], [-65.55652, -7.42525], [-65.55664, -7.4283], [-65.54702, -7.43616], [-65.53473, -7.43274], [-65.53069, -7.43579], [-65.52654, -7.42885], [-65.52741, -7.42201], [-65.52217, -7.42472], [-65.52321, -7.42867], [-65.51483, -7.43086], [-65.51539, -7.43484], [-65.50694, -7.43575], [-65.50602, -7.44011], [-65.49984, -7.43643], [-65.494, -7.43737], [-65.49322, -7.43324], [-65.48863, -7.43417], [-65.48715, -7.43894], [-65.48137, -7.43962], [-65.4742, -7.44942], [-65.47239, -7.44402], [-65.46615, -7.44858], [-65.46078, -7.4431], [-65.45928, -7.44677], [-65.45744, -7.44306], [-65.45732, -7.44561], [-65.45151, -7.44682], [-65.45369, -7.44929], [-65.44877, -7.4494], [-65.45088, -7.45385], [-65.44357, -7.46406], [-65.43331, -7.46497], [-65.43235, -7.45977], [-65.42501, -7.46467], [-65.42547, -7.45933], [-65.42094, -7.46157], [-65.41678, -7.4591], [-65.41957, -7.45488], [-65.41504, -7.45168], [-65.41726, -7.45052], [-65.4134, -7.44891], [-65.41366, -7.44183], [-65.40952, -7.44095], [-65.41215, -7.43937], [-65.40663, -7.43344], [-65.40925, -7.42951], [-65.40718, -7.41294], [-65.40445, -7.41336], [-65.40477, -7.41686], [-65.40178, -7.41555], [-65.40347, -7.41815], [-65.39643, -7.41787], [-65.38449, -7.42634], [-65.38638, -7.42298], [-65.38324, -7.42329], [-65.38348, -7.42145], [-65.38258, -7.41907], [-65.38038, -7.4237], [-65.3689, -7.40884], [-65.36055, -7.40861], [-65.36098, -7.40373], [-65.35682, -7.40549], [-65.34643, -7.39847], [-65.34749, -7.39611], [-65.33868, -7.39447], [-65.33413, -7.39564], [-65.32337, -7.40854], [-65.3251, -7.4118], [-65.30749, -7.40963], [-65.30704, -7.4039], [-65.29799, -7.39239], [-65.28754, -7.38605], [-65.28009, -7.38864], [-65.26957, -7.37186], [-65.25932, -7.36983], [-65.24476, -7.37468], [-65.23602, -7.36597], [-65.23185, -7.36656], [-65.23432, -7.35635], [-65.23264, -7.3445], [-65.21855, -7.32628], [-65.20278, -7.32531], [-65.18684, -7.33219], [-65.17665, -7.32956], [-65.17047, -7.33201], [-65.17432, -7.32259], [-65.16413, -7.29629], [-65.15991, -7.29239], [-65.14953, -7.29406], [-65.141, -7.28543], [-65.13018, -7.28689], [-65.12035, -7.29959], [-65.11625, -7.31912], [-65.10078, -7.32656], [-65.09738, -7.30781], [-65.10781, -7.28853], [-65.10389, -7.28415], [-65.09576, -7.28385], [-65.09477, -7.2803], [-65.10587, -7.2672], [-65.11119, -7.26661], [-65.11568, -7.25829], [-65.11352, -7.24394], [-65.09809, -7.23282], [-65.07648, -7.24567], [-65.07238, -7.24558], [-65.06548, -7.23914], [-65.03949, -7.24519], [-65.03482, -7.23896], [-65.03846, -7.23467], [-65.03685, -7.22917], [-65.02609, -7.22208], [-65.02416, -7.22453], [-65.00551, -7.21913], [-64.99268, -7.22328], [-64.98849, -7.22158], [-64.98118, -7.20397], [-64.97454, -7.20019], [-64.96701, -7.18892], [-64.94946, -7.18229], [-64.94175, -7.18276], [-64.94107, -7.18534], [-64.93497, -7.18165], [-64.92132, -7.15475], [-64.91105, -7.1445], [-64.90447, -7.1439], [-64.89927, -7.13931], [-64.87148, -7.14357], [-64.85806, -7.15194], [-64.83996, -7.15773], [-64.82665, -7.15473], [-64.81161, -7.14346], [-64.80429, -7.14239], [-64.79903, -7.18798], [-64.78483, -7.19635], [-64.78766, -7.20308], [-64.78524, -7.23235], [-64.78951, -7.24395], [-64.79836, -7.2553], [-64.80948, -7.24511], [-64.8176, -7.24205], [-64.8262, -7.24353], [-64.83568, -7.25021], [-64.84097, -7.26511], [-64.83268, -7.29838], [-64.83814, -7.30952], [-64.84292, -7.31156], [-64.84954, -7.30935], [-64.84628, -7.28914], [-64.84829, -7.2818], [-64.85276, -7.27576], [-64.86224, -7.27116], [-64.87488, -7.2704], [-64.88748, -7.27487], [-64.90543, -7.2981], [-64.91298, -7.29844], [-64.91892, -7.29456], [-64.92321, -7.28188], [-64.91627, -7.27423], [-64.88331, -7.2709], [-64.87736, -7.26723], [-64.8764, -7.25954], [-64.88359, -7.25199], [-64.90521, -7.25158], [-64.92262, -7.24755], [-64.94412, -7.25477], [-64.95436, -7.24979], [-64.96345, -7.23599], [-64.97387, -7.23475], [-64.97596, -7.24021], [-64.9729, -7.2563], [-64.98244, -7.2693], [-64.98412, -7.2783], [-64.9705, -7.3039], [-64.97572, -7.31865], [-64.99826, -7.33813], [-65.03076, -7.32941], [-65.03756, -7.33565], [-65.04034, -7.35789], [-65.12035, -7.39], [-65.12261, -7.38671], [-65.14328, -7.39303], [-65.14974, -7.40572], [-65.13863, -7.42677], [-65.14049, -7.43675], [-65.14448, -7.44009], [-65.15226, -7.44062], [-65.16038, -7.43555], [-65.16673, -7.41971], [-65.16799, -7.3945], [-65.17546, -7.38674], [-65.18552, -7.38572], [-65.21295, -7.41038], [-65.22622, -7.41474], [-65.22879, -7.42136], [-65.22236, -7.43848], [-65.2239, -7.44432], [-65.25271, -7.43646], [-65.26325, -7.42925], [-65.27647, -7.42907], [-65.28366, -7.4373], [-65.30342, -7.44574], [-65.30545, -7.45419], [-65.30111, -7.47316], [-65.30702, -7.48078], [-65.33041, -7.47525], [-65.3378, -7.47927], [-65.33887, -7.49164], [-65.34692, -7.50081], [-65.36985, -7.49622], [-65.38399, -7.49972], [-65.39319, -7.50677], [-65.39703, -7.52137], [-65.42377, -7.53444], [-65.4491, -7.54215], [-65.44922, -7.54911], [-65.43978, -7.5636], [-65.46486, -7.59239], [-65.4682, -7.60008], [-65.457, -7.6191], [-65.45269, -7.63355], [-65.45541, -7.64322], [-65.46185, -7.64846], [-65.469, -7.64786], [-65.47451, -7.64128], [-65.48423, -7.6115], [-65.4863, -7.58603], [-65.49253, -7.57586], [-65.49841, -7.57422], [-65.50559, -7.57892], [-65.51155, -7.59153], [-65.49853, -7.62761], [-65.50065, -7.64026], [-65.50605, -7.6454], [-65.51077, -7.64335], [-65.50742, -7.62913], [-65.50889, -7.61599], [-65.51514, -7.60934], [-65.52543, -7.60689], [-65.56349, -7.61171], [-65.56449, -7.61684], [-65.55871, -7.62703], [-65.54902, -7.62361], [-65.54367, -7.62491], [-65.54684, -7.6544], [-65.55297, -7.65791], [-65.56619, -7.64882], [-65.57458, -7.6486], [-65.59232, -7.6693], [-65.60289, -7.67597], [-65.61342, -7.67635], [-65.63218, -7.66889], [-65.65595, -7.63923], [-65.66965, -7.63624], [-65.67589, -7.63815], [-65.67716, -7.64039], [-65.66335, -7.65392], [-65.65946, -7.66732], [-65.64797, -7.68437], [-65.64877, -7.68941], [-65.65417, -7.68975], [-65.66264, -7.678], [-65.67234, -7.67076], [-65.68894, -7.6705], [-65.6959, -7.68201], [-65.69474, -7.68789], [-65.68909, -7.69115], [-65.66944, -7.6867], [-65.66288, -7.69036], [-65.66331, -7.69623], [-65.6771, -7.69585], [-65.68428, -7.69887], [-65.69607, -7.72044], [-65.70339, -7.72623], [-65.71835, -7.72519], [-65.72955, -7.71414], [-65.74007, -7.69175], [-65.74161, -7.67428], [-65.74905, -7.66571], [-65.76731, -7.66242], [-65.77594, -7.66408], [-65.78126, -7.66898], [-65.78098, -7.67613], [-65.7591, -7.70556], [-65.76478, -7.71139], [-65.76801, -7.72742], [-65.77555, -7.72525], [-65.78069, -7.73775], [-65.79288, -7.74881], [-65.75833, -7.77132], [-65.76243, -7.77944], [-65.76012, -7.78513], [-65.76316, -7.79922], [-65.77383, -7.81089], [-65.77632, -7.82261], [-65.7838, -7.82309], [-65.79509, -7.83066], [-65.81132, -7.84821], [-65.82765, -7.8503], [-65.83064, -7.85526], [-65.83129, -7.84851], [-65.83599, -7.84813], [-65.83884, -7.84027], [-65.83051, -7.83192], [-65.82388, -7.81462], [-65.83253, -7.80108], [-65.84479, -7.80512], [-65.85026, -7.8105], [-65.84899, -7.82143], [-65.85215, -7.8244], [-65.86573, -7.82761], [-65.87395, -7.83368], [-65.88538, -7.83116], [-65.8958, -7.8547], [-65.90309, -7.86232], [-65.90427, -7.87342], [-65.91165, -7.88009]]]}}, {"type": "Feature", "properties": {"nome": "FLORESTA NACIONAL DE ANAUÁ", "grupo": "Uso sustentável", "esfera": "Federal", "ano": "2005", "ha": 259400.98716865267, "bioma": "AMAZÔNIA"}, "geometry": {"type": "Polygon", "coordinates": [[[-60.89806, 1.12732], [-60.87497, 1.12538], [-60.87306, 1.12028], [-60.86225, 1.113], [-60.8602, 1.1071], [-60.85103, 1.10293], [-60.84894, 1.09599], [-60.84194, 1.08961], [-60.83926, 1.07693], [-60.82962, 1.06709], [-60.81917, 1.06318], [-60.82015, 1.03934], [-60.81602, 1.02906], [-60.81838, 1.01336], [-60.82356, 1.00467], [-60.81046, 0.98708], [-60.8105, 0.98234], [-60.79055, 0.97321], [-60.79147, 0.96764], [-60.78716, 0.96767], [-60.78006, 0.95978], [-60.77873, 0.94498], [-60.76845, 0.93733], [-60.75632, 0.94068], [-60.73556, 0.93414], [-60.72987, 0.93521], [-60.72631, 0.92275], [-60.73278, 0.91422], [-60.73289, 0.90731], [-60.73936, 0.90765], [-60.74231, 0.90294], [-60.73384, 0.89903], [-60.73157, 0.88351], [-60.72439, 0.88224], [-60.71873, 0.8692], [-60.71284, 0.87032], [-60.71604, 0.87666], [-60.71409, 0.88057], [-60.70971, 0.88026], [-60.70834, 0.87224], [-60.7055, 0.87078], [-60.69781, 0.87457], [-60.69198, 0.88595], [-60.68891, 0.88443], [-60.6886, 0.87486], [-60.68184, 0.87538], [-60.68618, 0.88395], [-60.68404, 0.88601], [-60.68063, 0.87827], [-60.67646, 0.88836], [-60.66888, 0.87978], [-60.66429, 0.88327], [-60.66172, 0.89306], [-60.65437, 0.89099], [-60.65021, 0.90469], [-60.63928, 0.90096], [-60.63673, 0.8959], [-60.62936, 0.90218], [-60.62284, 0.89842], [-60.64809, 0.84569], [-60.6547, 0.84133], [-60.65352, 0.82546], [-60.65982, 0.81628], [-60.67241, 0.80878], [-60.67716, 0.79834], [-60.67214, 0.76546], [-60.6641, 0.74759], [-60.66404, 0.74022], [-60.64736, 0.70709], [-60.65638, 0.69078], [-60.67251, 0.68347], [-60.67177, 0.67652], [-60.68262, 0.66275], [-60.69522, 0.65868], [-60.70084, 0.65043], [-60.71223, 0.64227], [-60.72366, 0.64141], [-60.72512, 0.63424], [-60.73082, 0.62856], [-60.72765, 0.6184], [-60.73168, 0.60961], [-60.75182, 0.60062], [-60.75925, 0.58467], [-60.77262, 0.58285], [-60.78144, 0.57208], [-60.7802, 0.56677], [-60.76752, 0.56003], [-60.77446, 0.54043], [-60.78436, 0.5421], [-60.79054, 0.54081], [-60.7923, 0.53719], [-60.79491, 0.53876], [-60.79724, 0.53259], [-60.79234, 0.52464], [-60.79859, 0.52141], [-60.79731, 0.51804], [-60.80554, 0.51186], [-60.80232, 0.50477], [-60.81315, 0.49375], [-60.81241, 0.48918], [-60.81539, 0.48775], [-60.81271, 0.48504], [-60.81952, 0.47698], [-60.81774, 0.4735], [-60.82038, 0.46987], [-60.82366, 0.47077], [-60.82757, 0.45851], [-60.83102, 0.46014], [-60.83905, 0.45285], [-60.83636, 0.44301], [-60.84183, 0.4386], [-60.84111, 0.43071], [-60.84567, 0.41663], [-60.84001, 0.41502], [-60.83794, 0.4069], [-60.84096, 0.40198], [-60.83771, 0.39772], [-60.84605, 0.3841], [-60.84267, 0.38293], [-60.842, 0.37462], [-60.84431, 0.37243], [-60.84704, 0.37481], [-60.84943, 0.36804], [-60.85425, 0.36653], [-60.85608, 0.36066], [-60.85273, 0.35688], [-60.85955, 0.35347], [-60.85681, 0.34853], [-60.85293, 0.34867], [-60.85383, 0.34497], [-60.84547, 0.34174], [-60.85121, 0.32102], [-60.86384, 0.31393], [-60.8682, 0.31448], [-60.86746, 0.31738], [-60.87443, 0.31568], [-60.87097, 0.31316], [-60.86709, 0.29355], [-60.87908, 0.28786], [-60.8874, 0.29045], [-60.88953, 0.28685], [-60.89484, 0.28793], [-60.89575, 0.2848], [-60.9048, 0.28239], [-60.90546, 0.26169], [-60.90171, 0.25559], [-60.90084, 0.23669], [-60.90397, 0.23322], [-60.90464, 0.22318], [-60.91454, 0.2219], [-60.91789, 0.21125], [-60.92346, 0.21349], [-60.92383, 0.21031], [-60.92854, 0.21231], [-60.93605, 0.20938], [-60.93304, 0.20374], [-60.93437, 0.19922], [-60.93752, 0.19982], [-60.93816, 0.19484], [-60.94196, 0.194], [-60.94288, 0.18755], [-60.94878, 0.18116], [-60.95525, 0.18076], [-60.95084, 0.17891], [-60.95254, 0.17525], [-60.95247, 0.17865], [-60.95838, 0.18163], [-60.96594, 0.1748], [-60.97046, 0.1765], [-60.97036, 0.18281], [-60.98668, 0.1894], [-60.97197, 0.19311], [-60.96952, 0.20531], [-60.97284, 0.209], [-60.96923, 0.21867], [-60.97633, 0.23339], [-60.97446, 0.23767], [-60.97883, 0.23872], [-60.98122, 0.24634], [-60.97871, 0.26692], [-60.97091, 0.27495], [-60.97469, 0.28503], [-60.97055, 0.29318], [-60.97853, 0.3076], [-60.98592, 0.31001], [-60.98639, 0.31693], [-60.97788, 0.3273], [-60.97905, 0.33094], [-60.97274, 0.34752], [-60.97479, 0.36247], [-60.96751, 0.37519], [-60.97292, 0.38891], [-60.97752, 0.39003], [-60.98497, 0.40076], [-60.98281, 0.4153], [-60.9866, 0.42837], [-60.98246, 0.44531], [-60.98461, 0.46061], [-60.98985, 0.47023], [-60.98932, 0.48447], [-60.99275, 0.49514], [-60.9885, 0.50499], [-60.97405, 0.52193], [-60.96798, 0.54655], [-60.97665, 0.59063], [-60.96502, 0.6112], [-60.96529, 0.63159], [-60.98151, 0.65328], [-60.99579, 0.64864], [-61.01229, 0.65679], [-61.02038, 0.65128], [-61.03113, 0.65161], [-61.04438, 0.65637], [-61.05616, 0.65441], [-61.06777, 0.65856], [-61.08188, 0.67147], [-61.0859, 0.68519], [-61.06399, 0.68176], [-61.04596, 0.69607], [-61.03304, 0.69733], [-61.02956, 0.7082], [-61.00398, 0.72524], [-60.98277, 0.75936], [-60.9643, 0.77957], [-60.96829, 0.82693], [-60.98052, 0.83265], [-60.9943, 0.83463], [-61.00484, 0.85242], [-61.02015, 0.86121], [-61.02484, 0.87021], [-61.03241, 0.87498], [-61.04496, 0.87559], [-61.05497, 0.88815], [-61.05855, 0.8877], [-61.05936, 0.8812], [-61.07539, 0.86569], [-61.09032, 0.8657], [-61.09816, 0.87745], [-61.09991, 0.89442], [-61.10579, 0.90677], [-61.10144, 0.91616], [-61.09982, 0.94241], [-61.12335, 0.95652], [-61.12159, 0.96012], [-61.12964, 0.9602], [-61.13211, 0.96539], [-61.1286, 0.96745], [-61.11019, 0.96466], [-61.10989, 0.9672], [-61.11725, 0.97093], [-61.1113, 0.97881], [-61.11662, 0.98469], [-61.10831, 0.99343], [-61.10098, 0.99478], [-61.10398, 0.99135], [-61.1008, 0.99011], [-61.09766, 0.99757], [-61.08539, 1.0005], [-61.08407, 1.00238], [-61.08865, 1.00316], [-61.09034, 1.00805], [-61.08799, 1.01347], [-61.08379, 1.01691], [-61.08833, 1.01043], [-61.07825, 1.01679], [-61.06569, 1.01108], [-61.06117, 1.01337], [-61.06788, 1.0207], [-61.05704, 1.0274], [-61.06323, 1.03021], [-61.06451, 1.03645], [-61.04467, 1.04856], [-61.04887, 1.06045], [-61.03616, 1.0725], [-61.0435, 1.0808], [-61.04076, 1.0874], [-61.02194, 1.08544], [-61.02239, 1.0955], [-61.01584, 1.10095], [-61.00928, 1.09885], [-61.01203, 1.09048], [-61.00036, 1.09178], [-60.99183, 1.08399], [-60.98709, 1.09363], [-60.98379, 1.0938], [-60.97623, 1.08682], [-60.96321, 1.09029], [-60.95431, 1.08691], [-60.94556, 1.08099], [-60.94403, 1.07299], [-60.92673, 1.07367], [-60.91104, 1.09446], [-60.90585, 1.09463], [-60.91145, 1.10106], [-60.90492, 1.1104], [-60.90638, 1.11813], [-60.90364, 1.12326], [-60.89806, 1.12732]]]}}, {"type": "Feature", "properties": {"nome": "RESERVA EXTRATIVISTA RIOZINHO DA LIBERDADE", "grupo": "Uso sustentável", "esfera": "Federal", "ano": "2005", "ha": 324901.7561466499, "bioma": "AMAZÔNIA"}, "geometry": {"type": "Polygon", "coordinates": [[[-72.01669, -7.70965], [-72.00415, -7.71241], [-71.99943, -7.72232], [-71.99343, -7.72218], [-71.98979, -7.72578], [-71.99297, -7.73585], [-71.98636, -7.7543], [-71.99331, -7.74901], [-71.99373, -7.7574], [-72.00673, -7.76472], [-72.01247, -7.77831], [-72.01624, -7.77648], [-72.02248, -7.78116], [-72.0213, -7.78703], [-72.02658, -7.79344], [-72.02176, -7.79756], [-72.02467, -7.79753], [-72.02615, -7.80208], [-72.02883, -7.79836], [-72.03214, -7.79952], [-72.03108, -7.8097], [-72.03466, -7.80982], [-72.03556, -7.81606], [-72.0452, -7.82103], [-72.05323, -7.83046], [-72.04982, -7.83301], [-72.05862, -7.84791], [-72.0509, -7.85443], [-72.05766, -7.86873], [-72.05505, -7.88215], [-72.05939, -7.88364], [-72.05651, -7.88764], [-72.06203, -7.89509], [-72.06005, -7.90295], [-72.06797, -7.90279], [-72.07454, -7.91433], [-72.07518, -7.91845], [-72.07128, -7.91956], [-72.07634, -7.92665], [-72.07527, -7.93995], [-72.06776, -7.94281], [-72.06722, -7.94937], [-72.06142, -7.94817], [-71.98358, -7.97341], [-71.89047, -7.97699], [-71.88533, -8.07505], [-71.90363, -8.09626], [-71.89728, -8.11441], [-71.90975, -8.14388], [-71.94306, -8.17985], [-71.9408, -8.22435], [-71.87087, -8.23714], [-71.9598, -8.35816], [-71.96805, -8.46059], [-71.93739, -8.49083], [-72.02579, -8.57577], [-72.00929, -8.57842], [-72.01779, -8.65098], [-71.99888, -8.65756], [-71.99953, -8.67499], [-72.06342, -8.6829], [-72.01854, -8.7247], [-72.04038, -8.75592], [-72.06386, -8.76748], [-72.10102, -8.77229], [-72.11852, -8.77972], [-72.15371, -8.75264], [-72.14823, -8.70876], [-72.17537, -8.70416], [-72.18269, -8.68494], [-72.21207, -8.69922], [-72.22988, -8.71572], [-72.25461, -8.71551], [-72.27349, -8.7263], [-72.21515, -8.65979], [-72.22131, -8.64835], [-72.22177, -8.63776], [-72.21466, -8.63457], [-72.21014, -8.6148], [-72.22931, -8.59854], [-72.23168, -8.58957], [-72.25992, -8.58092], [-72.27125, -8.53633], [-72.30717, -8.51207], [-72.29888, -8.50564], [-72.33071, -8.48317], [-72.31796, -8.47863], [-72.31107, -8.46151], [-72.22721, -8.47092], [-72.2226, -8.46065], [-72.2094, -8.45411], [-72.21332, -8.4326], [-72.25555, -8.38118], [-72.25168, -8.35627], [-72.24068, -8.33634], [-72.23511, -8.28902], [-72.25142, -8.26053], [-72.26728, -8.25699], [-72.25225, -8.10196], [-72.28903, -8.08593], [-72.2814, -8.05102], [-72.27728, -8.04591], [-72.28288, -8.03789], [-72.28076, -8.03545], [-72.2835, -8.02601], [-72.29527, -8.01484], [-72.29755, -8.00848], [-72.29231, -7.9947], [-72.28562, -7.98806], [-72.28763, -7.98289], [-72.28446, -7.95336], [-72.29041, -7.94771], [-72.28932, -7.93881], [-72.27123, -7.90794], [-72.2733, -7.8961], [-72.26718, -7.89122], [-72.26634, -7.88244], [-72.2599, -7.88183], [-72.26204, -7.88706], [-72.25722, -7.89054], [-72.25463, -7.90289], [-72.24004, -7.9118], [-72.23745, -7.93769], [-72.22348, -7.91396], [-72.21825, -7.91724], [-72.21065, -7.91602], [-72.20292, -7.92981], [-72.18958, -7.92036], [-72.1782, -7.91926], [-72.17264, -7.90676], [-72.16515, -7.9062], [-72.15347, -7.89565], [-72.15931, -7.87703], [-72.15625, -7.86565], [-72.15042, -7.85787], [-72.15264, -7.8537], [-72.14977, -7.83563], [-72.13688, -7.79809], [-72.13113, -7.79265], [-72.11631, -7.78799], [-72.10019, -7.78728], [-72.09234, -7.78213], [-72.08209, -7.78065], [-72.09, -7.72605], [-72.06703, -7.72948], [-72.05774, -7.72778], [-72.04732, -7.71794], [-72.0285, -7.71585], [-72.01669, -7.70965]]]}}, {"type": "Feature", "properties": {"nome": "FLORESTA NACIONAL DE PAU-ROSA", "grupo": "Uso sustentável", "esfera": "Federal", "ano": "2001", "ha": 985203.073301919, "bioma": "AMAZÔNIA"}, "geometry": {"type": "Polygon", "coordinates": [[[-58.28605, -3.74148], [-58.00359, -4.1633], [-57.83738, -4.38528], [-57.77956, -4.47486], [-57.67235, -4.70617], [-57.59436, -4.54606], [-57.45135, -4.32539], [-57.26563, -4.11108], [-57.17344, -4.01186], [-57.0916, -3.94426], [-57.4499, -4.71484], [-58.82578, -5.59149], [-58.82409, -5.58583], [-58.8275, -5.57494], [-58.83479, -5.57154], [-58.83158, -5.56531], [-58.84043, -5.55938], [-58.8413, -5.55462], [-58.85044, -5.55666], [-58.85277, -5.54655], [-58.8484, -5.54013], [-58.85355, -5.53051], [-58.84986, -5.52059], [-58.85297, -5.51845], [-58.84986, -5.51534], [-58.85365, -5.5134], [-58.84995, -5.50951], [-58.83673, -5.5097], [-58.83352, -5.50543], [-58.83323, -5.50008], [-58.83868, -5.49298], [-58.83275, -5.48579], [-58.83667, -5.4793], [-58.8282, -5.46781], [-58.83351, -5.45394], [-58.83732, -5.45175], [-58.82788, -5.44426], [-58.83234, -5.43267], [-58.82946, -5.43178], [-58.82694, -5.43872], [-58.82141, -5.43881], [-58.81987, -5.43588], [-58.82392, -5.43448], [-58.8208, -5.42536], [-58.80879, -5.42606], [-58.80647, -5.42331], [-58.80414, -5.41088], [-58.81684, -5.41065], [-58.8215, -5.40144], [-58.82075, -5.39748], [-58.81582, -5.40288], [-58.80903, -5.40013], [-58.81188, -5.39476], [-58.81024, -5.38496], [-58.80474, -5.38436], [-58.80284, -5.3757], [-58.80395, -5.37044], [-58.8168, -5.36974], [-58.80823, -5.36602], [-58.80856, -5.35201], [-58.8046, -5.34698], [-58.80993, -5.34222], [-58.80898, -5.33986], [-58.80419, -5.33455], [-58.80051, -5.34335], [-58.80251, -5.34754], [-58.7972, -5.3494], [-58.79292, -5.34088], [-58.78422, -5.33874], [-58.77919, -5.34177], [-58.7764, -5.33181], [-58.76379, -5.32962], [-58.76807, -5.33781], [-58.74992, -5.33069], [-58.74591, -5.33162], [-58.7434, -5.33893], [-58.7367, -5.33912], [-58.736, -5.32846], [-58.72604, -5.31705], [-58.71692, -5.31817], [-58.71789, -5.30514], [-58.73782, -5.30658], [-58.74126, -5.30374], [-58.73735, -5.29416], [-58.71985, -5.28932], [-58.71534, -5.28471], [-58.71473, -5.27973], [-58.71911, -5.27438], [-58.72968, -5.26719], [-58.71417, -5.26865], [-58.70444, -5.26372], [-58.69853, -5.25539], [-58.69905, -5.24813], [-58.7051, -5.23835], [-58.6929, -5.24235], [-58.69253, -5.23547], [-58.68666, -5.23035], [-58.68769, -5.22136], [-58.68075, -5.22751], [-58.65269, -5.23137], [-58.65087, -5.21629], [-58.6552, -5.20498], [-58.64436, -5.20842], [-58.62825, -5.22104], [-58.62379, -5.22053], [-58.62208, -5.20773], [-58.63263, -5.18948], [-58.6396, -5.19331], [-58.64156, -5.18664], [-58.63091, -5.18357], [-58.61257, -5.18795], [-58.60261, -5.18553], [-58.59605, -5.17836], [-58.58208, -5.17771], [-58.58031, -5.16165], [-58.57496, -5.16244], [-58.57021, -5.15699], [-58.5617, -5.1543], [-58.56933, -5.1401], [-58.5798, -5.13492], [-58.54871, -5.12772], [-58.54615, -5.14294], [-58.54201, -5.14438], [-58.5341, -5.13926], [-58.53219, -5.12939], [-58.52684, -5.12832], [-58.51776, -5.13754], [-58.51157, -5.13763], [-58.50729, -5.13112], [-58.51418, -5.11566], [-58.50734, -5.10687], [-58.49919, -5.10729], [-58.48783, -5.11515], [-58.47378, -5.10719], [-58.48486, -5.09803], [-58.497, -5.0983], [-58.49361, -5.08928], [-58.48467, -5.08625], [-58.46903, -5.09114], [-58.46717, -5.0863], [-58.47243, -5.0795], [-58.46652, -5.07131], [-58.4438, -5.07452], [-58.43291, -5.06889], [-58.4432, -5.05549], [-58.4479, -5.04036], [-58.4425, -5.03808], [-58.43287, -5.04929], [-58.42845, -5.04962], [-58.42738, -5.02849], [-58.42128, -5.02207], [-58.40704, -5.01574], [-58.40713, -4.99922], [-58.41113, -4.99242], [-58.40243, -4.9866], [-58.40043, -4.96598], [-58.39042, -4.96403], [-58.38381, -4.9577], [-58.3772, -4.95914], [-58.37343, -4.95621], [-58.37441, -4.94875], [-58.38237, -4.9435], [-58.38516, -4.92926], [-58.39428, -4.92275], [-58.37925, -4.92265], [-58.36254, -4.91707], [-58.35998, -4.90915], [-58.36338, -4.89682], [-58.36031, -4.89082], [-58.36147, -4.89542], [-58.35468, -4.90171], [-58.34602, -4.90078], [-58.34178, -4.89487], [-58.34518, -4.87862], [-58.35393, -4.87164], [-58.36356, -4.85411], [-58.35342, -4.85819], [-58.34881, -4.85037], [-58.33718, -4.85163], [-58.32517, -4.84153], [-58.32307, -4.83394], [-58.32819, -4.81798], [-58.32376, -4.81178], [-58.31972, -4.81109], [-58.31716, -4.82743], [-58.31446, -4.82901], [-58.30446, -4.82017], [-58.30357, -4.80066], [-58.29612, -4.78563], [-58.29344, -4.76063], [-58.29828, -4.75182], [-58.28618, -4.73519], [-58.27843, -4.73885], [-58.28631, -4.73885], [-58.28705, -4.7414], [-58.27607, -4.74295], [-58.26918, -4.73246], [-58.2684, -4.71925], [-58.27619, -4.71912], [-58.2752, -4.71204], [-58.28414, -4.71235], [-58.27954, -4.71018], [-58.27024, -4.71217], [-58.26608, -4.70851], [-58.26546, -4.67996], [-58.26937, -4.67574], [-58.26682, -4.67717], [-58.26434, -4.67413], [-58.26024, -4.6794], [-58.25919, -4.67351], [-58.26484, -4.6696], [-58.26477, -4.65985], [-58.2703, -4.65774], [-58.26471, -4.65414], [-58.25881, -4.64373], [-58.24814, -4.63857], [-58.25429, -4.6305], [-58.25221, -4.62399], [-58.26117, -4.61424], [-58.26105, -4.60617], [-58.25472, -4.60009], [-58.2299, -4.60493], [-58.2245, -4.6032], [-58.21693, -4.59438], [-58.21699, -4.58644], [-58.23201, -4.57763], [-58.23089, -4.55417], [-58.21983, -4.54571], [-58.21327, -4.54616], [-58.20712, -4.55566], [-58.19992, -4.55082], [-58.20421, -4.53338], [-58.21333, -4.517], [-58.21072, -4.51476], [-58.2119, -4.51874], [-58.20942, -4.52047], [-58.2021, -4.51439], [-58.19521, -4.49863], [-58.18739, -4.49937], [-58.18956, -4.50179], [-58.18702, -4.50366], [-58.18137, -4.50217], [-58.17218, -4.48926], [-58.17256, -4.47697], [-58.18143, -4.46946], [-58.1787, -4.45538], [-58.16306, -4.45227], [-58.15388, -4.44675], [-58.1478, -4.43502], [-58.12706, -4.43351], [-58.12055, -4.42457], [-58.1151, -4.42532], [-58.11645, -4.41745], [-58.10602, -4.42471], [-58.10938, -4.43518], [-58.1171, -4.43025], [-58.13381, -4.43703], [-58.12357, -4.43835], [-58.11501, -4.43342], [-58.11254, -4.44012], [-58.10779, -4.44119], [-58.10207, -4.42839], [-58.10479, -4.42054], [-58.12073, -4.41056], [-58.11752, -4.40735], [-58.12469, -4.40968], [-58.11733, -4.4141], [-58.11836, -4.42243], [-58.1238, -4.41312], [-58.13041, -4.41354], [-58.12916, -4.4027], [-58.11975, -4.39539], [-58.1212, -4.39157], [-58.11664, -4.3878], [-58.11566, -4.37715], [-58.11124, -4.37854], [-58.11394, -4.36774], [-58.12878, -4.36383], [-58.1394, -4.36523], [-58.14563, -4.365], [-58.14061, -4.36355], [-58.14349, -4.36141], [-58.15648, -4.36365], [-58.15727, -4.35992], [-58.15303, -4.35727], [-58.15508, -4.35443], [-58.16183, -4.35909], [-58.17635, -4.36113], [-58.17817, -4.37063], [-58.18617, -4.35806], [-58.17942, -4.36355], [-58.17993, -4.35941], [-58.19343, -4.34764], [-58.19939, -4.34875], [-58.20968, -4.35792], [-58.20926, -4.35308], [-58.20071, -4.34759], [-58.20431, -4.32967], [-58.20966, -4.32454], [-58.21578, -4.30345], [-58.21409, -4.29868], [-58.22635, -4.28795], [-58.22741, -4.28074], [-58.2393, -4.26998], [-58.23095, -4.2598], [-58.23152, -4.25583], [-58.2376, -4.24933], [-58.23987, -4.23447], [-58.24609, -4.23037], [-58.25345, -4.21749], [-58.25656, -4.20688], [-58.25404, -4.1974], [-58.26529, -4.19602], [-58.26507, -4.18166], [-58.26622, -4.17851], [-58.26892, -4.18094], [-58.26811, -4.17608], [-58.27487, -4.16851], [-58.26946, -4.16581], [-58.27298, -4.1631], [-58.26838, -4.1604], [-58.26352, -4.14878], [-58.26487, -4.14445], [-58.27784, -4.15716], [-58.29244, -4.155], [-58.2919, -4.14716], [-58.3019, -4.1531], [-58.30892, -4.14391], [-58.31541, -4.14229], [-58.31866, -4.13851], [-58.3092, -4.1377], [-58.30649, -4.13418], [-58.30514, -4.12797], [-58.30757, -4.12472], [-58.29676, -4.12553], [-58.29649, -4.12175], [-58.29861, -4.1163], [-58.30329, -4.11522], [-58.31807, -4.1008], [-58.31555, -4.09576], [-58.32888, -4.09179], [-58.32924, -4.07017], [-58.34077, -4.06729], [-58.3433, -4.05575], [-58.35051, -4.05215], [-58.35123, -4.04602], [-58.35699, -4.04422], [-58.36348, -4.03125], [-58.36636, -4.02908], [-58.36889, -4.03449], [-58.36961, -4.02764], [-58.37681, -4.02296], [-58.36528, -4.02188], [-58.35519, -4.01251], [-58.35843, -4.00854], [-58.38183, -4.01626], [-58.38406, -4.00652], [-58.39196, -4.012], [-58.39176, -4.00592], [-58.39946, -4.00166], [-58.39784, -3.99598], [-58.40088, -3.98889], [-58.41406, -3.99477], [-58.40899, -3.99071], [-58.40899, -3.98504], [-58.39946, -3.97774], [-58.40108, -3.97247], [-58.42501, -3.97571], [-58.42886, -3.98483], [-58.42703, -3.97591], [-58.41994, -3.9676], [-58.42784, -3.96578], [-58.42298, -3.96537], [-58.42825, -3.95807], [-58.45176, -3.95341], [-58.4546, -3.94348], [-58.45866, -3.94105], [-58.45521, -3.93659], [-58.45602, -3.93132], [-58.46149, -3.92686], [-58.45886, -3.92544], [-58.45258, -3.9303], [-58.44893, -3.92868], [-58.45339, -3.9224], [-58.44163, -3.91408], [-58.43311, -3.91794], [-58.4244, -3.91773], [-58.41304, -3.91125], [-58.40575, -3.90233], [-58.40554, -3.89706], [-58.38507, -3.89665], [-58.35466, -3.88753], [-58.34513, -3.88915], [-58.34148, -3.88753], [-58.3405, -3.87703], [-58.33688, -3.88295], [-58.32418, -3.8842], [-58.31807, -3.89501], [-58.3155, -3.89259], [-58.27047, -3.89266], [-58.2745, -3.85537], [-58.27161, -3.84646], [-58.27473, -3.84228], [-58.27063, -3.83933], [-58.25251, -3.84087], [-58.25671, -3.83777], [-58.25812, -3.83114], [-58.24986, -3.81517], [-58.24939, -3.80787], [-58.26669, -3.80831], [-58.27813, -3.81324], [-58.28646, -3.80727], [-58.28216, -3.79361], [-58.28418, -3.78976], [-58.26872, -3.7873], [-58.2685, -3.78137], [-58.28405, -3.78093], [-58.29355, -3.77436], [-58.29328, -3.7687], [-58.3022, -3.77199], [-58.29753, -3.76508], [-58.29983, -3.75918], [-58.29424, -3.75796], [-58.29772, -3.7537], [-58.28692, -3.75372], [-58.28605, -3.74148]]]}}, {"type": "Feature", "properties": {"nome": "RESERVA EXTRATIVISTA DO ALTO TARAUACÁ", "grupo": "Uso sustentável", "esfera": "Federal", "ano": "2000", "ha": 154132.46857441793, "bioma": "AMAZÔNIA"}, "geometry": {"type": "Polygon", "coordinates": [[[-71.86383, -8.61261], [-71.84049, -8.61457], [-71.81002, -8.64404], [-71.79869, -8.64357], [-71.78792, -8.65958], [-71.77941, -8.66181], [-71.77692, -8.66974], [-71.77232, -8.67098], [-71.78758, -8.68848], [-71.801, -8.69376], [-71.79936, -8.7003], [-71.79348, -8.70201], [-71.78147, -8.71812], [-71.77257, -8.71768], [-71.74832, -8.68944], [-71.73181, -8.6945], [-71.72744, -8.68935], [-71.7273, -8.67852], [-71.72151, -8.67808], [-71.71171, -8.68758], [-71.69695, -8.69489], [-71.69083, -8.69544], [-71.68908, -8.68992], [-71.68308, -8.69239], [-71.68316, -8.70502], [-71.67483, -8.71622], [-71.6937, -8.71862], [-71.6941, -8.72914], [-71.70074, -8.72636], [-71.70772, -8.73019], [-71.71176, -8.72209], [-71.71684, -8.72234], [-71.71785, -8.73501], [-71.7128, -8.7411], [-71.71882, -8.73993], [-71.72016, -8.74751], [-71.72794, -8.74809], [-71.72905, -8.75516], [-71.74029, -8.75333], [-71.74067, -8.76276], [-71.7514, -8.7633], [-71.753, -8.77062], [-71.74981, -8.77593], [-71.76585, -8.78487], [-71.76528, -8.79827], [-71.78322, -8.8141], [-71.78608, -8.81173], [-71.78605, -8.80382], [-71.79684, -8.80447], [-71.79591, -8.817], [-71.81418, -8.82118], [-71.81153, -8.83084], [-71.82193, -8.83392], [-71.82513, -8.84071], [-71.82266, -8.84647], [-71.82566, -8.85684], [-71.83077, -8.85902], [-71.82893, -8.8662], [-71.83504, -8.87267], [-71.83255, -8.88555], [-71.837, -8.89046], [-71.8301, -8.89208], [-71.82526, -8.90317], [-71.84093, -8.89919], [-71.83787, -8.90576], [-71.84759, -8.91217], [-71.84903, -8.92795], [-71.85765, -8.92667], [-71.85367, -8.93347], [-71.85985, -8.93792], [-71.85459, -8.93714], [-71.85267, -8.94009], [-71.85694, -8.94617], [-71.85668, -8.95627], [-71.87106, -8.95197], [-71.87946, -8.95313], [-71.88464, -8.95433], [-71.88816, -8.96182], [-71.8847, -8.97739], [-71.8786, -8.98656], [-71.8785, -8.99418], [-71.88466, -9.00761], [-71.87855, -9.01213], [-71.88104, -9.01795], [-71.87559, -9.02378], [-71.8742, -9.03465], [-71.86895, -9.041], [-71.87094, -9.04616], [-71.86432, -9.05327], [-71.8652, -9.06004], [-71.85869, -9.06276], [-71.85701, -9.06832], [-71.85227, -9.07118], [-71.85473, -9.08291], [-71.85948, -9.08625], [-71.858, -9.0949], [-71.86096, -9.10231], [-71.85392, -9.11393], [-71.91023, -9.19861], [-71.922, -9.19637], [-71.92931, -9.18877], [-71.94144, -9.18512], [-71.94334, -9.18063], [-71.94067, -9.17879], [-71.94572, -9.17493], [-71.96449, -9.17456], [-71.96522, -9.19613], [-71.96986, -9.19808], [-71.96678, -9.20138], [-71.97125, -9.20579], [-71.97014, -9.21076], [-71.97458, -9.21245], [-71.97074, -9.21859], [-71.97666, -9.21761], [-71.97665, -9.2254], [-71.97904, -9.21666], [-71.98555, -9.22077], [-71.9905, -9.21933], [-71.98589, -9.23068], [-71.99111, -9.22555], [-71.99398, -9.22631], [-71.99187, -9.23143], [-71.99524, -9.23716], [-71.99801, -9.23385], [-72.00569, -9.24537], [-72.00119, -9.25087], [-72.00698, -9.25199], [-72.02314, -9.24222], [-72.02539, -9.23618], [-72.03679, -9.22517], [-72.04875, -9.22046], [-72.03453, -9.20702], [-72.05685, -9.18377], [-72.0614, -9.1573], [-72.04287, -9.14892], [-72.04802, -9.12795], [-72.02949, -9.11956], [-72.01981, -9.07648], [-72.02708, -9.03751], [-72.01108, -9.00181], [-72.0269, -8.98847], [-72.02093, -8.96978], [-72.03148, -8.94214], [-72.03937, -8.94231], [-72.05884, -8.91725], [-72.1118, -8.91838], [-72.11598, -8.9311], [-72.13293, -8.92209], [-72.1428, -8.92727], [-72.16945, -8.91748], [-72.16945, -8.91191], [-72.15173, -8.90243], [-72.14542, -8.90064], [-72.13943, -8.90296], [-72.13383, -8.89497], [-72.12891, -8.89496], [-72.12492, -8.89067], [-72.11997, -8.89192], [-72.09151, -8.85305], [-72.0684, -8.83892], [-72.07321, -8.83518], [-72.0726, -8.82857], [-72.08422, -8.81148], [-72.08278, -8.79937], [-72.09094, -8.79369], [-72.09363, -8.78721], [-72.11731, -8.77925], [-72.07462, -8.78438], [-72.06669, -8.77018], [-72.06026, -8.77184], [-72.05241, -8.76827], [-72.04249, -8.73691], [-72.03924, -8.73427], [-72.03346, -8.7361], [-72.02128, -8.72535], [-72.02223, -8.71821], [-72.01553, -8.71473], [-72.01957, -8.70783], [-72.03766, -8.70046], [-72.03383, -8.68415], [-72.02674, -8.69576], [-72.02433, -8.69515], [-72.02388, -8.68415], [-72.01408, -8.68837], [-71.99885, -8.68686], [-71.99964, -8.66468], [-71.99085, -8.66667], [-71.97923, -8.66247], [-71.96833, -8.66843], [-71.95783, -8.66927], [-71.94952, -8.66023], [-71.94603, -8.64891], [-71.9268, -8.63999], [-71.91912, -8.62284], [-71.91034, -8.62418], [-71.89698, -8.6192], [-71.88602, -8.62032], [-71.87511, -8.6144], [-71.86982, -8.61888], [-71.86383, -8.61261]]]}}, {"type": "Feature", "properties": {"nome": "RESERVA EXTRATIVISTA RIO UNINI", "grupo": "Uso sustentável", "esfera": "Federal", "ano": "2006", "ha": 849688.3218152226, "bioma": "AMAZÔNIA"}, "geometry": {"type": "Polygon", "coordinates": [[[-63.11632, -1.36966], [-62.99707, -1.44257], [-62.99638, -1.44802], [-63.00388, -1.45415], [-63.00525, -1.4596], [-63.00184, -1.4671], [-62.9521, -1.46982], [-62.89962, -1.45756], [-62.88736, -1.46165], [-62.87237, -1.48209], [-62.86215, -1.48958], [-62.82603, -1.50049], [-62.81581, -1.49708], [-62.80968, -1.47868], [-62.80423, -1.47459], [-62.76266, -1.47255], [-62.69111, -1.43984], [-62.67612, -1.43984], [-62.62025, -1.4504], [-62.60457, -1.4504], [-62.57255, -1.44018], [-62.56437, -1.44086], [-62.50917, -1.49742], [-62.47851, -1.51037], [-62.47374, -1.51514], [-62.46284, -1.54648], [-62.46141, -1.57415], [-62.45534, -1.57851], [-62.44308, -1.57238], [-62.43081, -1.54648], [-62.4131, -1.52672], [-62.37903, -1.52604], [-62.36744, -1.52945], [-62.35926, -1.53626], [-62.33541, -1.56965], [-62.3211, -1.5751], [-62.30748, -1.5751], [-62.28499, -1.56216], [-62.27204, -1.56216], [-62.26386, -1.56284], [-62.23456, -1.5751], [-62.20799, -1.56488], [-62.193, -1.56352], [-62.16506, -1.55125], [-62.09964, -1.55125], [-62.07852, -1.54512], [-62.06557, -1.53694], [-62.06353, -1.53013], [-62.06625, -1.51378], [-62.0608, -1.50628], [-62.05535, -1.50287], [-62.03764, -1.50219], [-62.01719, -1.49129], [-61.95382, -1.49129], [-61.93065, -1.49946], [-61.92384, -1.50969], [-61.93202, -1.52945], [-61.9327, -1.55602], [-61.92997, -1.57033], [-61.9252, -1.58124], [-61.91157, -1.58737], [-61.89249, -1.58737], [-61.87614, -1.58124], [-61.86728, -1.56761], [-61.85774, -1.54035], [-61.84752, -1.52877], [-61.81549, -1.51309], [-61.79233, -1.51786], [-61.75485, -1.53967], [-61.72146, -1.54648], [-61.68057, -1.56011], [-61.67317, -1.55967], [-61.66526, -1.55346], [-61.65194, -1.55558], [-61.6404, -1.56542], [-61.62656, -1.56908], [-61.62257, -1.56881], [-61.62187, -1.56115], [-61.61236, -1.56248], [-61.59507, -1.55663], [-61.57948, -1.56092], [-61.56773, -1.55115], [-61.55656, -1.55499], [-61.55191, -1.55986], [-61.55232, -1.56457], [-61.55772, -1.5569], [-61.55719, -1.56581], [-61.55074, -1.57415], [-61.55014, -1.58508], [-61.53935, -1.59934], [-61.52306, -1.63459], [-61.5279, -1.64298], [-61.5336, -1.63913], [-61.53888, -1.6419], [-61.5289, -1.64456], [-61.52996, -1.64826], [-61.52278, -1.6612], [-61.53702, -1.65157], [-61.53597, -1.65654], [-61.54048, -1.65608], [-61.53084, -1.66964], [-61.52226, -1.66602], [-61.51973, -1.66936], [-61.53094, -1.67459], [-61.53916, -1.67422], [-61.54417, -1.66645], [-61.55508, -1.66249], [-61.55911, -1.65778], [-61.55844, -1.65023], [-61.56801, -1.63932], [-61.60179, -1.63356], [-61.61457, -1.63588], [-61.62563, -1.64754], [-61.65836, -1.64403], [-61.65904, -1.64851], [-61.66928, -1.65299], [-61.67256, -1.65068], [-61.68064, -1.65688], [-61.7062, -1.65285], [-61.71517, -1.6574], [-61.72017, -1.6654], [-61.747, -1.66398], [-61.76143, -1.66996], [-61.80463, -1.67243], [-61.81733, -1.68311], [-61.8189, -1.68834], [-61.83004, -1.69806], [-61.83116, -1.70352], [-61.84005, -1.70359], [-61.85231, -1.71428], [-61.87084, -1.72078], [-61.897, -1.72258], [-61.90881, -1.72945], [-61.93691, -1.73446], [-61.93915, -1.72721], [-61.95149, -1.71667], [-61.96359, -1.71473], [-61.96397, -1.74261], [-61.97503, -1.75568], [-61.98975, -1.76114], [-62.02705, -1.75748], [-62.04491, -1.74574], [-62.05732, -1.75284], [-62.06546, -1.75195], [-62.07009, -1.74193], [-62.06113, -1.73057], [-62.06561, -1.71585], [-62.07226, -1.71727], [-62.0769, -1.72489], [-62.08624, -1.72639], [-62.10784, -1.74305], [-62.11546, -1.74171], [-62.11793, -1.73797], [-62.13131, -1.73909], [-62.14177, -1.73431], [-62.15089, -1.73872], [-62.15201, -1.72997], [-62.16195, -1.72803], [-62.17271, -1.74522], [-62.1825, -1.74858], [-62.19214, -1.74074], [-62.19214, -1.72639], [-62.1982, -1.71488], [-62.20141, -1.71443], [-62.20567, -1.71951], [-62.19678, -1.7379], [-62.20014, -1.7503], [-62.20888, -1.75456], [-62.22405, -1.77018], [-62.22742, -1.76503], [-62.24274, -1.76368], [-62.25178, -1.78304], [-62.2674, -1.77542], [-62.27495, -1.77497], [-62.2834, -1.78745], [-62.30522, -1.78767], [-62.31382, -1.80703], [-62.31972, -1.80606], [-62.3168, -1.78868], [-62.34091, -1.80381], [-62.34969, -1.80524], [-62.36262, -1.80225], [-62.36254, -1.80793], [-62.36991, -1.81162], [-62.3677, -1.81809], [-62.37211, -1.82138], [-62.3828, -1.81607], [-62.38803, -1.80524], [-62.3961, -1.80441], [-62.40642, -1.81712], [-62.4103, -1.83789], [-62.41643, -1.84193], [-62.42263, -1.83842], [-62.42413, -1.82467], [-62.42906, -1.81443], [-62.44012, -1.8139], [-62.44274, -1.81712], [-62.43923, -1.83917], [-62.4405, -1.85636], [-62.45014, -1.88289], [-62.46045, -1.88984], [-62.47256, -1.88999], [-62.48489, -1.88281], [-62.48138, -1.87295], [-62.48291, -1.86768], [-62.49521, -1.87751], [-62.51568, -1.88364], [-62.52338, -1.88035], [-62.52495, -1.87235], [-62.52966, -1.86831], [-62.55343, -1.8713], [-62.56329, -1.86906], [-62.56322, -1.85778], [-62.55365, -1.85165], [-62.55514, -1.84709], [-62.56523, -1.8435], [-62.55798, -1.83094], [-62.55888, -1.82414], [-62.57021, -1.82183], [-62.57826, -1.82755], [-62.58668, -1.82157], [-62.59169, -1.82781], [-62.59782, -1.82713], [-62.60283, -1.81689], [-62.6103, -1.81159], [-62.61097, -1.80553], [-62.60529, -1.79313], [-62.60828, -1.78504], [-62.61011, -1.78967], [-62.61423, -1.78854], [-62.63987, -1.76458], [-62.64873, -1.76315], [-62.65073, -1.75572], [-62.64455, -1.7478], [-62.64823, -1.74063], [-62.65691, -1.73956], [-62.66165, -1.75186], [-62.66726, -1.74874], [-62.66807, -1.73644], [-62.68941, -1.74325], [-62.69316, -1.75005], [-62.71643, -1.75136], [-62.71824, -1.74618], [-62.70832, -1.74431], [-62.70932, -1.73963], [-62.71949, -1.73663], [-62.72261, -1.73152], [-62.73521, -1.73725], [-62.74139, -1.73295], [-62.73568, -1.71598], [-62.7387, -1.71579], [-62.74164, -1.72216], [-62.74632, -1.72209], [-62.76385, -1.7055], [-62.77614, -1.69938], [-62.78275, -1.69994], [-62.78481, -1.70643], [-62.78138, -1.7098], [-62.7709, -1.71005], [-62.77027, -1.72041], [-62.78544, -1.73108], [-62.79823, -1.72989], [-62.81089, -1.72053], [-62.81071, -1.70906], [-62.80799, -1.7077], [-62.80399, -1.71329], [-62.80431, -1.70706], [-62.81255, -1.7033], [-62.81447, -1.69579], [-62.81934, -1.69171], [-62.83165, -1.69387], [-62.83445, -1.68971], [-62.83349, -1.68172], [-62.847, -1.67572], [-62.84684, -1.67244], [-62.84037, -1.6706], [-62.83877, -1.66157], [-62.84804, -1.66005], [-62.84812, -1.66333], [-62.85236, -1.66525], [-62.8562, -1.66117], [-62.85971, -1.66629], [-62.87274, -1.64934], [-62.88737, -1.65118], [-62.89337, -1.64246], [-62.89697, -1.65078], [-62.89992, -1.6507], [-62.89984, -1.63759], [-62.90424, -1.63207], [-62.91487, -1.63223], [-62.91871, -1.63655], [-62.92135, -1.63111], [-62.93574, -1.63359], [-62.93438, -1.62144], [-62.92518, -1.62064], [-62.92383, -1.61792], [-62.94181, -1.61081], [-62.94325, -1.61297], [-62.96252, -1.59154], [-62.9606, -1.60409], [-62.96572, -1.61616], [-62.97979, -1.61696], [-62.97731, -1.624], [-62.98314, -1.62456], [-62.98722, -1.61672], [-62.99362, -1.61265], [-62.98874, -1.59961], [-63.00145, -1.5977], [-63.00097, -1.5925], [-62.99234, -1.58658], [-62.99266, -1.58059], [-63.00049, -1.58307], [-63.00345, -1.57331], [-63.0136, -1.57579], [-63.02232, -1.5686], [-63.02839, -1.57699], [-63.04206, -1.57891], [-63.04462, -1.57491], [-63.04166, -1.5574], [-63.05645, -1.55661], [-63.06221, -1.54597], [-63.0658, -1.54685], [-63.06588, -1.55293], [-63.06996, -1.55509], [-63.07844, -1.54525], [-63.08571, -1.55525], [-63.0941, -1.54677], [-63.10442, -1.54781], [-63.1025, -1.54142], [-63.10913, -1.54517], [-63.11057, -1.55261], [-63.11473, -1.55237], [-63.11217, -1.55652], [-63.11441, -1.55876], [-63.12136, -1.55389], [-63.12232, -1.55948], [-63.13256, -1.565], [-63.13887, -1.55293], [-63.14311, -1.55533], [-63.14495, -1.56308], [-63.1499, -1.5642], [-63.15462, -1.5594], [-63.15246, -1.55349], [-63.15454, -1.55029], [-63.16621, -1.55341], [-63.17652, -1.55085], [-63.17261, -1.54389], [-63.17557, -1.53486], [-63.17956, -1.5351], [-63.18108, -1.54054], [-63.18548, -1.53726], [-63.19123, -1.53998], [-63.19675, -1.53574], [-63.19619, -1.5431], [-63.20011, -1.54685], [-63.21058, -1.54022], [-63.22193, -1.54525], [-63.22865, -1.55221], [-63.23368, -1.55165], [-63.23672, -1.54733], [-63.23992, -1.55797], [-63.24895, -1.56676], [-63.25775, -1.56588], [-63.2603, -1.5578], [-63.26494, -1.56636], [-63.2699, -1.56764], [-63.28189, -1.55661], [-63.28109, -1.54589], [-63.29228, -1.53166], [-63.29724, -1.53087], [-63.30179, -1.53942], [-63.30859, -1.54158], [-63.3129, -1.53926], [-63.31011, -1.5319], [-63.31307, -1.5291], [-63.31802, -1.53542], [-63.32474, -1.53654], [-63.3213, -1.54725], [-63.32769, -1.55525], [-63.32793, -1.56972], [-63.33177, -1.57251], [-63.34928, -1.56348], [-63.35208, -1.57084], [-63.36151, -1.57299], [-63.36743, -1.58131], [-63.37806, -1.58818], [-63.38821, -1.57531], [-63.39101, -1.58618], [-63.39612, -1.58794], [-63.40428, -1.58555], [-63.40276, -1.57299], [-63.40948, -1.56924], [-63.41195, -1.58498], [-63.42083, -1.5861], [-63.42546, -1.57979], [-63.43058, -1.5881], [-63.43042, -1.59394], [-63.42131, -1.60177], [-63.42083, -1.60713], [-63.42347, -1.60985], [-63.43314, -1.60977], [-63.43666, -1.6204], [-63.45544, -1.61816], [-63.45848, -1.60865], [-63.466, -1.60985], [-63.47183, -1.61848], [-63.48118, -1.62464], [-63.4871, -1.62488], [-63.49246, -1.61864], [-63.49805, -1.61976], [-63.49413, -1.62584], [-63.49653, -1.63407], [-63.48782, -1.64542], [-63.49326, -1.64518], [-63.50005, -1.63575], [-63.49813, -1.64934], [-63.50365, -1.65062], [-63.50829, -1.64454], [-63.50157, -1.65613], [-63.50341, -1.65981], [-63.51556, -1.64846], [-63.52923, -1.65126], [-63.53754, -1.64574], [-63.54626, -1.64526], [-63.55457, -1.64662], [-63.55513, -1.65949], [-63.55977, -1.66133], [-63.56608, -1.65174], [-63.57703, -1.65725], [-63.57688, -1.6499], [-63.58439, -1.6439], [-63.58943, -1.64502], [-63.59542, -1.64102], [-63.5931, -1.64918], [-63.60174, -1.6499], [-63.60134, -1.65869], [-63.60733, -1.66789], [-63.61029, -1.66812], [-63.61493, -1.65725], [-63.60797, -1.65134], [-63.61573, -1.64822], [-63.62236, -1.65933], [-63.62572, -1.65917], [-63.62756, -1.64958], [-63.63012, -1.64966], [-63.63315, -1.66445], [-63.63899, -1.65877], [-63.64547, -1.66413], [-63.6465, -1.66029], [-63.65138, -1.66021], [-63.65746, -1.65318], [-63.65738, -1.64135], [-63.67137, -1.63455], [-63.66601, -1.6435], [-63.67648, -1.64254], [-63.67712, -1.63639], [-63.6832, -1.63447], [-63.68392, -1.6419], [-63.68848, -1.64654], [-63.69239, -1.64462], [-63.69143, -1.63735], [-63.70422, -1.6447], [-63.70934, -1.65158], [-63.71717, -1.64982], [-63.71997, -1.65605], [-63.73052, -1.64958], [-63.72949, -1.65717], [-63.737, -1.67012], [-63.7402, -1.66964], [-63.74236, -1.66421], [-63.74955, -1.66621], [-63.74899, -1.65917], [-63.75531, -1.66173], [-63.75626, -1.66693], [-63.76002, -1.66629], [-63.75778, -1.65925], [-63.76346, -1.65741], [-63.76354, -1.66365], [-63.77058, -1.66445], [-63.76938, -1.66797], [-63.77625, -1.67108], [-63.78113, -1.68995], [-63.78848, -1.68995], [-63.79544, -1.68547], [-63.79983, -1.68891], [-63.80543, -1.68819], [-63.80823, -1.68227], [-63.80647, -1.67964], [-63.82741, -1.66285], [-63.83141, -1.66797], [-63.84196, -1.6694], [-63.84924, -1.66413], [-63.84977, -1.65979], [-63.85399, -1.66226], [-63.85515, -1.65681], [-63.86188, -1.65786], [-63.8651, -1.66477], [-63.86764, -1.66086], [-63.86966, -1.66488], [-63.87746, -1.66527], [-63.87923, -1.66806], [-63.88725, -1.66395], [-63.88461, -1.65957], [-63.89092, -1.65757], [-63.89576, -1.65918], [-63.89621, -1.6639], [-63.89717, -1.66101], [-63.90696, -1.66059], [-63.91074, -1.66472], [-63.90995, -1.6701], [-63.91738, -1.67624], [-63.91938, -1.67347], [-63.9255, -1.675], [-63.92456, -1.68196], [-63.92896, -1.68035], [-63.92841, -1.68347], [-63.93295, -1.68562], [-63.93477, -1.67918], [-63.93746, -1.6802], [-63.93466, -1.68061], [-63.93711, -1.68632], [-63.94347, -1.68407], [-63.94176, -1.67897], [-63.9483, -1.67843], [-63.95274, -1.68161], [-63.96164, -1.67892], [-63.96349, -1.68314], [-63.97023, -1.68036], [-63.96935, -1.67499], [-63.97378, -1.67632], [-63.97879, -1.67229], [-63.97673, -1.6758], [-63.98545, -1.67577], [-63.99546, -1.68684], [-64.00109, -1.68094], [-64.00778, -1.68252], [-64.00211, -1.68363], [-64.00443, -1.68704], [-64.00667, -1.68516], [-64.01025, -1.68785], [-64.00953, -1.68057], [-64.01147, -1.67993], [-64.01056, -1.68331], [-64.01473, -1.6806], [-64.02763, -1.69704], [-64.02688, -1.69255], [-64.03663, -1.69508], [-64.0371, -1.69064], [-64.04257, -1.69334], [-64.04287, -1.69772], [-64.05138, -1.68906], [-64.05353, -1.69526], [-64.05822, -1.69454], [-64.05954, -1.68469], [-64.06328, -1.69341], [-64.06715, -1.69361], [-64.07001, -1.68757], [-64.07184, -1.69206], [-64.07504, -1.687], [-64.08407, -1.69337], [-64.08047, -1.68537], [-64.09224, -1.69278], [-64.08997, -1.68801], [-64.09446, -1.68714], [-64.09465, -1.68313], [-64.0912, -1.6859], [-64.08518, -1.6835], [-64.08933, -1.68346], [-64.09133, -1.67602], [-64.0999, -1.67831], [-64.09905, -1.67412], [-64.10571, -1.66858], [-64.10749, -1.67651], [-64.11418, -1.68059], [-64.11695, -1.67326], [-64.12605, -1.66494], [-64.12098, -1.65536], [-64.13176, -1.65266], [-64.13237, -1.64617], [-64.1333, -1.64896], [-64.1415, -1.64763], [-64.14048, -1.65674], [-64.15407, -1.65549], [-64.15681, -1.65802], [-64.16262, -1.65082], [-64.16653, -1.6605], [-64.1718, -1.65754], [-64.18086, -1.6657], [-64.19503, -1.66074], [-64.1997, -1.66299], [-64.20516, -1.65001], [-64.21039, -1.64815], [-64.20915, -1.64042], [-64.21445, -1.63736], [-64.22119, -1.64699], [-64.23884, -1.64316], [-64.24341, -1.63726], [-64.2487, -1.64104], [-64.25085, -1.63773], [-64.25195, -1.64065], [-64.25476, -1.63888], [-64.26147, -1.64284], [-64.26925, -1.63766], [-64.27207, -1.63108], [-64.27613, -1.63144], [-64.27403, -1.62826], [-64.28762, -1.63616], [-64.28475, -1.63948], [-64.28803, -1.65036], [-64.29327, -1.65026], [-64.29713, -1.65485], [-64.29859, -1.65209], [-64.30614, -1.66137], [-64.3133, -1.65887], [-64.31184, -1.6645], [-64.31595, -1.66386], [-64.31641, -1.66932], [-64.32165, -1.66688], [-64.32336, -1.66124], [-64.32628, -1.66379], [-64.33209, -1.66229], [-64.33389, -1.66831], [-64.32966, -1.67359], [-64.33227, -1.68041], [-64.3412, -1.68092], [-64.34185, -1.69004], [-64.34645, -1.69114], [-64.34528, -1.69788], [-64.34269, -1.69856], [-64.34467, -1.70061], [-64.33928, -1.70501], [-64.33534, -1.70287], [-64.33474, -1.70897], [-64.34547, -1.71242], [-64.35765, -1.7089], [-64.35849, -1.71363], [-64.36926, -1.71631], [-64.36826, -1.71914], [-64.37129, -1.71791], [-64.37279, -1.72197], [-64.38197, -1.7184], [-64.38533, -1.72129], [-64.3834, -1.72398], [-64.38833, -1.7273], [-64.38926, -1.72406], [-64.39297, -1.7274], [-64.39783, -1.72468], [-64.40542, -1.72894], [-64.416, -1.71803], [-64.42191, -1.71663], [-64.42279, -1.71277], [-64.42911, -1.71079], [-64.43433, -1.71627], [-64.44273, -1.71654], [-64.44527, -1.71345], [-64.44328, -1.70579], [-64.45188, -1.69819], [-64.4619, -1.69485], [-64.46423, -1.69684], [-64.4659, -1.6933], [-64.46676, -1.69791], [-64.46882, -1.69501], [-64.48174, -1.70035], [-64.48596, -1.69728], [-64.48389, -1.6953], [-64.48948, -1.69626], [-64.49663, -1.68616], [-64.50858, -1.68927], [-64.51246, -1.69112], [-64.51311, -1.69562], [-64.51815, -1.69596], [-64.52806, -1.6902], [-64.52715, -1.6874], [-64.53265, -1.68293], [-64.54458, -1.68202], [-64.55337, -1.68872], [-64.55799, -1.69715], [-64.56506, -1.69711], [-64.57532, -1.68541], [-64.57712, -1.69034], [-64.58213, -1.69075], [-64.5853, -1.70204], [-64.59006, -1.70383], [-64.59936, -1.6992], [-64.60532, -1.70958], [-64.60908, -1.70713], [-64.61444, -1.70986], [-64.62158, -1.71778], [-64.61906, -1.71819], [-64.6217, -1.72731], [-64.63065, -1.73111], [-64.63534, -1.73997], [-64.64688, -1.74482], [-64.6561, -1.7583], [-64.66307, -1.77528], [-64.66253, -1.7929], [-64.66571, -1.80035], [-64.65935, -1.81017], [-64.66065, -1.81489], [-64.65323, -1.82503], [-64.65814, -1.8277], [-64.66689, -1.84769], [-64.67267, -1.84702], [-64.67377, -1.85971], [-64.67608, -1.85884], [-64.67238, -1.86706], [-64.67506, -1.86743], [-64.67324, -1.88534], [-64.67098, -1.88589], [-64.67686, -1.89487], [-64.68877, -1.89816], [-64.69905, -1.89676], [-64.71175, -1.90948], [-64.71178, -1.91762], [-64.73086, -1.92048], [-64.73535, -1.92399], [-64.74673, -1.92163], [-64.75925, -1.93086], [-64.76521, -1.9396], [-64.77641, -1.94079], [-64.78062, -1.93654], [-64.78229, -1.92725], [-64.7962, -1.92687], [-64.80469, -1.93497], [-64.80425, -1.94519], [-64.81132, -1.96025], [-64.82886, -1.97672], [-64.84262, -1.99744], [-64.85953, -2.00954], [-64.87261, -2.00206], [-64.87782, -2.00674], [-64.90154, -2.00172], [-64.92005, -2.005], [-64.93053, -2.00222], [-64.93827, -1.9948], [-64.9388, -1.97089], [-64.94184, -1.9643], [-64.93524, -1.94599], [-64.96976, -1.8739], [-64.97794, -1.85073], [-64.97999, -1.7785], [-64.97726, -1.76147], [-64.97112, -1.75125], [-64.95886, -1.74034], [-64.94796, -1.73557], [-64.92207, -1.73081], [-64.89889, -1.7199], [-64.88731, -1.69946], [-64.88118, -1.66743], [-64.88118, -1.64495], [-64.87164, -1.63064], [-64.84234, -1.61905], [-64.82803, -1.61701], [-64.75784, -1.61701], [-64.74013, -1.61224], [-64.68016, -1.55023], [-64.65904, -1.53456], [-64.63791, -1.5257], [-64.57522, -1.51616], [-64.5173, -1.48618], [-64.39328, -1.4487], [-64.38102, -1.46028], [-64.37557, -1.47936], [-64.36467, -1.49095], [-64.32582, -1.47936], [-64.27813, -1.48277], [-64.23928, -1.49435], [-64.21271, -1.50866], [-64.1691, -1.53865], [-64.15615, -1.54342], [-64.12617, -1.54682], [-63.95582, -1.5441], [-63.93946, -1.54205], [-63.92924, -1.53728], [-63.91698, -1.51548], [-63.89654, -1.50935], [-63.87269, -1.51003], [-63.84611, -1.52366], [-63.83725, -1.52366], [-63.81408, -1.5148], [-63.74185, -1.51105], [-63.7255, -1.50764], [-63.6853, -1.4947], [-63.65668, -1.48107], [-63.62465, -1.45517], [-63.6117, -1.44904], [-63.51849, -1.41764], [-63.47406, -1.4211], [-63.41, -1.44836], [-63.31665, -1.44223], [-63.28939, -1.43678], [-63.19945, -1.40611], [-63.12722, -1.37], [-63.11632, -1.36966]]]}}, {"type": "Feature", "properties": {"nome": "PARQUE NACIONAL DE ANAVILHANAS", "grupo": "Proteção integral", "esfera": "Federal", "ano": "1981", "ha": 350237.621760985, "bioma": "AMAZÔNIA"}, "geometry": {"type": "Polygon", "coordinates": [[[-60.73334, -2.04529], [-60.71829, -2.06287], [-60.70668, -2.07108], [-60.70971, -2.09295], [-60.69911, -2.11555], [-60.69157, -2.12332], [-60.68527, -2.12208], [-60.66866, -2.13658], [-60.66905, -2.1417], [-60.67719, -2.14413], [-60.67909, -2.15488], [-60.69394, -2.15998], [-60.69531, -2.17216], [-60.70755, -2.17097], [-60.71575, -2.17465], [-60.7205, -2.17233], [-60.71801, -2.17887], [-60.72645, -2.17643], [-60.72906, -2.18243], [-60.7419, -2.18597], [-60.73562, -2.1916], [-60.73648, -2.19708], [-60.72885, -2.19708], [-60.72649, -2.2], [-60.72571, -2.20535], [-60.73006, -2.2087], [-60.72543, -2.20969], [-60.7143, -2.22295], [-60.7081, -2.22245], [-60.70596, -2.21703], [-60.70125, -2.21931], [-60.69833, -2.2275], [-60.69954, -2.2377], [-60.69305, -2.23948], [-60.69541, -2.24696], [-60.70667, -2.25636], [-60.70535, -2.26228], [-60.6995, -2.25978], [-60.71305, -2.26812], [-60.71718, -2.26741], [-60.71875, -2.27061], [-60.71576, -2.28415], [-60.71255, -2.28479], [-60.7102, -2.28116], [-60.70499, -2.28579], [-60.70699, -2.29697], [-60.70192, -2.29833], [-60.7005, -2.30787], [-60.70485, -2.31471], [-60.71091, -2.31735], [-60.71165, -2.32476], [-60.7068, -2.33559], [-60.69668, -2.34107], [-60.69532, -2.34984], [-60.69767, -2.35112], [-60.70709, -2.34464], [-60.70744, -2.33737], [-60.71129, -2.33787], [-60.71742, -2.34513], [-60.70865, -2.35183], [-60.7088, -2.35539], [-60.71343, -2.35055], [-60.71721, -2.35397], [-60.71693, -2.3623], [-60.71172, -2.36373], [-60.71029, -2.3705], [-60.7212, -2.37021], [-60.72655, -2.36188], [-60.73147, -2.36166], [-60.73882, -2.37228], [-60.73682, -2.38161], [-60.74717, -2.37774], [-60.74289, -2.37192], [-60.75341, -2.37477], [-60.7543, -2.3664], [-60.75139, -2.36213], [-60.75674, -2.35934], [-60.75602, -2.37685], [-60.76125, -2.37946], [-60.75989, -2.38587], [-60.76987, -2.38279], [-60.76434, -2.3873], [-60.76999, -2.39282], [-60.77664, -2.39054], [-60.77908, -2.4077], [-60.76993, -2.41247], [-60.75484, -2.41301], [-60.75579, -2.42767], [-60.74711, -2.42939], [-60.74699, -2.43408], [-60.75091, -2.44103], [-60.75923, -2.43402], [-60.75846, -2.43895], [-60.76185, -2.44257], [-60.7713, -2.44299], [-60.77379, -2.4396], [-60.77415, -2.44334], [-60.78389, -2.44435], [-60.78954, -2.43717], [-60.79084, -2.45516], [-60.78657, -2.46584], [-60.79108, -2.47184], [-60.79489, -2.47219], [-60.79203, -2.4773], [-60.79506, -2.49511], [-60.7991, -2.49843], [-60.79744, -2.52592], [-60.80398, -2.53298], [-60.78489, -2.5483], [-60.77064, -2.55082], [-60.75955, -2.5578], [-60.75003, -2.56797], [-60.74875, -2.57752], [-60.73987, -2.59023], [-60.72183, -2.60086], [-60.72254, -2.60383], [-60.70918, -2.60953], [-60.68511, -2.6322], [-60.66942, -2.66312], [-60.66283, -2.66396], [-60.65968, -2.64866], [-60.65462, -2.64706], [-60.62609, -2.66769], [-60.6215, -2.69138], [-60.59204, -2.71498], [-60.57597, -2.7369], [-60.57177, -2.74763], [-60.56893, -2.77541], [-60.55845, -2.78683], [-60.5312, -2.80065], [-60.49694, -2.84332], [-60.49754, -2.86216], [-60.49397, -2.87181], [-60.47793, -2.88501], [-60.46782, -2.89896], [-60.46991, -2.91112], [-60.46619, -2.93664], [-60.45074, -2.94539], [-60.44718, -2.9537], [-60.42813, -2.9679], [-60.41819, -2.98835], [-60.41006, -2.99331], [-60.40283, -3.01617], [-60.3959, -3.01437], [-60.37467, -3.02865], [-60.36254, -3.02997], [-60.35777, -3.0336], [-60.56198, -3.0339], [-60.57405, -3.03028], [-60.58656, -3.01713], [-60.59694, -2.986], [-60.61971, -2.96753], [-60.63853, -2.94299], [-60.65353, -2.93367], [-60.66614, -2.915], [-60.69698, -2.88559], [-60.71964, -2.85144], [-60.76121, -2.81651], [-60.78194, -2.78036], [-60.78145, -2.76634], [-60.79198, -2.75303], [-60.82749, -2.72729], [-60.84302, -2.71018], [-60.85887, -2.70467], [-60.87008, -2.6962], [-60.88492, -2.67424], [-60.89975, -2.66405], [-60.917, -2.64191], [-60.94114, -2.62066], [-60.95562, -2.61375], [-60.96184, -2.59957], [-60.97856, -2.58574], [-60.99341, -2.55754], [-61.01753, -2.551], [-61.04047, -2.52367], [-61.05495, -2.51209], [-61.05962, -2.49807], [-61.05864, -2.45911], [-61.06141, -2.45062], [-61.07141, -2.4406], [-61.07159, -2.43176], [-61.08178, -2.41567], [-61.07959, -2.37948], [-61.08752, -2.3672], [-61.08513, -2.35593], [-61.06968, -2.32613], [-61.08075, -2.28129], [-61.10765, -2.2531], [-61.10784, -2.23526], [-61.1144, -2.22003], [-61.11511, -2.20635], [-61.13045, -2.18594], [-61.1563, -2.16398], [-61.16507, -2.14721], [-61.16667, -2.13108], [-61.17374, -2.11845], [-61.18114, -2.12573], [-61.18544, -2.12609], [-61.19889, -2.11846], [-61.14587, -2.05525], [-61.14204, -2.05845], [-61.14038, -2.0543], [-61.13865, -2.05911], [-61.14162, -2.06184], [-61.13776, -2.06748], [-61.13533, -2.06641], [-61.13265, -2.07348], [-61.13651, -2.07193], [-61.12837, -2.08482], [-61.11424, -2.09728], [-61.10408, -2.10054], [-61.09354, -2.1121], [-61.08224, -2.11375], [-61.0708, -2.12128], [-61.07381, -2.11436], [-61.04866, -2.12715], [-61.04459, -2.13422], [-61.03827, -2.13151], [-61.03601, -2.12339], [-61.02818, -2.12324], [-61.02697, -2.1279], [-61.03044, -2.13181], [-61.02802, -2.13425], [-61.02536, -2.13216], [-61.01966, -2.13406], [-61.01528, -2.12703], [-61.00806, -2.13007], [-61.0111, -2.12247], [-61.00539, -2.11772], [-60.98999, -2.11335], [-60.98562, -2.11411], [-60.98467, -2.11772], [-60.98201, -2.11373], [-60.97332, -2.11203], [-60.96942, -2.10529], [-60.96533, -2.107], [-60.96115, -2.10415], [-60.95212, -2.09436], [-60.95103, -2.08622], [-60.94147, -2.07467], [-60.93627, -2.04475], [-60.91539, -2.03004], [-60.90435, -2.03175], [-60.86784, -2.02232], [-60.84653, -2.03397], [-60.83131, -2.03509], [-60.81663, -2.04595], [-60.80817, -2.00593], [-60.76762, -2.01702], [-60.74401, -2.03382], [-60.74229, -2.04071], [-60.73334, -2.04529]]]}}, {"type": "Feature", "properties": {"nome": "ÁREA DE PROTEÇÃO AMBIENTAL DOS CAMPOS DE MANICORÉ", "grupo": "Uso sustentável", "esfera": "Federal", "ano": "2016", "ha": 152391.26572059834, "bioma": "AMAZÔNIA"}, "geometry": {"type": "Polygon", "coordinates": [[[-61.25805, -6.83529], [-61.26129, -6.8399], [-61.25852, -6.8394], [-61.25973, -6.84271], [-61.26358, -6.84207], [-61.25999, -6.84433], [-61.26154, -6.8468], [-61.25622, -6.86035], [-61.26058, -6.87446], [-61.25611, -6.88603], [-61.25621, -6.89922], [-61.26373, -6.92159], [-61.25133, -6.93977], [-61.25154, -6.95815], [-61.24455, -6.98857], [-61.24103, -6.99727], [-61.23695, -6.99886], [-61.24197, -7.00452], [-61.24557, -7.02787], [-61.25799, -7.05297], [-61.24398, -7.08235], [-61.22761, -7.09089], [-61.21476, -7.10431], [-61.20803, -7.10681], [-61.20187, -7.13082], [-61.21064, -7.13186], [-61.21446, -7.12828], [-61.21165, -7.12411], [-61.21696, -7.12284], [-61.22109, -7.12585], [-61.22455, -7.1175], [-61.23018, -7.11732], [-61.23239, -7.12354], [-61.22495, -7.13298], [-61.22758, -7.1361], [-61.23409, -7.13495], [-61.24221, -7.14352], [-61.24456, -7.15586], [-61.23244, -7.17691], [-61.22732, -7.17686], [-61.23104, -7.1677], [-61.2212, -7.17421], [-61.21621, -7.17359], [-61.21997, -7.18225], [-61.2148, -7.18203], [-61.21317, -7.18818], [-61.20585, -7.19108], [-61.20078, -7.20326], [-61.20185, -7.21249], [-61.20353, -7.21707], [-61.21488, -7.2194], [-61.21682, -7.22735], [-61.21087, -7.23028], [-61.20377, -7.22681], [-61.20824, -7.23411], [-61.20714, -7.24139], [-61.20393, -7.24468], [-61.19331, -7.2443], [-61.18842, -7.25272], [-61.19205, -7.25643], [-61.21761, -7.25393], [-61.22051, -7.26243], [-61.23136, -7.26705], [-61.23531, -7.26583], [-61.24111, -7.27065], [-61.24565, -7.28839], [-61.24166, -7.29832], [-61.23522, -7.29862], [-61.23047, -7.30565], [-61.23649, -7.30629], [-61.24643, -7.30054], [-61.25844, -7.30567], [-61.27705, -7.29956], [-61.27997, -7.30452], [-61.27495, -7.31149], [-61.27775, -7.31185], [-61.27732, -7.3172], [-61.28065, -7.31961], [-61.29074, -7.3185], [-61.29397, -7.3312], [-61.31582, -7.33982], [-61.31832, -7.3445], [-61.31446, -7.35109], [-61.32805, -7.35315], [-61.32858, -7.36039], [-61.32384, -7.3584], [-61.31987, -7.37163], [-61.33292, -7.3762], [-61.34225, -7.38832], [-61.3331, -7.39279], [-61.33344, -7.40027], [-61.32703, -7.39735], [-61.31304, -7.40023], [-61.31768, -7.40484], [-61.32835, -7.40582], [-61.32973, -7.41421], [-61.32348, -7.42324], [-61.31938, -7.42437], [-61.31401, -7.41928], [-61.31208, -7.42057], [-61.31768, -7.4322], [-61.31555, -7.44942], [-61.31252, -7.45096], [-61.3271, -7.46693], [-61.34033, -7.45978], [-61.35187, -7.46844], [-61.35762, -7.45386], [-61.37264, -7.4383], [-61.38593, -7.43596], [-61.40279, -7.44383], [-61.43299, -7.4273], [-61.43451, -7.40939], [-61.44242, -7.38998], [-61.43926, -7.30601], [-61.41505, -7.25828], [-61.55076, -6.94007], [-61.25999, -6.81446], [-61.25805, -6.83529]]]}}, {"type": "Feature", "properties": {"nome": "FLORESTA NACIONAL DO AMANA", "grupo": "Uso sustentável", "esfera": "Federal", "ano": "2006", "ha": 682660.3544780746, "bioma": "AMAZÔNIA"}, "geometry": {"type": "Polygon", "coordinates": [[[-57.4554, -4.80942], [-57.43235, -4.81337], [-57.42567, -4.82065], [-57.41655, -4.81956], [-57.41088, -4.82215], [-57.40796, -4.8167], [-57.40277, -4.825], [-57.37813, -4.82704], [-57.35714, -4.83488], [-57.3433, -4.83661], [-57.33619, -4.83415], [-57.33004, -4.83965], [-57.31419, -4.84333], [-57.29086, -4.86199], [-57.26641, -4.86613], [-57.23843, -4.88704], [-57.22667, -4.88916], [-57.22454, -4.90675], [-57.21288, -4.92515], [-57.21294, -4.93349], [-57.21888, -4.94195], [-57.2192, -4.94865], [-57.17522, -4.94831], [-57.17447, -4.94247], [-57.16565, -4.93214], [-57.12053, -4.9176], [-57.10944, -4.91147], [-57.10222, -4.90147], [-57.07878, -4.89416], [-57.04173, -4.89298], [-57.0303, -4.88509], [-57.01829, -4.88307], [-57.01291, -4.87702], [-56.98814, -4.87465], [-56.97534, -4.87812], [-57.12731, -5.08122], [-57.20439, -5.2237], [-57.2635, -5.3894], [-57.34999, -5.50333], [-57.49413, -5.54747], [-57.59069, -5.66903], [-57.69524, -5.71512], [-57.84785, -5.98775], [-57.91927, -6.00397], [-57.91879, -5.99849], [-57.92723, -5.99584], [-57.94501, -5.99957], [-57.95253, -5.998], [-58.00173, -5.97358], [-58.01492, -5.97074], [-58.02121, -5.96216], [-58.0242, -5.9689], [-58.03119, -5.97395], [-57.77106, -5.40505], [-57.78685, -5.39323], [-57.79469, -5.39265], [-57.80246, -5.38112], [-57.82026, -5.37563], [-57.81369, -5.35958], [-57.84581, -5.33712], [-57.85726, -5.34059], [-57.88666, -5.33591], [-57.91764, -5.32113], [-57.92433, -5.31387], [-57.9293, -5.30106], [-57.92777, -5.29227], [-57.92031, -5.28424], [-57.9147, -5.26038], [-57.90622, -5.26263], [-57.87079, -5.25689], [-57.85588, -5.25766], [-57.85262, -5.25441], [-57.82349, -5.2551], [-57.81782, -5.23432], [-57.8205, -5.23012], [-57.81763, -5.21157], [-57.80404, -5.20234], [-57.80404, -5.20008], [-57.8182, -5.19742], [-57.83216, -5.18671], [-57.84646, -5.16336], [-57.83771, -5.16185], [-57.82738, -5.15363], [-57.8089, -5.15344], [-57.80886, -5.11101], [-57.81266, -5.10793], [-57.82815, -5.10755], [-57.83599, -5.08919], [-57.85167, -5.08001], [-57.87477, -5.05633], [-57.88342, -5.05189], [-57.89144, -5.03717], [-57.89588, -5.00016], [-57.45101, -4.71531], [-57.47613, -4.76907], [-57.47623, -4.77749], [-57.46656, -4.78705], [-57.46991, -4.79444], [-57.45955, -4.79801], [-57.4554, -4.80942]]]}}, {"type": "Feature", "properties": {"nome": "FLORESTA NACIONAL DO JAMANXIM", "grupo": "Uso sustentável", "esfera": "Federal", "ano": "2006", "ha": 1301566.0419601211, "bioma": "AMAZÔNIA"}, "geometry": {"type": "Polygon", "coordinates": [[[-55.76796, -6.35064], [-55.68208, -6.35571], [-55.67171, -6.36325], [-55.66115, -6.37861], [-55.63067, -6.39218], [-55.63634, -6.39837], [-55.63496, -6.40742], [-55.64756, -6.40621], [-55.64765, -6.41138], [-55.64223, -6.41775], [-55.64721, -6.42701], [-55.64668, -6.43717], [-55.66274, -6.46545], [-55.66473, -6.48995], [-55.65623, -6.49805], [-55.65555, -6.50248], [-55.65722, -6.51555], [-55.66229, -6.52103], [-55.6641, -6.57201], [-55.65457, -6.57743], [-55.64499, -6.58817], [-55.63699, -6.59072], [-55.63808, -6.61107], [-55.64289, -6.61755], [-55.6416, -6.63113], [-55.63084, -6.63612], [-55.6161, -6.63258], [-55.59938, -6.64537], [-55.5957, -6.65191], [-55.59592, -6.66694], [-55.59259, -6.67432], [-55.58126, -6.68635], [-55.5711, -6.70871], [-55.56298, -6.71393], [-55.55742, -6.72494], [-55.56516, -6.73598], [-55.56442, -6.74347], [-55.56999, -6.74587], [-55.56776, -6.75221], [-55.57006, -6.75791], [-55.56428, -6.76581], [-55.55048, -6.76785], [-55.5445, -6.77229], [-55.54703, -6.79079], [-55.55076, -6.79725], [-55.5472, -6.80206], [-55.53518, -6.80673], [-55.52745, -6.82572], [-55.5335, -6.85035], [-55.52829, -6.86729], [-55.53111, -6.879], [-55.53396, -6.87941], [-55.54112, -6.86942], [-55.54573, -6.8681], [-55.55365, -6.88534], [-55.53167, -6.90806], [-55.52887, -6.92146], [-55.52354, -6.92529], [-55.52536, -6.92895], [-55.54349, -6.9383], [-55.57034, -6.93149], [-55.58618, -6.91931], [-55.59575, -6.92574], [-55.60051, -6.93805], [-55.60813, -6.94706], [-55.62698, -6.95277], [-55.6113, -6.96179], [-55.59672, -6.97531], [-55.59317, -6.9911], [-55.58775, -6.99509], [-55.59228, -7.0055], [-55.56795, -7.02044], [-55.56884, -7.02841], [-55.56579, -7.03534], [-55.57663, -7.04225], [-55.58154, -7.05775], [-55.58101, -7.07106], [-55.60112, -7.10188], [-55.63191, -7.10571], [-55.64453, -7.08307], [-55.6585, -7.09105], [-55.66537, -7.10445], [-55.67751, -7.11235], [-55.8084, -7.13731], [-55.80856, -7.14132], [-55.81733, -7.15008], [-55.82304, -7.1508], [-55.8341, -7.16034], [-55.78484, -7.16011], [-55.6412, -7.13737], [-55.59594, -7.12052], [-55.5584, -7.37319], [-55.53383, -7.39431], [-55.52836, -7.47435], [-55.56749, -7.52284], [-55.57367, -7.55579], [-55.55913, -7.56262], [-55.5406, -7.57986], [-55.53049, -7.5828], [-55.51331, -7.59489], [-55.5011, -7.61179], [-55.49031, -7.61365], [-55.48682, -7.6182], [-55.48079, -7.6152], [-55.47819, -7.62064], [-55.47244, -7.61478], [-55.45887, -7.61753], [-55.45544, -7.70036], [-55.51743, -7.85701], [-55.51526, -7.94359], [-55.43461, -8.02896], [-55.35451, -8.17196], [-55.3585, -8.18075], [-55.35498, -8.1861], [-55.35542, -8.20085], [-55.35229, -8.205], [-55.36085, -8.21194], [-55.36125, -8.21622], [-55.36584, -8.21427], [-55.36761, -8.22344], [-55.36102, -8.23882], [-55.34799, -8.24726], [-55.35514, -8.2612], [-55.35203, -8.26181], [-55.34227, -8.27694], [-55.33865, -8.27509], [-55.33686, -8.27992], [-55.34019, -8.28297], [-55.33726, -8.29543], [-55.3418, -8.30134], [-55.34148, -8.30816], [-55.33321, -8.31882], [-55.33707, -8.32934], [-55.33245, -8.33094], [-55.3235, -8.35611], [-55.32949, -8.36502], [-55.3229, -8.37181], [-55.32424, -8.38025], [-55.31921, -8.38232], [-55.31693, -8.38912], [-55.3253, -8.39738], [-55.32893, -8.3938], [-55.33, -8.39875], [-55.32097, -8.4161], [-55.3207, -8.43465], [-55.31072, -8.44474], [-55.31354, -8.44944], [-55.30951, -8.45646], [-55.29444, -8.47125], [-55.3003, -8.477], [-55.29502, -8.48946], [-55.27693, -8.49169], [-55.27022, -8.5008], [-55.25649, -8.5072], [-55.24619, -8.51934], [-55.24067, -8.53274], [-55.24389, -8.53777], [-55.23623, -8.54495], [-55.24855, -8.56949], [-55.25598, -8.56948], [-55.26556, -8.5756], [-55.26935, -8.58743], [-55.27645, -8.59117], [-55.27575, -8.59668], [-55.28047, -8.6021], [-55.28715, -8.59977], [-55.31197, -8.60887], [-55.32463, -8.60848], [-55.33032, -8.61483], [-55.83589, -8.27501], [-55.83693, -8.26627], [-55.84118, -8.26074], [-55.82882, -8.24028], [-55.83785, -8.22048], [-55.82195, -8.19896], [-55.83194, -8.18845], [-55.8301, -8.17115], [-55.83336, -8.16667], [-55.83259, -8.15585], [-55.82796, -8.14939], [-55.81701, -8.15128], [-55.79907, -8.14286], [-55.79844, -8.13033], [-55.81145, -8.11287], [-55.79409, -8.09205], [-55.7812, -8.06543], [-55.77644, -8.04458], [-55.75225, -8.02814], [-55.7488, -8.01923], [-55.73876, -8.008], [-55.74215, -7.99513], [-55.73602, -7.98333], [-55.74147, -7.98168], [-55.73874, -7.9806], [-55.74181, -7.97612], [-55.7393, -7.97079], [-55.74365, -7.9671], [-55.73251, -7.94874], [-55.73203, -7.9417], [-55.72432, -7.93886], [-55.72384, -7.93636], [-55.72828, -7.93697], [-55.7203, -7.92547], [-55.72791, -7.92291], [-55.74849, -7.92646], [-55.75863, -7.92318], [-55.77081, -7.92632], [-55.77147, -7.9111], [-55.78267, -7.90934], [-55.78772, -7.90136], [-55.80019, -7.90163], [-55.82053, -7.91192], [-55.83972, -7.90581], [-55.84868, -7.90812], [-55.86784, -7.89844], [-55.87675, -7.89958], [-55.88733, -7.89599], [-55.91169, -7.90779], [-55.93213, -7.90339], [-55.9347, -7.89728], [-55.94514, -7.89735], [-55.9494, -7.89026], [-55.94823, -7.88322], [-55.95783, -7.87668], [-55.96576, -7.85763], [-55.96023, -7.84755], [-55.94648, -7.84627], [-55.94633, -7.83583], [-55.95737, -7.8299], [-55.96737, -7.81834], [-55.97215, -7.81827], [-55.97537, -7.82298], [-55.98016, -7.81524], [-55.97618, -7.80796], [-55.98161, -7.80336], [-55.98467, -7.78173], [-55.98512, -7.7648], [-55.9816, -7.75539], [-55.98868, -7.75028], [-55.99329, -7.72946], [-55.99059, -7.71348], [-56.00419, -7.72139], [-56.00856, -7.73166], [-56.02627, -7.74292], [-56.02954, -7.74872], [-56.05053, -7.73996], [-56.05522, -7.74786], [-56.05713, -7.76093], [-56.06799, -7.77699], [-56.07738, -7.78144], [-56.07902, -7.77319], [-56.08458, -7.77604], [-56.0988, -7.76944], [-56.10325, -7.7617], [-56.10498, -7.74552], [-56.11022, -7.74283], [-56.12172, -7.74442], [-56.12234, -7.73138], [-56.13011, -7.72654], [-56.13239, -7.71686], [-56.14249, -7.71366], [-56.15052, -7.694], [-56.15981, -7.6907], [-56.16777, -7.67401], [-56.1645, -7.66602], [-56.16612, -7.66269], [-56.17158, -7.66298], [-56.17345, -7.65502], [-56.16519, -7.60924], [-56.17235, -7.60575], [-56.16883, -7.5963], [-56.17031, -7.58836], [-56.16715, -7.58598], [-56.17317, -7.58503], [-56.17091, -7.5723], [-56.17688, -7.56585], [-56.17403, -7.56385], [-56.17586, -7.55661], [-56.16791, -7.55444], [-56.16814, -7.54386], [-56.16264, -7.53487], [-56.16627, -7.53395], [-56.1724, -7.52375], [-56.17164, -7.51553], [-56.17416, -7.51456], [-56.17297, -7.50887], [-56.1671, -7.50725], [-56.16926, -7.49048], [-56.18239, -7.48167], [-56.17794, -7.46426], [-56.1931, -7.45484], [-56.18727, -7.45276], [-56.18966, -7.45047], [-56.18775, -7.44805], [-56.19605, -7.44383], [-56.19293, -7.43351], [-56.20636, -7.43339], [-56.20965, -7.43769], [-56.21499, -7.42746], [-56.22957, -7.42108], [-56.23291, -7.40996], [-56.22651, -7.4045], [-56.23757, -7.39392], [-56.23454, -7.3892], [-56.23914, -7.38302], [-56.23759, -7.36977], [-56.24558, -7.36572], [-56.24954, -7.35884], [-56.24759, -7.34082], [-56.24103, -7.33204], [-56.24769, -7.32661], [-56.25219, -7.32852], [-56.25453, -7.3198], [-56.24264, -7.31352], [-56.23223, -7.30295], [-56.21694, -7.3025], [-56.21999, -7.29189], [-56.20601, -7.2652], [-56.20778, -7.26048], [-56.21299, -7.26043], [-56.22411, -7.26958], [-56.23506, -7.25421], [-56.23304, -7.23865], [-56.2201, -7.224], [-56.21274, -7.20429], [-56.23448, -7.17998], [-56.23189, -7.17026], [-56.22043, -7.1566], [-56.21049, -7.15842], [-56.20593, -7.15151], [-56.19495, -7.14516], [-56.20306, -7.13779], [-56.21215, -7.1402], [-56.21984, -7.12966], [-56.21886, -7.12621], [-56.21295, -7.12508], [-56.21148, -7.11691], [-56.22629, -7.10575], [-56.22517, -7.10328], [-56.22291, -7.1056], [-56.21151, -7.10306], [-56.21498, -7.08836], [-56.21134, -7.08103], [-56.22002, -7.06746], [-56.23045, -7.05806], [-56.23498, -7.0447], [-56.22907, -7.04266], [-56.22895, -7.02732], [-56.22326, -7.02218], [-56.21593, -7.02434], [-56.21404, -7.01892], [-56.21793, -7.01182], [-56.21054, -7.00639], [-56.20651, -6.99681], [-56.20813, -6.98469], [-56.21764, -6.96242], [-56.21335, -6.95224], [-56.21693, -6.94538], [-56.2102, -6.937], [-56.1809, -6.93606], [-56.16627, -6.92845], [-56.16265, -6.91814], [-56.17078, -6.89982], [-56.15748, -6.89097], [-56.15854, -6.87887], [-56.14258, -6.87188], [-56.13798, -6.86167], [-56.14243, -6.85023], [-56.14182, -6.82043], [-56.15532, -6.79989], [-56.1521, -6.79143], [-56.14037, -6.78861], [-56.13934, -6.78106], [-56.12962, -6.76977], [-56.13745, -6.75487], [-56.14557, -6.75031], [-56.14956, -6.72979], [-56.14599, -6.71793], [-56.13894, -6.71296], [-56.12874, -6.71177], [-56.11004, -6.71665], [-56.10792, -6.7097], [-56.1138, -6.70574], [-56.11538, -6.69227], [-56.10746, -6.68491], [-56.10389, -6.67567], [-56.10032, -6.67275], [-56.09377, -6.67459], [-56.09319, -6.68588], [-56.08944, -6.68911], [-56.07099, -6.66922], [-56.06386, -6.65231], [-56.07464, -6.62185], [-56.06735, -6.60552], [-56.05526, -6.60301], [-56.05705, -6.59331], [-56.02417, -6.59534], [-56.01304, -6.60151], [-56.00372, -6.60092], [-55.99621, -6.58972], [-55.99619, -6.56855], [-55.94967, -6.56407], [-55.94505, -6.56052], [-55.94817, -6.55296], [-55.94532, -6.54682], [-55.92854, -6.54268], [-55.91317, -6.52733], [-55.89325, -6.53851], [-55.88932, -6.53726], [-55.88726, -6.53191], [-55.87751, -6.53076], [-55.87621, -6.52131], [-55.86831, -6.51396], [-55.85284, -6.48634], [-55.84784, -6.48393], [-55.82761, -6.48437], [-55.81337, -6.47022], [-55.80133, -6.44681], [-55.78788, -6.44636], [-55.78415, -6.43685], [-55.76684, -6.42701], [-55.76405, -6.39822], [-55.77212, -6.38273], [-55.77039, -6.37353], [-55.77293, -6.36655], [-55.78247, -6.35789], [-55.7773, -6.35259], [-55.76796, -6.35064]]]}}, {"type": "Feature", "properties": {"nome": "RESERVA EXTRATIVISTA DO BAIXO JURUÁ", "grupo": "Uso sustentável", "esfera": "Federal", "ano": "2001", "ha": 176572.04323907677, "bioma": "AMAZÔNIA"}, "geometry": {"type": "Polygon", "coordinates": [[[-65.97721, -3.9062], [-66.01506, -3.95087], [-66.03396, -3.95785], [-66.03508, -3.95114], [-66.03235, -3.95023], [-66.03748, -3.94717], [-66.03565, -3.94492], [-66.04764, -3.9383], [-66.04911, -3.92999], [-66.06008, -3.92561], [-66.06155, -3.91687], [-66.06919, -3.9178], [-66.0767, -3.90591], [-66.07846, -3.90744], [-66.08102, -3.90406], [-66.08247, -3.90631], [-66.08815, -3.90239], [-66.08542, -3.89533], [-66.0932, -3.88834], [-66.09024, -3.88953], [-66.09238, -3.88685], [-66.08539, -3.8855], [-66.08436, -3.88131], [-66.09065, -3.8772], [-66.08873, -3.87176], [-66.09217, -3.87224], [-66.09331, -3.86407], [-66.09844, -3.86162], [-66.09557, -3.85775], [-66.09861, -3.8525], [-66.09504, -3.85401], [-66.09627, -3.85096], [-66.09092, -3.84574], [-66.09291, -3.83858], [-66.08502, -3.83737], [-66.08849, -3.83252], [-66.08299, -3.82288], [-66.0797, -3.82429], [-66.08118, -3.82054], [-66.07873, -3.81886], [-66.08394, -3.81739], [-66.0811, -3.81541], [-66.08691, -3.81094], [-66.08443, -3.80536], [-66.0887, -3.80638], [-66.09027, -3.80198], [-66.08802, -3.79787], [-66.09106, -3.7957], [-66.09069, -3.788], [-66.08739, -3.7808], [-66.09022, -3.77857], [-66.08935, -3.77351], [-66.09682, -3.77203], [-66.09731, -3.77507], [-66.10065, -3.76739], [-66.08981, -3.75484], [-66.0959, -3.74954], [-66.09152, -3.74644], [-66.09159, -3.74157], [-66.12552, -3.73728], [-66.14037, -3.73029], [-66.15026, -3.73425], [-66.15112, -3.68054], [-66.14391, -3.68027], [-66.13763, -3.67202], [-66.14062, -3.66341], [-66.14721, -3.65839], [-66.14883, -3.65007], [-66.14384, -3.64717], [-66.13902, -3.64919], [-66.12615, -3.66308], [-66.1177, -3.66053], [-66.11589, -3.64796], [-66.12683, -3.63289], [-66.11986, -3.63153], [-66.10417, -3.64152], [-66.09808, -3.63681], [-66.09632, -3.62879], [-66.099, -3.61336], [-66.11094, -3.60529], [-66.11079, -3.6018], [-66.10545, -3.5989], [-66.08811, -3.60654], [-66.08122, -3.60388], [-66.07883, -3.59832], [-66.08031, -3.5873], [-66.08689, -3.57612], [-66.09109, -3.55069], [-66.08532, -3.54928], [-66.07769, -3.55624], [-66.072, -3.55587], [-66.06927, -3.55132], [-66.07457, -3.54014], [-65.99891, -3.49328], [-66.00205, -3.45506], [-66.0101, -3.45086], [-66.01524, -3.44257], [-66.02245, -3.41911], [-66.02117, -3.39761], [-66.025, -3.39316], [-66.03148, -3.39184], [-66.03491, -3.37872], [-66.04525, -3.36812], [-66.0655, -3.36284], [-66.06324, -3.35511], [-66.05528, -3.35035], [-66.05124, -3.32015], [-66.03513, -3.30911], [-66.03776, -3.29806], [-66.05334, -3.29093], [-66.0526, -3.28353], [-66.04503, -3.2792], [-66.02715, -3.28059], [-66.01228, -3.289], [-66.00704, -3.28234], [-66.02101, -3.24639], [-66.028, -3.24324], [-66.04094, -3.24576], [-66.04462, -3.2418], [-66.04369, -3.23523], [-66.02933, -3.22863], [-66.01537, -3.22791], [-66.01452, -3.2221], [-66.01978, -3.20803], [-65.98028, -3.21424], [-65.9732, -3.20934], [-65.97018, -3.20143], [-65.93982, -3.18186], [-65.92804, -3.18826], [-65.92147, -3.18846], [-65.9024, -3.20622], [-65.89612, -3.20198], [-65.87518, -3.19986], [-65.864, -3.19064], [-65.84695, -3.19332], [-65.8361, -3.20501], [-65.83407, -3.22253], [-65.84383, -3.23582], [-65.85234, -3.2401], [-65.86316, -3.26253], [-65.83686, -3.28597], [-65.83446, -3.29596], [-65.82186, -3.29983], [-65.81869, -3.31002], [-65.79144, -3.31224], [-65.76971, -3.30594], [-65.77014, -3.31824], [-65.76696, -3.32114], [-65.7712, -3.32297], [-65.7674, -3.32315], [-65.76841, -3.32934], [-65.7661, -3.32696], [-65.76347, -3.33002], [-65.76628, -3.33178], [-65.76316, -3.33937], [-65.76649, -3.33958], [-65.76464, -3.34898], [-65.76732, -3.34761], [-65.76541, -3.35151], [-65.76965, -3.35614], [-65.7659, -3.35715], [-65.77075, -3.36443], [-65.76686, -3.36839], [-65.76785, -3.37443], [-65.77377, -3.3797], [-65.76703, -3.39476], [-65.77133, -3.39326], [-65.7742, -3.40755], [-65.7929, -3.41532], [-65.79363, -3.42096], [-65.80029, -3.41941], [-65.8079, -3.42847], [-65.81408, -3.4269], [-65.81412, -3.43041], [-65.81868, -3.42971], [-65.8195, -3.43362], [-65.82209, -3.4308], [-65.82426, -3.43306], [-65.83858, -3.43235], [-65.84193, -3.43918], [-65.85168, -3.44641], [-65.85042, -3.45189], [-65.86221, -3.4586], [-65.86738, -3.468], [-65.87691, -3.49695], [-65.87991, -3.49806], [-65.87974, -3.50504], [-65.88325, -3.50905], [-65.88027, -3.51339], [-65.88335, -3.51737], [-65.88057, -3.51802], [-65.88123, -3.53198], [-65.86974, -3.53826], [-65.86985, -3.54407], [-65.86705, -3.54558], [-65.86893, -3.54816], [-65.8597, -3.55627], [-65.86101, -3.57027], [-65.85757, -3.5732], [-65.8592, -3.5786], [-65.85607, -3.58207], [-65.8628, -3.58908], [-65.86146, -3.59229], [-65.85859, -3.5901], [-65.86231, -3.59903], [-65.86841, -3.60264], [-65.86878, -3.61182], [-65.87785, -3.61384], [-65.885, -3.6233], [-65.88383, -3.63578], [-65.88748, -3.63888], [-65.88703, -3.64488], [-65.89345, -3.64897], [-65.89068, -3.64976], [-65.89369, -3.65144], [-65.89174, -3.65319], [-65.89529, -3.65784], [-65.8931, -3.65913], [-65.89474, -3.66551], [-65.88958, -3.67952], [-65.8921, -3.68105], [-65.89157, -3.68736], [-65.88457, -3.69523], [-65.88761, -3.69901], [-65.88588, -3.70184], [-65.89276, -3.70632], [-65.89274, -3.71133], [-65.89796, -3.71345], [-65.90018, -3.72524], [-65.90797, -3.72777], [-65.90314, -3.73642], [-65.92946, -3.77282], [-65.94034, -3.77875], [-65.9415, -3.78241], [-65.93973, -3.78878], [-65.94527, -3.80622], [-65.93635, -3.82913], [-65.93958, -3.84425], [-65.93593, -3.87008], [-65.93952, -3.87246], [-65.93968, -3.8856], [-65.94699, -3.89204], [-65.95946, -3.88754], [-65.96403, -3.88914], [-65.96886, -3.90157], [-65.97721, -3.9062]]]}}, {"type": "Feature", "properties": {"nome": "RESERVA EXTRATIVISTA DO MÉDIO JURUÁ", "grupo": "Uso sustentável", "esfera": "Federal", "ano": "1997", "ha": 286954.94598439755, "bioma": "AMAZÔNIA"}, "geometry": {"type": "Polygon", "coordinates": [[[-67.25407, -4.90014], [-67.15007, -5.00068], [-67.14647, -5.00792], [-67.14061, -5.01054], [-67.1314, -5.0085], [-67.12468, -5.02237], [-67.11953, -5.04736], [-67.11179, -5.05296], [-67.09774, -5.05356], [-67.09679, -5.05766], [-67.10069, -5.07118], [-67.10434, -5.06862], [-67.11013, -5.07034], [-67.12175, -5.09022], [-67.12932, -5.08986], [-67.14159, -5.07894], [-67.14906, -5.07742], [-67.16989, -5.1022], [-67.16579, -5.11172], [-67.14688, -5.11334], [-67.12655, -5.12483], [-67.11934, -5.1365], [-67.12446, -5.15127], [-67.13142, -5.14953], [-67.14977, -5.12834], [-67.16966, -5.11707], [-67.17699, -5.118], [-67.18526, -5.12592], [-67.19049, -5.17798], [-67.19336, -5.18284], [-67.20047, -5.18641], [-67.20917, -5.17764], [-67.21805, -5.17852], [-67.23535, -5.19944], [-67.25728, -5.20697], [-67.26146, -5.21282], [-67.26066, -5.22316], [-67.24413, -5.23618], [-67.23803, -5.25045], [-67.24256, -5.25561], [-67.25451, -5.2551], [-67.27192, -5.26215], [-67.2757, -5.26905], [-67.27215, -5.28022], [-67.26813, -5.28459], [-67.26224, -5.28465], [-67.24102, -5.27109], [-67.23008, -5.26884], [-67.23089, -5.2757], [-67.24284, -5.29343], [-67.24272, -5.30144], [-67.23918, -5.30623], [-67.22065, -5.31344], [-67.19852, -5.31153], [-67.19229, -5.31547], [-67.19597, -5.32923], [-67.21647, -5.35056], [-67.21555, -5.3611], [-67.22014, -5.37827], [-67.22703, -5.38232], [-67.23993, -5.38311], [-67.25526, -5.36981], [-67.2664, -5.37199], [-67.27686, -5.38315], [-67.28998, -5.41277], [-67.29828, -5.42039], [-67.30669, -5.40328], [-67.32733, -5.40651], [-67.34183, -5.39004], [-67.3482, -5.3947], [-67.35064, -5.41227], [-67.36605, -5.4177], [-67.37123, -5.41264], [-67.37375, -5.39917], [-67.38345, -5.38], [-67.39249, -5.37461], [-67.40558, -5.37864], [-67.41292, -5.38451], [-67.41474, -5.39068], [-67.40816, -5.40662], [-67.3972, -5.422], [-67.39491, -5.43471], [-67.41144, -5.46779], [-67.41799, -5.46979], [-67.42316, -5.46717], [-67.42514, -5.44248], [-67.43132, -5.42855], [-67.44826, -5.41607], [-67.46116, -5.41861], [-67.46665, -5.42567], [-67.46294, -5.43512], [-67.45405, -5.43697], [-67.44261, -5.43472], [-67.43583, -5.44116], [-67.43683, -5.44639], [-67.45248, -5.46157], [-67.44392, -5.48526], [-67.44465, -5.49051], [-67.45255, -5.48467], [-67.45965, -5.4722], [-67.47147, -5.46858], [-67.47844, -5.48111], [-67.46837, -5.48978], [-67.46654, -5.49526], [-67.48105, -5.49739], [-67.49072, -5.50515], [-67.49702, -5.51726], [-67.51178, -5.51917], [-67.53124, -5.53348], [-67.53878, -5.53132], [-67.55502, -5.50894], [-67.56873, -5.50639], [-67.58745, -5.51118], [-67.59462, -5.52283], [-67.58993, -5.54169], [-67.58433, -5.54524], [-67.56882, -5.54607], [-67.5805, -5.56027], [-67.57924, -5.58015], [-67.58116, -5.58802], [-67.58676, -5.59374], [-67.5947, -5.59301], [-67.59499, -5.57866], [-67.60012, -5.56332], [-67.61522, -5.55748], [-67.62772, -5.56602], [-67.62276, -5.58406], [-67.62611, -5.5901], [-67.63618, -5.59815], [-67.65592, -5.59794], [-67.66222, -5.58818], [-67.65662, -5.56982], [-67.65993, -5.559], [-67.66904, -5.55281], [-67.68599, -5.55444], [-67.69138, -5.5609], [-67.69192, -5.56676], [-67.67999, -5.5843], [-67.67719, -5.60183], [-67.68864, -5.61208], [-67.69639, -5.61145], [-67.70067, -5.60245], [-67.69665, -5.59139], [-67.69862, -5.58029], [-67.71024, -5.57049], [-67.72117, -5.56827], [-67.73045, -5.54549], [-67.73668, -5.54268], [-67.74925, -5.4924], [-67.78888, -5.49101], [-67.79392, -5.485], [-67.79161, -5.47777], [-67.83118, -5.48137], [-67.83646, -5.47818], [-67.83517, -5.46949], [-67.83038, -5.46312], [-67.82348, -5.45843], [-67.8056, -5.45436], [-67.80183, -5.42054], [-67.79324, -5.40637], [-67.79728, -5.39466], [-67.79411, -5.39255], [-67.78785, -5.36422], [-67.78329, -5.35939], [-67.77982, -5.33436], [-67.76892, -5.30723], [-67.76394, -5.30405], [-67.75731, -5.28871], [-67.74311, -5.27945], [-67.74042, -5.2713], [-67.74345, -5.2627], [-67.73844, -5.25634], [-67.73247, -5.25469], [-67.729, -5.24705], [-67.70977, -5.24627], [-67.70313, -5.23507], [-67.69692, -5.23089], [-67.69376, -5.20978], [-67.68318, -5.20125], [-67.65079, -5.19235], [-67.63502, -5.17987], [-67.6258, -5.16443], [-67.61432, -5.16116], [-67.59809, -5.14618], [-67.58208, -5.1379], [-67.58082, -5.13108], [-67.56915, -5.12103], [-67.56692, -5.11447], [-67.55488, -5.10923], [-67.55182, -5.10456], [-67.54236, -5.1035], [-67.53608, -5.10655], [-67.51713, -5.10228], [-67.50651, -5.1066], [-67.49978, -5.10401], [-67.48775, -5.10635], [-67.47256, -5.10457], [-67.46598, -5.09977], [-67.46165, -5.07904], [-67.44231, -5.06647], [-67.43239, -5.05592], [-67.42311, -5.05808], [-67.41598, -5.05126], [-67.41319, -5.03728], [-67.40932, -5.03318], [-67.3791, -5.03082], [-67.35537, -5.02164], [-67.35418, -5.01676], [-67.34702, -5.01457], [-67.34292, -5.00897], [-67.34498, -4.99834], [-67.33836, -4.98993], [-67.33529, -4.97613], [-67.32184, -4.96292], [-67.32154, -4.95655], [-67.31827, -4.95615], [-67.31872, -4.95194], [-67.32441, -4.95176], [-67.32221, -4.94573], [-67.32537, -4.94492], [-67.32508, -4.94192], [-67.33259, -4.94134], [-67.33138, -4.93496], [-67.3234, -4.93411], [-67.31489, -4.92642], [-67.29427, -4.92703], [-67.29151, -4.92346], [-67.27773, -4.9228], [-67.2753, -4.91124], [-67.2664, -4.91097], [-67.26064, -4.9008], [-67.25407, -4.90014]]]}}, {"type": "Feature", "properties": {"nome": "ESTAÇÃO ECOLÓGICA JUAMI-JAPURÁ", "grupo": "Proteção integral", "esfera": "Federal", "ano": "2001", "ha": 831203.3784179193, "bioma": "AMAZÔNIA"}, "geometry": {"type": "Polygon", "coordinates": [[[-67.79227, -1.64639], [-67.74408, -1.66029], [-67.71977, -1.66171], [-67.68979, -1.68993], [-67.68305, -1.70304], [-67.66909, -1.71327], [-67.66414, -1.71208], [-67.63197, -1.73069], [-67.61409, -1.73613], [-67.59656, -1.75662], [-67.58493, -1.76476], [-67.54039, -1.78662], [-67.52041, -1.79134], [-67.50053, -1.80084], [-67.50055, -1.86702], [-67.50459, -1.87835], [-67.52018, -1.88919], [-67.57536, -1.88221], [-67.61906, -1.89909], [-67.66414, -1.89715], [-67.67642, -1.90015], [-67.69528, -1.91666], [-67.70979, -1.94339], [-67.72756, -1.96162], [-67.75174, -1.98004], [-67.81597, -2.00309], [-67.83234, -2.03141], [-67.83944, -2.05376], [-67.84729, -2.06399], [-67.87105, -2.08175], [-67.89703, -2.08202], [-67.9015, -2.09969], [-67.91809, -2.1063], [-67.92732, -2.13029], [-67.93573, -2.13539], [-67.94365, -2.14672], [-67.98769, -2.15311], [-67.99118, -2.1572], [-67.99179, -2.17246], [-68.01394, -2.18042], [-68.03337, -2.21093], [-68.07086, -2.20563], [-68.09841, -2.21973], [-68.1138, -2.23426], [-68.13519, -2.24155], [-68.14293, -2.25224], [-68.1602, -2.26176], [-68.18872, -2.29708], [-68.18861, -2.30965], [-68.17653, -2.32786], [-68.17251, -2.33871], [-68.17402, -2.34489], [-68.20013, -2.36617], [-68.22173, -2.37183], [-68.23397, -2.36704], [-68.23965, -2.55075], [-68.24479, -2.54201], [-68.27261, -2.5373], [-68.28957, -2.52983], [-68.30827, -2.53008], [-68.32512, -2.55447], [-68.3269, -2.56558], [-68.33582, -2.58042], [-68.33818, -2.59611], [-68.35741, -2.61625], [-68.38488, -2.61477], [-68.40265, -2.61961], [-68.43001, -2.61325], [-68.43749, -2.60825], [-68.45352, -2.60844], [-68.46257, -2.60467], [-68.4674, -2.59808], [-68.47707, -2.59845], [-68.48349, -2.59374], [-68.49199, -2.59326], [-68.50843, -2.60235], [-68.53011, -2.6015], [-68.53946, -2.6042], [-68.55233, -2.6192], [-68.56271, -2.65602], [-68.5706, -2.66173], [-68.58596, -2.65234], [-68.59502, -2.65249], [-68.61263, -2.64672], [-68.63499, -2.67558], [-68.64793, -2.70485], [-68.65927, -2.7169], [-68.67749, -2.72735], [-68.69585, -2.72906], [-68.70972, -2.73945], [-68.72718, -2.74468], [-68.76352, -2.77793], [-68.77563, -2.78198], [-68.7968, -2.77722], [-68.80569, -2.77833], [-68.84033, -2.80585], [-68.84819, -2.80453], [-68.85488, -2.79906], [-68.87936, -2.79338], [-68.90763, -2.80147], [-68.92622, -2.79972], [-68.95705, -2.81608], [-68.96527, -2.81594], [-68.97302, -2.81116], [-68.9868, -2.78969], [-69.00049, -2.78136], [-69.01266, -2.78547], [-69.02274, -2.79324], [-69.02943, -2.80286], [-69.03766, -2.82569], [-69.04594, -2.83496], [-69.0568, -2.84097], [-69.06661, -2.83813], [-69.09486, -2.78665], [-69.11699, -2.77412], [-69.12755, -2.74753], [-69.14021, -2.73455], [-69.15157, -2.72823], [-69.17346, -2.73581], [-69.17669, -2.72636], [-69.17197, -2.70606], [-69.18288, -2.68105], [-69.18346, -2.64287], [-69.19852, -2.61543], [-69.19547, -2.59402], [-69.15221, -2.5566], [-69.13382, -2.52702], [-69.11262, -2.51566], [-69.08917, -2.48527], [-69.05545, -2.46089], [-69.03016, -2.44689], [-69.00113, -2.43939], [-68.97792, -2.42368], [-68.95137, -2.4172], [-68.92122, -2.41948], [-68.902, -2.43258], [-68.85784, -2.43594], [-68.84321, -2.43142], [-68.82461, -2.43584], [-68.8164, -2.43418], [-68.81128, -2.42864], [-68.81232, -2.40192], [-68.79967, -2.39264], [-68.77991, -2.38407], [-68.77337, -2.37656], [-68.77326, -2.3621], [-68.79626, -2.34717], [-68.79831, -2.33442], [-68.77282, -2.31224], [-68.73945, -2.29475], [-68.71263, -2.28896], [-68.64242, -2.28949], [-68.61726, -2.30076], [-68.58588, -2.2994], [-68.57327, -2.29178], [-68.55706, -2.28959], [-68.53852, -2.27978], [-68.52835, -2.26715], [-68.52145, -2.23785], [-68.49116, -2.23692], [-68.46611, -2.22717], [-68.4638, -2.21576], [-68.46776, -2.20595], [-68.48059, -2.19078], [-68.50037, -2.17703], [-68.50501, -2.1629], [-68.49744, -2.15146], [-68.49477, -2.13524], [-68.48384, -2.11523], [-68.45975, -2.09662], [-68.42016, -2.07896], [-68.41809, -2.06593], [-68.42767, -2.0302], [-68.41319, -1.99962], [-68.38867, -1.99965], [-68.37939, -1.99238], [-68.35366, -1.98207], [-68.33824, -1.97008], [-68.31378, -1.96234], [-68.27708, -1.92676], [-68.25015, -1.91582], [-68.24192, -1.90183], [-68.21306, -1.8834], [-68.18748, -1.84722], [-68.16716, -1.79415], [-68.18067, -1.75987], [-68.1834, -1.73686], [-68.18148, -1.72087], [-68.17578, -1.70961], [-68.17991, -1.68343], [-68.17255, -1.66255], [-68.16436, -1.65046], [-68.14854, -1.64945], [-68.11731, -1.66085], [-68.10523, -1.66185], [-68.07854, -1.66064], [-68.0602, -1.65414], [-67.98627, -1.65705], [-67.96778, -1.65051], [-67.9518, -1.64878], [-67.8608, -1.66184], [-67.80787, -1.64587], [-67.79227, -1.64639]]]}}, {"type": "Feature", "properties": {"nome": "PARQUE NACIONAL DO RIO NOVO", "grupo": "Proteção integral", "esfera": "Federal", "ano": "2006", "ha": 538114.3392714771, "bioma": "AMAZÔNIA"}, "geometry": {"type": "Polygon", "coordinates": [[[-56.76325, -7.20683], [-56.75623, -7.21064], [-56.75859, -7.21772], [-56.75515, -7.22175], [-56.7494, -7.2537], [-56.75264, -7.26145], [-56.74859, -7.27699], [-56.75331, -7.28068], [-56.74744, -7.28815], [-56.75852, -7.29736], [-56.76239, -7.29627], [-56.76892, -7.32009], [-56.76499, -7.3216], [-56.77033, -7.34414], [-56.76682, -7.34847], [-56.77674, -7.35328], [-56.76133, -7.37736], [-56.76145, -7.38412], [-56.76957, -7.39193], [-56.76344, -7.40228], [-56.76091, -7.43442], [-56.75592, -7.44456], [-56.76141, -7.46205], [-56.76755, -7.46941], [-56.76126, -7.48746], [-56.76334, -7.49747], [-56.75857, -7.50338], [-56.75965, -7.50952], [-56.75354, -7.52088], [-56.75697, -7.52383], [-56.75746, -7.53932], [-56.76397, -7.55069], [-56.76411, -7.559], [-56.76968, -7.56872], [-56.77071, -7.58394], [-56.77652, -7.598], [-56.77267, -7.62691], [-56.77377, -7.64122], [-56.76737, -7.65881], [-56.76975, -7.67138], [-56.76677, -7.67415], [-56.75808, -7.67332], [-56.75287, -7.67808], [-56.75604, -7.7197], [-56.7515, -7.72772], [-56.74297, -7.7327], [-56.73737, -7.74449], [-56.74408, -7.76101], [-56.73974, -7.77407], [-56.73501, -7.77815], [-56.72438, -7.77256], [-56.71129, -7.78018], [-56.71545, -7.78642], [-56.73219, -7.79627], [-56.73354, -7.80414], [-56.72383, -7.80653], [-56.72268, -7.81958], [-56.7363, -7.81546], [-56.74253, -7.81821], [-56.74404, -7.83247], [-56.75227, -7.84184], [-56.75567, -7.85765], [-56.7495, -7.8689], [-56.74881, -7.87723], [-56.73543, -7.8845], [-56.72815, -7.88393], [-56.68382, -7.9408], [-56.66651, -7.92506], [-56.65354, -7.93346], [-56.62948, -7.93575], [-56.62463, -7.93301], [-56.62168, -7.92476], [-56.61525, -7.92373], [-56.60951, -7.91491], [-56.60919, -7.90678], [-56.59175, -7.91395], [-56.58598, -7.9221], [-56.55641, -7.90271], [-56.54836, -7.88965], [-56.55244, -7.88234], [-56.55065, -7.87912], [-56.55324, -7.87048], [-56.54795, -7.86992], [-56.54861, -7.86236], [-56.53877, -7.8439], [-56.54059, -7.83962], [-56.53236, -7.83828], [-56.5309, -7.84678], [-56.52846, -7.84307], [-56.50971, -7.83852], [-56.50356, -7.8432], [-56.50585, -7.84624], [-56.50188, -7.85634], [-56.5029, -7.84982], [-56.4951, -7.8479], [-56.49144, -7.84239], [-56.48649, -7.84339], [-56.48055, -7.83461], [-56.48425, -7.83392], [-56.48422, -7.81868], [-56.47528, -7.82402], [-56.45543, -7.81558], [-56.4509, -7.80739], [-56.43648, -7.80573], [-56.43514, -7.80091], [-56.43866, -7.79728], [-56.42293, -7.79229], [-56.42062, -7.78114], [-56.42506, -7.77909], [-56.40999, -7.75544], [-56.41041, -7.75174], [-56.40634, -7.75083], [-56.40212, -7.73765], [-56.38997, -7.739], [-56.38733, -7.73281], [-56.39018, -7.72593], [-56.38104, -7.71642], [-56.38457, -7.7108], [-56.36871, -7.69729], [-56.37191, -7.69209], [-56.36702, -7.68938], [-56.36718, -7.67432], [-56.36247, -7.65608], [-56.35402, -7.6486], [-56.36171, -7.63431], [-56.35455, -7.63164], [-56.35971, -7.62641], [-56.35268, -7.62503], [-56.35032, -7.61438], [-56.35832, -7.60447], [-56.35596, -7.60188], [-56.36151, -7.60106], [-56.35628, -7.5959], [-56.35891, -7.59465], [-56.35547, -7.5845], [-56.35771, -7.58037], [-56.35364, -7.57676], [-56.35749, -7.57401], [-56.3423, -7.5515], [-56.34498, -7.54149], [-56.33917, -7.53905], [-56.33885, -7.53376], [-56.33277, -7.53108], [-56.33082, -7.52541], [-56.33424, -7.52114], [-56.33261, -7.51399], [-56.34023, -7.5157], [-56.33923, -7.50635], [-56.33553, -7.50664], [-56.33106, -7.50083], [-56.32734, -7.49051], [-56.31749, -7.48897], [-56.31589, -7.48165], [-56.31178, -7.48339], [-56.311, -7.47443], [-56.31453, -7.47404], [-56.30697, -7.46456], [-56.30312, -7.46605], [-56.30024, -7.46123], [-56.29678, -7.46333], [-56.29285, -7.45725], [-56.28792, -7.46088], [-56.28284, -7.4418], [-56.27948, -7.43545], [-56.27707, -7.43665], [-56.2749, -7.42709], [-56.25235, -7.4259], [-56.24963, -7.42211], [-56.2537, -7.41708], [-56.23102, -7.39998], [-56.22651, -7.4045], [-56.23291, -7.40996], [-56.22894, -7.42165], [-56.21499, -7.42746], [-56.20965, -7.43769], [-56.20636, -7.4334], [-56.19293, -7.43351], [-56.19605, -7.44383], [-56.18775, -7.44805], [-56.18966, -7.45047], [-56.18727, -7.45276], [-56.1931, -7.45484], [-56.17794, -7.46426], [-56.18239, -7.48167], [-56.16926, -7.49048], [-56.1671, -7.50725], [-56.17297, -7.50887], [-56.17416, -7.51456], [-56.17164, -7.51553], [-56.1724, -7.52375], [-56.16627, -7.53395], [-56.16264, -7.53487], [-56.16814, -7.54386], [-56.16791, -7.55444], [-56.17586, -7.55661], [-56.17403, -7.56385], [-56.17688, -7.56585], [-56.17091, -7.5723], [-56.17317, -7.58503], [-56.16715, -7.58598], [-56.17031, -7.58836], [-56.16883, -7.5963], [-56.17235, -7.60575], [-56.16519, -7.60924], [-56.17345, -7.65502], [-56.17158, -7.66298], [-56.16612, -7.66269], [-56.1645, -7.66602], [-56.16777, -7.67401], [-56.15981, -7.6907], [-56.15202, -7.69275], [-56.14846, -7.69723], [-56.14249, -7.71366], [-56.13239, -7.71686], [-56.13011, -7.72654], [-56.12234, -7.73138], [-56.12172, -7.74442], [-56.11022, -7.74283], [-56.10498, -7.74552], [-56.10325, -7.7617], [-56.0988, -7.76944], [-56.08458, -7.77604], [-56.07902, -7.77319], [-56.07738, -7.78144], [-56.06799, -7.77699], [-56.05713, -7.76093], [-56.05522, -7.74786], [-56.05053, -7.73996], [-56.02954, -7.74872], [-56.02627, -7.74292], [-56.00856, -7.73166], [-56.00419, -7.72139], [-55.99059, -7.71348], [-55.99329, -7.72946], [-55.98868, -7.75028], [-55.9816, -7.75538], [-55.98512, -7.7648], [-55.98467, -7.78173], [-55.98161, -7.80336], [-55.97618, -7.80796], [-55.98016, -7.81524], [-55.97537, -7.82298], [-55.97215, -7.81827], [-55.96737, -7.81834], [-55.95873, -7.82877], [-55.94633, -7.83583], [-55.94648, -7.84627], [-55.96023, -7.84755], [-55.96576, -7.85763], [-55.95783, -7.87668], [-55.94822, -7.88321], [-55.9494, -7.89026], [-55.94514, -7.89735], [-55.9347, -7.89728], [-55.93213, -7.90339], [-55.9117, -7.90778], [-55.88733, -7.89599], [-55.87674, -7.89958], [-55.86785, -7.89844], [-55.84868, -7.90812], [-55.83972, -7.90581], [-55.82053, -7.91192], [-55.80019, -7.90163], [-55.78772, -7.90136], [-55.78267, -7.90934], [-55.77147, -7.9111], [-55.77081, -7.92632], [-55.75863, -7.92318], [-55.74849, -7.92646], [-55.72791, -7.92291], [-55.7203, -7.92547], [-55.72828, -7.93696], [-55.72384, -7.93636], [-55.72432, -7.93886], [-55.73203, -7.9417], [-55.73251, -7.94874], [-55.74365, -7.9671], [-55.7393, -7.97078], [-55.74181, -7.97612], [-55.73874, -7.98059], [-55.74147, -7.98168], [-55.73602, -7.98333], [-55.74215, -7.99513], [-55.73876, -8.008], [-55.7488, -8.01924], [-55.75225, -8.02814], [-55.77644, -8.04458], [-55.7812, -8.06544], [-55.79409, -8.09206], [-55.81145, -8.11287], [-55.79844, -8.13033], [-55.79907, -8.14286], [-55.81701, -8.15128], [-55.82796, -8.14939], [-55.83259, -8.15585], [-55.83336, -8.16667], [-55.8301, -8.17116], [-55.83194, -8.18845], [-55.82195, -8.19896], [-55.83785, -8.22048], [-55.82882, -8.24028], [-55.84118, -8.26074], [-55.83693, -8.26627], [-55.83629, -8.27668], [-56.00008, -8.16706], [-56.00049, -7.99932], [-56.66716, -8.00039], [-56.67665, -8.06309], [-56.68539, -8.066], [-56.70525, -8.06248], [-56.7519, -8.08222], [-56.76847, -8.07953], [-56.78308, -8.08538], [-56.80579, -8.03929], [-56.84567, -8.01516], [-56.83913, -7.99902], [-56.8502, -7.986], [-56.8555, -7.96063], [-56.84353, -7.95166], [-56.84184, -7.92579], [-56.83381, -7.91714], [-56.82377, -7.91572], [-56.82199, -7.90858], [-56.80326, -7.89619], [-56.8007, -7.88839], [-56.80487, -7.83513], [-56.80786, -7.82977], [-56.81049, -7.82819], [-56.84816, -7.85496], [-56.85384, -7.84765], [-56.85145, -7.83078], [-56.85639, -7.82405], [-56.84918, -7.80478], [-56.83677, -7.79386], [-56.83479, -7.77952], [-56.85572, -7.77971], [-56.8638, -7.77354], [-56.87733, -7.75617], [-56.87561, -7.73978], [-56.88881, -7.72246], [-56.88909, -7.71679], [-57.03021, -7.5952], [-57.04573, -7.58659], [-57.04641, -7.57425], [-57.05676, -7.57024], [-57.06738, -7.55536], [-57.07562, -7.55311], [-57.0898, -7.55585], [-57.11546, -7.53876], [-57.10815, -7.5366], [-57.10442, -7.51968], [-57.10034, -7.51616], [-57.08704, -7.51452], [-57.08262, -7.51004], [-57.07253, -7.47579], [-57.07687, -7.46382], [-57.07687, -7.44708], [-57.09093, -7.4395], [-57.0725, -7.43259], [-57.06747, -7.4243], [-57.06808, -7.41309], [-57.06061, -7.40166], [-57.04352, -7.39289], [-57.04753, -7.38656], [-57.04777, -7.37395], [-57.05293, -7.37327], [-57.05542, -7.35852], [-57.02891, -7.31419], [-57.02964, -7.30605], [-57.0207, -7.29117], [-57.02221, -7.27744], [-57.01796, -7.27968], [-56.99954, -7.27479], [-56.99273, -7.25904], [-56.98828, -7.25979], [-56.9795, -7.2494], [-56.97793, -7.24467], [-56.98325, -7.24042], [-56.97563, -7.21025], [-56.9629, -7.2273], [-56.95396, -7.23368], [-56.95096, -7.25295], [-56.92188, -7.26081], [-56.9213, -7.26577], [-56.90354, -7.2767], [-56.8966, -7.29444], [-56.88884, -7.29435], [-56.88478, -7.28897], [-56.88635, -7.26937], [-56.88181, -7.27072], [-56.85639, -7.26296], [-56.84642, -7.25523], [-56.84194, -7.24719], [-56.82405, -7.24116], [-56.81732, -7.23573], [-56.81194, -7.23916], [-56.79909, -7.2394], [-56.79356, -7.24491], [-56.79063, -7.23877], [-56.77511, -7.22996], [-56.76979, -7.20987], [-56.76325, -7.20683]]]}}, {"type": "Feature", "properties": {"nome": "FLORESTA NACIONAL DE BALATA-TUFARI", "grupo": "Uso sustentável", "esfera": "Federal", "ano": "2005", "ha": 1088613.2458664835, "bioma": "AMAZÔNIA"}, "geometry": {"type": "MultiPolygon", "coordinates": [[[[-64.34361, -6.87194], [-64.28908, -6.87194], [-64.30042, -6.84169], [-64.30668, -6.8335], [-64.32499, -6.83092], [-64.33632, -6.81924], [-64.33112, -6.81291], [-64.33403, -6.80719], [-64.32815, -6.80702], [-64.32767, -6.79287], [-64.32951, -6.78807], [-64.33574, -6.78546], [-64.33806, -6.77839], [-64.32763, -6.76612], [-64.33897, -6.76487], [-64.34229, -6.75882], [-64.33628, -6.74979], [-64.33075, -6.74738], [-64.34571, -6.74489], [-64.35285, -6.73728], [-64.35505, -6.74497], [-64.3578, -6.74188], [-64.3599, -6.73299], [-64.35256, -6.71183], [-64.36338, -6.69532], [-64.36089, -6.68774], [-64.35528, -6.68504], [-64.35307, -6.67927], [-64.36745, -6.66904], [-64.3674, -6.67583], [-64.37185, -6.67408], [-64.37162, -6.66404], [-64.36633, -6.65909], [-64.35844, -6.65975], [-64.35904, -6.64326], [-64.35049, -6.63844], [-64.35229, -6.63444], [-64.36196, -6.635], [-64.36211, -6.63023], [-64.35531, -6.62846], [-64.34864, -6.63206], [-64.3443, -6.62925], [-64.34384, -6.61162], [-64.34817, -6.60699], [-64.33741, -6.6042], [-64.33728, -6.5983], [-64.33395, -6.59572], [-64.34005, -6.59307], [-64.34114, -6.57877], [-63.89444, -6.58694], [-63.85, -6.49], [-63.547, -6.75876], [-63.32389, -6.95034], [-63.3206, -6.94661], [-63.31378, -6.94584], [-63.3107, -6.93999], [-63.29933, -6.93898], [-63.28501, -6.92038], [-63.26423, -6.91824], [-63.2588, -6.91422], [-63.24764, -6.89549], [-63.24461, -6.8747], [-63.23546, -6.85275], [-63.21822, -6.85407], [-63.20109, -6.82859], [-63.19446, -6.8296], [-63.18984, -6.83639], [-63.1823, -6.83461], [-63.17872, -6.84201], [-63.17386, -6.83793], [-63.17222, -6.8505], [-63.16751, -6.84385], [-63.1645, -6.84718], [-63.16827, -6.85132], [-63.16433, -6.85262], [-63.1606, -6.84968], [-63.16406, -6.86094], [-63.15667, -6.86683], [-63.14912, -6.86581], [-63.14881, -6.86939], [-63.15328, -6.87076], [-63.15793, -6.87872], [-63.15274, -6.88279], [-63.15623, -6.89126], [-63.15215, -6.89566], [-63.15605, -6.9039], [-63.15234, -6.90864], [-63.14541, -6.90606], [-63.14804, -6.91157], [-63.14506, -6.91724], [-63.15341, -6.9194], [-63.15738, -6.92546], [-63.14989, -6.92494], [-63.15401, -6.93114], [-63.15398, -6.93843], [-63.14279, -6.9379], [-63.14425, -6.94614], [-63.13867, -6.952], [-63.13183, -6.95313], [-63.13892, -6.9607], [-63.13859, -6.96622], [-63.13593, -6.96651], [-63.13381, -6.95696], [-63.13071, -6.96306], [-63.14307, -6.97301], [-63.13508, -6.97656], [-63.13928, -6.98207], [-63.15056, -6.98238], [-63.14832, -6.98708], [-63.15859, -6.98546], [-63.15768, -6.99537], [-63.16012, -6.99494], [-63.16823, -7.01264], [-63.17422, -7.00922], [-63.17519, -7.01582], [-63.17885, -7.0181], [-63.18745, -7.01142], [-63.20101, -7.02371], [-63.20076, -7.01706], [-63.20881, -7.01451], [-63.20511, -7.0228], [-63.20996, -7.02637], [-63.2164, -7.01858], [-63.21335, -7.02534], [-63.21709, -7.02796], [-63.21177, -7.03453], [-63.21973, -7.0385], [-63.20521, -7.04292], [-63.21011, -7.04659], [-63.20389, -7.0537], [-63.2083, -7.05557], [-63.20731, -7.06218], [-63.20934, -7.05856], [-63.21511, -7.06009], [-63.21996, -7.06868], [-63.22476, -7.06339], [-63.22764, -7.0751], [-63.22914, -7.07569], [-63.23254, -7.07356], [-63.22934, -7.07426], [-63.23186, -7.07063], [-63.23732, -7.07604], [-63.23885, -7.08704], [-63.24103, -7.08038], [-63.24635, -7.08053], [-63.24916, -7.07717], [-63.24998, -7.03487], [-63.29172, -7.03482], [-63.29181, -7.05296], [-63.32453, -7.05286], [-63.32464, -7.09672], [-63.35987, -7.0967], [-63.35992, -7.13624], [-63.3094, -7.1361], [-63.31422, -7.14085], [-63.31184, -7.14464], [-63.31538, -7.14829], [-63.31308, -7.15259], [-63.30889, -7.14916], [-63.30445, -7.15703], [-63.30725, -7.1573], [-63.30881, -7.16457], [-63.31234, -7.16307], [-63.31584, -7.18164], [-63.31233, -7.18874], [-63.32752, -7.19751], [-63.32113, -7.20473], [-63.30898, -7.20476], [-63.30476, -7.20177], [-63.29975, -7.20446], [-63.30108, -7.22904], [-63.29432, -7.22891], [-63.29921, -7.23401], [-63.28148, -7.2407], [-63.36456, -7.24167], [-63.36472, -7.27871], [-63.30465, -7.2785], [-63.29865, -7.27597], [-63.30569, -7.28707], [-63.30205, -7.28896], [-63.30643, -7.29178], [-63.30255, -7.29353], [-63.30335, -7.296], [-63.29687, -7.29509], [-63.29931, -7.3021], [-63.29258, -7.31728], [-63.2955, -7.32209], [-63.28861, -7.33089], [-63.29168, -7.33688], [-63.29741, -7.33387], [-63.30032, -7.33549], [-63.30348, -7.34096], [-63.30204, -7.34542], [-63.31356, -7.34815], [-63.34476, -7.34193], [-63.34394, -7.37509], [-63.29958, -7.37516], [-63.29948, -7.38405], [-63.27423, -7.38412], [-63.27425, -7.38726], [-63.28869, -7.38729], [-63.28865, -7.39571], [-63.26538, -7.40108], [-63.26826, -7.40241], [-63.26142, -7.41425], [-63.2628, -7.41564], [-63.26612, -7.41575], [-63.26297, -7.41499], [-63.26634, -7.41274], [-63.26617, -7.41869], [-63.27035, -7.41912], [-63.2868, -7.40163], [-63.29479, -7.40731], [-63.2952, -7.40108], [-63.30004, -7.40537], [-63.29939, -7.39996], [-63.30255, -7.39844], [-63.30157, -7.40135], [-63.3136, -7.41293], [-63.31515, -7.41062], [-63.3109, -7.40995], [-63.31479, -7.40569], [-63.31304, -7.40128], [-63.31762, -7.4056], [-63.32128, -7.4035], [-63.32039, -7.3975], [-63.33616, -7.40307], [-63.34245, -7.40999], [-63.33984, -7.41395], [-63.33125, -7.41428], [-63.33899, -7.41704], [-63.33474, -7.42024], [-63.33215, -7.41742], [-63.32975, -7.41942], [-63.33388, -7.42427], [-63.33304, -7.43225], [-63.32921, -7.4285], [-63.32946, -7.43537], [-63.32259, -7.43393], [-63.32702, -7.43806], [-63.32149, -7.43954], [-63.32103, -7.44747], [-63.3163, -7.44088], [-63.30875, -7.44088], [-63.30765, -7.44688], [-63.30237, -7.44743], [-63.30039, -7.44939], [-63.30155, -7.45147], [-63.3026, -7.44858], [-63.30408, -7.44803], [-63.30265, -7.45349], [-63.30711, -7.45307], [-63.31175, -7.46065], [-63.30396, -7.46028], [-63.30474, -7.46621], [-63.30882, -7.46922], [-63.31696, -7.46696], [-63.31396, -7.47111], [-63.31763, -7.47678], [-63.31417, -7.4779], [-63.31488, -7.48176], [-63.30007, -7.49083], [-63.30105, -7.4947], [-63.30479, -7.49162], [-63.31086, -7.49366], [-63.32551, -7.48931], [-63.34326, -7.49606], [-63.34716, -7.49316], [-63.3722, -7.49121], [-63.38144, -7.47979], [-63.37911, -7.46471], [-63.37315, -7.45402], [-63.37414, -7.44566], [-63.37753, -7.44257], [-63.40566, -7.4384], [-63.48721, -7.41334], [-63.84154, -7.36227], [-63.8426, -7.3412], [-63.8488, -7.33182], [-63.83809, -7.32169], [-63.84718, -7.31607], [-63.85032, -7.30997], [-63.8851, -7.33677], [-63.90338, -7.33553], [-63.91087, -7.33336], [-63.96781, -7.28834], [-63.97397, -7.26791], [-63.97799, -7.26418], [-63.98309, -7.26335], [-63.99337, -7.27974], [-64.01643, -7.28051], [-64.02996, -7.27746], [-64.03443, -7.2717], [-64.03334, -7.25752], [-64.01225, -7.24438], [-64.00791, -7.23365], [-64.01003, -7.22723], [-64.03343, -7.24008], [-64.05763, -7.2467], [-64.06185, -7.26183], [-64.06917, -7.26964], [-64.08876, -7.2696], [-64.09877, -7.26228], [-64.0936, -7.27343], [-64.08268, -7.27717], [-64.07748, -7.29043], [-64.0806, -7.29465], [-64.07749, -7.29424], [-64.08011, -7.29703], [-64.07773, -7.29973], [-64.0794, -7.30482], [-64.08304, -7.30967], [-64.08449, -7.30688], [-64.08691, -7.31034], [-64.08495, -7.31322], [-64.08801, -7.31435], [-64.08197, -7.3161], [-64.08509, -7.32137], [-64.07783, -7.32563], [-64.07747, -7.33159], [-64.08191, -7.33734], [-64.07911, -7.33894], [-64.07791, -7.3366], [-64.07266, -7.34088], [-64.07884, -7.34329], [-64.07597, -7.34563], [-64.08086, -7.35089], [-64.07655, -7.3513], [-64.07542, -7.35748], [-64.08226, -7.36275], [-64.08263, -7.36584], [-64.07901, -7.36757], [-64.08391, -7.36956], [-64.08552, -7.37616], [-64.08276, -7.37661], [-64.08308, -7.37263], [-64.07973, -7.37538], [-64.07298, -7.38442], [-64.07529, -7.38927], [-64.06625, -7.39642], [-64.07133, -7.39893], [-64.06867, -7.40027], [-64.0669, -7.41064], [-64.04429, -7.41752], [-64.01605, -7.43273], [-63.98917, -7.43282], [-63.99043, -7.47622], [-64.08824, -7.47539], [-64.1059, -7.46885], [-64.11621, -7.46771], [-64.12299, -7.46714], [-64.14017, -7.47], [-64.23104, -7.46054], [-64.24223, -7.46454], [-64.24442, -7.45464], [-64.23594, -7.45064], [-64.23794, -7.44555], [-64.24578, -7.44773], [-64.24227, -7.4416], [-64.24749, -7.43708], [-64.24595, -7.41868], [-64.25402, -7.41645], [-64.25652, -7.41164], [-64.26682, -7.4166], [-64.27374, -7.4138], [-64.27188, -7.40624], [-64.28215, -7.38411], [-64.27939, -7.37449], [-64.2764, -7.37542], [-64.27869, -7.38251], [-64.27534, -7.38555], [-64.26468, -7.37354], [-64.2721, -7.35143], [-64.26653, -7.34783], [-64.25951, -7.35342], [-64.26014, -7.34953], [-64.25483, -7.34788], [-64.26097, -7.33404], [-64.26007, -7.32698], [-64.32444, -7.32417], [-64.32901, -7.32832], [-64.34416, -7.32858], [-64.36127, -7.34209], [-64.37197, -7.33525], [-64.37914, -7.33447], [-64.38698, -7.33862], [-64.39259, -7.34794], [-64.39445, -7.36868], [-64.40337, -7.38026], [-64.4108, -7.38342], [-64.46577, -7.38027], [-64.50209, -7.38371], [-64.50806, -7.38794], [-64.53144, -7.38866], [-64.53597, -7.38507], [-64.53047, -7.3815], [-64.52984, -7.37534], [-64.54087, -7.36399], [-64.53572, -7.3619], [-64.53049, -7.34876], [-64.53513, -7.34656], [-64.53448, -7.34194], [-64.53952, -7.34656], [-64.54086, -7.34396], [-64.54343, -7.34847], [-64.53935, -7.33046], [-64.54729, -7.33406], [-64.54865, -7.33933], [-64.5555, -7.33052], [-64.55196, -7.32569], [-64.5592, -7.32134], [-64.55802, -7.31313], [-64.55451, -7.31007], [-64.55742, -7.30998], [-64.55679, -7.30528], [-64.55321, -7.30828], [-64.55498, -7.3036], [-64.54576, -7.30009], [-64.5517, -7.28005], [-64.55123, -7.26843], [-64.55837, -7.26234], [-64.55088, -7.24934], [-64.55426, -7.23809], [-64.56085, -7.22988], [-64.56169, -7.22242], [-64.55563, -7.21686], [-64.55623, -7.2109], [-64.56048, -7.2012], [-64.57004, -7.19341], [-64.56481, -7.19193], [-64.56679, -7.18778], [-64.57805, -7.18103], [-64.58253, -7.17132], [-64.57744, -7.17291], [-64.58, -7.16902], [-64.57776, -7.16362], [-64.57444, -7.16298], [-64.57833, -7.16029], [-64.57605, -7.15278], [-64.57884, -7.1393], [-64.58354, -7.13555], [-64.58042, -7.13558], [-64.5786, -7.13018], [-64.57645, -7.13213], [-64.57535, -7.12766], [-64.57807, -7.125], [-64.57511, -7.1255], [-64.57309, -7.11981], [-64.57894, -7.12095], [-64.57707, -7.11865], [-64.58025, -7.11787], [-64.57699, -7.11553], [-64.57999, -7.11443], [-64.57212, -7.10947], [-64.56963, -7.10356], [-64.57776, -7.0951], [-64.57399, -7.09567], [-64.57171, -7.09247], [-64.57986, -7.09039], [-64.57548, -7.07901], [-64.55332, -7.06656], [-64.54789, -7.05], [-64.5444, -7.05088], [-64.54335, -7.04605], [-64.54154, -7.04704], [-64.54401, -7.04196], [-64.53964, -7.03143], [-64.53461, -7.02704], [-64.53587, -7.02406], [-64.531, -7.02244], [-64.53152, -7.01499], [-64.52567, -7.01112], [-64.52667, -7.00533], [-64.51628, -7.00373], [-64.51336, -6.99427], [-64.512, -6.9959], [-64.50331, -6.98539], [-64.50885, -6.97352], [-64.50479, -6.97152], [-64.50905, -6.96723], [-64.50389, -6.96635], [-64.50101, -6.95876], [-64.50309, -6.95727], [-64.49971, -6.9596], [-64.49856, -6.95522], [-64.49675, -6.95716], [-64.49968, -6.95257], [-64.49706, -6.95181], [-64.49732, -6.9445], [-64.49443, -6.94369], [-64.50913, -6.92997], [-64.50547, -6.92786], [-64.50589, -6.92415], [-64.51021, -6.92479], [-64.51103, -6.92228], [-64.50623, -6.91717], [-64.50781, -6.91375], [-64.51231, -6.91672], [-64.51152, -6.91009], [-64.51448, -6.91062], [-64.51115, -6.90067], [-64.5053, -6.89898], [-64.50899, -6.89713], [-64.50476, -6.89434], [-64.50891, -6.89348], [-64.50875, -6.89096], [-64.50186, -6.88872], [-64.50097, -6.88342], [-64.50536, -6.87734], [-64.49105, -6.88156], [-64.484, -6.87504], [-64.49113, -6.84878], [-64.47742, -6.84315], [-64.46846, -6.85521], [-64.46264, -6.85756], [-64.45564, -6.84379], [-64.45692, -6.83364], [-64.47803, -6.81006], [-64.47931, -6.79193], [-64.49177, -6.78529], [-64.49128, -6.76701], [-64.48799, -6.75823], [-64.4801, -6.75339], [-64.46798, -6.75366], [-64.45926, -6.7626], [-64.45067, -6.76346], [-64.34361, -6.87194]], [[-64.1968, -7.10653], [-64.19778, -7.10579], [-64.19598, -7.10779], [-64.1968, -7.10653]], [[-64.264, -6.88795], [-64.25069, -6.89856], [-64.25025, -6.90905], [-64.2549, -6.91497], [-64.24888, -6.92177], [-64.16194, -6.90639], [-64.16861, -6.86556], [-64.26414, -6.8833], [-64.264, -6.88795]], [[-63.72262, -7.08605], [-63.72092, -7.09062], [-63.7233, -7.08966], [-63.72509, -7.09673], [-63.73044, -7.09895], [-63.729, -7.12322], [-63.73402, -7.12581], [-63.72773, -7.13961], [-63.70139, -7.1275], [-63.72262, -7.08605]], [[-63.65942, -7.02968], [-63.65687, -7.00859], [-63.67879, -7.0082], [-63.68379, -7.01179], [-63.68633, -7.02224], [-63.68907, -7.01253], [-63.694, -7.02144], [-63.69237, -7.03444], [-63.69732, -7.03598], [-63.7005, -7.04203], [-63.69906, -7.04627], [-63.70359, -7.05227], [-63.68306, -7.05667], [-63.66222, -7.05278], [-63.66502, -7.03048], [-63.65942, -7.02968]], [[-63.65447, -6.97703], [-63.67543, -6.98205], [-63.675, -6.9725], [-63.69361, -6.97139], [-63.69389, -6.98472], [-63.69, -6.985], [-63.69056, -6.99917], [-63.6875, -7.00389], [-63.64764, -6.99331], [-63.65447, -6.97703]], [[-63.59965, -6.86993], [-63.60985, -6.87609], [-63.60958, -6.87998], [-63.61278, -6.88186], [-63.60943, -6.88464], [-63.61191, -6.89129], [-63.61773, -6.89042], [-63.61676, -6.89447], [-63.62653, -6.89911], [-63.62365, -6.90511], [-63.61854, -6.90707], [-63.62365, -6.90967], [-63.62505, -6.90506], [-63.62931, -6.90863], [-63.63501, -6.90377], [-63.64933, -6.90511], [-63.64869, -6.90843], [-63.6427, -6.90844], [-63.64364, -6.91733], [-63.64777, -6.91951], [-63.64932, -6.91519], [-63.65632, -6.92742], [-63.66859, -6.92757], [-63.66505, -6.93865], [-63.6602, -6.94088], [-63.6638, -6.94403], [-63.6637, -6.95437], [-63.65903, -6.95321], [-63.65812, -6.95704], [-63.66127, -6.957], [-63.65599, -6.96148], [-63.60861, -6.97611], [-63.5775, -6.88], [-63.58889, -6.8775], [-63.59965, -6.86993]], [[-63.57971, -6.78592], [-63.57541, -6.78912], [-63.57954, -6.79776], [-63.58385, -6.79458], [-63.58981, -6.80199], [-63.58825, -6.80581], [-63.5928, -6.81362], [-63.58944, -6.81261], [-63.59118, -6.82151], [-63.59322, -6.82037], [-63.594, -6.8244], [-63.60019, -6.82713], [-63.52944, -6.83315], [-63.52944, -6.78806], [-63.57971, -6.78592]]], [[[-63.9925, -7.54778], [-64.23237, -7.54775], [-64.2265, -7.54183], [-64.22003, -7.54195], [-64.22625, -7.53564], [-64.2278, -7.52789], [-64.22286, -7.5236], [-64.21896, -7.52439], [-64.22183, -7.52707], [-64.21812, -7.52445], [-64.21903, -7.5195], [-64.22524, -7.51468], [-64.21691, -7.5132], [-64.21486, -7.50939], [-64.22321, -7.5045], [-64.21687, -7.49627], [-64.23071, -7.4811], [-64.22437, -7.47438], [-64.2257, -7.46978], [-64.23328, -7.46873], [-64.23003, -7.46191], [-64.2408, -7.46856], [-64.24234, -7.46518], [-64.23106, -7.46108], [-64.1402, -7.47054], [-64.11627, -7.46825], [-64.0883, -7.47594], [-63.99044, -7.47676], [-63.9925, -7.54778]]]]}}, {"type": "Feature", "properties": {"nome": "PARQUE NACIONAL MAPINGUARI", "grupo": "Proteção integral", "esfera": "Federal", "ano": "2008", "ha": 1775085.108555983, "bioma": "AMAZÔNIA"}, "geometry": {"type": "MultiPolygon", "coordinates": [[[[-64.8197, -9.47987], [-64.82247, -9.47518], [-64.82102, -9.47351], [-64.8197, -9.47987]]], [[[-64.82413, -9.46954], [-64.82232, -9.47133], [-64.82321, -9.47183], [-64.82413, -9.46954]]], [[[-64.82479, -9.46369], [-64.82381, -9.46774], [-64.82602, -9.46559], [-64.82479, -9.46369]]], [[[-64.82653, -9.46197], [-64.82673, -9.46034], [-64.82496, -9.46153], [-64.82653, -9.46197]]], [[[-64.83101, -9.45062], [-64.82861, -9.45024], [-64.82857, -9.45059], [-64.83101, -9.45062]]], [[[-64.82907, -9.44794], [-64.83488, -9.44905], [-64.8351, -9.4426], [-64.83165, -9.44248], [-64.83123, -9.44586], [-64.82814, -9.44266], [-64.82907, -9.44794]]], [[[-64.84731, -9.393], [-64.8366, -9.40309], [-64.83846, -9.41623], [-64.84189, -9.41516], [-64.84268, -9.41152], [-64.84624, -9.40975], [-64.84537, -9.40878], [-64.84417, -9.40919], [-64.84375, -9.40893], [-64.8466, -9.40809], [-64.8461, -9.40808], [-64.84516, -9.40684], [-64.84438, -9.40378], [-64.84639, -9.4079], [-64.84752, -9.40426], [-64.85342, -9.40155], [-64.85122, -9.39714], [-64.85305, -9.39614], [-64.85722, -9.40127], [-64.86431, -9.39098], [-64.86165, -9.39027], [-64.85756, -9.39414], [-64.85634, -9.39466], [-64.85592, -9.39414], [-64.86067, -9.3891], [-64.85703, -9.38542], [-64.86257, -9.38867], [-64.8662, -9.38457], [-64.86077, -9.38428], [-64.86222, -9.37551], [-64.85921, -9.37609], [-64.85766, -9.37156], [-64.84731, -9.393]]], [[[-64.91307, -9.37929], [-64.91204, -9.37875], [-64.91215, -9.3796], [-64.91307, -9.37929]]], [[[-64.9132, -9.37303], [-64.91397, -9.37393], [-64.91382, -9.37314], [-64.9132, -9.37303]]], [[[-64.89808, -9.33047], [-64.89836, -9.33015], [-64.89835, -9.33007], [-64.89808, -9.33047]]], [[[-64.72762, -9.27686], [-64.72581, -9.2755], [-64.72678, -9.27734], [-64.72762, -9.27686]]], [[[-64.73004, -9.27365], [-64.7278, -9.27328], [-64.7283, -9.2745], [-64.73004, -9.27365]]], [[[-64.72825, -9.26215], [-64.72263, -9.26045], [-64.72182, -9.26236], [-64.72344, -9.26168], [-64.72802, -9.26907], [-64.72825, -9.26215]]], [[[-64.72395, -9.25949], [-64.7255, -9.25888], [-64.72438, -9.25747], [-64.72395, -9.25949]]], [[[-64.86314, -9.30268], [-64.85874, -9.29357], [-64.86669, -9.2799], [-64.86803, -9.26631], [-64.85797, -9.26249], [-64.84598, -9.2474], [-64.84312, -9.23309], [-64.773, -9.23471], [-64.67128, -9.14583], [-64.63344, -9.10759], [-64.61301, -9.15677], [-64.60827, -9.15431], [-64.60847, -9.1582], [-64.61536, -9.17389], [-64.62428, -9.17959], [-64.62891, -9.18693], [-64.62956, -9.19443], [-64.63616, -9.19121], [-64.6337, -9.1975], [-64.63714, -9.19377], [-64.64226, -9.19375], [-64.64038, -9.19057], [-64.6435, -9.1882], [-64.63274, -9.17432], [-64.63703, -9.17502], [-64.64229, -9.18162], [-64.64296, -9.18001], [-64.64548, -9.17794], [-64.64264, -9.18476], [-64.6499, -9.19692], [-64.64141, -9.19645], [-64.64213, -9.20054], [-64.63887, -9.19846], [-64.63798, -9.20404], [-64.64113, -9.20643], [-64.64076, -9.2028], [-64.64483, -9.20326], [-64.64236, -9.20483], [-64.64401, -9.20745], [-64.63953, -9.20703], [-64.64154, -9.21043], [-64.64823, -9.20583], [-64.64797, -9.21221], [-64.65384, -9.21166], [-64.65185, -9.20699], [-64.66192, -9.20564], [-64.66401, -9.20212], [-64.66, -9.20138], [-64.65979, -9.19483], [-64.65672, -9.19567], [-64.65673, -9.19919], [-64.65379, -9.19783], [-64.65267, -9.19105], [-64.65489, -9.18959], [-64.65229, -9.18652], [-64.65631, -9.18947], [-64.65357, -9.18183], [-64.65504, -9.18424], [-64.65518, -9.18144], [-64.65833, -9.17891], [-64.65225, -9.17731], [-64.65726, -9.17224], [-64.65063, -9.17153], [-64.65064, -9.17014], [-64.65471, -9.1699], [-64.65378, -9.16606], [-64.65651, -9.16507], [-64.6591, -9.16865], [-64.65898, -9.16424], [-64.66406, -9.16853], [-64.65953, -9.16883], [-64.66012, -9.17332], [-64.65462, -9.17643], [-64.66123, -9.17898], [-64.66067, -9.18418], [-64.65619, -9.18218], [-64.66035, -9.18917], [-64.65643, -9.19012], [-64.6556, -9.19282], [-64.65751, -9.19128], [-64.66174, -9.19655], [-64.66465, -9.19317], [-64.66457, -9.19511], [-64.66564, -9.19443], [-64.66673, -9.19678], [-64.66318, -9.19589], [-64.66229, -9.20047], [-64.66583, -9.19902], [-64.66822, -9.20268], [-64.66525, -9.2017], [-64.664, -9.20518], [-64.66661, -9.20767], [-64.663, -9.20628], [-64.65633, -9.21008], [-64.65994, -9.21404], [-64.66437, -9.21295], [-64.66143, -9.21556], [-64.66453, -9.21719], [-64.66164, -9.21714], [-64.66042, -9.22123], [-64.65962, -9.21663], [-64.65499, -9.21886], [-64.65979, -9.22511], [-64.67905, -9.26654], [-64.68101, -9.26293], [-64.67804, -9.26072], [-64.68199, -9.25989], [-64.68131, -9.25678], [-64.67722, -9.25608], [-64.67883, -9.25262], [-64.67558, -9.24986], [-64.67521, -9.24458], [-64.67919, -9.25014], [-64.68078, -9.24055], [-64.68426, -9.24212], [-64.68132, -9.25031], [-64.68509, -9.24957], [-64.68174, -9.2531], [-64.68725, -9.25125], [-64.68642, -9.24552], [-64.69099, -9.25274], [-64.68872, -9.24451], [-64.69256, -9.2466], [-64.69205, -9.24288], [-64.68903, -9.24273], [-64.69088, -9.2363], [-64.68889, -9.23835], [-64.68719, -9.23521], [-64.68527, -9.23964], [-64.68372, -9.23409], [-64.68608, -9.23287], [-64.68254, -9.23059], [-64.68927, -9.23111], [-64.68902, -9.22822], [-64.68081, -9.22417], [-64.67975, -9.21896], [-64.67789, -9.22186], [-64.67702, -9.2221], [-64.67904, -9.21809], [-64.67691, -9.21498], [-64.67908, -9.21165], [-64.68257, -9.2206], [-64.68876, -9.22176], [-64.69005, -9.21518], [-64.69318, -9.21503], [-64.6913, -9.22092], [-64.69362, -9.22575], [-64.69749, -9.21835], [-64.69831, -9.22408], [-64.70093, -9.2242], [-64.70069, -9.22112], [-64.70555, -9.21929], [-64.70211, -9.21961], [-64.70097, -9.21828], [-64.70541, -9.21486], [-64.70095, -9.21423], [-64.70508, -9.21022], [-64.70079, -9.2051], [-64.7048, -9.2086], [-64.70376, -9.20428], [-64.70737, -9.20621], [-64.70678, -9.19982], [-64.70271, -9.1964], [-64.7092, -9.19664], [-64.71297, -9.18369], [-64.71308, -9.1932], [-64.71017, -9.19563], [-64.7145, -9.19539], [-64.71495, -9.19608], [-64.71327, -9.19832], [-64.71006, -9.19626], [-64.70843, -9.20333], [-64.71085, -9.20196], [-64.71028, -9.20411], [-64.71164, -9.20409], [-64.71219, -9.2029], [-64.71267, -9.20271], [-64.7149, -9.20511], [-64.70997, -9.20478], [-64.70807, -9.20825], [-64.71808, -9.21015], [-64.71278, -9.21321], [-64.712, -9.21044], [-64.7074, -9.2113], [-64.70746, -9.21406], [-64.71382, -9.21696], [-64.70739, -9.21531], [-64.71048, -9.21843], [-64.7083, -9.22209], [-64.71074, -9.22313], [-64.71208, -9.21917], [-64.71399, -9.2192], [-64.71179, -9.22283], [-64.71423, -9.224], [-64.71591, -9.2193], [-64.71661, -9.22059], [-64.7215, -9.21786], [-64.72336, -9.21738], [-64.7248, -9.21817], [-64.71555, -9.22238], [-64.71602, -9.2246], [-64.72044, -9.22375], [-64.71458, -9.22559], [-64.71491, -9.22673], [-64.71697, -9.22755], [-64.71856, -9.22868], [-64.71843, -9.22915], [-64.71505, -9.22717], [-64.71512, -9.23035], [-64.71372, -9.22541], [-64.70788, -9.22537], [-64.71016, -9.22947], [-64.7068, -9.23062], [-64.70534, -9.22809], [-64.70084, -9.23187], [-64.69823, -9.22971], [-64.70236, -9.23622], [-64.69711, -9.23657], [-64.70187, -9.24119], [-64.71006, -9.24059], [-64.70272, -9.24446], [-64.7042, -9.25073], [-64.70866, -9.24602], [-64.71196, -9.24602], [-64.71221, -9.24647], [-64.70909, -9.24987], [-64.71329, -9.24856], [-64.71146, -9.25014], [-64.71402, -9.25152], [-64.71037, -9.25065], [-64.71184, -9.25318], [-64.70786, -9.25532], [-64.71157, -9.2545], [-64.70884, -9.26587], [-64.71114, -9.27323], [-64.7153, -9.27075], [-64.71195, -9.26848], [-64.71305, -9.26049], [-64.71643, -9.26756], [-64.72049, -9.26087], [-64.71862, -9.25816], [-64.71686, -9.26163], [-64.71742, -9.25907], [-64.71336, -9.25889], [-64.71718, -9.25741], [-64.71364, -9.25674], [-64.71422, -9.25326], [-64.72084, -9.25824], [-64.72203, -9.25655], [-64.71469, -9.24733], [-64.71898, -9.25084], [-64.71955, -9.24803], [-64.72075, -9.25083], [-64.72605, -9.24802], [-64.72096, -9.24714], [-64.72146, -9.24379], [-64.71581, -9.24429], [-64.7146, -9.24319], [-64.72385, -9.24275], [-64.72348, -9.24022], [-64.72095, -9.24003], [-64.71935, -9.23964], [-64.71911, -9.23928], [-64.72518, -9.24018], [-64.72416, -9.23621], [-64.7184, -9.23341], [-64.72167, -9.22981], [-64.72012, -9.23277], [-64.72445, -9.23598], [-64.72544, -9.23576], [-64.72629, -9.23447], [-64.72671, -9.23426], [-64.72458, -9.23686], [-64.72737, -9.24173], [-64.73182, -9.23992], [-64.72764, -9.24507], [-64.73263, -9.24559], [-64.73357, -9.24245], [-64.73412, -9.2422], [-64.73317, -9.24551], [-64.73734, -9.24405], [-64.73904, -9.24638], [-64.72906, -9.24818], [-64.73099, -9.25009], [-64.73318, -9.24811], [-64.73533, -9.24848], [-64.73638, -9.24918], [-64.73296, -9.24962], [-64.7337, -9.25334], [-64.74022, -9.25087], [-64.73816, -9.25516], [-64.7272, -9.2544], [-64.73206, -9.25824], [-64.73144, -9.26179], [-64.73576, -9.26168], [-64.73255, -9.27087], [-64.73847, -9.26653], [-64.73824, -9.2635], [-64.7389, -9.26263], [-64.73894, -9.25992], [-64.73957, -9.25853], [-64.73864, -9.26609], [-64.7417, -9.26567], [-64.73506, -9.27229], [-64.74064, -9.27167], [-64.74054, -9.27491], [-64.74612, -9.26765], [-64.75122, -9.26784], [-64.75074, -9.26687], [-64.7519, -9.26549], [-64.7512, -9.26546], [-64.75097, -9.26526], [-64.75079, -9.26472], [-64.75099, -9.26452], [-64.75256, -9.26472], [-64.75151, -9.26682], [-64.75259, -9.26732], [-64.75534, -9.26458], [-64.75673, -9.26502], [-64.75687, -9.26559], [-64.75737, -9.26593], [-64.75695, -9.26396], [-64.75778, -9.26432], [-64.75864, -9.26274], [-64.75968, -9.26261], [-64.75994, -9.26322], [-64.76038, -9.26211], [-64.76224, -9.26197], [-64.76193, -9.26069], [-64.76266, -9.25951], [-64.76125, -9.25726], [-64.76111, -9.25618], [-64.76147, -9.2557], [-64.76104, -9.25582], [-64.76011, -9.2556], [-64.76025, -9.25448], [-64.7599, -9.25493], [-64.75967, -9.25498], [-64.757, -9.25414], [-64.75654, -9.25308], [-64.75549, -9.25319], [-64.75532, -9.25314], [-64.75484, -9.25283], [-64.75462, -9.25258], [-64.75454, -9.25236], [-64.76, -9.25402], [-64.76305, -9.25638], [-64.76123, -9.25626], [-64.76316, -9.26014], [-64.76244, -9.26085], [-64.76308, -9.26084], [-64.76359, -9.26147], [-64.76375, -9.26118], [-64.76406, -9.26108], [-64.76431, -9.26165], [-64.76472, -9.26075], [-64.76482, -9.26066], [-64.76496, -9.2606], [-64.7653, -9.26062], [-64.76497, -9.26192], [-64.76266, -9.26128], [-64.7627, -9.26086], [-64.76236, -9.26197], [-64.76003, -9.2634], [-64.75954, -9.26273], [-64.7575, -9.26607], [-64.75574, -9.26481], [-64.75517, -9.26489], [-64.75564, -9.26517], [-64.75516, -9.26508], [-64.755, -9.26548], [-64.75459, -9.26585], [-64.75437, -9.26633], [-64.75646, -9.26646], [-64.75844, -9.26878], [-64.75809, -9.26935], [-64.75634, -9.2666], [-64.75484, -9.26844], [-64.75103, -9.26699], [-64.7518, -9.26785], [-64.74963, -9.27007], [-64.74426, -9.27225], [-64.74308, -9.2755], [-64.74824, -9.27622], [-64.74947, -9.27709], [-64.74953, -9.27876], [-64.75305, -9.27833], [-64.75433, -9.27991], [-64.75036, -9.27874], [-64.75042, -9.28059], [-64.74944, -9.28266], [-64.7485, -9.27683], [-64.74476, -9.27651], [-64.74466, -9.2769], [-64.74529, -9.2778], [-64.74554, -9.27838], [-64.74555, -9.27895], [-64.73875, -9.27369], [-64.73773, -9.2775], [-64.73557, -9.27514], [-64.73429, -9.27753], [-64.73697, -9.27865], [-64.73445, -9.28026], [-64.74425, -9.28454], [-64.74397, -9.28776], [-64.73667, -9.28383], [-64.73784, -9.29145], [-64.73598, -9.28874], [-64.73565, -9.28913], [-64.73414, -9.28965], [-64.73347, -9.29033], [-64.73321, -9.29031], [-64.7361, -9.28731], [-64.73465, -9.28236], [-64.73213, -9.2876], [-64.72925, -9.28569], [-64.73038, -9.29381], [-64.72662, -9.28815], [-64.72705, -9.29167], [-64.72409, -9.29272], [-64.72296, -9.28723], [-64.72028, -9.28661], [-64.72226, -9.28943], [-64.72021, -9.29519], [-64.72324, -9.29646], [-64.72136, -9.30027], [-64.72547, -9.29587], [-64.72355, -9.30108], [-64.73307, -9.30211], [-64.73473, -9.29839], [-64.73436, -9.30175], [-64.73525, -9.30135], [-64.73588, -9.30134], [-64.73655, -9.30155], [-64.73691, -9.30119], [-64.73888, -9.30132], [-64.73644, -9.30169], [-64.73505, -9.30151], [-64.73653, -9.30538], [-64.73391, -9.30165], [-64.73112, -9.30337], [-64.72548, -9.30217], [-64.72532, -9.30284], [-64.72687, -9.3045], [-64.72707, -9.30518], [-64.72398, -9.30233], [-64.72322, -9.3054], [-64.72253, -9.30194], [-64.71988, -9.30494], [-64.71696, -9.30103], [-64.71853, -9.30426], [-64.71818, -9.30901], [-64.72198, -9.30739], [-64.71907, -9.31155], [-64.7259, -9.31167], [-64.71891, -9.31518], [-64.71929, -9.31945], [-64.72968, -9.31902], [-64.73344, -9.3226], [-64.73559, -9.31817], [-64.73877, -9.32095], [-64.73732, -9.31504], [-64.73871, -9.31158], [-64.741, -9.31104], [-64.7382, -9.31439], [-64.74063, -9.32345], [-64.7369, -9.32177], [-64.73778, -9.32826], [-64.74289, -9.32314], [-64.74201, -9.32715], [-64.74727, -9.326], [-64.75241, -9.31655], [-64.74667, -9.31412], [-64.74851, -9.31296], [-64.74691, -9.31126], [-64.74627, -9.30704], [-64.74672, -9.30692], [-64.74892, -9.31306], [-64.75409, -9.30895], [-64.75225, -9.3136], [-64.75602, -9.31424], [-64.75281, -9.31551], [-64.75227, -9.32272], [-64.75449, -9.31949], [-64.75862, -9.31907], [-64.75873, -9.32326], [-64.75076, -9.32376], [-64.7532, -9.32518], [-64.74939, -9.3271], [-64.75065, -9.3287], [-64.75013, -9.33333], [-64.74922, -9.32866], [-64.74724, -9.33265], [-64.74595, -9.32784], [-64.73907, -9.33296], [-64.73785, -9.33999], [-64.74225, -9.34177], [-64.73852, -9.34292], [-64.74044, -9.34482], [-64.73817, -9.3438], [-64.73801, -9.34193], [-64.73706, -9.34416], [-64.74061, -9.35096], [-64.74844, -9.35107], [-64.75425, -9.35557], [-64.75615, -9.34927], [-64.76113, -9.34868], [-64.75543, -9.35621], [-64.76602, -9.36247], [-64.78091, -9.35814], [-64.77951, -9.35379], [-64.78074, -9.35153], [-64.78146, -9.35706], [-64.78519, -9.35315], [-64.78115, -9.35886], [-64.77714, -9.36112], [-64.77824, -9.36336], [-64.78947, -9.36249], [-64.79351, -9.3603], [-64.79369, -9.35625], [-64.79484, -9.36258], [-64.79894, -9.35912], [-64.80396, -9.36126], [-64.81866, -9.3583], [-64.81627, -9.3545], [-64.82042, -9.3553], [-64.82316, -9.3517], [-64.82358, -9.35541], [-64.8242, -9.35165], [-64.82598, -9.35114], [-64.82327, -9.35823], [-64.82868, -9.3559], [-64.83124, -9.35866], [-64.84247, -9.35259], [-64.85283, -9.35521], [-64.8584, -9.36196], [-64.86151, -9.35886], [-64.86495, -9.36027], [-64.86514, -9.35663], [-64.87201, -9.35678], [-64.87296, -9.35208], [-64.86658, -9.34769], [-64.86988, -9.3465], [-64.86913, -9.3429], [-64.86641, -9.34116], [-64.86479, -9.34199], [-64.86441, -9.34179], [-64.86644, -9.34071], [-64.86838, -9.34124], [-64.86656, -9.33843], [-64.86523, -9.338], [-64.86386, -9.33944], [-64.86245, -9.33978], [-64.86124, -9.33979], [-64.8608, -9.33964], [-64.86596, -9.33733], [-64.86514, -9.33478], [-64.85674, -9.33541], [-64.85548, -9.33501], [-64.86701, -9.33277], [-64.86306, -9.32761], [-64.85847, -9.32909], [-64.85801, -9.32827], [-64.86402, -9.32531], [-64.86014, -9.31734], [-64.86255, -9.31878], [-64.86209, -9.31411], [-64.8648, -9.31295], [-64.86406, -9.30632], [-64.86084, -9.30276], [-64.85848, -9.30423], [-64.85773, -9.30443], [-64.85765, -9.30405], [-64.86226, -9.30156], [-64.86245, -9.30246], [-64.86314, -9.30268]]], [[[-64.7183, -9.30582], [-64.71822, -9.30579], [-64.7182, -9.30593], [-64.7183, -9.30582]]], [[[-64.71859, -9.29711], [-64.71488, -9.29687], [-64.7188, -9.29875], [-64.71859, -9.29711]]], [[[-64.71314, -9.29286], [-64.71505, -9.29448], [-64.7141, -9.29257], [-64.71314, -9.29286]]], [[[-64.71824, -9.29308], [-64.71872, -9.29426], [-64.71939, -9.29304], [-64.71824, -9.29308]]], [[[-64.71713, -9.29145], [-64.71737, -9.29132], [-64.71715, -9.29129], [-64.71713, -9.29145]]], [[[-64.72011, -9.29092], [-64.71961, -9.28923], [-64.71867, -9.29009], [-64.72011, -9.29092]]], [[[-64.71257, -9.28677], [-64.71312, -9.28805], [-64.71351, -9.28646], [-64.71257, -9.28677]]], [[[-64.71367, -9.28647], [-64.71423, -9.28601], [-64.71397, -9.28566], [-64.71367, -9.28647]]], [[[-64.71983, -9.28062], [-64.71923, -9.28047], [-64.71948, -9.28094], [-64.71983, -9.28062]]], [[[-64.71905, -9.27552], [-64.71768, -9.2788], [-64.71994, -9.27985], [-64.72069, -9.27787], [-64.71905, -9.27552]]], [[[-64.71586, -9.2782], [-64.7173, -9.27617], [-64.71632, -9.27513], [-64.71609, -9.27524], [-64.71586, -9.2782]]], [[[-64.72077, -9.27388], [-64.71857, -9.27267], [-64.71753, -9.27352], [-64.72077, -9.27388]]], [[[-64.72143, -9.26991], [-64.71831, -9.27022], [-64.72351, -9.27277], [-64.72143, -9.26991]]], [[[-64.72235, -9.26857], [-64.72089, -9.26568], [-64.72037, -9.26803], [-64.72235, -9.26857]]], [[[-64.72216, -9.26377], [-64.72363, -9.26496], [-64.7239, -9.2647], [-64.72216, -9.26377]]], [[[-64.71139, -9.28743], [-64.71085, -9.28836], [-64.71187, -9.28792], [-64.71139, -9.28743]]], [[[-64.70155, -9.2861], [-64.70189, -9.28703], [-64.70198, -9.2864], [-64.70155, -9.2861]]], [[[-64.69931, -9.28572], [-64.69769, -9.2829], [-64.69916, -9.28604], [-64.69931, -9.28572]]], [[[-64.70142, -9.28355], [-64.70099, -9.2833], [-64.70071, -9.28465], [-64.70142, -9.28355]]], [[[-64.69566, -9.28194], [-64.6965, -9.28082], [-64.6955, -9.27922], [-64.69566, -9.28194]]], [[[-64.70247, -9.27915], [-64.70354, -9.27932], [-64.70291, -9.27856], [-64.70247, -9.27915]]], [[[-64.70022, -9.28029], [-64.69736, -9.27669], [-64.6951, -9.27825], [-64.70022, -9.28029]]], [[[-64.69583, -9.2746], [-64.69367, -9.27501], [-64.69462, -9.27624], [-64.69583, -9.2746]]], [[[-64.69373, -9.27451], [-64.69389, -9.27448], [-64.69383, -9.27437], [-64.69373, -9.27451]]], [[[-64.69565, -9.27382], [-64.69538, -9.27413], [-64.69576, -9.27408], [-64.69565, -9.27382]]], [[[-64.69585, -9.27361], [-64.69579, -9.27348], [-64.69567, -9.27361], [-64.69585, -9.27361]]], [[[-64.6569, -9.22339], [-64.65444, -9.21984], [-64.65261, -9.22309], [-64.65113, -9.2186], [-64.6483, -9.2213], [-64.64623, -9.21485], [-64.64242, -9.21408], [-64.6423, -9.2161], [-64.64085, -9.21686], [-64.64138, -9.2146], [-64.63759, -9.21564], [-64.63402, -9.21232], [-64.6366, -9.22107], [-64.63258, -9.21161], [-64.63336, -9.22512], [-64.6569, -9.22339]]], [[[-65.4125, -9.60748], [-65.42401, -9.5885], [-65.42102, -9.5739], [-65.41382, -9.56844], [-65.41414, -9.5561], [-65.42893, -9.53885], [-65.42382, -9.51866], [-65.42731, -9.51149], [-65.42563, -9.50305], [-65.42999, -9.49566], [-65.44826, -9.48701], [-65.45324, -9.46942], [-65.44607, -9.46633], [-65.43597, -9.46732], [-65.43145, -9.46258], [-65.4438, -9.42045], [-65.45594, -9.40346], [-65.44562, -9.3749], [-65.4496, -9.32032], [-65.44274, -9.31178], [-65.43274, -9.31138], [-65.42358, -9.31748], [-65.41008, -9.32107], [-65.397, -9.33576], [-65.38685, -9.33789], [-65.37786, -9.3312], [-65.37439, -9.32234], [-65.35117, -9.32271], [-65.3364, -9.30499], [-65.30146, -9.28609], [-65.3095, -9.23638], [-65.31404, -9.23616], [-65.31218, -9.23032], [-65.31928, -9.21448], [-65.32023, -9.20089], [-65.31106, -9.18732], [-65.31378, -9.18359], [-65.3006, -9.17442], [-65.29684, -9.16467], [-65.28641, -9.15828], [-65.28281, -9.15049], [-65.26752, -9.14305], [-65.26655, -9.13376], [-65.27303, -9.12603], [-65.27017, -9.11959], [-65.26996, -9.10178], [-65.27526, -9.09219], [-65.27514, -9.08173], [-65.28169, -9.07367], [-65.2913, -9.06887], [-65.2994, -9.08473], [-65.29872, -9.0938], [-65.31524, -9.10453], [-65.32356, -9.10275], [-65.3424, -9.10592], [-65.35682, -9.09632], [-65.36149, -9.08617], [-65.37373, -9.07719], [-65.38152, -9.06652], [-65.39331, -9.06132], [-65.39777, -9.05321], [-65.39315, -9.03413], [-65.37047, -9.00002], [-65.43885, -8.95902], [-65.46535, -8.99529], [-65.45927, -9.00955], [-65.45712, -9.02979], [-65.48168, -9.05247], [-65.49608, -9.05922], [-65.50507, -9.08332], [-65.62108, -9.11798], [-65.62371, -9.11047], [-65.61424, -9.0927], [-65.61949, -9.08312], [-65.6291, -9.07649], [-65.66198, -9.07358], [-65.67615, -9.05833], [-65.68065, -9.02038], [-65.67754, -9.00337], [-65.66893, -8.98832], [-65.67095, -8.98418], [-65.66199, -8.98212], [-65.65835, -8.98826], [-65.64951, -8.99037], [-65.64766, -8.97664], [-65.64498, -8.97301], [-65.63791, -8.97188], [-65.63558, -8.9665], [-65.61979, -8.96647], [-65.61745, -8.96186], [-65.61538, -8.96673], [-65.60231, -8.96768], [-65.59764, -8.96343], [-65.60104, -8.96153], [-65.59903, -8.95646], [-65.6021, -8.95317], [-65.59977, -8.95044], [-65.6013, -8.9349], [-65.59641, -8.92513], [-65.58921, -8.92391], [-65.58117, -8.907], [-65.5493, -8.91002], [-65.54519, -8.91553], [-65.54065, -8.91606], [-65.54312, -8.92494], [-65.5382, -8.92387], [-65.53857, -8.92164], [-65.53161, -8.92574], [-65.53281, -8.92941], [-65.52572, -8.92565], [-65.52418, -8.93099], [-65.51995, -8.92936], [-65.52061, -8.93313], [-65.51661, -8.93588], [-65.5139, -8.92903], [-65.51035, -8.92894], [-65.50618, -8.92283], [-65.50561, -8.92731], [-65.49929, -8.9237], [-65.49436, -8.92468], [-65.49, -8.91523], [-65.49465, -8.90808], [-65.49739, -8.90911], [-65.48294, -8.9027], [-65.48901, -8.89852], [-65.48663, -8.89575], [-65.48803, -8.89007], [-65.47159, -8.86438], [-65.47906, -8.85593], [-65.47695, -8.84974], [-65.48262, -8.84863], [-65.48301, -8.8441], [-65.47964, -8.84293], [-65.4866, -8.83715], [-65.4818, -8.83236], [-65.48618, -8.81817], [-65.48298, -8.81759], [-65.48769, -8.81239], [-65.48212, -8.80792], [-65.48475, -8.80272], [-65.48012, -8.79138], [-65.48158, -8.78304], [-65.48402, -8.78249], [-65.48246, -8.77797], [-65.48571, -8.77756], [-65.48188, -8.77625], [-65.48208, -8.77012], [-65.486, -8.76684], [-65.48257, -8.76624], [-65.48533, -8.76344], [-65.48304, -8.75674], [-65.47771, -8.75818], [-65.48099, -8.75444], [-65.47847, -8.75147], [-65.47534, -8.75437], [-65.46924, -8.75352], [-65.47431, -8.75256], [-65.47234, -8.74716], [-65.47725, -8.74904], [-65.47778, -8.74463], [-65.4809, -8.7439], [-65.47899, -8.74663], [-65.49293, -8.75543], [-65.50024, -8.75189], [-65.50087, -8.7483], [-65.49693, -8.74656], [-65.50108, -8.73936], [-65.4961, -8.74006], [-65.49675, -8.73734], [-65.49273, -8.73711], [-65.49379, -8.73272], [-65.48242, -8.72654], [-65.4635, -8.72142], [-65.45453, -8.68995], [-65.43895, -8.69543], [-65.44084, -8.69835], [-65.43725, -8.70269], [-65.44172, -8.70287], [-65.44237, -8.70841], [-65.43174, -8.7136], [-65.43349, -8.71978], [-65.43027, -8.72095], [-65.42646, -8.73233], [-65.41683, -8.72909], [-65.42099, -8.72483], [-65.41394, -8.72652], [-65.41197, -8.72381], [-65.4098, -8.72554], [-65.41194, -8.73173], [-65.40696, -8.73096], [-65.4105, -8.71912], [-65.40381, -8.72105], [-65.39283, -8.73984], [-65.38771, -8.7424], [-65.38539, -8.74043], [-65.38981, -8.73566], [-65.384, -8.73374], [-65.37995, -8.7361], [-65.37854, -8.72965], [-65.3714, -8.72144], [-65.35747, -8.72993], [-65.3534, -8.73741], [-65.34581, -8.72935], [-65.34137, -8.72881], [-65.33861, -8.72326], [-65.3424, -8.71601], [-65.33785, -8.70961], [-65.34483, -8.70581], [-65.34681, -8.70212], [-65.34472, -8.70011], [-65.35264, -8.69353], [-65.34382, -8.68853], [-65.34498, -8.68368], [-65.34073, -8.68223], [-65.3459, -8.67759], [-65.33989, -8.66324], [-65.34655, -8.65675], [-65.34266, -8.65412], [-65.34508, -8.64999], [-65.3427, -8.64424], [-65.33595, -8.6452], [-65.33326, -8.64132], [-65.33727, -8.63156], [-65.3215, -8.63351], [-65.31161, -8.6397], [-65.30904, -8.64716], [-65.30252, -8.64218], [-65.29913, -8.64789], [-65.29314, -8.64535], [-65.28926, -8.65087], [-65.28098, -8.65134], [-65.27732, -8.65904], [-65.27012, -8.66342], [-65.26231, -8.66303], [-65.25613, -8.65721], [-65.25592, -8.65131], [-65.25014, -8.6486], [-65.25287, -8.64772], [-65.24584, -8.63769], [-65.24564, -8.6312], [-65.24007, -8.62834], [-65.23751, -8.61998], [-65.22811, -8.61668], [-65.22662, -8.6111], [-65.21489, -8.60885], [-65.21232, -8.59977], [-65.20798, -8.59619], [-65.20951, -8.5912], [-65.20577, -8.58794], [-65.20929, -8.58686], [-65.19543, -8.57415], [-65.19757, -8.56687], [-65.1908, -8.56705], [-65.18822, -8.56219], [-65.1783, -8.55941], [-65.17418, -8.56084], [-65.16882, -8.55556], [-65.15796, -8.55202], [-65.1543, -8.5444], [-65.14114, -8.5446], [-65.13495, -8.53608], [-65.13661, -8.53451], [-65.12736, -8.53182], [-65.12853, -8.52891], [-65.12505, -8.52789], [-65.12733, -8.52406], [-65.1232, -8.52521], [-65.12272, -8.52127], [-65.09973, -8.52242], [-65.07828, -8.51226], [-65.05825, -8.51299], [-65.04636, -8.52175], [-65.02759, -8.51652], [-65.02222, -8.52791], [-65.00929, -8.53226], [-65.00339, -8.5407], [-64.98913, -8.4736], [-64.88424, -8.52295], [-64.86851, -8.49762], [-64.86094, -8.4754], [-64.87267, -8.43912], [-64.88827, -8.41896], [-64.87859, -8.41421], [-64.86397, -8.41872], [-64.84823, -8.43561], [-64.83369, -8.44394], [-64.82876, -8.44413], [-64.82451, -8.4374], [-64.81445, -8.44434], [-64.8102, -8.45614], [-64.80087, -8.46198], [-64.79809, -8.47206], [-64.74638, -8.50535], [-64.74785, -8.50788], [-64.74286, -8.51177], [-64.74582, -8.51527], [-64.73705, -8.5165], [-64.7319, -8.52166], [-64.73166, -8.5265], [-64.71817, -8.53779], [-64.72131, -8.55409], [-64.70836, -8.5581], [-64.70957, -8.56363], [-64.70157, -8.57184], [-64.69504, -8.5742], [-64.68852, -8.57135], [-64.68814, -8.57677], [-64.6919, -8.58193], [-64.68808, -8.58312], [-64.68601, -8.59202], [-64.6936, -8.60167], [-64.67743, -8.60609], [-64.67155, -8.62115], [-64.67477, -8.62266], [-64.67273, -8.62567], [-64.66186, -8.6239], [-64.6639, -8.6271], [-64.66134, -8.63011], [-64.6511, -8.63521], [-64.64803, -8.63155], [-64.64117, -8.63197], [-64.63539, -8.62832], [-64.6353, -8.62315], [-64.63349, -8.62642], [-64.61892, -8.60894], [-64.60776, -8.60687], [-64.6098, -8.61081], [-64.60591, -8.61053], [-64.60491, -8.61562], [-64.59524, -8.61173], [-64.59561, -8.60758], [-64.58942, -8.60474], [-64.59195, -8.59574], [-64.5884, -8.59302], [-64.59108, -8.59095], [-64.58877, -8.58794], [-64.57994, -8.58632], [-64.57535, -8.58048], [-64.5724, -8.58217], [-64.56765, -8.56865], [-64.57, -8.56237], [-64.56326, -8.55394], [-64.56663, -8.55177], [-64.55482, -8.54553], [-64.54854, -8.54568], [-64.54669, -8.54221], [-64.54656, -8.53907], [-64.54906, -8.53912], [-64.54513, -8.51721], [-64.56855, -8.50721], [-64.57601, -8.50963], [-64.58816, -8.50798], [-64.59813, -8.51501], [-64.60151, -8.50671], [-64.60693, -8.50372], [-64.59347, -8.49199], [-64.60274, -8.48118], [-64.60184, -8.47064], [-64.60767, -8.43614], [-64.60425, -8.43269], [-64.60344, -8.42809], [-64.60653, -8.42551], [-64.60208, -8.42314], [-64.60287, -8.41618], [-64.62199, -8.35598], [-64.62691, -8.35106], [-64.6352, -8.32526], [-64.6414, -8.31843], [-64.66346, -8.30566], [-64.66925, -8.29725], [-64.66588, -8.29202], [-64.64922, -8.28386], [-64.63736, -8.26112], [-64.63458, -8.22117], [-64.64009, -8.21341], [-64.63704, -8.20742], [-64.63979, -8.20202], [-64.63577, -8.19782], [-64.6439, -8.17301], [-64.63959, -8.16281], [-64.64024, -8.15599], [-64.63617, -8.15204], [-64.64054, -8.13113], [-64.63673, -8.11352], [-64.63447, -8.11332], [-64.63469, -8.10257], [-64.63162, -8.09949], [-64.63382, -8.07446], [-64.63803, -8.07324], [-64.63412, -8.0363], [-64.64431, -8.02656], [-64.64492, -8.02214], [-64.66442, -8.01331], [-64.66791, -7.9973], [-64.59943, -7.94073], [-64.58951, -7.92556], [-64.57994, -7.92155], [-64.57512, -7.8983], [-64.56808, -7.88888], [-64.56731, -7.8693], [-64.57082, -7.84652], [-64.51085, -7.85018], [-64.50513, -7.83285], [-64.49828, -7.82891], [-64.499, -7.82235], [-64.50751, -7.81804], [-64.50711, -7.81113], [-64.5182, -7.80311], [-64.51681, -7.79621], [-64.51958, -7.79424], [-64.51644, -7.79072], [-64.52026, -7.78236], [-64.51689, -7.77891], [-64.51829, -7.77653], [-64.46416, -7.61702], [-64.47584, -7.60386], [-64.48495, -7.59852], [-64.48886, -7.58311], [-64.48767, -7.57461], [-64.47611, -7.57073], [-64.46474, -7.57441], [-64.45609, -7.57158], [-64.43755, -7.54871], [-64.42784, -7.5458], [-64.42243, -7.54044], [-64.41685, -7.54309], [-64.41292, -7.55198], [-64.40703, -7.55434], [-64.39969, -7.5522], [-64.38868, -7.54523], [-64.38702, -7.53685], [-64.37862, -7.52477], [-64.35905, -7.52284], [-64.35283, -7.53703], [-64.34556, -7.54035], [-64.32964, -7.52673], [-64.31386, -7.52544], [-64.31337, -7.52933], [-64.32378, -7.54671], [-64.32099, -7.54935], [-64.26921, -7.56872], [-64.25264, -7.57053], [-64.24363, -7.56786], [-64.23321, -7.56159], [-64.23133, -7.5463], [-64.2265, -7.54183], [-64.22003, -7.54195], [-64.22625, -7.53564], [-64.2278, -7.52789], [-64.22286, -7.5236], [-64.21896, -7.52439], [-64.22183, -7.52707], [-64.21775, -7.52387], [-64.22477, -7.51402], [-64.21481, -7.51037], [-64.22321, -7.5045], [-64.21709, -7.49561], [-64.23071, -7.4811], [-64.22492, -7.47594], [-64.225, -7.47094], [-64.23328, -7.46873], [-64.23052, -7.46152], [-64.23528, -7.46641], [-64.23882, -7.46369], [-64.23106, -7.46108], [-64.14018, -7.47054], [-64.12291, -7.46768], [-64.10606, -7.46937], [-64.08838, -7.47592], [-64.06998, -7.47625], [-64.0706, -7.48198], [-64.0619, -7.48199], [-64.06203, -7.47632], [-63.99044, -7.47676], [-63.99393, -7.59735], [-63.98928, -7.58685], [-63.97636, -7.59572], [-63.97415, -7.60451], [-63.96715, -7.6073], [-63.96463, -7.60512], [-63.95633, -7.60939], [-63.94503, -7.59883], [-63.9379, -7.59637], [-63.93163, -7.58767], [-63.93309, -7.58283], [-63.92398, -7.57055], [-63.90954, -7.57792], [-63.90379, -7.5746], [-63.836, -7.57011], [-63.83537, -7.55131], [-63.8298, -7.54074], [-63.71532, -7.54294], [-63.71214, -7.54799], [-63.73466, -7.5815], [-63.73523, -7.59245], [-63.72686, -7.60681], [-63.7193, -7.6099], [-63.71232, -7.60838], [-63.70565, -7.61437], [-63.69977, -7.60732], [-63.69104, -7.6036], [-63.67574, -7.60873], [-63.59877, -7.60215], [-63.56804, -7.60646], [-63.56806, -7.68558], [-63.58071, -7.69019], [-63.58314, -7.6952], [-63.58101, -7.70362], [-63.58778, -7.71234], [-63.59169, -7.7105], [-63.61115, -7.71343], [-63.62943, -7.70221], [-63.63008, -7.75419], [-63.64718, -7.77389], [-63.64062, -7.7893], [-63.61921, -7.80234], [-63.61012, -7.81237], [-63.60954, -7.82328], [-63.61303, -7.83082], [-63.60364, -7.84884], [-63.61305, -7.8569], [-63.62196, -7.85621], [-63.6307, -7.87233], [-63.63465, -7.87376], [-63.63437, -7.88312], [-63.62925, -7.88341], [-63.62035, -7.89457], [-63.62362, -7.905], [-63.63181, -7.9039], [-63.63383, -7.90673], [-63.66218, -7.89902], [-63.67002, -7.90131], [-63.67674, -7.89774], [-63.68565, -7.89902], [-63.69834, -7.87762], [-63.70312, -7.87363], [-63.71581, -7.87154], [-63.71829, -7.86737], [-63.71532, -7.86092], [-63.72273, -7.85011], [-63.73646, -7.86148], [-63.74159, -7.85975], [-63.74779, -7.86355], [-63.75846, -7.86231], [-63.7616, -7.85816], [-63.76515, -7.85948], [-63.77449, -7.8549], [-63.78073, -7.85558], [-63.79521, -7.86189], [-63.79824, -7.86946], [-63.81034, -7.87024], [-63.81437, -7.8806], [-63.81886, -7.88153], [-63.82464, -7.90349], [-63.84118, -7.90829], [-63.87613, -7.90479], [-63.88721, -7.90746], [-63.89773, -7.92376], [-63.89733, -7.9408], [-63.90196, -7.94734], [-63.91102, -7.95247], [-63.93093, -7.95065], [-63.92932, -7.95587], [-63.93365, -7.95771], [-63.93171, -7.96215], [-64.0077, -8.03594], [-64.07317, -8.07814], [-64.13862, -8.09242], [-64.13753, -8.09666], [-64.14474, -8.09725], [-64.14508, -8.10364], [-64.14133, -8.10297], [-64.14272, -8.10649], [-64.13534, -8.11075], [-64.13706, -8.12442], [-64.13992, -8.12742], [-64.14246, -8.1238], [-64.15168, -8.12973], [-64.14726, -8.12801], [-64.14403, -8.13643], [-64.1392, -8.13529], [-64.13649, -8.14042], [-64.13923, -8.14341], [-64.13399, -8.14599], [-64.13321, -8.15042], [-64.13604, -8.15577], [-64.14009, -8.15393], [-64.1373, -8.15725], [-64.14365, -8.16184], [-64.13964, -8.16618], [-64.13662, -8.16329], [-64.13265, -8.16849], [-64.1355, -8.17101], [-64.13285, -8.17436], [-64.1411, -8.17679], [-64.13676, -8.17936], [-64.13275, -8.18858], [-64.12889, -8.18859], [-64.13115, -8.18547], [-64.12545, -8.18259], [-64.12672, -8.18749], [-64.12143, -8.18865], [-64.12611, -8.19235], [-64.12176, -8.20242], [-64.12709, -8.2011], [-64.12886, -8.20463], [-64.12526, -8.204], [-64.12399, -8.21228], [-64.11869, -8.21411], [-64.12185, -8.21698], [-64.11446, -8.21913], [-64.11042, -8.22604], [-64.09736, -8.23063], [-64.09651, -8.23619], [-64.10428, -8.24927], [-64.0944, -8.25119], [-64.09636, -8.2576], [-64.09315, -8.25873], [-64.09657, -8.26385], [-64.09568, -8.27213], [-64.11085, -8.2764], [-64.11274, -8.28427], [-64.10942, -8.29646], [-64.10076, -8.2939], [-64.10132, -8.2893], [-64.09711, -8.29017], [-64.0983, -8.29485], [-64.10805, -8.30282], [-64.10378, -8.30764], [-64.10954, -8.31528], [-64.10531, -8.32021], [-64.10255, -8.31516], [-64.09296, -8.32377], [-64.09201, -8.3421], [-64.09553, -8.34016], [-64.10123, -8.34585], [-64.10126, -8.34244], [-64.10564, -8.34562], [-64.10378, -8.34833], [-64.11891, -8.3482], [-64.11863, -8.35079], [-64.12383, -8.35217], [-64.12181, -8.35393], [-64.13072, -8.35935], [-64.12712, -8.36349], [-64.12864, -8.37317], [-64.13078, -8.37022], [-64.13503, -8.37252], [-64.12833, -8.37514], [-64.1269, -8.3793], [-64.12253, -8.37831], [-64.11869, -8.38393], [-64.12263, -8.38832], [-64.1102, -8.39261], [-64.11351, -8.40059], [-64.10847, -8.40372], [-64.10866, -8.41155], [-64.11264, -8.41026], [-64.11694, -8.41426], [-64.11471, -8.41616], [-64.12102, -8.42044], [-64.11476, -8.42795], [-64.11508, -8.43162], [-64.11993, -8.42982], [-64.12188, -8.4328], [-64.12959, -8.43385], [-64.12835, -8.43794], [-64.12385, -8.43843], [-64.12719, -8.44353], [-64.13036, -8.44122], [-64.13189, -8.44436], [-64.13622, -8.44423], [-64.13669, -8.4413], [-64.13902, -8.44412], [-64.141, -8.43885], [-64.14712, -8.44728], [-64.15038, -8.44561], [-64.15896, -8.44951], [-64.15457, -8.45291], [-64.16327, -8.46123], [-64.16068, -8.46213], [-64.16601, -8.46597], [-64.16708, -8.47396], [-64.17154, -8.47467], [-64.16881, -8.47717], [-64.16901, -8.479], [-64.18384, -8.47941], [-64.18511, -8.50872], [-64.18194, -8.51617], [-64.18411, -8.51987], [-64.18074, -8.52616], [-64.1729, -8.52723], [-64.17818, -8.52876], [-64.19234, -8.52322], [-64.21098, -8.5332], [-64.21044, -8.53774], [-64.20745, -8.53861], [-64.21053, -8.5424], [-64.20824, -8.54805], [-64.20488, -8.54767], [-64.2094, -8.55101], [-64.20373, -8.55404], [-64.20968, -8.5583], [-64.20977, -8.56694], [-64.20515, -8.57105], [-64.20554, -8.56898], [-64.20064, -8.57033], [-64.2075, -8.57646], [-64.20543, -8.58334], [-64.21173, -8.58189], [-64.21279, -8.58732], [-64.21567, -8.58799], [-64.22448, -8.58295], [-64.23309, -8.59254], [-64.24129, -8.59381], [-64.24153, -8.59743], [-64.25385, -8.60341], [-64.2711, -8.62565], [-64.27506, -8.62456], [-64.28171, -8.62908], [-64.29007, -8.62669], [-64.29695, -8.62841], [-64.30983, -8.63945], [-64.31194, -8.65257], [-64.3265, -8.67], [-64.33855, -8.67236], [-64.34578, -8.67978], [-64.3706, -8.68163], [-64.33143, -8.70137], [-64.2873, -8.76806], [-64.27599, -8.75733], [-64.2552, -8.76089], [-64.24876, -8.76646], [-64.25706, -8.77492], [-64.26217, -8.78834], [-64.2887, -8.80758], [-64.27746, -8.86344], [-64.2829, -8.86561], [-64.28745, -8.86112], [-64.30002, -8.86544], [-64.30355, -8.85639], [-64.32743, -8.85564], [-64.33325, -8.85731], [-64.33322, -8.86467], [-64.33686, -8.86818], [-64.34966, -8.87152], [-64.35428, -8.86957], [-64.361, -8.87815], [-64.36695, -8.87984], [-64.37803, -8.87813], [-64.38484, -8.86846], [-64.41481, -8.85452], [-64.42656, -8.85733], [-64.44366, -8.87148], [-64.45397, -8.86531], [-64.47885, -8.86816], [-64.47877, -8.87064], [-64.48823, -8.87325], [-64.48975, -8.89322], [-64.52136, -8.8981], [-64.52261, -8.97713], [-64.55011, -8.97828], [-64.56419, -8.98567], [-64.57829, -9.00779], [-64.62214, -9.02925], [-64.6418, -9.0263], [-64.65478, -9.01886], [-64.66997, -9.02006], [-64.67674, -9.01421], [-64.6859, -8.99227], [-64.69874, -8.9887], [-64.70798, -8.99048], [-64.71735, -8.99887], [-64.72672, -9.01818], [-64.7336, -9.02041], [-64.74817, -9.01841], [-64.76173, -9.02669], [-64.77077, -9.01788], [-64.77891, -8.9938], [-64.78907, -8.98848], [-64.80282, -8.98794], [-64.83119, -8.99393], [-64.86906, -9.01174], [-64.87936, -9.02553], [-64.88982, -9.032], [-64.89565, -9.04503], [-64.90317, -9.04772], [-64.91449, -9.04306], [-64.91925, -9.04558], [-64.91994, -9.05247], [-64.91555, -9.06395], [-64.91645, -9.07624], [-64.93001, -9.1061], [-64.93163, -9.1171], [-64.94148, -9.12761], [-64.94068, -9.14391], [-64.92791, -9.17509], [-64.92838, -9.19026], [-64.92424, -9.19931], [-64.92718, -9.2092], [-64.92091, -9.21632], [-64.91987, -9.22315], [-64.93319, -9.24103], [-64.93498, -9.2537], [-64.9545, -9.27379], [-64.94763, -9.27527], [-64.93092, -9.27009], [-64.92755, -9.27232], [-64.90123, -9.30876], [-64.89588, -9.32642], [-64.89899, -9.32798], [-64.89964, -9.33292], [-64.89548, -9.33519], [-64.89972, -9.33753], [-64.89967, -9.33857], [-64.89558, -9.33583], [-64.88991, -9.33894], [-64.89655, -9.34125], [-64.89781, -9.34254], [-64.88841, -9.33965], [-64.88609, -9.34106], [-64.88793, -9.3424], [-64.88793, -9.34295], [-64.87922, -9.34464], [-64.87651, -9.34966], [-64.879, -9.35433], [-64.87382, -9.36056], [-64.87642, -9.36381], [-64.88039, -9.36421], [-64.88088, -9.36513], [-64.87118, -9.36375], [-64.87011, -9.36191], [-64.86759, -9.36683], [-64.87183, -9.36601], [-64.87446, -9.36777], [-64.86871, -9.3706], [-64.8739, -9.37199], [-64.86966, -9.37552], [-64.8736, -9.37846], [-64.87314, -9.38188], [-64.87521, -9.37925], [-64.87674, -9.38456], [-64.88189, -9.38441], [-64.8802, -9.37712], [-64.88254, -9.37274], [-64.88303, -9.38275], [-64.88523, -9.37967], [-64.88903, -9.37815], [-64.88939, -9.37822], [-64.88984, -9.37849], [-64.8831, -9.3858], [-64.88826, -9.38622], [-64.88486, -9.38915], [-64.89252, -9.38689], [-64.8949, -9.39019], [-64.89546, -9.38661], [-64.89854, -9.38795], [-64.89672, -9.38094], [-64.90008, -9.3855], [-64.90741, -9.38176], [-64.90765, -9.37846], [-64.90178, -9.37742], [-64.90171, -9.37687], [-64.90717, -9.37692], [-64.91061, -9.37966], [-64.91337, -9.36343], [-64.91458, -9.3653], [-64.91503, -9.36094], [-64.9183, -9.36181], [-64.91966, -9.35769], [-64.91694, -9.35599], [-64.91889, -9.35553], [-64.92173, -9.36043], [-64.9187, -9.36674], [-64.91535, -9.36721], [-64.91363, -9.3723], [-64.91645, -9.37465], [-64.91337, -9.37636], [-64.91901, -9.37629], [-64.92119, -9.38081], [-64.92446, -9.3795], [-64.92139, -9.38225], [-64.92506, -9.38675], [-64.9319, -9.38232], [-64.93407, -9.38514], [-64.93707, -9.38357], [-64.94184, -9.38573], [-64.9367, -9.38769], [-64.93089, -9.38529], [-64.92853, -9.38959], [-64.93519, -9.39715], [-64.93848, -9.39565], [-64.93485, -9.39756], [-64.93804, -9.40098], [-64.94164, -9.40047], [-64.94028, -9.403], [-64.9444, -9.40674], [-64.94167, -9.41347], [-64.94407, -9.41425], [-64.94087, -9.41515], [-64.94349, -9.41533], [-64.94442, -9.4173], [-64.9434, -9.41723], [-64.9433, -9.4174], [-64.94361, -9.4184], [-64.94353, -9.41865], [-64.94136, -9.42097], [-64.94083, -9.41989], [-64.94347, -9.41856], [-64.94318, -9.41742], [-64.94338, -9.417], [-64.94251, -9.41845], [-64.94149, -9.41806], [-64.94073, -9.41918], [-64.93992, -9.41906], [-64.93779, -9.42772], [-64.93735, -9.42288], [-64.93967, -9.41866], [-64.94109, -9.41831], [-64.93692, -9.41841], [-64.93719, -9.41887], [-64.9375, -9.41889], [-64.93766, -9.41908], [-64.93758, -9.42202], [-64.93687, -9.41837], [-64.9422, -9.41784], [-64.94243, -9.41606], [-64.94006, -9.41693], [-64.93898, -9.41377], [-64.94137, -9.41297], [-64.93726, -9.40468], [-64.93426, -9.40243], [-64.93324, -9.40482], [-64.9309, -9.39687], [-64.92588, -9.39436], [-64.92637, -9.38887], [-64.92157, -9.38902], [-64.91982, -9.39083], [-64.92005, -9.39203], [-64.91955, -9.39231], [-64.91951, -9.3938], [-64.91932, -9.39384], [-64.91983, -9.38975], [-64.92206, -9.38652], [-64.91872, -9.38631], [-64.91755, -9.38179], [-64.90965, -9.38407], [-64.90764, -9.3857], [-64.91267, -9.38988], [-64.90745, -9.38656], [-64.89732, -9.39327], [-64.90404, -9.3963], [-64.90611, -9.3942], [-64.90636, -9.39934], [-64.91118, -9.39728], [-64.90615, -9.40205], [-64.90987, -9.4057], [-64.91363, -9.40258], [-64.90926, -9.40693], [-64.91687, -9.40793], [-64.91679, -9.4119], [-64.9086, -9.40818], [-64.91063, -9.41123], [-64.91007, -9.41648], [-64.90648, -9.41052], [-64.90023, -9.41443], [-64.90025, -9.41147], [-64.89373, -9.4115], [-64.894, -9.41475], [-64.88883, -9.41826], [-64.88944, -9.42405], [-64.88799, -9.41914], [-64.88471, -9.42447], [-64.88604, -9.43223], [-64.88524, -9.4301], [-64.884, -9.43227], [-64.88856, -9.44102], [-64.88792, -9.4455], [-64.88626, -9.43954], [-64.88462, -9.4426], [-64.88264, -9.44312], [-64.88345, -9.44436], [-64.88264, -9.44558], [-64.88201, -9.44575], [-64.88262, -9.44307], [-64.88558, -9.43939], [-64.88297, -9.43309], [-64.88086, -9.43385], [-64.88513, -9.42715], [-64.88136, -9.42459], [-64.88598, -9.41951], [-64.8808, -9.4207], [-64.87737, -9.41976], [-64.88816, -9.41791], [-64.88739, -9.41745], [-64.88633, -9.41603], [-64.88598, -9.41527], [-64.88598, -9.41503], [-64.88977, -9.41597], [-64.88891, -9.40987], [-64.89368, -9.40912], [-64.89186, -9.40756], [-64.89256, -9.40673], [-64.89535, -9.4098], [-64.89722, -9.40715], [-64.89844, -9.40986], [-64.90263, -9.40726], [-64.90354, -9.40942], [-64.9037, -9.40879], [-64.90333, -9.40793], [-64.9033, -9.40763], [-64.90338, -9.40702], [-64.90628, -9.40884], [-64.90601, -9.40386], [-64.90238, -9.40441], [-64.90369, -9.39953], [-64.90128, -9.39831], [-64.89953, -9.40128], [-64.90028, -9.39833], [-64.89774, -9.39953], [-64.89646, -9.39592], [-64.89463, -9.40114], [-64.89187, -9.40082], [-64.89523, -9.39475], [-64.89124, -9.39626], [-64.89003, -9.3935], [-64.88723, -9.39789], [-64.88791, -9.394], [-64.88418, -9.3934], [-64.88449, -9.39638], [-64.88404, -9.397], [-64.88162, -9.39174], [-64.87921, -9.39739], [-64.87796, -9.39376], [-64.87527, -9.39534], [-64.87738, -9.39218], [-64.87384, -9.38878], [-64.86989, -9.39582], [-64.86746, -9.38862], [-64.86701, -9.39415], [-64.86329, -9.39481], [-64.86565, -9.39924], [-64.86236, -9.39661], [-64.85951, -9.40024], [-64.86002, -9.40131], [-64.86207, -9.40195], [-64.86211, -9.40226], [-64.85742, -9.40252], [-64.85719, -9.40353], [-64.85852, -9.40565], [-64.85822, -9.40592], [-64.85513, -9.40431], [-64.85731, -9.41121], [-64.85579, -9.40979], [-64.85475, -9.40259], [-64.84914, -9.4061], [-64.85115, -9.40884], [-64.8472, -9.407], [-64.84962, -9.41233], [-64.84646, -9.40902], [-64.84632, -9.41184], [-64.84238, -9.4151], [-64.84569, -9.41433], [-64.85224, -9.41806], [-64.85375, -9.41683], [-64.85874, -9.42141], [-64.85264, -9.418], [-64.85268, -9.41957], [-64.85365, -9.42038], [-64.85416, -9.42121], [-64.85461, -9.42234], [-64.85473, -9.42352], [-64.85215, -9.42096], [-64.85218, -9.41828], [-64.84513, -9.41516], [-64.84237, -9.41587], [-64.8446, -9.41879], [-64.84448, -9.41946], [-64.84175, -9.4159], [-64.84128, -9.41848], [-64.84069, -9.41955], [-64.83995, -9.41994], [-64.84074, -9.41622], [-64.83877, -9.41712], [-64.8393, -9.42169], [-64.84804, -9.42455], [-64.85206, -9.428], [-64.8481, -9.42853], [-64.84695, -9.42492], [-64.83941, -9.42241], [-64.8397, -9.42382], [-64.83922, -9.42533], [-64.84147, -9.42597], [-64.84192, -9.42632], [-64.84215, -9.42724], [-64.83943, -9.42596], [-64.83938, -9.42846], [-64.83892, -9.42543], [-64.83914, -9.42324], [-64.83405, -9.4343], [-64.83793, -9.43671], [-64.84041, -9.43171], [-64.84307, -9.4314], [-64.84096, -9.43662], [-64.84621, -9.43712], [-64.84777, -9.43361], [-64.84999, -9.43245], [-64.8465, -9.43953], [-64.85057, -9.44259], [-64.84398, -9.4381], [-64.84237, -9.4407], [-64.84084, -9.43772], [-64.83289, -9.43713], [-64.83352, -9.44149], [-64.84185, -9.44207], [-64.83772, -9.44481], [-64.8439, -9.45042], [-64.8383, -9.44785], [-64.83424, -9.45015], [-64.83421, -9.45806], [-64.82891, -9.45138], [-64.82663, -9.45612], [-64.8256, -9.44994], [-64.82509, -9.45903], [-64.83089, -9.45979], [-64.82857, -9.46226], [-64.83238, -9.46527], [-64.83021, -9.46561], [-64.83221, -9.47079], [-64.82894, -9.47237], [-64.83087, -9.47635], [-64.82481, -9.48328], [-64.8182, -9.48394], [-64.81889, -9.48771], [-64.82173, -9.48534], [-64.82619, -9.48874], [-64.82809, -9.48311], [-64.83055, -9.48155], [-64.83152, -9.48139], [-64.82958, -9.48543], [-64.83177, -9.48664], [-64.82879, -9.48896], [-64.83413, -9.49222], [-64.8245, -9.49115], [-64.82571, -9.4951], [-64.82174, -9.49219], [-64.81821, -9.49185], [-64.82297, -9.49526], [-64.81854, -9.49478], [-64.82202, -9.50166], [-64.82219, -9.49767], [-64.82561, -9.49735], [-64.82611, -9.49999], [-64.83453, -9.50096], [-64.82498, -9.50482], [-64.82678, -9.50824], [-64.83092, -9.50772], [-64.82948, -9.50928], [-64.82555, -9.50883], [-64.8223, -9.50489], [-64.82927, -9.5147], [-64.83236, -9.51033], [-64.83214, -9.51353], [-64.83418, -9.51277], [-64.83438, -9.50851], [-64.83611, -9.51052], [-64.83738, -9.50577], [-64.83878, -9.50381], [-64.83543, -9.51508], [-64.84408, -9.51149], [-64.84539, -9.50732], [-64.84455, -9.51125], [-64.84925, -9.50925], [-64.83828, -9.51497], [-64.84295, -9.51668], [-64.84248, -9.51736], [-64.83617, -9.51669], [-64.83771, -9.52137], [-64.84199, -9.52261], [-64.83532, -9.5209], [-64.83424, -9.51548], [-64.83144, -9.5174], [-64.83352, -9.52356], [-64.83691, -9.5243], [-64.83586, -9.52679], [-64.83945, -9.52559], [-64.83925, -9.53156], [-64.84138, -9.53144], [-64.83992, -9.52772], [-64.84024, -9.52659], [-64.84492, -9.53296], [-64.84968, -9.52363], [-64.85028, -9.52766], [-64.85081, -9.52795], [-64.85177, -9.5275], [-64.85336, -9.52768], [-64.85339, -9.52783], [-64.84792, -9.53065], [-64.8476, -9.53754], [-64.86117, -9.53686], [-64.86276, -9.53048], [-64.85897, -9.53132], [-64.8608, -9.52976], [-64.85805, -9.52774], [-64.86206, -9.5287], [-64.8617, -9.5233], [-64.85733, -9.52489], [-64.85914, -9.52248], [-64.85623, -9.52137], [-64.85935, -9.5205], [-64.85348, -9.51822], [-64.85292, -9.51752], [-64.85912, -9.51986], [-64.85697, -9.51801], [-64.85953, -9.51196], [-64.86202, -9.52256], [-64.86484, -9.51579], [-64.86414, -9.52222], [-64.86963, -9.5174], [-64.86824, -9.52179], [-64.86259, -9.52311], [-64.86377, -9.52696], [-64.86879, -9.52633], [-64.86468, -9.52781], [-64.86397, -9.53229], [-64.87643, -9.53591], [-64.88046, -9.52458], [-64.87862, -9.53365], [-64.88061, -9.53546], [-64.88306, -9.53533], [-64.88512, -9.53602], [-64.88556, -9.53649], [-64.87976, -9.53567], [-64.87793, -9.53451], [-64.87572, -9.53796], [-64.88315, -9.54746], [-64.89013, -9.54915], [-64.89875, -9.55682], [-64.89795, -9.56172], [-64.89535, -9.56202], [-64.89664, -9.56647], [-64.9012, -9.56651], [-64.89974, -9.56239], [-64.90263, -9.55999], [-64.89993, -9.55691], [-64.90608, -9.5571], [-64.9081, -9.54633], [-64.91054, -9.54898], [-64.90819, -9.55462], [-64.91023, -9.5604], [-64.92023, -9.56516], [-64.90841, -9.5687], [-64.91614, -9.57144], [-64.92075, -9.56718], [-64.92526, -9.57216], [-64.91791, -9.57238], [-64.925, -9.57841], [-64.93355, -9.57479], [-64.93517, -9.57888], [-64.94468, -9.57921], [-64.94648, -9.57666], [-64.96446, -9.5794], [-64.97034, -9.57496], [-64.97485, -9.56391], [-64.98122, -9.56404], [-64.98406, -9.56069], [-64.98538, -9.56288], [-65.00453, -9.55667], [-65.00838, -9.55855], [-65.01122, -9.55331], [-65.01591, -9.55993], [-65.02349, -9.55822], [-65.02577, -9.56154], [-65.02986, -9.55963], [-65.03013, -9.56262], [-65.03295, -9.55758], [-65.03294, -9.56135], [-65.03603, -9.56124], [-65.03775, -9.55703], [-65.03977, -9.55848], [-65.04972, -9.55162], [-65.04568, -9.55855], [-65.02199, -9.56683], [-65.03743, -9.57305], [-65.0349, -9.57756], [-65.03936, -9.57727], [-65.03808, -9.58136], [-65.04141, -9.58599], [-65.06025, -9.59401], [-65.06287, -9.59163], [-65.06081, -9.58545], [-65.06236, -9.58369], [-65.06545, -9.5937], [-65.07008, -9.59597], [-65.10117, -9.59893], [-65.10472, -9.59591], [-65.09513, -9.5866], [-65.10387, -9.59232], [-65.10548, -9.58956], [-65.10924, -9.58817], [-65.11201, -9.59098], [-65.10825, -9.59585], [-65.11063, -9.59899], [-65.121, -9.5957], [-65.11473, -9.58716], [-65.12269, -9.59362], [-65.12139, -9.59659], [-65.12572, -9.59155], [-65.11697, -9.58416], [-65.11646, -9.57618], [-65.12164, -9.57569], [-65.11948, -9.57923], [-65.12488, -9.57638], [-65.13309, -9.57765], [-65.13059, -9.57999], [-65.13717, -9.57893], [-65.13618, -9.58217], [-65.13059, -9.58293], [-65.13433, -9.58605], [-65.14081, -9.57831], [-65.13282, -9.57394], [-65.13666, -9.57025], [-65.1246, -9.57131], [-65.13183, -9.56752], [-65.13201, -9.56312], [-65.13262, -9.56718], [-65.14199, -9.56721], [-65.14138, -9.57115], [-65.14741, -9.5674], [-65.14818, -9.57154], [-65.1548, -9.56983], [-65.14623, -9.57522], [-65.14753, -9.57308], [-65.14672, -9.57146], [-65.14145, -9.57268], [-65.14505, -9.5747], [-65.14105, -9.57891], [-65.14389, -9.57904], [-65.14125, -9.58166], [-65.14287, -9.5846], [-65.14821, -9.57677], [-65.15978, -9.56909], [-65.15984, -9.56433], [-65.15767, -9.56722], [-65.15778, -9.56414], [-65.15472, -9.5673], [-65.15113, -9.56565], [-65.15554, -9.55691], [-65.13977, -9.55563], [-65.14181, -9.5459], [-65.14194, -9.55152], [-65.14546, -9.55368], [-65.14521, -9.55082], [-65.1496, -9.55138], [-65.15128, -9.54813], [-65.1558, -9.55144], [-65.15604, -9.55644], [-65.16384, -9.56086], [-65.16429, -9.56424], [-65.16705, -9.55871], [-65.16549, -9.55462], [-65.1689, -9.55492], [-65.17452, -9.5434], [-65.16941, -9.54381], [-65.17072, -9.54076], [-65.17625, -9.54033], [-65.17776, -9.5452], [-65.17929, -9.54051], [-65.18168, -9.53998], [-65.18152, -9.5439], [-65.18396, -9.53967], [-65.18557, -9.5423], [-65.18865, -9.54082], [-65.18631, -9.54626], [-65.20742, -9.52822], [-65.21029, -9.52855], [-65.20602, -9.53017], [-65.20365, -9.53877], [-65.1962, -9.54281], [-65.21518, -9.53705], [-65.21652, -9.53979], [-65.22366, -9.53458], [-65.22258, -9.53926], [-65.2354, -9.53374], [-65.23715, -9.52906], [-65.23228, -9.53075], [-65.23014, -9.52558], [-65.23599, -9.52353], [-65.23902, -9.5265], [-65.24625, -9.52554], [-65.2444, -9.53011], [-65.25623, -9.52909], [-65.25643, -9.52563], [-65.2585, -9.52485], [-65.25773, -9.52861], [-65.26513, -9.52174], [-65.2613, -9.52385], [-65.25943, -9.51917], [-65.26431, -9.51684], [-65.26535, -9.52042], [-65.27152, -9.52091], [-65.28118, -9.50612], [-65.284, -9.50466], [-65.27763, -9.49884], [-65.27251, -9.49901], [-65.27834, -9.49612], [-65.29027, -9.49978], [-65.28221, -9.50746], [-65.29678, -9.50492], [-65.30378, -9.49244], [-65.3018, -9.48949], [-65.30494, -9.49064], [-65.3029, -9.48465], [-65.30998, -9.47985], [-65.31054, -9.47613], [-65.30632, -9.47147], [-65.30935, -9.47249], [-65.32204, -9.46475], [-65.32093, -9.45494], [-65.32134, -9.45437], [-65.32226, -9.45403], [-65.32412, -9.45479], [-65.32417, -9.45163], [-65.32593, -9.44777], [-65.32373, -9.44545], [-65.32521, -9.44466], [-65.32349, -9.44501], [-65.32161, -9.44265], [-65.32282, -9.44211], [-65.32536, -9.44465], [-65.3262, -9.448], [-65.32463, -9.45456], [-65.32326, -9.45569], [-65.32139, -9.45457], [-65.32166, -9.45873], [-65.32694, -9.46238], [-65.32337, -9.46201], [-65.31966, -9.47291], [-65.31428, -9.47472], [-65.30855, -9.4901], [-65.31106, -9.49261], [-65.32089, -9.49051], [-65.30904, -9.49551], [-65.30901, -9.50639], [-65.30575, -9.50978], [-65.31063, -9.51269], [-65.30339, -9.51044], [-65.29977, -9.5104], [-65.31654, -9.51503], [-65.31383, -9.51202], [-65.31818, -9.512], [-65.31917, -9.50904], [-65.31962, -9.51219], [-65.31613, -9.51382], [-65.31902, -9.51682], [-65.32917, -9.51651], [-65.32911, -9.51328], [-65.33149, -9.51822], [-65.33245, -9.51764], [-65.33557, -9.51841], [-65.33158, -9.51835], [-65.33802, -9.52861], [-65.34245, -9.53123], [-65.33925, -9.52551], [-65.34001, -9.52276], [-65.34222, -9.52644], [-65.3439, -9.52424], [-65.34742, -9.52675], [-65.3435, -9.52668], [-65.34462, -9.5331], [-65.34298, -9.53064], [-65.34169, -9.5332], [-65.34794, -9.53771], [-65.34839, -9.53562], [-65.35239, -9.53904], [-65.35435, -9.53735], [-65.3531, -9.54076], [-65.34963, -9.53955], [-65.35141, -9.5418], [-65.35771, -9.542], [-65.35907, -9.53743], [-65.37045, -9.53493], [-65.36812, -9.54167], [-65.3654, -9.54146], [-65.36834, -9.54482], [-65.36079, -9.54974], [-65.36373, -9.55745], [-65.35283, -9.54389], [-65.3656, -9.56292], [-65.37328, -9.55817], [-65.3767, -9.56228], [-65.37984, -9.55943], [-65.37992, -9.56613], [-65.38824, -9.56691], [-65.38367, -9.5691], [-65.38519, -9.57127], [-65.37926, -9.57047], [-65.37759, -9.58008], [-65.37533, -9.56497], [-65.37149, -9.56378], [-65.37404, -9.56611], [-65.37408, -9.56801], [-65.37209, -9.56483], [-65.36785, -9.56564], [-65.37274, -9.57178], [-65.37484, -9.59269], [-65.37996, -9.59463], [-65.38152, -9.59151], [-65.38099, -9.59522], [-65.38457, -9.59449], [-65.38803, -9.59862], [-65.39152, -9.59563], [-65.39269, -9.60331], [-65.40654, -9.61041], [-65.40746, -9.60914], [-65.40652, -9.60892], [-65.40612, -9.60803], [-65.40556, -9.60809], [-65.40517, -9.60766], [-65.40529, -9.60745], [-65.408, -9.60925], [-65.4092, -9.60663], [-65.40893, -9.60478], [-65.40757, -9.60439], [-65.407, -9.60402], [-65.40694, -9.60371], [-65.40904, -9.60228], [-65.4125, -9.60748]], [[-65.1089, -9.28377], [-65.11466, -9.31769], [-65.12359, -9.32111], [-65.12899, -9.33863], [-65.12427, -9.38179], [-65.12882, -9.3881], [-65.12853, -9.39552], [-65.14068, -9.41239], [-65.14446, -9.42347], [-65.14407, -9.42907], [-65.13109, -9.43666], [-65.14842, -9.44647], [-65.14663, -9.44471], [-65.14915, -9.44129], [-65.16212, -9.43572], [-65.16826, -9.42954], [-65.1833, -9.42709], [-65.18721, -9.41703], [-65.19015, -9.43401], [-65.2133, -9.46033], [-65.21633, -9.47824], [-65.16148, -9.48327], [-65.12941, -9.51051], [-65.08255, -9.50638], [-65.0562, -9.51522], [-65.02634, -9.51898], [-65.02602, -9.48836], [-65.01106, -9.44774], [-65.02018, -9.41291], [-65.06241, -9.37442], [-65.063, -9.35704], [-65.07147, -9.34407], [-65.06934, -9.33266], [-65.08678, -9.31237], [-65.09609, -9.31114], [-65.1089, -9.28377]]], [[[-63.99043, -7.47622], [-64.06207, -7.47578], [-64.06255, -7.46629], [-64.07308, -7.46634], [-64.07767, -7.46316], [-64.07612, -7.46137], [-64.07145, -7.46487], [-64.06579, -7.46066], [-64.06263, -7.46359], [-64.06027, -7.46018], [-64.06684, -7.44184], [-64.07339, -7.43717], [-64.07358, -7.43159], [-64.07222, -7.43487], [-64.07093, -7.43526], [-64.07046, -7.43466], [-64.0707, -7.43215], [-64.06919, -7.43172], [-64.06894, -7.42964], [-64.07308, -7.42927], [-64.07539, -7.42627], [-64.0708, -7.42773], [-64.07058, -7.42741], [-64.07365, -7.42166], [-64.07568, -7.42119], [-64.07758, -7.42246], [-64.08001, -7.42119], [-64.08176, -7.41553], [-64.08146, -7.40932], [-64.07765, -7.40882], [-64.07936, -7.40418], [-64.07593, -7.40334], [-64.07669, -7.4068], [-64.07458, -7.40336], [-64.07301, -7.40686], [-64.07096, -7.39912], [-64.0669, -7.41064], [-64.04429, -7.41752], [-64.01605, -7.43273], [-63.98917, -7.43282], [-63.99043, -7.47622]]], [[[-64.07522, -7.42163], [-64.07111, -7.42715], [-64.07522, -7.42575], [-64.0758, -7.42698], [-64.07272, -7.43036], [-64.06921, -7.43018], [-64.071, -7.43176], [-64.07139, -7.43486], [-64.07964, -7.4222], [-64.07705, -7.42302], [-64.07522, -7.42163]]]]}}, {"type": "Feature", "properties": {"nome": "ESTAÇÃO ECOLÓGICA DE CUNIÃ", "grupo": "Proteção integral", "esfera": "Federal", "ano": "2001", "ha": 182607.6088492098, "bioma": "AMAZÔNIA"}, "geometry": {"type": "MultiPolygon", "coordinates": [[[[-63.63707, -8.49006], [-63.63093, -8.49237], [-63.61598, -8.4892], [-63.6046, -8.49962], [-63.59781, -8.49063], [-63.59743, -8.51375], [-63.5946, -8.52088], [-63.56197, -8.54715], [-63.53752, -8.57436], [-63.55926, -8.58836], [-63.56119, -8.58369], [-63.57917, -8.59018], [-63.6029, -8.58353], [-63.61341, -8.57541], [-63.62795, -8.55729], [-63.63019, -8.54768], [-63.63071, -8.55034], [-63.6337, -8.54794], [-63.62848, -8.53152], [-63.63355, -8.53893], [-63.63417, -8.53466], [-63.63787, -8.53562], [-63.63959, -8.53293], [-63.63726, -8.52764], [-63.63971, -8.52868], [-63.63496, -8.52388], [-63.63707, -8.49006]]], [[[-62.92371, -8.03156], [-62.96127, -8.06271], [-63.01395, -8.09161], [-63.03767, -8.10119], [-63.04723, -8.11699], [-63.04472, -8.12363], [-63.05615, -8.13435], [-63.07105, -8.13295], [-63.07453, -8.13488], [-63.07435, -8.13968], [-63.08125, -8.13797], [-63.09404, -8.14994], [-63.09569, -8.1454], [-63.10885, -8.14956], [-63.13215, -8.16851], [-63.15003, -8.16833], [-63.16408, -8.1779], [-63.18086, -8.1772], [-63.17915, -8.17368], [-63.18214, -8.17359], [-63.19353, -8.18487], [-63.20419, -8.18819], [-63.21633, -8.18664], [-63.22399, -8.19131], [-63.2331, -8.18916], [-63.23304, -8.17932], [-63.25788, -8.16859], [-63.25002, -8.15564], [-63.27096, -8.15061], [-63.305, -8.13572], [-63.33556, -8.14724], [-63.34659, -8.13839], [-63.34938, -8.14065], [-63.34974, -8.1337], [-63.36071, -8.12672], [-63.36306, -8.11768], [-63.36768, -8.11698], [-63.37163, -8.10812], [-63.37768, -8.10652], [-63.3907, -8.09352], [-63.39294, -8.09487], [-63.39605, -8.08907], [-63.41153, -8.08554], [-63.42318, -8.08682], [-63.43331, -8.09955], [-63.44178, -8.10291], [-63.44726, -8.11008], [-63.44127, -8.12198], [-63.44522, -8.13145], [-63.4405, -8.14029], [-63.44593, -8.16276], [-63.44462, -8.17194], [-63.45856, -8.17569], [-63.47244, -8.17243], [-63.4886, -8.17705], [-63.49823, -8.18737], [-63.4976, -8.19218], [-63.50025, -8.19206], [-63.4997, -8.26871], [-63.56573, -8.27004], [-63.56534, -8.37829], [-63.57697, -8.37155], [-63.57301, -8.36178], [-63.58728, -8.35608], [-63.59772, -8.35886], [-63.63141, -8.33796], [-63.64789, -8.34762], [-63.66103, -8.34464], [-63.68585, -8.31336], [-63.70644, -8.31498], [-63.72762, -8.30459], [-63.74702, -8.31328], [-63.76517, -8.31325], [-63.76519, -8.30701], [-63.77685, -8.32504], [-63.79242, -8.33271], [-63.82663, -8.30522], [-63.85869, -8.29028], [-63.8599, -8.28316], [-63.88594, -8.24823], [-63.80984, -8.22012], [-63.79567, -8.19952], [-63.7901, -8.19842], [-63.76766, -8.17451], [-63.73707, -8.16744], [-63.72314, -8.16881], [-63.70581, -8.14659], [-63.65201, -8.15239], [-63.63881, -8.14701], [-63.63645, -8.12661], [-63.60139, -8.11222], [-63.59667, -8.09], [-63.59021, -8.09811], [-63.49956, -8.09791], [-63.50047, -8.04865], [-63.44317, -8.03583], [-63.37507, -7.97659], [-62.90124, -7.97604], [-62.92371, -8.03156]]]]}}, {"type": "Feature", "properties": {"nome": "FLORESTA NACIONAL DO JATUARANA", "grupo": "Uso sustentável", "esfera": "Federal", "ano": "2002", "ha": 568293.4208135277, "bioma": "AMAZÔNIA"}, "geometry": {"type": "Polygon", "coordinates": [[[-58.96504, -6.95627], [-58.96384, -6.96689], [-58.96928, -6.96829], [-58.97662, -6.96387], [-58.98258, -6.97558], [-58.97709, -6.98246], [-58.94872, -7.00196], [-58.94968, -7.01885], [-58.96767, -7.03182], [-58.95239, -7.03194], [-58.94457, -7.03547], [-58.92374, -7.05835], [-58.94203, -7.08872], [-58.93939, -7.10647], [-58.93296, -7.11517], [-58.92619, -7.13594], [-58.92918, -7.14198], [-58.93622, -7.13794], [-58.9437, -7.14127], [-58.94466, -7.1483], [-58.953, -7.15499], [-58.95525, -7.16764], [-58.9558, -7.18508], [-58.95189, -7.19505], [-58.94281, -7.204], [-58.94414, -7.21783], [-58.93832, -7.224], [-58.94766, -7.22921], [-58.95225, -7.23792], [-58.9674, -7.23728], [-58.97077, -7.24253], [-58.97868, -7.23504], [-58.98611, -7.23851], [-58.99481, -7.23542], [-58.99802, -7.23865], [-58.99404, -7.24493], [-59.00832, -7.24576], [-59.01264, -7.25674], [-59.0188, -7.24638], [-59.02384, -7.25714], [-59.04058, -7.25394], [-59.03213, -7.26687], [-59.0478, -7.27561], [-59.04271, -7.27992], [-59.04281, -7.28938], [-59.04793, -7.28638], [-59.05135, -7.29414], [-59.05834, -7.29035], [-59.05646, -7.30402], [-59.06272, -7.29824], [-59.06845, -7.29754], [-59.06459, -7.30609], [-59.07526, -7.30796], [-59.07409, -7.31938], [-59.09122, -7.32712], [-59.08984, -7.33011], [-59.09259, -7.33215], [-59.0972, -7.33057], [-59.09557, -7.32722], [-59.0984, -7.32525], [-59.10238, -7.32881], [-59.10774, -7.32442], [-59.10876, -7.32928], [-59.1112, -7.32918], [-59.11325, -7.32161], [-59.1155, -7.32016], [-59.11715, -7.32493], [-59.12086, -7.31636], [-59.12647, -7.32191], [-59.13377, -7.31587], [-59.13349, -7.32334], [-59.13726, -7.32519], [-59.14084, -7.3239], [-59.14309, -7.31656], [-59.14956, -7.32583], [-59.15672, -7.31963], [-59.15602, -7.32853], [-59.1671, -7.33085], [-59.16428, -7.33637], [-59.17501, -7.34444], [-59.17002, -7.34932], [-59.17709, -7.35154], [-59.18074, -7.36011], [-59.18669, -7.35677], [-59.19524, -7.35931], [-59.20201, -7.35245], [-59.20908, -7.35368], [-59.21566, -7.34983], [-59.22043, -7.35243], [-59.22668, -7.34365], [-59.22999, -7.34593], [-59.2352, -7.34098], [-59.23881, -7.3423], [-59.23938, -7.35229], [-59.24681, -7.35894], [-59.24274, -7.36315], [-59.24483, -7.37743], [-59.24875, -7.37867], [-59.24031, -7.3969], [-59.24498, -7.40246], [-59.24106, -7.40138], [-59.24024, -7.4038], [-59.24655, -7.40693], [-59.24413, -7.40783], [-59.24766, -7.4099], [-59.24643, -7.4141], [-59.2502, -7.41178], [-59.25273, -7.41386], [-59.24965, -7.42177], [-59.25347, -7.42316], [-59.25042, -7.42593], [-59.25742, -7.42324], [-59.25786, -7.42701], [-59.26867, -7.42892], [-59.26883, -7.43589], [-59.27233, -7.43649], [-59.27205, -7.44026], [-59.2818, -7.44942], [-59.28277, -7.45983], [-59.28642, -7.4594], [-59.28197, -7.46773], [-59.28591, -7.46937], [-59.28716, -7.47836], [-59.29417, -7.47899], [-59.29421, -7.48749], [-59.28688, -7.49111], [-59.28532, -7.4953], [-59.28303, -7.50708], [-59.28621, -7.51134], [-59.28195, -7.51574], [-59.28632, -7.52113], [-59.28625, -7.53119], [-59.29024, -7.53213], [-59.28823, -7.53791], [-59.29232, -7.55654], [-59.29071, -7.56241], [-59.29583, -7.57741], [-59.29334, -7.58777], [-59.29772, -7.59262], [-59.31609, -7.59781], [-59.32154, -7.62374], [-59.33123, -7.62842], [-59.32971, -7.63721], [-59.33451, -7.64596], [-59.32593, -7.66891], [-59.32899, -7.67123], [-59.32905, -7.68046], [-59.33482, -7.68907], [-59.33633, -7.69825], [-59.34387, -7.70528], [-59.3452, -7.7216], [-59.35277, -7.72747], [-59.3503, -7.7364], [-59.34173, -7.74519], [-59.32975, -7.76852], [-59.31827, -7.77675], [-59.32015, -7.78754], [-59.31615, -7.80127], [-59.30656, -7.8076], [-59.3314, -7.84343], [-59.33738, -7.84753], [-59.34413, -7.84243], [-59.34866, -7.84472], [-59.34906, -7.8517], [-59.35269, -7.85498], [-59.34989, -7.86336], [-59.36103, -7.87142], [-59.36368, -7.88654], [-59.36033, -7.89577], [-59.3635, -7.90139], [-59.35611, -7.90956], [-59.75764, -8.09953], [-59.97599, -7.49677], [-59.9634, -7.50303], [-59.94866, -7.49332], [-59.93036, -7.49676], [-59.89581, -7.49374], [-59.8757, -7.48291], [-59.84291, -7.48301], [-59.83756, -7.4856], [-59.82578, -7.4836], [-59.81893, -7.47233], [-59.81611, -7.47282], [-59.81635, -7.4703], [-59.79826, -7.45769], [-59.78681, -7.45824], [-59.76483, -7.45301], [-59.75083, -7.4482], [-59.73914, -7.4377], [-59.73091, -7.4397], [-59.72362, -7.4337], [-59.71543, -7.43507], [-59.70634, -7.42702], [-59.70177, -7.4279], [-59.69177, -7.42012], [-59.67974, -7.41783], [-59.67327, -7.40444], [-59.6701, -7.40496], [-58.97, -6.9555], [-58.96504, -6.95627]]]}}, {"type": "Feature", "properties": {"nome": "PARQUE NACIONAL DO VIRUÁ", "grupo": "Proteção integral", "esfera": "Federal", "ano": "1998", "ha": 280982.3238879462, "bioma": "AMAZÔNIA"}, "geometry": {"type": "Polygon", "coordinates": [[[-61.09452, 1.63782], [-61.05594, 1.60387], [-61.04684, 1.60899], [-61.03459, 1.60377], [-61.01964, 1.57734], [-61.03524, 1.55688], [-61.02247, 1.53537], [-61.00532, 1.54466], [-60.99141, 1.48721], [-60.98607, 1.49007], [-60.98407, 1.48192], [-60.96938, 1.48019], [-60.96954, 1.4731], [-60.99313, 1.46778], [-60.98835, 1.44317], [-60.97086, 1.44217], [-60.95384, 1.47794], [-60.93932, 1.47673], [-60.9065, 1.46281], [-60.90394, 1.44837], [-60.88744, 1.42901], [-60.87226, 1.43148], [-60.849, 1.4233], [-60.84863, 1.4195], [-60.83957, 1.42917], [-60.84266, 1.41425], [-60.83749, 1.40402], [-60.84025, 1.38905], [-60.8361, 1.3858], [-60.83719, 1.38125], [-60.83418, 1.38108], [-60.83266, 1.38592], [-60.8358, 1.38849], [-60.83222, 1.39172], [-60.83597, 1.3942], [-60.82879, 1.39216], [-60.82989, 1.37452], [-60.83408, 1.37072], [-60.83105, 1.36724], [-60.83566, 1.35748], [-60.84613, 1.35412], [-60.846, 1.34705], [-60.85117, 1.34456], [-60.84797, 1.33389], [-60.85439, 1.3297], [-60.85322, 1.3261], [-60.86151, 1.3213], [-60.85644, 1.31746], [-60.86391, 1.31015], [-60.85926, 1.30932], [-60.85721, 1.30541], [-60.86176, 1.29868], [-60.86754, 1.29949], [-60.86739, 1.29578], [-60.8709, 1.30167], [-60.87443, 1.29511], [-60.87872, 1.29745], [-60.87704, 1.29082], [-60.881, 1.28934], [-60.88499, 1.29539], [-60.88665, 1.29153], [-60.89295, 1.29075], [-60.89234, 1.28802], [-60.89618, 1.29148], [-60.89813, 1.28461], [-60.90316, 1.28559], [-60.90364, 1.28176], [-60.90662, 1.28896], [-60.91126, 1.28506], [-60.90906, 1.25911], [-60.91526, 1.25769], [-60.91083, 1.24935], [-60.91524, 1.24746], [-60.91479, 1.2429], [-60.91842, 1.24386], [-60.91962, 1.23957], [-60.91691, 1.23817], [-60.92069, 1.23701], [-60.91671, 1.23461], [-60.91947, 1.22977], [-60.91695, 1.22195], [-60.91901, 1.21803], [-60.91583, 1.21796], [-60.91486, 1.21367], [-60.91135, 1.2191], [-60.90791, 1.21781], [-60.90147, 1.20435], [-60.89413, 1.20251], [-60.89055, 1.19526], [-60.89804, 1.18065], [-60.9048, 1.17929], [-60.90291, 1.15939], [-60.91048, 1.15496], [-60.91379, 1.14371], [-60.91157, 1.13358], [-60.90498, 1.13407], [-60.90451, 1.12283], [-60.90809, 1.11715], [-60.90655, 1.10952], [-60.91266, 1.1001], [-60.90721, 1.0942], [-60.90713, 1.09297], [-60.91153, 1.09453], [-60.92375, 1.07946], [-60.92473, 1.07389], [-60.93035, 1.07233], [-60.94533, 1.07177], [-60.94818, 1.08202], [-60.96364, 1.08989], [-60.97643, 1.08507], [-60.98758, 1.09352], [-60.99312, 1.08262], [-61.00248, 1.09148], [-61.01315, 1.08903], [-61.01103, 1.09943], [-61.02275, 1.09756], [-61.02292, 1.086], [-61.02569, 1.08321], [-61.04434, 1.0861], [-61.04548, 1.08085], [-61.03735, 1.07109], [-61.05071, 1.05922], [-61.04632, 1.04626], [-61.06554, 1.03709], [-61.06522, 1.02996], [-61.05822, 1.02676], [-61.06995, 1.02021], [-61.06971, 1.01636], [-61.06328, 1.01127], [-61.06572, 1.00988], [-61.07899, 1.0162], [-61.0908, 1.00908], [-61.08412, 1.01563], [-61.08933, 1.01309], [-61.0917, 1.00883], [-61.09219, 1.00498], [-61.08559, 1.00047], [-61.0996, 0.99556], [-61.10238, 0.98827], [-61.10596, 0.9913], [-61.10221, 0.99351], [-61.10848, 0.99245], [-61.11793, 0.98303], [-61.11289, 0.97663], [-61.11802, 0.96827], [-61.11029, 0.96343], [-61.13301, 0.96533], [-61.13, 0.95861], [-61.12194, 0.95811], [-61.12935, 0.9509], [-61.13041, 0.945], [-61.13717, 0.94689], [-61.14238, 0.95288], [-61.14734, 0.95247], [-61.15028, 0.94952], [-61.14833, 0.94141], [-61.15191, 0.93739], [-61.15761, 0.93936], [-61.15614, 0.95141], [-61.16184, 0.95789], [-61.17959, 0.95569], [-61.17372, 0.95912], [-61.17608, 0.96421], [-61.19253, 0.96102], [-61.19091, 0.95356], [-61.19466, 0.95118], [-61.2106, 0.98923], [-61.21931, 0.99366], [-61.21979, 1.00071], [-61.2315, 1.00123], [-61.2315, 1.00837], [-61.24692, 1.00838], [-61.24693, 0.99289], [-61.25362, 0.97587], [-61.26346, 0.96759], [-61.2679, 0.97018], [-61.26817, 0.98147], [-61.28627, 0.97749], [-61.30812, 0.98493], [-61.31499, 0.99071], [-61.31499, 0.99953], [-61.33945, 0.99952], [-61.33944, 0.98904], [-61.3499, 0.98905], [-61.3499, 0.98104], [-61.35699, 0.97944], [-61.34615, 1.04121], [-61.34041, 1.0536], [-61.34027, 1.0659], [-61.33553, 1.07252], [-61.33471, 1.08404], [-61.32877, 1.09433], [-61.32466, 1.11328], [-61.32438, 1.13302], [-61.32004, 1.15013], [-61.32501, 1.18654], [-61.32257, 1.2087], [-61.2954, 1.26752], [-61.2899, 1.30129], [-61.26957, 1.35919], [-61.27094, 1.40987], [-61.24997, 1.45735], [-61.22961, 1.57083], [-61.23051, 1.58518], [-61.22048, 1.61946], [-61.19576, 1.66155], [-61.18249, 1.69367], [-61.1541, 1.71618], [-61.08223, 1.65459], [-61.09452, 1.63782]]]}}, {"type": "Feature", "properties": {"nome": "ESTAÇÃO ECOLÓGICA NIQUIÁ", "grupo": "Proteção integral", "esfera": "Federal", "ano": "1985", "ha": 306402.8541144661, "bioma": "AMAZÔNIA"}, "geometry": {"type": "MultiPolygon", "coordinates": [[[[-61.29406, 1.60911], [-61.29782, 1.60686], [-61.30209, 1.60263], [-61.30271, 1.60159], [-61.30325, 1.59988], [-61.3035, 1.59866], [-61.30266, 1.59601], [-61.28725, 1.59765], [-61.28172, 1.59045], [-61.28546, 1.58691], [-61.29211, 1.58943], [-61.29599, 1.58861], [-61.29708, 1.58745], [-61.29811, 1.58135], [-61.3014, 1.57893], [-61.30245, 1.5774], [-61.30244, 1.57652], [-61.28971, 1.56324], [-61.28358, 1.56006], [-61.276, 1.56318], [-61.27708, 1.56492], [-61.28306, 1.56747], [-61.28017, 1.57287], [-61.27484, 1.56814], [-61.2718, 1.55742], [-61.26986, 1.55599], [-61.26805, 1.55645], [-61.26564, 1.56187], [-61.26745, 1.57018], [-61.26289, 1.5663], [-61.25838, 1.56516], [-61.25855, 1.55381], [-61.25363, 1.55326], [-61.2497, 1.538], [-61.25764, 1.50998], [-61.26221, 1.50062], [-61.26067, 1.51077], [-61.26434, 1.51497], [-61.26185, 1.5097], [-61.26491, 1.4754], [-61.28185, 1.42668], [-61.29038, 1.36719], [-61.28882, 1.34529], [-61.30648, 1.29427], [-61.31611, 1.27855], [-61.32589, 1.26923], [-61.33218, 1.25322], [-61.33719, 1.2218], [-61.3356, 1.20143], [-61.33845, 1.15927], [-61.34673, 1.16018], [-61.36017, 1.14924], [-61.37078, 1.16342], [-61.38132, 1.16189], [-61.39229, 1.14582], [-61.39355, 1.13686], [-61.39004, 1.12772], [-61.39883, 1.1134], [-61.4063, 1.08857], [-61.40387, 1.0766], [-61.41471, 1.07407], [-61.41821, 1.06577], [-61.41051, 1.05548], [-61.49878, 0.97702], [-61.51698, 0.94929], [-61.52319, 0.93379], [-61.54128, 0.92672], [-61.54699, 0.91215], [-61.54829, 0.89768], [-61.55994, 0.88452], [-61.56234, 0.86779], [-61.57224, 0.85503], [-61.57461, 0.82667], [-61.57796, 0.81967], [-61.57661, 0.81519], [-61.57186, 0.81551], [-61.57119, 0.81249], [-61.57531, 0.80988], [-61.5774, 0.80219], [-61.58971, 0.79571], [-61.58903, 0.78371], [-61.59466, 0.78249], [-61.60354, 0.77338], [-61.62068, 0.77698], [-61.62569, 0.76886], [-61.63164, 0.77321], [-61.63349, 0.77996], [-61.63572, 0.77845], [-61.63388, 0.7852], [-61.63635, 0.79061], [-61.65379, 0.79681], [-61.659, 0.80187], [-61.6569, 0.81847], [-61.66261, 0.82474], [-61.66102, 0.83919], [-61.64704, 0.8429], [-61.63877, 0.85086], [-61.63983, 0.85512], [-61.65166, 0.86164], [-61.65857, 0.88016], [-61.65196, 0.89249], [-61.67573, 0.90709], [-61.6747, 0.91449], [-61.68046, 0.92184], [-61.69083, 0.92124], [-61.68749, 0.9327], [-61.71543, 0.94399], [-61.71435, 0.97153], [-61.7172, 0.97838], [-61.70879, 0.97919], [-61.70523, 0.98499], [-61.72148, 0.98446], [-61.73638, 0.97402], [-61.74389, 0.98608], [-61.74361, 1.01471], [-61.75041, 1.02339], [-61.75005, 1.03856], [-61.73837, 1.03496], [-61.7357, 1.03753], [-61.73926, 1.05031], [-61.73492, 1.04892], [-61.73296, 1.05231], [-61.74299, 1.0666], [-61.74368, 1.0871], [-61.74116, 1.09789], [-61.73118, 1.09174], [-61.72757, 1.09302], [-61.73341, 1.098], [-61.73353, 1.11328], [-61.72036, 1.1299], [-61.72497, 1.12886], [-61.72761, 1.1346], [-61.72532, 1.137], [-61.72626, 1.14941], [-61.72199, 1.14818], [-61.71972, 1.15198], [-61.71981, 1.17341], [-61.71611, 1.1717], [-61.71267, 1.17606], [-61.70196, 1.17591], [-61.70243, 1.18663], [-61.68624, 1.19135], [-61.68819, 1.19421], [-61.68592, 1.19729], [-61.69102, 1.19765], [-61.6936, 1.20143], [-61.69349, 1.21002], [-61.69042, 1.20979], [-61.69139, 1.21356], [-61.68467, 1.22263], [-61.68768, 1.22457], [-61.69075, 1.22889], [-61.68858, 1.22749], [-61.68882, 1.23354], [-61.6871, 1.23204], [-61.68076, 1.2372], [-61.68131, 1.24099], [-61.6699, 1.25029], [-61.66825, 1.2602], [-61.66533, 1.26166], [-61.66956, 1.26394], [-61.67255, 1.27447], [-61.67088, 1.27898], [-61.67393, 1.28432], [-61.67105, 1.28791], [-61.6765, 1.3111], [-61.67161, 1.32135], [-61.66836, 1.32207], [-61.66754, 1.31921], [-61.66373, 1.32135], [-61.66351, 1.32537], [-61.65809, 1.32444], [-61.65874, 1.335], [-61.64833, 1.34759], [-61.66157, 1.35183], [-61.66075, 1.3599], [-61.6488, 1.36205], [-61.64392, 1.37043], [-61.6532, 1.37492], [-61.65697, 1.37115], [-61.6574, 1.38246], [-61.64425, 1.39247], [-61.64522, 1.40117], [-61.63716, 1.40536], [-61.63962, 1.41123], [-61.62608, 1.41371], [-61.62033, 1.4184], [-61.61875, 1.43062], [-61.60092, 1.43873], [-61.59487, 1.45125], [-61.58329, 1.44503], [-61.57235, 1.44803], [-61.57462, 1.45369], [-61.57132, 1.46204], [-61.54199, 1.48418], [-61.53042, 1.48286], [-61.51891, 1.49578], [-61.51169, 1.49374], [-61.49319, 1.49842], [-61.48197, 1.51429], [-61.48474, 1.55134], [-61.48131, 1.55928], [-61.48293, 1.57046], [-61.43681, 1.74905], [-61.43179, 1.74634], [-61.42954, 1.73074], [-61.42476, 1.72935], [-61.42638, 1.72185], [-61.41971, 1.72442], [-61.41758, 1.72196], [-61.41865, 1.70945], [-61.41655, 1.70382], [-61.42003, 1.70011], [-61.41913, 1.69933], [-61.41242, 1.69927], [-61.40218, 1.69304], [-61.40488, 1.68976], [-61.40504, 1.68753], [-61.4038, 1.6865], [-61.39961, 1.68882], [-61.3977, 1.68254], [-61.39467, 1.68001], [-61.39482, 1.67763], [-61.39326, 1.67747], [-61.39014, 1.68218], [-61.38625, 1.67492], [-61.38779, 1.67253], [-61.38378, 1.66573], [-61.37709, 1.66365], [-61.37463, 1.65554], [-61.37009, 1.65543], [-61.36999, 1.64709], [-61.36646, 1.64629], [-61.36948, 1.64113], [-61.36447, 1.6401], [-61.363, 1.64179], [-61.36395, 1.64698], [-61.36131, 1.64409], [-61.35687, 1.62746], [-61.35097, 1.62861], [-61.34994, 1.63268], [-61.34539, 1.63061], [-61.34334, 1.631], [-61.34095, 1.63479], [-61.34233, 1.63996], [-61.33612, 1.64381], [-61.33435, 1.64642], [-61.33084, 1.64481], [-61.32792, 1.64583], [-61.32347, 1.63754], [-61.31932, 1.63484], [-61.31261, 1.6348], [-61.30962, 1.62569], [-61.3062, 1.62335], [-61.30242, 1.62239], [-61.29757, 1.62684], [-61.29215, 1.62612], [-61.29304, 1.62333], [-61.29617, 1.61985], [-61.29744, 1.61662], [-61.29406, 1.60911]]], [[[-61.30219, 1.57763], [-61.29754, 1.58144], [-61.2962, 1.58839], [-61.2856, 1.58615], [-61.28137, 1.58912], [-61.2825, 1.59344], [-61.28699, 1.5981], [-61.30308, 1.59793], [-61.29376, 1.60861], [-61.29646, 1.61832], [-61.29133, 1.62422], [-61.2918, 1.62647], [-61.29704, 1.62752], [-61.30484, 1.62414], [-61.31241, 1.63543], [-61.31932, 1.63527], [-61.32366, 1.63832], [-61.32356, 1.64361], [-61.32717, 1.64631], [-61.33339, 1.64723], [-61.34328, 1.63924], [-61.34312, 1.63183], [-61.3502, 1.63318], [-61.35118, 1.62921], [-61.35637, 1.62785], [-61.36112, 1.64475], [-61.36336, 1.64723], [-61.36462, 1.64735], [-61.36336, 1.64203], [-61.36891, 1.64156], [-61.3658, 1.64643], [-61.3694, 1.64772], [-61.36978, 1.65565], [-61.37388, 1.65564], [-61.37649, 1.66378], [-61.38447, 1.66793], [-61.38723, 1.67275], [-61.38576, 1.67492], [-61.38846, 1.68119], [-61.39076, 1.68327], [-61.39363, 1.67765], [-61.39416, 1.68058], [-61.39736, 1.68282], [-61.39854, 1.68874], [-61.39979, 1.68937], [-61.40445, 1.68809], [-61.40177, 1.69364], [-61.41232, 1.6999], [-61.41869, 1.70014], [-61.41604, 1.70397], [-61.41773, 1.71293], [-61.17955, 1.71205], [-61.20197, 1.67819], [-61.20774, 1.66224], [-61.23177, 1.62956], [-61.23164, 1.60907], [-61.24437, 1.59161], [-61.25128, 1.56225], [-61.24934, 1.54815], [-61.25303, 1.55428], [-61.25752, 1.55398], [-61.25654, 1.56436], [-61.26624, 1.57046], [-61.26832, 1.57049], [-61.26654, 1.56059], [-61.27043, 1.55739], [-61.27424, 1.57004], [-61.2795, 1.5745], [-61.28322, 1.57323], [-61.28381, 1.56784], [-61.27712, 1.56359], [-61.28354, 1.56114], [-61.30219, 1.57763]]]]}}, {"type": "Feature", "properties": {"nome": "FLORESTA NACIONAL DE HUMAITÁ", "grupo": "Uso sustentável", "esfera": "Federal", "ano": "1998", "ha": 476599.10400468064, "bioma": "AMAZÔNIA"}, "geometry": {"type": "Polygon", "coordinates": [[[-62.96045, -7.55443], [-62.85548, -7.59982], [-62.67385, -7.67194], [-62.4692, -7.80457], [-62.44785, -7.83086], [-62.40184, -7.84636], [-62.32361, -7.90114], [-62.27577, -7.92709], [-62.26409, -7.90739], [-62.16096, -7.93061], [-62.16345, -8.0], [-62.16503, -8.67823], [-62.17616, -8.66347], [-62.20019, -8.64414], [-62.19553, -8.6374], [-62.17986, -8.6385], [-62.17546, -8.63462], [-62.18, -8.61132], [-62.18671, -8.59621], [-62.19704, -8.59784], [-62.22763, -8.59051], [-62.2393, -8.58194], [-62.25298, -8.5804], [-62.26761, -8.57418], [-62.2761, -8.58549], [-62.28945, -8.58936], [-62.29413, -8.59865], [-62.29208, -8.60993], [-62.27932, -8.62985], [-62.28149, -8.63855], [-62.28558, -8.64032], [-62.31119, -8.62325], [-62.32445, -8.61826], [-62.34, -8.60553], [-62.34158, -8.59125], [-62.32789, -8.57256], [-62.32632, -8.56545], [-62.33546, -8.54319], [-62.33429, -8.52747], [-62.33718, -8.51805], [-62.35609, -8.51098], [-62.36528, -8.4997], [-62.36418, -8.47895], [-62.37022, -8.44952], [-62.35996, -8.40887], [-62.36214, -8.39668], [-62.36765, -8.38744], [-62.39626, -8.37478], [-62.42124, -8.38461], [-62.43641, -8.38446], [-62.45246, -8.3506], [-62.46771, -8.3396], [-62.47761, -8.34501], [-62.48955, -8.36285], [-62.50203, -8.36721], [-62.51745, -8.3853], [-62.52424, -8.38774], [-62.52671, -8.38518], [-62.52527, -8.37396], [-62.53362, -8.37666], [-62.53191, -8.37227], [-62.53577, -8.35906], [-62.55028, -8.36475], [-62.55256, -8.35562], [-62.54771, -8.34451], [-62.55373, -8.33722], [-62.5526, -8.33066], [-62.55694, -8.32548], [-62.55565, -8.31776], [-62.56196, -8.31551], [-62.55147, -8.29912], [-62.55922, -8.30019], [-62.56343, -8.29734], [-62.55651, -8.28573], [-62.5606, -8.28317], [-62.56504, -8.28893], [-62.57088, -8.28681], [-62.56674, -8.28043], [-62.57124, -8.27605], [-62.57647, -8.28148], [-62.5813, -8.27876], [-62.57985, -8.2736], [-62.58359, -8.26975], [-62.59942, -8.27726], [-62.60559, -8.26375], [-62.62266, -8.25548], [-62.62462, -8.25162], [-62.61954, -8.24344], [-62.62538, -8.24386], [-62.62699, -8.24907], [-62.63469, -8.24968], [-62.63749, -8.24206], [-62.65015, -8.23778], [-62.64929, -8.23307], [-62.65312, -8.23283], [-62.65144, -8.22894], [-62.65506, -8.22982], [-62.65055, -8.22456], [-62.65223, -8.21766], [-62.66141, -8.21068], [-62.65646, -8.20978], [-62.65666, -8.20195], [-62.66359, -8.19516], [-62.66586, -8.19816], [-62.66789, -8.19425], [-62.6736, -8.19477], [-62.6742, -8.18582], [-62.68572, -8.18001], [-62.68793, -8.17127], [-62.68527, -8.16457], [-62.68286, -8.16485], [-62.68339, -8.16007], [-62.68003, -8.16116], [-62.67585, -8.15735], [-62.67774, -8.15241], [-62.67139, -8.14189], [-62.67555, -8.13625], [-62.67445, -8.13255], [-62.68084, -8.13074], [-62.67913, -8.12581], [-62.68743, -8.11817], [-62.67831, -8.11275], [-62.68164, -8.10121], [-62.6852, -8.10604], [-62.68633, -8.10182], [-62.69062, -8.10054], [-62.68845, -8.09776], [-62.69087, -8.0932], [-62.69396, -8.09178], [-62.69567, -8.09436], [-62.69861, -8.09018], [-62.69851, -8.08264], [-62.7059, -8.08687], [-62.71873, -8.07326], [-62.72804, -8.06863], [-62.72682, -8.06337], [-62.73123, -8.06385], [-62.73843, -8.04769], [-62.74228, -8.04882], [-62.74522, -8.04252], [-62.74792, -8.0479], [-62.75135, -8.0457], [-62.75299, -8.03816], [-62.7574, -8.04269], [-62.75703, -8.03891], [-62.76728, -8.03707], [-62.76869, -8.03259], [-62.77454, -8.0296], [-62.7777, -8.03496], [-62.77998, -8.03209], [-62.7983, -7.88154], [-62.84687, -7.88526], [-62.87814, -7.88168], [-62.90813, -7.83292], [-62.92208, -7.7735], [-62.93559, -7.75387], [-62.94169, -7.73782], [-62.93982, -7.73054], [-62.92614, -7.71101], [-62.91035, -7.65401], [-62.89275, -7.63789], [-62.89285, -7.61163], [-62.90036, -7.5947], [-62.90597, -7.58985], [-62.91954, -7.58593], [-62.94949, -7.58751], [-62.96045, -7.55443]]]}}, {"type": "Feature", "properties": {"nome": "PARQUE NACIONAL DO PICO DA NEBLINA", "grupo": "Proteção integral", "esfera": "Federal", "ano": "1979", "ha": 2252546.4617058677, "bioma": "AMAZÔNIA"}, "geometry": {"type": "Polygon", "coordinates": [[[-66.7574, 1.03332], [-66.74362, 1.03125], [-66.74017, 1.02758], [-66.73674, 1.0293], [-66.72439, 1.01933], [-66.71741, 1.02185], [-66.71113, 1.01849], [-66.70461, 1.02235], [-66.69637, 1.01983], [-66.69713, 1.01754], [-66.69395, 1.02125], [-66.69328, 1.01654], [-66.68786, 1.01502], [-66.68438, 1.00855], [-66.67286, 0.99955], [-66.67015, 1.00031], [-66.67101, 0.99465], [-66.6663, 0.99365], [-66.66654, 0.99127], [-66.66154, 0.99341], [-66.66055, 0.98074], [-66.65459, 0.97885], [-66.65223, 0.97395], [-66.64412, 0.97752], [-66.62485, 0.97422], [-66.62351, 0.98204], [-66.61313, 0.98359], [-66.61209, 0.98754], [-66.60738, 0.98933], [-66.60828, 0.99239], [-66.61652, 0.99561], [-66.61542, 0.99998], [-66.59702, 1.0], [-66.32357, 0.75451], [-66.19677, 0.78213], [-66.18414, 0.77921], [-66.17864, 0.76243], [-66.16922, 0.76372], [-66.16151, 0.75715], [-66.15666, 0.75765], [-66.1463, 0.74766], [-66.13089, 0.74673], [-66.12289, 0.74751], [-66.10819, 0.7655], [-66.09762, 0.76607], [-66.08977, 0.75901], [-66.07785, 0.76093], [-66.07542, 0.76529], [-66.07556, 0.7882], [-66.07085, 0.79284], [-66.06728, 0.80626], [-66.06172, 0.80883], [-66.05693, 0.8079], [-66.05029, 0.81226], [-66.0448, 0.81083], [-66.0403, 0.81611], [-66.03466, 0.81654], [-66.02424, 0.80798], [-66.01232, 0.80376], [-66.00411, 0.80619], [-65.99797, 0.8154], [-65.9869, 0.81726], [-65.9797, 0.82218], [-65.9667, 0.81397], [-65.96884, 0.81975], [-65.96699, 0.83539], [-65.95485, 0.84824], [-65.95457, 0.85873], [-65.94979, 0.86273], [-65.93972, 0.86366], [-65.94279, 0.87372], [-65.94115, 0.89092], [-65.91609, 0.89742], [-65.91559, 0.88921], [-65.9101, 0.88907], [-65.89775, 0.90334], [-65.89032, 0.90284], [-65.88204, 0.91969], [-65.89218, 0.92112], [-65.88861, 0.92869], [-65.89353, 0.93418], [-65.88697, 0.93433], [-65.88033, 0.93996], [-65.87926, 0.9349], [-65.86362, 0.93761], [-65.85427, 0.93554], [-65.85227, 0.93889], [-65.83579, 0.94332], [-65.83372, 0.9471], [-65.82779, 0.94717], [-65.82108, 0.95581], [-65.8173, 0.95496], [-65.81623, 0.95074], [-65.8128, 0.95695], [-65.81094, 0.95503], [-65.80359, 0.95817], [-65.79959, 0.95574], [-65.79638, 0.96352], [-65.79181, 0.96052], [-65.78417, 0.96538], [-65.77818, 0.96252], [-65.77682, 0.95795], [-65.77204, 0.95838], [-65.77025, 0.97087], [-65.7649, 0.96873], [-65.7639, 0.97851], [-65.75519, 0.98094], [-65.7497, 0.99407], [-65.73835, 1.00221], [-65.73442, 0.99807], [-65.71864, 0.99693], [-65.7058, 1.0035], [-65.69473, 1.00271], [-65.69273, 0.99457], [-65.68709, 0.99058], [-65.68666, 0.98408], [-65.67703, 1.00007], [-65.66475, 1.00178], [-65.66361, 1.00864], [-65.6569, 1.01078], [-65.64155, 1.00507], [-65.62884, 0.98836], [-65.62535, 0.99186], [-65.6322, 0.99907], [-65.62477, 1.0137], [-65.62106, 1.00628], [-65.61478, 1.00514], [-65.61114, 1.01228], [-65.60793, 1.00535], [-65.59943, 0.99886], [-65.59279, 0.99907], [-65.58851, 1.00699], [-65.58487, 1.0005], [-65.58601, 0.9813], [-65.57409, 0.98579], [-65.57031, 0.99586], [-65.56317, 0.99222], [-65.55924, 0.98479], [-65.56474, 0.97744], [-65.56403, 0.97037], [-65.55732, 0.96666], [-65.54304, 0.97059], [-65.5464, 0.95653], [-65.53419, 0.95288], [-65.53283, 0.94646], [-65.53697, 0.94518], [-65.53676, 0.93954], [-65.52969, 0.93825], [-65.52212, 0.9214], [-65.51399, 0.92012], [-65.51227, 0.90763], [-65.50806, 0.90434], [-65.51156, 0.89192], [-65.50242, 0.88079], [-65.49771, 0.88079], [-65.49657, 0.87493], [-65.50235, 0.86965], [-65.50535, 0.86066], [-65.50185, 0.85238], [-65.50599, 0.84067], [-65.50435, 0.83532], [-65.50892, 0.83546], [-65.50878, 0.83132], [-65.51349, 0.82996], [-65.52198, 0.83132], [-65.52648, 0.82675], [-65.52619, 0.81633], [-65.53133, 0.8149], [-65.53183, 0.80384], [-65.54197, 0.80191], [-65.54347, 0.79477], [-65.54611, 0.79748], [-65.55104, 0.79434], [-65.54225, 0.78763], [-65.54675, 0.78271], [-65.54597, 0.77957], [-65.55232, 0.77428], [-65.56495, 0.77264], [-65.56881, 0.76472], [-65.57652, 0.76186], [-65.57773, 0.74252], [-65.59279, 0.72895], [-65.59194, 0.71946], [-65.57538, 0.7079], [-65.57038, 0.68512], [-65.5656, 0.68184], [-65.56831, 0.67634], [-65.56074, 0.66949], [-65.55303, 0.66985], [-65.55403, 0.65507], [-65.53933, 0.64729], [-65.52962, 0.66599], [-65.50856, 0.66885], [-65.50385, 0.66699], [-65.49921, 0.67756], [-65.48572, 0.68013], [-65.48436, 0.68548], [-65.47366, 0.68234], [-65.46131, 0.68305], [-65.45438, 0.68548], [-65.45238, 0.69012], [-65.44639, 0.68784], [-65.4416, 0.70054], [-65.43546, 0.69926], [-65.43154, 0.70368], [-65.42604, 0.70383], [-65.42561, 0.72182], [-65.42012, 0.72267], [-65.42404, 0.73124], [-65.41698, 0.73395], [-65.41005, 0.74209], [-65.41683, 0.74352], [-65.41819, 0.75244], [-65.41448, 0.7498], [-65.41069, 0.75408], [-65.39956, 0.75144], [-65.39934, 0.75801], [-65.39106, 0.75894], [-65.39599, 0.76593], [-65.40056, 0.76672], [-65.40063, 0.773], [-65.39549, 0.77335], [-65.39677, 0.77757], [-65.40191, 0.77949], [-65.40084, 0.78977], [-65.39677, 0.79227], [-65.40177, 0.79556], [-65.40491, 0.80712], [-65.41169, 0.81183], [-65.40862, 0.81547], [-65.41205, 0.82397], [-65.40655, 0.82432], [-65.40234, 0.8199], [-65.39649, 0.82182], [-65.39849, 0.82982], [-65.39613, 0.84024], [-65.38264, 0.84574], [-65.38364, 0.85038], [-65.37979, 0.84702], [-65.37557, 0.84909], [-65.37779, 0.85537], [-65.37365, 0.85737], [-65.3715, 0.8648], [-65.36522, 0.86351], [-65.36101, 0.86722], [-65.35616, 0.86494], [-65.35309, 0.87336], [-65.35801, 0.88007], [-65.35544, 0.88593], [-65.35223, 0.88393], [-65.34538, 0.89064], [-65.34452, 0.89906], [-65.3406, 0.89928], [-65.34145, 0.90613], [-65.33745, 0.90627], [-65.33246, 0.92347], [-65.32568, 0.91976], [-65.31811, 0.92033], [-65.31754, 0.93147], [-65.30433, 0.94146], [-65.29819, 0.93839], [-65.28799, 0.94082], [-65.29048, 0.9359], [-65.28584, 0.9334], [-65.27128, 0.94046], [-65.26778, 0.93126], [-65.27078, 0.92355], [-65.26386, 0.92112], [-65.2595, 0.92426], [-65.25051, 0.91741], [-65.2363, 0.92559], [-65.23751, 0.90604], [-65.24746, 0.87753], [-65.24636, 0.86469], [-65.25117, 0.86035], [-65.25274, 0.85322], [-65.25022, 0.84446], [-65.25531, 0.83913], [-65.24822, 0.82699], [-65.25459, 0.81652], [-65.25093, 0.8082], [-65.23641, 0.7973], [-65.22728, 0.7982], [-65.22157, 0.79268], [-65.21043, 0.80077], [-65.20353, 0.80253], [-65.20072, 0.79854], [-65.18178, 0.80544], [-65.18226, 0.80943], [-65.17593, 0.811], [-65.17403, 0.80596], [-65.1685, 0.80953], [-65.16727, 0.80501], [-65.1597, 0.80296], [-65.15604, 0.8051], [-65.15604, 0.80958], [-65.15185, 0.80586], [-65.14776, 0.80915], [-65.14347, 0.80748], [-65.14247, 0.80225], [-65.14062, 0.80506], [-65.13952, 0.80244], [-65.13448, 0.80349], [-65.13048, 0.79787], [-65.12939, 0.80263], [-65.12296, 0.80249], [-65.11787, 0.79606], [-65.11609, 0.79802], [-65.1101, 0.7924], [-65.10616, 0.79554], [-65.1034, 0.78911], [-65.09689, 0.78976], [-65.09098, 0.78278], [-65.09408, 0.77964], [-65.09331, 0.77252], [-65.08698, 0.77446], [-65.08224, 0.76008], [-65.07842, 0.75742], [-65.07799, 0.75057], [-65.09526, 0.73681], [-65.09698, 0.72896], [-65.09379, 0.72396], [-65.09869, 0.71901], [-65.09579, 0.71782], [-65.09465, 0.71026], [-65.07828, 0.6975], [-65.07347, 0.68941], [-65.06728, 0.69198], [-65.06714, 0.69627], [-65.06057, 0.69508], [-65.06214, 0.68099], [-65.05776, 0.68237], [-65.05524, 0.67852], [-65.05953, 0.67109], [-65.05643, 0.66219], [-65.05624, 0.63816], [-65.05872, 0.63926], [-65.05719, 0.63326], [-65.06086, 0.62469], [-65.05634, 0.6225], [-65.05515, 0.60808], [-65.05948, 0.61008], [-65.06062, 0.60142], [-65.05696, 0.59647], [-65.05239, 0.59704], [-65.05201, 0.58077], [-65.0561, 0.57677], [-65.05591, 0.57087], [-65.0621, 0.57372], [-65.06062, 0.55364], [-65.06224, 0.55022], [-65.06543, 0.55231], [-65.06704, 0.54627], [-65.06514, 0.54151], [-65.05519, 0.53732], [-65.0581, 0.53404], [-65.05686, 0.53204], [-65.05453, 0.53456], [-65.05448, 0.51633], [-65.05938, 0.50667], [-65.07052, 0.4992], [-65.07033, 0.49225], [-65.07414, 0.49073], [-65.07518, 0.47859], [-65.0669, 0.4756], [-65.06966, 0.47417], [-65.07442, 0.45356], [-65.07027, 0.44365], [-65.07515, 0.43788], [-65.07378, 0.41522], [-65.07747, 0.41456], [-65.07931, 0.40951], [-65.0755, 0.3935], [-65.07973, 0.39261], [-65.07818, 0.38286], [-65.0811, 0.37483], [-65.09168, 0.3728], [-65.09502, 0.36477], [-65.07818, 0.35537], [-65.07366, 0.34722], [-65.05671, 0.33574], [-65.05427, 0.31938], [-65.04534, 0.31219], [-65.04594, 0.3063], [-65.03904, 0.31314], [-65.02601, 0.2994], [-65.02922, 0.29339], [-65.0482, 0.29053], [-65.05064, 0.28012], [-65.03238, 0.27655], [-65.03809, 0.25782], [-65.04725, 0.25597], [-65.04207, 0.2508], [-65.04517, 0.2461], [-65.0432, 0.23729], [-65.05326, 0.24074], [-65.05581, 0.23884], [-65.05117, 0.23015], [-65.05575, 0.22861], [-65.05218, 0.2248], [-65.0579, 0.22302], [-65.05403, 0.216], [-65.05433, 0.20814], [-65.04439, 0.19119], [-65.04725, 0.18494], [-65.04344, 0.18013], [-65.04796, 0.1812], [-65.05218, 0.1643], [-65.05659, 0.16323], [-65.05671, 0.14562], [-65.05224, 0.13843], [-65.05879, 0.13605], [-65.05379, 0.13105], [-65.05671, 0.12712], [-65.0526, 0.11939], [-65.05635, 0.10946], [-65.04856, 0.09982], [-65.04844, 0.0859], [-65.03618, 0.0837], [-65.0454, 0.07412], [-65.0385, 0.05877], [-65.05224, 0.05967], [-65.0545, 0.05175], [-65.07146, 0.04087], [-65.0708, 0.03837], [-65.051, 0.03415], [-65.06051, 0.02344], [-65.05736, 0.00535], [-65.06438, 0.00399], [-65.07467, -0.00773], [-65.09085, -0.00666], [-65.09436, -0.01267], [-65.08752, -0.02772], [-65.08853, -0.03581], [-65.09133, -0.0364], [-65.09139, -0.03188], [-65.09543, -0.03087], [-65.09638, -0.03385], [-65.09234, -0.03783], [-65.11244, -0.04759], [-65.11292, -0.05128], [-65.10495, -0.06109], [-65.10721, -0.06532], [-65.10822, -0.05966], [-65.11708, -0.05276], [-65.12654, -0.069], [-65.11851, -0.07228], [-65.12036, -0.08483], [-65.11601, -0.08691], [-65.11459, -0.08245], [-65.11197, -0.08393], [-65.11821, -0.0931], [-65.10584, -0.10458], [-65.10584, -0.11415], [-65.10876, -0.11671], [-65.11429, -0.11344], [-65.12101, -0.11439], [-65.11845, -0.11963], [-65.1222, -0.12754], [-65.11804, -0.13033], [-65.11078, -0.12873], [-65.10394, -0.13741], [-65.1037, -0.14913], [-65.09513, -0.1646], [-65.09151, -0.18018], [-65.09436, -0.2019], [-65.08633, -0.20927], [-65.07901, -0.21141], [-65.10275, -0.22997], [-65.1009, -0.23432], [-65.08942, -0.23283], [-65.08615, -0.23806], [-65.09377, -0.24163], [-65.09049, -0.24972], [-65.09204, -0.25674], [-65.08758, -0.25537], [-65.08431, -0.26126], [-65.08698, -0.26727], [-65.08484, -0.28006], [-65.09008, -0.28107], [-65.09555, -0.29618], [-65.11869, -0.31094], [-65.12161, -0.32152], [-65.141, -0.31569], [-65.15688, -0.32634], [-65.15819, -0.3339], [-65.14998, -0.34193], [-65.15533, -0.34514], [-65.15873, -0.35264], [-65.15997, -0.34276], [-65.16652, -0.34139], [-65.17068, -0.35067], [-65.16687, -0.35912], [-65.17449, -0.35085], [-65.18549, -0.35573], [-65.18924, -0.36144], [-65.18752, -0.37119], [-65.20197, -0.3841], [-65.19531, -0.39106], [-65.19596, -0.39398], [-65.20156, -0.39303], [-65.20608, -0.38393], [-65.21179, -0.38166], [-65.22321, -0.37768], [-65.23023, -0.3797], [-65.23951, -0.37697], [-65.24569, -0.35912], [-65.26521, -0.34907], [-65.27578, -0.3477], [-65.31188, -0.35651], [-65.33682, -0.34004], [-65.35528, -0.31958], [-65.37641, -0.30816], [-65.40792, -0.29635], [-65.45751, -0.29359], [-65.45146, -0.2767], [-65.46926, -0.27127], [-65.49015, -0.27175], [-65.51004, -0.27713], [-65.52599, -0.27318], [-65.54126, -0.27575], [-65.57143, -0.28812], [-65.5859, -0.28479], [-65.59804, -0.28726], [-65.60651, -0.28184], [-65.6264, -0.28912], [-65.63844, -0.2876], [-65.65124, -0.29207], [-65.66038, -0.28484], [-65.6688, -0.28322], [-65.69821, -0.29569], [-65.7162, -0.28555], [-65.73714, -0.28094], [-65.73576, -0.27437], [-65.74199, -0.26328], [-65.74742, -0.25966], [-65.75218, -0.24039], [-65.76327, -0.2312], [-65.79358, -0.22626], [-65.81323, -0.23163], [-65.81918, -0.22373], [-65.82803, -0.22116], [-65.84126, -0.22207], [-65.86339, -0.23358], [-65.88981, -0.25908], [-65.89818, -0.24514], [-65.89685, -0.23305], [-65.90151, -0.22577], [-65.9017, -0.21687], [-65.91222, -0.20454], [-65.91365, -0.19531], [-65.92602, -0.1857], [-65.93045, -0.1877], [-65.93882, -0.18536], [-65.94491, -0.19717], [-65.95529, -0.19812], [-65.96733, -0.19422], [-65.97485, -0.18413], [-65.98137, -0.1857], [-65.98537, -0.19588], [-65.99793, -0.20835], [-66.00326, -0.22348], [-65.99959, -0.23381], [-66.00131, -0.23719], [-66.01582, -0.24438], [-66.03034, -0.23676], [-66.04247, -0.25032], [-66.0478, -0.24438], [-66.05604, -0.2034], [-66.06784, -0.18437], [-66.08069, -0.17223], [-66.08697, -0.15852], [-66.09249, -0.15948], [-66.09611, -0.16604], [-66.09982, -0.16305], [-66.09073, -0.15258], [-66.08302, -0.15186], [-66.08345, -0.13154], [-66.07759, -0.1254], [-66.09415, -0.12297], [-66.10253, -0.13454], [-66.12023, -0.11931], [-66.11662, -0.11427], [-66.09373, -0.10165], [-66.08264, -0.08238], [-66.09249, -0.07472], [-66.10491, -0.07415], [-66.1228, -0.06601], [-66.13075, -0.06725], [-66.13375, -0.08172], [-66.1397, -0.07539], [-66.13675, -0.0613], [-66.12799, -0.05783], [-66.13023, -0.0494], [-66.11657, -0.0455], [-66.11895, -0.03008], [-66.11043, -0.0179], [-66.12046, -6e-05], [-66.83565, -0.0], [-66.83412, 0.64591], [-66.83578, 0.65215], [-66.84373, 0.65924], [-66.8424, 0.66353], [-66.8492, 0.6709], [-66.85001, 0.6818], [-66.8462, 0.68932], [-66.85729, 0.69608], [-66.85092, 0.70466], [-66.85753, 0.70859], [-66.85415, 0.70912], [-66.85772, 0.71654], [-66.85153, 0.72592], [-66.86053, 0.73277], [-66.86286, 0.74195], [-66.85962, 0.74257], [-66.85958, 0.74857], [-66.86629, 0.75566], [-66.86272, 0.76199], [-66.85824, 0.76251], [-66.85853, 0.7658], [-66.84263, 0.76651], [-66.83597, 0.77074], [-66.84197, 0.77707], [-66.83968, 0.78455], [-66.84644, 0.78735], [-66.84587, 0.79701], [-66.8502, 0.80068], [-66.84178, 0.8022], [-66.84416, 0.80672], [-66.84768, 0.8043], [-66.85363, 0.80786], [-66.85349, 0.81224], [-66.86129, 0.81519], [-66.85891, 0.81767], [-66.86924, 0.81553], [-66.87243, 0.82538], [-66.88485, 0.83651], [-66.87366, 0.8447], [-66.89037, 0.84955], [-66.89165, 0.8566], [-66.88837, 0.8595], [-66.90491, 0.86322], [-66.87689, 0.86454], [-66.85605, 0.87863], [-66.82297, 0.91332], [-66.79842, 0.91851], [-66.79385, 0.93069], [-66.80375, 0.94216], [-66.80484, 0.94806], [-66.7934, 0.95844], [-66.78238, 0.97512], [-66.77792, 0.99305], [-66.78146, 1.00527], [-66.79054, 1.01195], [-66.79329, 1.02152], [-66.7832, 1.02749], [-66.78437, 1.03039], [-66.78092, 1.02834], [-66.78149, 1.03274], [-66.77679, 1.02602], [-66.7574, 1.03332]]]}}]}